Linux 6.17.0-23-generic (admin1-ASUS-TUF-Gaming-A15-FA507NU-FA507NU) 	05/11/26 	_x86_64_	(16 CPU)

06:55:45      UID       PID    %usr %system  %guest   %wait    %CPU   CPU  Command
06:55:46        0    144557    6.00    1.00    0.00    0.00    7.00     2  sync_slam_toolb

06:55:45      UID       PID  minflt/s  majflt/s     VSZ     RSS   %MEM  Command
06:55:46        0    144557      0.00      0.00 1508704   49144   0.32  sync_slam_toolb

06:55:46      UID       PID    %usr %system  %guest   %wait    %CPU   CPU  Command
06:55:47        0    144557    5.00    1.00    0.00    0.00    6.00     4  sync_slam_toolb

06:55:46      UID       PID  minflt/s  majflt/s     VSZ     RSS   %MEM  Command
06:55:47        0    144557      0.00      0.00 1508704   49144   0.32  sync_slam_toolb

06:55:47      UID       PID    %usr %system  %guest   %wait    %CPU   CPU  Command
06:55:48        0    144557    6.00    0.00    0.00    0.00    6.00     2  sync_slam_toolb

06:55:47      UID       PID  minflt/s  majflt/s     VSZ     RSS   %MEM  Command
06:55:48        0    144557      0.00      0.00 1508704   49144   0.32  sync_slam_toolb

06:55:48      UID       PID    %usr %system  %guest   %wait    %CPU   CPU  Command
06:55:49        0    144557    4.00    1.00    0.00    0.00    5.00     2  sync_slam_toolb

06:55:48      UID       PID  minflt/s  majflt/s     VSZ     RSS   %MEM  Command
06:55:49        0    144557      0.00      0.00 1508704   49144   0.32  sync_slam_toolb

06:55:49      UID       PID    %usr %system  %guest   %wait    %CPU   CPU  Command
06:55:50        0    144557    5.00    1.00    0.00    0.00    6.00     4  sync_slam_toolb

06:55:49      UID       PID  minflt/s  majflt/s     VSZ     RSS   %MEM  Command
06:55:50        0    144557      0.00      0.00 1508704   49144   0.32  sync_slam_toolb

06:55:50      UID       PID    %usr %system  %guest   %wait    %CPU   CPU  Command
06:55:51        0    144557    5.00    1.00    0.00    0.00    6.00     4  sync_slam_toolb

06:55:50      UID       PID  minflt/s  majflt/s     VSZ     RSS   %MEM  Command
06:55:51        0    144557      0.00      0.00 1508704   49144   0.32  sync_slam_toolb

06:55:51      UID       PID    %usr %system  %guest   %wait    %CPU   CPU  Command
06:55:52        0    144557    5.00    1.00    0.00    0.00    6.00     6  sync_slam_toolb

06:55:51      UID       PID  minflt/s  majflt/s     VSZ     RSS   %MEM  Command
06:55:52        0    144557      0.00      0.00 1508704   49144   0.32  sync_slam_toolb

06:55:52      UID       PID    %usr %system  %guest   %wait    %CPU   CPU  Command
06:55:53        0    144557    5.00    1.00    0.00    0.00    6.00     2  sync_slam_toolb

06:55:52      UID       PID  minflt/s  majflt/s     VSZ     RSS   %MEM  Command
06:55:53        0    144557      0.00      0.00 1508704   49144   0.32  sync_slam_toolb

06:55:53      UID       PID    %usr %system  %guest   %wait    %CPU   CPU  Command
06:55:54        0    144557    4.00    1.00    0.00    0.00    5.00     2  sync_slam_toolb

06:55:53      UID       PID  minflt/s  majflt/s     VSZ     RSS   %MEM  Command
06:55:54        0    144557      0.00      0.00 1508704   49144   0.32  sync_slam_toolb

06:55:54      UID       PID    %usr %system  %guest   %wait    %CPU   CPU  Command
06:55:55        0    144557    5.00    1.00    0.00    0.00    6.00    12  sync_slam_toolb

06:55:54      UID       PID  minflt/s  majflt/s     VSZ     RSS   %MEM  Command
06:55:55        0    144557      0.00      0.00 1508704   49144   0.32  sync_slam_toolb

06:55:55      UID       PID    %usr %system  %guest   %wait    %CPU   CPU  Command
06:55:56        0    144557    6.00    3.00    0.00    0.00    9.00     6  sync_slam_toolb

06:55:55      UID       PID  minflt/s  majflt/s     VSZ     RSS   %MEM  Command
06:55:56        0    144557      5.00      0.00 1508704   49272   0.32  sync_slam_toolb

06:55:56      UID       PID    %usr %system  %guest   %wait    %CPU   CPU  Command
06:55:57        0    144557    4.95    0.99    0.00    0.00    5.94     0  sync_slam_toolb

06:55:56      UID       PID  minflt/s  majflt/s     VSZ     RSS   %MEM  Command
06:55:57        0    144557      0.00      0.00 1508704   49272   0.32  sync_slam_toolb

06:55:57      UID       PID    %usr %system  %guest   %wait    %CPU   CPU  Command
06:55:58        0    144557    5.00    1.00    0.00    0.00    6.00     2  sync_slam_toolb

06:55:57      UID       PID  minflt/s  majflt/s     VSZ     RSS   %MEM  Command
06:55:58        0    144557      0.00      0.00 1508704   49272   0.32  sync_slam_toolb

06:55:58      UID       PID    %usr %system  %guest   %wait    %CPU   CPU  Command
06:55:59        0    144557    5.00    1.00    0.00    0.00    6.00     6  sync_slam_toolb

06:55:58      UID       PID  minflt/s  majflt/s     VSZ     RSS   %MEM  Command
06:55:59        0    144557      0.00      0.00 1508704   49272   0.32  sync_slam_toolb

06:55:59      UID       PID    %usr %system  %guest   %wait    %CPU   CPU  Command
06:56:00        0    144557    4.00    1.00    0.00    0.00    5.00     2  sync_slam_toolb

06:55:59      UID       PID  minflt/s  majflt/s     VSZ     RSS   %MEM  Command
06:56:00        0    144557      0.00      0.00 1508704   49272   0.32  sync_slam_toolb

06:56:00      UID       PID    %usr %system  %guest   %wait    %CPU   CPU  Command
06:56:01        0    144557    8.00    1.00    0.00    0.00    9.00     2  sync_slam_toolb

06:56:00      UID       PID  minflt/s  majflt/s     VSZ     RSS   %MEM  Command
06:56:01        0    144557      9.00      0.00 1508704   49400   0.32  sync_slam_toolb

06:56:01      UID       PID    %usr %system  %guest   %wait    %CPU   CPU  Command
06:56:02        0    144557    6.00    1.00    0.00    0.00    7.00     8  sync_slam_toolb

06:56:01      UID       PID  minflt/s  majflt/s     VSZ     RSS   %MEM  Command
06:56:02        0    144557      0.00      0.00 1508704   49400   0.32  sync_slam_toolb

06:56:02      UID       PID    %usr %system  %guest   %wait    %CPU   CPU  Command
06:56:03        0    144557    4.00    2.00    0.00    0.00    6.00     2  sync_slam_toolb

06:56:02      UID       PID  minflt/s  majflt/s     VSZ     RSS   %MEM  Command
06:56:03        0    144557     11.00      0.00 1508704   49528   0.32  sync_slam_toolb

06:56:03      UID       PID    %usr %system  %guest   %wait    %CPU   CPU  Command
06:56:04        0    144557    8.00    0.00    0.00    0.00    8.00     8  sync_slam_toolb

06:56:03      UID       PID  minflt/s  majflt/s     VSZ     RSS   %MEM  Command
06:56:04        0    144557      4.00      0.00 1508704   49656   0.32  sync_slam_toolb

06:56:04      UID       PID    %usr %system  %guest   %wait    %CPU   CPU  Command
06:56:05        0    144557    5.00    1.00    0.00    0.00    6.00     4  sync_slam_toolb

06:56:04      UID       PID  minflt/s  majflt/s     VSZ     RSS   %MEM  Command
06:56:05        0    144557      0.00      0.00 1508704   49656   0.32  sync_slam_toolb

06:56:05      UID       PID    %usr %system  %guest   %wait    %CPU   CPU  Command
06:56:06        0    144557    4.00    2.00    0.00    0.00    6.00     4  sync_slam_toolb

06:56:05      UID       PID  minflt/s  majflt/s     VSZ     RSS   %MEM  Command
06:56:06        0    144557      0.00      0.00 1508704   49656   0.32  sync_slam_toolb

06:56:06      UID       PID    %usr %system  %guest   %wait    %CPU   CPU  Command
06:56:07        0    144557    9.00    0.00    0.00    0.00    9.00    12  sync_slam_toolb

06:56:06      UID       PID  minflt/s  majflt/s     VSZ     RSS   %MEM  Command
06:56:07        0    144557      7.00      0.00 1508704   49656   0.32  sync_slam_toolb

06:56:07      UID       PID    %usr %system  %guest   %wait    %CPU   CPU  Command
06:56:08        0    144557    5.00    1.00    0.00    0.00    6.00    12  sync_slam_toolb

06:56:07      UID       PID  minflt/s  majflt/s     VSZ     RSS   %MEM  Command
06:56:08        0    144557      0.00      0.00 1508704   49656   0.32  sync_slam_toolb

06:56:08      UID       PID    %usr %system  %guest   %wait    %CPU   CPU  Command
06:56:09        0    144557    8.00    0.00    0.00    0.00    8.00     4  sync_slam_toolb

06:56:08      UID       PID  minflt/s  majflt/s     VSZ     RSS   %MEM  Command
06:56:09        0    144557      6.00      0.00 1508704   49656   0.32  sync_slam_toolb

06:56:09      UID       PID    %usr %system  %guest   %wait    %CPU   CPU  Command
06:56:10        0    144557    5.00    1.00    0.00    0.00    6.00     0  sync_slam_toolb

06:56:09      UID       PID  minflt/s  majflt/s     VSZ     RSS   %MEM  Command
06:56:10        0    144557      0.00      0.00 1508704   49656   0.32  sync_slam_toolb

06:56:10      UID       PID    %usr %system  %guest   %wait    %CPU   CPU  Command
06:56:11        0    144557    6.00    1.00    0.00    0.00    7.00     4  sync_slam_toolb

06:56:10      UID       PID  minflt/s  majflt/s     VSZ     RSS   %MEM  Command
06:56:11        0    144557      0.00      0.00 1508704   49656   0.32  sync_slam_toolb

06:56:11      UID       PID    %usr %system  %guest   %wait    %CPU   CPU  Command
06:56:12        0    144557    8.00    1.00    0.00    0.00    9.00     7  sync_slam_toolb

06:56:11      UID       PID  minflt/s  majflt/s     VSZ     RSS   %MEM  Command
06:56:12        0    144557      6.00      0.00 1508704   49656   0.32  sync_slam_toolb

06:56:12      UID       PID    %usr %system  %guest   %wait    %CPU   CPU  Command
06:56:13        0    144557    5.00    1.00    0.00    0.00    6.00     4  sync_slam_toolb

06:56:12      UID       PID  minflt/s  majflt/s     VSZ     RSS   %MEM  Command
06:56:13        0    144557      0.00      0.00 1508704   49656   0.32  sync_slam_toolb

06:56:13      UID       PID    %usr %system  %guest   %wait    %CPU   CPU  Command
06:56:14        0    144557    8.00    1.00    0.00    0.00    9.00     7  sync_slam_toolb

06:56:13      UID       PID  minflt/s  majflt/s     VSZ     RSS   %MEM  Command
06:56:14        0    144557      6.00      0.00 1508704   49656   0.32  sync_slam_toolb

06:56:14      UID       PID    %usr %system  %guest   %wait    %CPU   CPU  Command
06:56:15        0    144557    4.00    1.00    0.00    0.00    5.00     7  sync_slam_toolb

06:56:14      UID       PID  minflt/s  majflt/s     VSZ     RSS   %MEM  Command
06:56:15        0    144557      0.00      0.00 1508704   49656   0.32  sync_slam_toolb

06:56:15      UID       PID    %usr %system  %guest   %wait    %CPU   CPU  Command
06:56:16        0    144557    6.00    1.00    0.00    0.00    7.00     0  sync_slam_toolb

06:56:15      UID       PID  minflt/s  majflt/s     VSZ     RSS   %MEM  Command
06:56:16        0    144557      0.00      0.00 1508704   49656   0.32  sync_slam_toolb

06:56:16      UID       PID    %usr %system  %guest   %wait    %CPU   CPU  Command
06:56:17        0    144557    7.00    1.00    0.00    0.00    8.00    12  sync_slam_toolb

06:56:16      UID       PID  minflt/s  majflt/s     VSZ     RSS   %MEM  Command
06:56:17        0    144557      6.00      0.00 1508704   49656   0.32  sync_slam_toolb

06:56:17      UID       PID    %usr %system  %guest   %wait    %CPU   CPU  Command
06:56:18        0    144557    9.00    0.00    0.00    0.00    9.00    14  sync_slam_toolb

06:56:17      UID       PID  minflt/s  majflt/s     VSZ     RSS   %MEM  Command
06:56:18        0    144557      5.00      0.00 1508704   49656   0.32  sync_slam_toolb

06:56:18      UID       PID    %usr %system  %guest   %wait    %CPU   CPU  Command
06:56:19        0    144557    6.00    1.00    0.00    0.00    7.00    14  sync_slam_toolb

06:56:18      UID       PID  minflt/s  majflt/s     VSZ     RSS   %MEM  Command
06:56:19        0    144557      0.00      0.00 1508704   49656   0.32  sync_slam_toolb

06:56:19      UID       PID    %usr %system  %guest   %wait    %CPU   CPU  Command
06:56:20        0    144557    3.00    1.00    0.00    0.00    4.00     8  sync_slam_toolb

06:56:19      UID       PID  minflt/s  majflt/s     VSZ     RSS   %MEM  Command
06:56:20        0    144557      0.00      0.00 1508704   49656   0.32  sync_slam_toolb

06:56:20      UID       PID    %usr %system  %guest   %wait    %CPU   CPU  Command
06:56:21        0    144557    4.00    2.00    0.00    0.00    6.00     8  sync_slam_toolb

06:56:20      UID       PID  minflt/s  majflt/s     VSZ     RSS   %MEM  Command
06:56:21        0    144557      0.00      0.00 1508704   49656   0.32  sync_slam_toolb

06:56:21      UID       PID    %usr %system  %guest   %wait    %CPU   CPU  Command
06:56:22        0    144557    4.00    1.00    0.00    0.00    5.00     8  sync_slam_toolb

06:56:21      UID       PID  minflt/s  majflt/s     VSZ     RSS   %MEM  Command
06:56:22        0    144557      0.00      0.00 1508704   49656   0.32  sync_slam_toolb

06:56:22      UID       PID    %usr %system  %guest   %wait    %CPU   CPU  Command
06:56:23        0    144557    8.00    1.00    0.00    0.00    9.00    12  sync_slam_toolb

06:56:22      UID       PID  minflt/s  majflt/s     VSZ     RSS   %MEM  Command
06:56:23        0    144557    158.00      0.00 1508836   50296   0.32  sync_slam_toolb

06:56:23      UID       PID    %usr %system  %guest   %wait    %CPU   CPU  Command
06:56:24        0    144557    5.00    2.00    0.00    0.00    7.00    10  sync_slam_toolb

06:56:23      UID       PID  minflt/s  majflt/s     VSZ     RSS   %MEM  Command
06:56:24        0    144557      0.00      0.00 1508836   50296   0.32  sync_slam_toolb

06:56:24      UID       PID    %usr %system  %guest   %wait    %CPU   CPU  Command
06:56:25        0    144557    8.00    1.00    0.00    0.00    9.00    10  sync_slam_toolb

06:56:24      UID       PID  minflt/s  majflt/s     VSZ     RSS   %MEM  Command
06:56:25        0    144557      4.00      0.00 1508836   50296   0.32  sync_slam_toolb

06:56:25      UID       PID    %usr %system  %guest   %wait    %CPU   CPU  Command
06:56:26        0    144557    5.00    1.00    0.00    0.00    6.00    10  sync_slam_toolb

06:56:25      UID       PID  minflt/s  majflt/s     VSZ     RSS   %MEM  Command
06:56:26        0    144557    111.00      0.00 1508836   50680   0.33  sync_slam_toolb

06:56:26      UID       PID    %usr %system  %guest   %wait    %CPU   CPU  Command
06:56:27        0    144557    5.00    1.00    0.00    0.00    6.00     0  sync_slam_toolb

06:56:26      UID       PID  minflt/s  majflt/s     VSZ     RSS   %MEM  Command
06:56:27        0    144557     26.00      0.00 1509048   50808   0.33  sync_slam_toolb

06:56:27      UID       PID    %usr %system  %guest   %wait    %CPU   CPU  Command
06:56:28        0    144557    5.00    1.00    0.00    0.00    6.00     0  sync_slam_toolb

06:56:27      UID       PID  minflt/s  majflt/s     VSZ     RSS   %MEM  Command
06:56:28        0    144557      0.00      0.00 1509048   50808   0.33  sync_slam_toolb

06:56:28      UID       PID    %usr %system  %guest   %wait    %CPU   CPU  Command
06:56:29        0    144557    5.00    1.00    0.00    0.00    6.00    12  sync_slam_toolb

06:56:28      UID       PID  minflt/s  majflt/s     VSZ     RSS   %MEM  Command
06:56:29        0    144557      0.00      0.00 1509048   50808   0.33  sync_slam_toolb

06:56:29      UID       PID    %usr %system  %guest   %wait    %CPU   CPU  Command
06:56:30        0    144557    5.00    2.00    0.00    0.00    7.00     0  sync_slam_toolb

06:56:29      UID       PID  minflt/s  majflt/s     VSZ     RSS   %MEM  Command
06:56:30        0    144557      0.00      0.00 1509048   50808   0.33  sync_slam_toolb

06:56:30      UID       PID    %usr %system  %guest   %wait    %CPU   CPU  Command
06:56:31        0    144557    5.00    1.00    0.00    0.00    6.00    12  sync_slam_toolb

06:56:30      UID       PID  minflt/s  majflt/s     VSZ     RSS   %MEM  Command
06:56:31        0    144557      0.00      0.00 1509048   50808   0.33  sync_slam_toolb

06:56:31      UID       PID    %usr %system  %guest   %wait    %CPU   CPU  Command
06:56:32        0    144557    5.00    0.00    0.00    0.00    5.00    12  sync_slam_toolb

06:56:31      UID       PID  minflt/s  majflt/s     VSZ     RSS   %MEM  Command
06:56:32        0    144557      0.00      0.00 1509048   50808   0.33  sync_slam_toolb

06:56:32      UID       PID    %usr %system  %guest   %wait    %CPU   CPU  Command
06:56:33        0    144557    5.00    1.00    0.00    0.00    6.00     6  sync_slam_toolb

06:56:32      UID       PID  minflt/s  majflt/s     VSZ     RSS   %MEM  Command
06:56:33        0    144557      0.00      0.00 1509048   50808   0.33  sync_slam_toolb

06:56:33      UID       PID    %usr %system  %guest   %wait    %CPU   CPU  Command
06:56:34        0    144557    5.00    1.00    0.00    0.00    6.00     2  sync_slam_toolb

06:56:33      UID       PID  minflt/s  majflt/s     VSZ     RSS   %MEM  Command
06:56:34        0    144557      0.00      0.00 1509048   50808   0.33  sync_slam_toolb

06:56:34      UID       PID    %usr %system  %guest   %wait    %CPU   CPU  Command
06:56:35        0    144557    6.00    1.00    0.00    0.00    7.00     8  sync_slam_toolb

06:56:34      UID       PID  minflt/s  majflt/s     VSZ     RSS   %MEM  Command
06:56:35        0    144557      0.00      0.00 1509048   50808   0.33  sync_slam_toolb

06:56:35      UID       PID    %usr %system  %guest   %wait    %CPU   CPU  Command
06:56:36        0    144557    9.00    1.00    0.00    0.00   10.00     2  sync_slam_toolb

06:56:35      UID       PID  minflt/s  majflt/s     VSZ     RSS   %MEM  Command
06:56:36        0    144557      7.00      0.00 1509048   50808   0.33  sync_slam_toolb

06:56:36      UID       PID    %usr %system  %guest   %wait    %CPU   CPU  Command
06:56:37        0    144557    9.00    1.00    0.00    0.00   10.00     8  sync_slam_toolb

06:56:36      UID       PID  minflt/s  majflt/s     VSZ     RSS   %MEM  Command
06:56:37        0    144557      7.00      0.00 1509048   50808   0.33  sync_slam_toolb

06:56:37      UID       PID    %usr %system  %guest   %wait    %CPU   CPU  Command
06:56:38        0    144557    5.00    1.00    0.00    0.00    6.00     6  sync_slam_toolb

06:56:37      UID       PID  minflt/s  majflt/s     VSZ     RSS   %MEM  Command
06:56:38        0    144557     63.00      0.00 1509048   51064   0.33  sync_slam_toolb

06:56:38      UID       PID    %usr %system  %guest   %wait    %CPU   CPU  Command
06:56:39        0    144557    6.00    1.00    0.00    0.00    7.00     8  sync_slam_toolb

06:56:38      UID       PID  minflt/s  majflt/s     VSZ     RSS   %MEM  Command
06:56:39        0    144557      0.00      0.00 1509048   51064   0.33  sync_slam_toolb

06:56:39      UID       PID    %usr %system  %guest   %wait    %CPU   CPU  Command
06:56:40        0    144557    8.00    1.00    0.00    0.00    9.00    10  sync_slam_toolb

06:56:39      UID       PID  minflt/s  majflt/s     VSZ     RSS   %MEM  Command
06:56:40        0    144557      5.00      0.00 1509048   51064   0.33  sync_slam_toolb

06:56:40      UID       PID    %usr %system  %guest   %wait    %CPU   CPU  Command
06:56:41        0    144557    5.00    1.00    0.00    0.00    6.00    10  sync_slam_toolb

06:56:40      UID       PID  minflt/s  majflt/s     VSZ     RSS   %MEM  Command
06:56:41        0    144557    140.00      0.00 1509048   51124   0.33  sync_slam_toolb

06:56:41      UID       PID    %usr %system  %guest   %wait    %CPU   CPU  Command
06:56:42        0    144557    8.00    1.00    0.00    0.00    9.00    12  sync_slam_toolb

06:56:41      UID       PID  minflt/s  majflt/s     VSZ     RSS   %MEM  Command
06:56:42        0    144557     61.00      0.00 1509048   51380   0.33  sync_slam_toolb

06:56:42      UID       PID    %usr %system  %guest   %wait    %CPU   CPU  Command
06:56:43        0    144557    5.00    1.00    0.00    0.00    6.00    14  sync_slam_toolb

06:56:42      UID       PID  minflt/s  majflt/s     VSZ     RSS   %MEM  Command
06:56:43        0    144557    157.00      0.00 1509048   51400   0.33  sync_slam_toolb

06:56:43      UID       PID    %usr %system  %guest   %wait    %CPU   CPU  Command
06:56:44        0    144557    9.00    1.00    0.00    0.00   10.00    14  sync_slam_toolb

06:56:43      UID       PID  minflt/s  majflt/s     VSZ     RSS   %MEM  Command
06:56:44        0    144557     48.00      0.00 1509048   51528   0.33  sync_slam_toolb

06:56:44      UID       PID    %usr %system  %guest   %wait    %CPU   CPU  Command
06:56:45        0    144557    5.00    2.00    0.00    0.00    7.00     0  sync_slam_toolb

06:56:44      UID       PID  minflt/s  majflt/s     VSZ     RSS   %MEM  Command
06:56:45        0    144557    195.00      0.00 1509048   50344   0.32  sync_slam_toolb

06:56:45      UID       PID    %usr %system  %guest   %wait    %CPU   CPU  Command
06:56:46        0    144557    4.00    1.00    0.00    0.00    5.00     6  sync_slam_toolb

06:56:45      UID       PID  minflt/s  majflt/s     VSZ     RSS   %MEM  Command
06:56:46        0    144557    396.00      0.00 1509204   50344   0.32  sync_slam_toolb

06:56:46      UID       PID    %usr %system  %guest   %wait    %CPU   CPU  Command
06:56:47        0    144557    5.00    2.00    0.00    0.00    7.00     8  sync_slam_toolb

06:56:46      UID       PID  minflt/s  majflt/s     VSZ     RSS   %MEM  Command
06:56:47        0    144557    388.00      0.00 1509204   50344   0.32  sync_slam_toolb

06:56:47      UID       PID    %usr %system  %guest   %wait    %CPU   CPU  Command
06:56:48        0    144557    5.00    0.00    0.00    0.00    5.00     4  sync_slam_toolb

06:56:47      UID       PID  minflt/s  majflt/s     VSZ     RSS   %MEM  Command
06:56:48        0    144557    388.00      0.00 1509204   50300   0.32  sync_slam_toolb

06:56:48      UID       PID    %usr %system  %guest   %wait    %CPU   CPU  Command
06:56:49        0    144557    5.00    2.00    0.00    0.00    7.00     4  sync_slam_toolb

06:56:48      UID       PID  minflt/s  majflt/s     VSZ     RSS   %MEM  Command
06:56:49        0    144557    388.00      0.00 1509204   50212   0.32  sync_slam_toolb

06:56:49      UID       PID    %usr %system  %guest   %wait    %CPU   CPU  Command
06:56:50        0    144557    6.00    0.00    0.00    0.00    6.00     6  sync_slam_toolb

06:56:49      UID       PID  minflt/s  majflt/s     VSZ     RSS   %MEM  Command
06:56:50        0    144557    388.00      0.00 1509204   50268   0.32  sync_slam_toolb

06:56:50      UID       PID    %usr %system  %guest   %wait    %CPU   CPU  Command
06:56:51        0    144557    4.00    1.00    0.00    0.00    5.00    14  sync_slam_toolb

06:56:50      UID       PID  minflt/s  majflt/s     VSZ     RSS   %MEM  Command
06:56:51        0    144557    388.00      0.00 1509204   50268   0.32  sync_slam_toolb

06:56:51      UID       PID    %usr %system  %guest   %wait    %CPU   CPU  Command
06:56:52        0    144557    5.00    2.00    0.00    0.00    7.00     2  sync_slam_toolb

06:56:51      UID       PID  minflt/s  majflt/s     VSZ     RSS   %MEM  Command
06:56:52        0    144557    388.00      0.00 1509204   50268   0.32  sync_slam_toolb

06:56:52      UID       PID    %usr %system  %guest   %wait    %CPU   CPU  Command
06:56:53        0    144557    5.00    1.00    0.00    0.00    6.00    11  sync_slam_toolb

06:56:52      UID       PID  minflt/s  majflt/s     VSZ     RSS   %MEM  Command
06:56:53        0    144557    388.00      0.00 1509204   50268   0.32  sync_slam_toolb

06:56:53      UID       PID    %usr %system  %guest   %wait    %CPU   CPU  Command
06:56:54        0    144557    5.00    1.00    0.00    0.00    6.00     2  sync_slam_toolb

06:56:53      UID       PID  minflt/s  majflt/s     VSZ     RSS   %MEM  Command
06:56:54        0    144557    388.00      0.00 1509204   50268   0.32  sync_slam_toolb

06:56:54      UID       PID    %usr %system  %guest   %wait    %CPU   CPU  Command
06:56:55        0    144557    5.00    1.00    0.00    0.00    6.00    11  sync_slam_toolb

06:56:54      UID       PID  minflt/s  majflt/s     VSZ     RSS   %MEM  Command
06:56:55        0    144557    388.00      0.00 1509204   50212   0.32  sync_slam_toolb

06:56:55      UID       PID    %usr %system  %guest   %wait    %CPU   CPU  Command
06:56:56        0    144557    8.00    1.00    0.00    0.00    9.00    14  sync_slam_toolb

06:56:55      UID       PID  minflt/s  majflt/s     VSZ     RSS   %MEM  Command
06:56:56        0    144557    395.00      0.00 1509204   50240   0.32  sync_slam_toolb

06:56:56      UID       PID    %usr %system  %guest   %wait    %CPU   CPU  Command
06:56:57        0    144557    5.00    1.00    0.00    0.00    6.00     0  sync_slam_toolb

06:56:56      UID       PID  minflt/s  majflt/s     VSZ     RSS   %MEM  Command
06:56:57        0    144557    388.00      0.00 1509204   50240   0.32  sync_slam_toolb

06:56:57      UID       PID    %usr %system  %guest   %wait    %CPU   CPU  Command
06:56:58        0    144557    9.00    2.00    0.00    0.00   11.00    14  sync_slam_toolb

06:56:57      UID       PID  minflt/s  majflt/s     VSZ     RSS   %MEM  Command
06:56:58        0    144557    392.00      0.00 1509204   50240   0.32  sync_slam_toolb

06:56:58      UID       PID    %usr %system  %guest   %wait    %CPU   CPU  Command
06:56:59        0    144557    4.00    1.00    0.00    0.00    5.00     2  sync_slam_toolb

06:56:58      UID       PID  minflt/s  majflt/s     VSZ     RSS   %MEM  Command
06:56:59        0    144557    396.00      0.00 1509204   50296   0.32  sync_slam_toolb

06:56:59      UID       PID    %usr %system  %guest   %wait    %CPU   CPU  Command
06:57:00        0    144557    8.00    2.00    0.00    0.00   10.00     2  sync_slam_toolb

06:56:59      UID       PID  minflt/s  majflt/s     VSZ     RSS   %MEM  Command
06:57:00        0    144557    384.00      0.00 1509204   50236   0.32  sync_slam_toolb

06:57:00      UID       PID    %usr %system  %guest   %wait    %CPU   CPU  Command
06:57:01        0    144557    5.00    1.00    0.00    0.00    6.00     4  sync_slam_toolb

06:57:00      UID       PID  minflt/s  majflt/s     VSZ     RSS   %MEM  Command
06:57:01        0    144557    394.00      0.00 1509204   50236   0.32  sync_slam_toolb

06:57:01      UID       PID    %usr %system  %guest   %wait    %CPU   CPU  Command
06:57:02        0    144557    4.00    1.00    0.00    0.00    5.00     0  sync_slam_toolb

06:57:01      UID       PID  minflt/s  majflt/s     VSZ     RSS   %MEM  Command
06:57:02        0    144557    394.00      0.00 1509204   50236   0.32  sync_slam_toolb

06:57:02      UID       PID    %usr %system  %guest   %wait    %CPU   CPU  Command
06:57:03        0    144557    8.00    2.00    0.00    0.00   10.00     4  sync_slam_toolb

06:57:02      UID       PID  minflt/s  majflt/s     VSZ     RSS   %MEM  Command
06:57:03        0    144557    402.00      0.00 1509204   50236   0.32  sync_slam_toolb

06:57:03      UID       PID    %usr %system  %guest   %wait    %CPU   CPU  Command
06:57:04        0    144557    5.00    1.00    0.00    0.00    6.00     6  sync_slam_toolb

06:57:03      UID       PID  minflt/s  majflt/s     VSZ     RSS   %MEM  Command
06:57:04        0    144557    394.00      0.00 1509204   50256   0.32  sync_slam_toolb

06:57:04      UID       PID    %usr %system  %guest   %wait    %CPU   CPU  Command
06:57:05        0    144557    9.00    0.00    0.00    0.00    9.00     0  sync_slam_toolb

06:57:04      UID       PID  minflt/s  majflt/s     VSZ     RSS   %MEM  Command
06:57:05        0    144557    399.00      0.00 1509204   50256   0.32  sync_slam_toolb

06:57:05      UID       PID    %usr %system  %guest   %wait    %CPU   CPU  Command
06:57:06        0    144557    5.00    2.00    0.00    0.00    7.00     2  sync_slam_toolb

06:57:05      UID       PID  minflt/s  majflt/s     VSZ     RSS   %MEM  Command
06:57:06        0    144557    394.00      0.00 1509204   50256   0.32  sync_slam_toolb

06:57:06      UID       PID    %usr %system  %guest   %wait    %CPU   CPU  Command
06:57:07        0    144557   10.00    0.00    0.00    0.00   10.00     0  sync_slam_toolb

06:57:06      UID       PID  minflt/s  majflt/s     VSZ     RSS   %MEM  Command
06:57:07        0    144557    399.00      0.00 1509204   50344   0.32  sync_slam_toolb

06:57:07      UID       PID    %usr %system  %guest   %wait    %CPU   CPU  Command
06:57:08        0    144557    5.00    1.00    0.00    0.00    6.00     0  sync_slam_toolb

06:57:07      UID       PID  minflt/s  majflt/s     VSZ     RSS   %MEM  Command
06:57:08        0    144557    394.00      0.00 1509204   50364   0.32  sync_slam_toolb

06:57:08      UID       PID    %usr %system  %guest   %wait    %CPU   CPU  Command
06:57:09        0    144557    8.00    2.00    0.00    0.00   10.00     8  sync_slam_toolb

06:57:08      UID       PID  minflt/s  majflt/s     VSZ     RSS   %MEM  Command
06:57:09        0    144557    403.00      0.00 1509204   50364   0.32  sync_slam_toolb

06:57:09      UID       PID    %usr %system  %guest   %wait    %CPU   CPU  Command
06:57:10        0    144557    4.00    2.00    0.00    0.00    6.00     0  sync_slam_toolb

06:57:09      UID       PID  minflt/s  majflt/s     VSZ     RSS   %MEM  Command
06:57:10        0    144557    394.00      0.00 1509204   50292   0.32  sync_slam_toolb

06:57:10      UID       PID    %usr %system  %guest   %wait    %CPU   CPU  Command
06:57:11        0    144557    5.00    1.00    0.00    0.00    6.00     9  sync_slam_toolb

06:57:10      UID       PID  minflt/s  majflt/s     VSZ     RSS   %MEM  Command
06:57:11        0    144557    394.00      0.00 1509204   50292   0.32  sync_slam_toolb

06:57:11      UID       PID    %usr %system  %guest   %wait    %CPU   CPU  Command
06:57:12        0    144557    7.00    3.00    0.00    0.00   10.00     6  sync_slam_toolb

06:57:11      UID       PID  minflt/s  majflt/s     VSZ     RSS   %MEM  Command
06:57:12        0    144557    398.00      0.00 1509204   50312   0.32  sync_slam_toolb

06:57:12      UID       PID    %usr %system  %guest   %wait    %CPU   CPU  Command
06:57:13        0    144557    5.00    1.00    0.00    0.00    6.00     2  sync_slam_toolb

06:57:12      UID       PID  minflt/s  majflt/s     VSZ     RSS   %MEM  Command
06:57:13        0    144557    394.00      0.00 1509204   50292   0.32  sync_slam_toolb

06:57:13      UID       PID    %usr %system  %guest   %wait    %CPU   CPU  Command
06:57:14        0    144557    5.00    2.00    0.00    0.00    7.00     2  sync_slam_toolb

06:57:13      UID       PID  minflt/s  majflt/s     VSZ     RSS   %MEM  Command
06:57:14        0    144557    394.00      0.00 1509204   50280   0.32  sync_slam_toolb

06:57:14      UID       PID    %usr %system  %guest   %wait    %CPU   CPU  Command
06:57:15        0    144557    4.00    1.00    0.00    0.00    5.00     8  sync_slam_toolb

06:57:14      UID       PID  minflt/s  majflt/s     VSZ     RSS   %MEM  Command
06:57:15        0    144557    394.00      0.00 1509204   50280   0.32  sync_slam_toolb

06:57:15      UID       PID    %usr %system  %guest   %wait    %CPU   CPU  Command
06:57:16        0    144557    5.00    1.00    0.00    0.00    6.00     3  sync_slam_toolb

06:57:15      UID       PID  minflt/s  majflt/s     VSZ     RSS   %MEM  Command
06:57:16        0    144557    394.00      0.00 1509204   50280   0.32  sync_slam_toolb

06:57:16      UID       PID    %usr %system  %guest   %wait    %CPU   CPU  Command
06:57:17        0    144557    6.00    1.00    0.00    0.00    7.00     2  sync_slam_toolb

06:57:16      UID       PID  minflt/s  majflt/s     VSZ     RSS   %MEM  Command
06:57:17        0    144557    394.00      0.00 1509204   50280   0.32  sync_slam_toolb

06:57:17      UID       PID    %usr %system  %guest   %wait    %CPU   CPU  Command
06:57:18        0    144557    5.00    1.00    0.00    0.00    6.00     2  sync_slam_toolb

06:57:17      UID       PID  minflt/s  majflt/s     VSZ     RSS   %MEM  Command
06:57:18        0    144557    394.00      0.00 1509204   50280   0.32  sync_slam_toolb

06:57:18      UID       PID    %usr %system  %guest   %wait    %CPU   CPU  Command
06:57:19        0    144557    5.00    1.00    0.00    0.00    6.00     2  sync_slam_toolb

06:57:18      UID       PID  minflt/s  majflt/s     VSZ     RSS   %MEM  Command
06:57:19        0    144557    394.00      0.00 1509204   50280   0.32  sync_slam_toolb

06:57:19      UID       PID    %usr %system  %guest   %wait    %CPU   CPU  Command
06:57:20        0    144557    7.00    2.00    0.00    0.00    9.00     2  sync_slam_toolb

06:57:19      UID       PID  minflt/s  majflt/s     VSZ     RSS   %MEM  Command
06:57:20        0    144557    400.00      0.00 1509204   50400   0.32  sync_slam_toolb

06:57:20      UID       PID    %usr %system  %guest   %wait    %CPU   CPU  Command
06:57:21        0    144557    5.00    2.00    0.00    0.00    7.00     4  sync_slam_toolb

06:57:20      UID       PID  minflt/s  majflt/s     VSZ     RSS   %MEM  Command
06:57:21        0    144557    394.00      0.00 1509204   50424   0.32  sync_slam_toolb

06:57:21      UID       PID    %usr %system  %guest   %wait    %CPU   CPU  Command
06:57:22        0    144557    9.00    1.00    0.00    0.00   10.00     8  sync_slam_toolb

06:57:21      UID       PID  minflt/s  majflt/s     VSZ     RSS   %MEM  Command
06:57:22        0    144557    403.00      0.00 1509204   50424   0.32  sync_slam_toolb

06:57:22      UID       PID    %usr %system  %guest   %wait    %CPU   CPU  Command
06:57:23        0    144557    5.00    1.00    0.00    0.00    6.00     3  sync_slam_toolb

06:57:22      UID       PID  minflt/s  majflt/s     VSZ     RSS   %MEM  Command
06:57:23        0    144557    394.00      0.00 1509204   50356   0.32  sync_slam_toolb

06:57:23      UID       PID    %usr %system  %guest   %wait    %CPU   CPU  Command
06:57:24        0    144557    9.00    1.00    0.00    0.00   10.00     8  sync_slam_toolb

06:57:23      UID       PID  minflt/s  majflt/s     VSZ     RSS   %MEM  Command
06:57:24        0    144557    398.00      0.00 1509204   50356   0.32  sync_slam_toolb

06:57:24      UID       PID    %usr %system  %guest   %wait    %CPU   CPU  Command
06:57:25        0    144557    5.00    1.00    0.00    0.00    6.00    13  sync_slam_toolb

06:57:24      UID       PID  minflt/s  majflt/s     VSZ     RSS   %MEM  Command
06:57:25        0    144557    394.00      0.00 1509204   50356   0.32  sync_slam_toolb

06:57:25      UID       PID    %usr %system  %guest   %wait    %CPU   CPU  Command
06:57:26        0    144557    4.00    2.00    0.00    0.00    6.00    14  sync_slam_toolb

06:57:25      UID       PID  minflt/s  majflt/s     VSZ     RSS   %MEM  Command
06:57:26        0    144557    394.00      0.00 1509204   50460   0.32  sync_slam_toolb

06:57:26      UID       PID    %usr %system  %guest   %wait    %CPU   CPU  Command
06:57:27        0    144557    6.00    1.00    0.00    0.00    7.00     3  sync_slam_toolb

06:57:26      UID       PID  minflt/s  majflt/s     VSZ     RSS   %MEM  Command
06:57:27        0    144557    394.00      0.00 1509204   50460   0.32  sync_slam_toolb

06:57:27      UID       PID    %usr %system  %guest   %wait    %CPU   CPU  Command
06:57:28        0    144557    5.00    1.00    0.00    0.00    6.00     4  sync_slam_toolb

06:57:27      UID       PID  minflt/s  majflt/s     VSZ     RSS   %MEM  Command
06:57:28        0    144557    394.00      0.00 1509204   50460   0.32  sync_slam_toolb

06:57:28      UID       PID    %usr %system  %guest   %wait    %CPU   CPU  Command
06:57:29        0    144557    4.00    1.00    0.00    0.00    5.00     8  sync_slam_toolb

06:57:28      UID       PID  minflt/s  majflt/s     VSZ     RSS   %MEM  Command
06:57:29        0    144557    394.00      0.00 1509204   50460   0.32  sync_slam_toolb

06:57:29      UID       PID    %usr %system  %guest   %wait    %CPU   CPU  Command
06:57:30        0    144557    6.00    1.00    0.00    0.00    7.00     2  sync_slam_toolb

06:57:29      UID       PID  minflt/s  majflt/s     VSZ     RSS   %MEM  Command
06:57:30        0    144557    394.00      0.00 1509204   50460   0.32  sync_slam_toolb

06:57:30      UID       PID    %usr %system  %guest   %wait    %CPU   CPU  Command
06:57:31        0    144557    4.00    2.00    0.00    0.00    6.00     8  sync_slam_toolb

06:57:30      UID       PID  minflt/s  majflt/s     VSZ     RSS   %MEM  Command
06:57:31        0    144557    394.00      0.00 1509204   50460   0.32  sync_slam_toolb

06:57:31      UID       PID    %usr %system  %guest   %wait    %CPU   CPU  Command
06:57:32        0    144557    5.00    2.00    0.00    0.00    7.00     8  sync_slam_toolb

06:57:31      UID       PID  minflt/s  majflt/s     VSZ     RSS   %MEM  Command
06:57:32        0    144557    394.00      0.00 1509204   50460   0.32  sync_slam_toolb

06:57:32      UID       PID    %usr %system  %guest   %wait    %CPU   CPU  Command
06:57:33        0    144557    5.00    0.00    0.00    0.00    5.00     0  sync_slam_toolb

06:57:32      UID       PID  minflt/s  majflt/s     VSZ     RSS   %MEM  Command
06:57:33        0    144557    394.00      0.00 1509204   50460   0.32  sync_slam_toolb

06:57:33      UID       PID    %usr %system  %guest   %wait    %CPU   CPU  Command
06:57:34        0    144557    8.00    2.00    0.00    0.00   10.00     0  sync_slam_toolb

06:57:33      UID       PID  minflt/s  majflt/s     VSZ     RSS   %MEM  Command
06:57:34        0    144557    401.00      0.00 1509204   50584   0.32  sync_slam_toolb

06:57:34      UID       PID    %usr %system  %guest   %wait    %CPU   CPU  Command
06:57:35        0    144557    5.00    1.00    0.00    0.00    6.00     0  sync_slam_toolb

06:57:34      UID       PID  minflt/s  majflt/s     VSZ     RSS   %MEM  Command
06:57:35        0    144557    394.00      0.00 1509204   50584   0.32  sync_slam_toolb

06:57:35      UID       PID    %usr %system  %guest   %wait    %CPU   CPU  Command
06:57:36        0    144557    9.00    1.00    0.00    0.00   10.00     8  sync_slam_toolb

06:57:35      UID       PID  minflt/s  majflt/s     VSZ     RSS   %MEM  Command
06:57:36        0    144557    401.00      0.00 1509204   50584   0.32  sync_slam_toolb

06:57:36      UID       PID    %usr %system  %guest   %wait    %CPU   CPU  Command
06:57:37        0    144557    5.00    1.00    0.00    0.00    6.00     2  sync_slam_toolb

06:57:36      UID       PID  minflt/s  majflt/s     VSZ     RSS   %MEM  Command
06:57:37        0    144557    394.00      0.00 1509204   50584   0.32  sync_slam_toolb

06:57:37      UID       PID    %usr %system  %guest   %wait    %CPU   CPU  Command
06:57:38        0    144557    5.00    2.00    0.00    0.00    7.00     2  sync_slam_toolb

06:57:37      UID       PID  minflt/s  majflt/s     VSZ     RSS   %MEM  Command
06:57:38        0    144557    394.00      0.00 1509204   50584   0.32  sync_slam_toolb

06:57:38      UID       PID    %usr %system  %guest   %wait    %CPU   CPU  Command
06:57:39        0    144557    7.00    1.00    0.00    0.00    8.00    14  sync_slam_toolb

06:57:38      UID       PID  minflt/s  majflt/s     VSZ     RSS   %MEM  Command
06:57:39        0    144557    400.00      0.00 1509204   50584   0.32  sync_slam_toolb

06:57:39      UID       PID    %usr %system  %guest   %wait    %CPU   CPU  Command
06:57:40        0    144557    6.00    1.00    0.00    0.00    7.00     0  sync_slam_toolb

06:57:39      UID       PID  minflt/s  majflt/s     VSZ     RSS   %MEM  Command
06:57:40        0    144557    394.00      0.00 1509204   50584   0.32  sync_slam_toolb

06:57:40      UID       PID    %usr %system  %guest   %wait    %CPU   CPU  Command
06:57:41        0    144557    9.00    1.00    0.00    0.00   10.00     2  sync_slam_toolb

06:57:40      UID       PID  minflt/s  majflt/s     VSZ     RSS   %MEM  Command
06:57:41        0    144557    400.00      0.00 1509204   50584   0.32  sync_slam_toolb

06:57:41      UID       PID    %usr %system  %guest   %wait    %CPU   CPU  Command
06:57:42        0    144557    6.00    1.00    0.00    0.00    7.00     2  sync_slam_toolb

06:57:41      UID       PID  minflt/s  majflt/s     VSZ     RSS   %MEM  Command
06:57:42        0    144557    394.00      0.00 1509204   50584   0.32  sync_slam_toolb

06:57:42      UID       PID    %usr %system  %guest   %wait    %CPU   CPU  Command
06:57:43        0    144557    6.00    1.00    0.00    0.00    7.00     2  sync_slam_toolb

06:57:42      UID       PID  minflt/s  majflt/s     VSZ     RSS   %MEM  Command
06:57:43        0    144557    394.00      0.00 1509204   50572   0.32  sync_slam_toolb

06:57:43      UID       PID    %usr %system  %guest   %wait    %CPU   CPU  Command
06:57:44        0    144557    5.00    1.00    0.00    0.00    6.00     4  sync_slam_toolb

06:57:43      UID       PID  minflt/s  majflt/s     VSZ     RSS   %MEM  Command
06:57:44        0    144557    394.00      0.00 1509204   50592   0.32  sync_slam_toolb

06:57:44      UID       PID    %usr %system  %guest   %wait    %CPU   CPU  Command
06:57:45        0    144557    6.00    1.00    0.00    0.00    7.00     2  sync_slam_toolb

06:57:44      UID       PID  minflt/s  majflt/s     VSZ     RSS   %MEM  Command
06:57:45        0    144557    394.00      0.00 1509204   50592   0.32  sync_slam_toolb

06:57:45      UID       PID    %usr %system  %guest   %wait    %CPU   CPU  Command
06:57:46        0    144557    6.00    1.00    0.00    0.00    7.00     6  sync_slam_toolb

06:57:45      UID       PID  minflt/s  majflt/s     VSZ     RSS   %MEM  Command
06:57:46        0    144557    394.00      0.00 1509204   50592   0.32  sync_slam_toolb

06:57:46      UID       PID    %usr %system  %guest   %wait    %CPU   CPU  Command
06:57:47        0    144557    8.00    1.00    0.00    0.00    9.00    10  sync_slam_toolb

06:57:46      UID       PID  minflt/s  majflt/s     VSZ     RSS   %MEM  Command
06:57:47        0    144557    400.00      0.00 1509204   50592   0.32  sync_slam_toolb

06:57:47      UID       PID    %usr %system  %guest   %wait    %CPU   CPU  Command
06:57:48        0    144557    5.00    2.00    0.00    0.00    7.00     2  sync_slam_toolb

06:57:47      UID       PID  minflt/s  majflt/s     VSZ     RSS   %MEM  Command
06:57:48        0    144557    394.00      0.00 1509204   50612   0.32  sync_slam_toolb

06:57:48      UID       PID    %usr %system  %guest   %wait    %CPU   CPU  Command
06:57:49        0    144557    8.91    0.99    0.00    0.00    9.90     2  sync_slam_toolb

06:57:48      UID       PID  minflt/s  majflt/s     VSZ     RSS   %MEM  Command
06:57:49        0    144557    397.03      0.00 1509204   50612   0.32  sync_slam_toolb

06:57:49      UID       PID    %usr %system  %guest   %wait    %CPU   CPU  Command
06:57:50        0    144557    5.00    2.00    0.00    0.00    7.00    10  sync_slam_toolb

06:57:49      UID       PID  minflt/s  majflt/s     VSZ     RSS   %MEM  Command
06:57:50        0    144557    521.00      0.00 1509604   51140   0.33  sync_slam_toolb

06:57:50      UID       PID    %usr %system  %guest   %wait    %CPU   CPU  Command
06:57:51        0    144557    5.00    1.00    0.00    0.00    6.00     6  sync_slam_toolb

06:57:50      UID       PID  minflt/s  majflt/s     VSZ     RSS   %MEM  Command
06:57:51        0    144557    403.00      0.00 1509604   51068   0.33  sync_slam_toolb

06:57:51      UID       PID    %usr %system  %guest   %wait    %CPU   CPU  Command
06:57:52        0    144557    8.00    2.00    0.00    0.00   10.00     6  sync_slam_toolb

06:57:51      UID       PID  minflt/s  majflt/s     VSZ     RSS   %MEM  Command
06:57:52        0    144557    426.00      0.00 1509604   51116   0.33  sync_slam_toolb

06:57:52      UID       PID    %usr %system  %guest   %wait    %CPU   CPU  Command
06:57:53        0    144557    6.00    1.00    0.00    0.00    7.00    14  sync_slam_toolb

06:57:52      UID       PID  minflt/s  majflt/s     VSZ     RSS   %MEM  Command
06:57:53        0    144557    421.00      0.00 1509604   51116   0.33  sync_slam_toolb

06:57:53      UID       PID    %usr %system  %guest   %wait    %CPU   CPU  Command
06:57:54        0    144557    8.00    1.00    0.00    0.00    9.00     4  sync_slam_toolb

06:57:53      UID       PID  minflt/s  majflt/s     VSZ     RSS   %MEM  Command
06:57:54        0    144557    428.00      0.00 1509604   51116   0.33  sync_slam_toolb

06:57:54      UID       PID    %usr %system  %guest   %wait    %CPU   CPU  Command
06:57:55        0    144557    6.00    1.00    0.00    0.00    7.00     2  sync_slam_toolb

06:57:54      UID       PID  minflt/s  majflt/s     VSZ     RSS   %MEM  Command
06:57:55        0    144557    421.00      0.00 1509604   51116   0.33  sync_slam_toolb

06:57:55      UID       PID    %usr %system  %guest   %wait    %CPU   CPU  Command
06:57:56        0    144557    5.00    1.00    0.00    0.00    6.00     4  sync_slam_toolb

06:57:55      UID       PID  minflt/s  majflt/s     VSZ     RSS   %MEM  Command
06:57:56        0    144557    421.00      0.00 1509604   51116   0.33  sync_slam_toolb

06:57:56      UID       PID    %usr %system  %guest   %wait    %CPU   CPU  Command
06:57:57        0    144557    8.00    2.00    0.00    0.00   10.00     6  sync_slam_toolb

06:57:56      UID       PID  minflt/s  majflt/s     VSZ     RSS   %MEM  Command
06:57:57        0    144557    426.00      0.00 1509604   51244   0.33  sync_slam_toolb

06:57:57      UID       PID    %usr %system  %guest   %wait    %CPU   CPU  Command
06:57:58        0    144557    5.00    2.00    0.00    0.00    7.00     0  sync_slam_toolb

06:57:57      UID       PID  minflt/s  majflt/s     VSZ     RSS   %MEM  Command
06:57:58        0    144557    421.00      0.00 1509604   51164   0.33  sync_slam_toolb

06:57:58      UID       PID    %usr %system  %guest   %wait    %CPU   CPU  Command
06:57:59        0    144557    9.00    0.00    0.00    0.00    9.00     6  sync_slam_toolb

06:57:58      UID       PID  minflt/s  majflt/s     VSZ     RSS   %MEM  Command
06:57:59        0    144557    427.00      0.00 1509604   51260   0.33  sync_slam_toolb

06:57:59      UID       PID    %usr %system  %guest   %wait    %CPU   CPU  Command
06:58:00        0    144557    5.00    2.00    0.00    0.00    7.00     6  sync_slam_toolb

06:57:59      UID       PID  minflt/s  majflt/s     VSZ     RSS   %MEM  Command
06:58:00        0    144557    421.00      0.00 1509604   51180   0.33  sync_slam_toolb

06:58:00      UID       PID    %usr %system  %guest   %wait    %CPU   CPU  Command
06:58:01        0    144557    8.00    1.00    0.00    0.00    9.00     3  sync_slam_toolb

06:58:00      UID       PID  minflt/s  majflt/s     VSZ     RSS   %MEM  Command
06:58:01        0    144557    428.00      0.00 1509604   51180   0.33  sync_slam_toolb

06:58:01      UID       PID    %usr %system  %guest   %wait    %CPU   CPU  Command
06:58:02        0    144557    6.00    1.00    0.00    0.00    7.00     3  sync_slam_toolb

06:58:01      UID       PID  minflt/s  majflt/s     VSZ     RSS   %MEM  Command
06:58:02        0    144557    428.00      0.00 1509604   51380   0.33  sync_slam_toolb

06:58:02      UID       PID    %usr %system  %guest   %wait    %CPU   CPU  Command
06:58:03        0    144557    5.00    1.00    0.00    0.00    6.00     3  sync_slam_toolb

06:58:02      UID       PID  minflt/s  majflt/s     VSZ     RSS   %MEM  Command
06:58:03        0    144557    409.00      0.00 1509604   51312   0.33  sync_slam_toolb

06:58:03      UID       PID    %usr %system  %guest   %wait    %CPU   CPU  Command
06:58:04        0    144557    9.00    1.00    0.00    0.00   10.00     3  sync_slam_toolb

06:58:03      UID       PID  minflt/s  majflt/s     VSZ     RSS   %MEM  Command
06:58:04        0    144557    432.00      0.00 1509604   51344   0.33  sync_slam_toolb

06:58:04      UID       PID    %usr %system  %guest   %wait    %CPU   CPU  Command
06:58:05        0    144557    5.00    2.00    0.00    0.00    7.00     3  sync_slam_toolb

06:58:04      UID       PID  minflt/s  majflt/s     VSZ     RSS   %MEM  Command
06:58:05        0    144557    528.00      0.00 1509604   51680   0.33  sync_slam_toolb

06:58:05      UID       PID    %usr %system  %guest   %wait    %CPU   CPU  Command
06:58:06        0    144557    8.00    1.00    0.00    0.00    9.00     3  sync_slam_toolb

06:58:05      UID       PID  minflt/s  majflt/s     VSZ     RSS   %MEM  Command
06:58:06        0    144557    447.00      0.00 1509604   51884   0.33  sync_slam_toolb

06:58:06      UID       PID    %usr %system  %guest   %wait    %CPU   CPU  Command
06:58:07        0    144557    6.00    1.00    0.00    0.00    7.00     7  sync_slam_toolb

06:58:06      UID       PID  minflt/s  majflt/s     VSZ     RSS   %MEM  Command
06:58:07        0    144557    484.00      0.00 1509604   52000   0.33  sync_slam_toolb

06:58:07      UID       PID    %usr %system  %guest   %wait    %CPU   CPU  Command
06:58:08        0    144557    5.00    1.00    0.00    0.00    6.00     3  sync_slam_toolb

06:58:07      UID       PID  minflt/s  majflt/s     VSZ     RSS   %MEM  Command
06:58:08        0    144557    457.00      0.00 1509604   51904   0.33  sync_slam_toolb

06:58:08      UID       PID    %usr %system  %guest   %wait    %CPU   CPU  Command
06:58:09        0    144557    8.00    2.00    0.00    0.00   10.00     8  sync_slam_toolb

06:58:08      UID       PID  minflt/s  majflt/s     VSZ     RSS   %MEM  Command
06:58:09        0    144557    488.00      0.00 1509604   51904   0.33  sync_slam_toolb

06:58:09      UID       PID    %usr %system  %guest   %wait    %CPU   CPU  Command
06:58:10        0    144557    6.00    1.00    0.00    0.00    7.00     3  sync_slam_toolb

06:58:09      UID       PID  minflt/s  majflt/s     VSZ     RSS   %MEM  Command
06:58:10        0    144557    515.00      0.00 1509604   52028   0.33  sync_slam_toolb

06:58:10      UID       PID    %usr %system  %guest   %wait    %CPU   CPU  Command
06:58:11        0    144557    5.00    1.00    0.00    0.00    6.00    14  sync_slam_toolb

06:58:10      UID       PID  minflt/s  majflt/s     VSZ     RSS   %MEM  Command
06:58:11        0    144557    486.00      0.00 1509604   51932   0.33  sync_slam_toolb

06:58:11      UID       PID    %usr %system  %guest   %wait    %CPU   CPU  Command
06:58:12        0    144557    9.00    1.00    0.00    0.00   10.00     3  sync_slam_toolb

06:58:11      UID       PID  minflt/s  majflt/s     VSZ     RSS   %MEM  Command
06:58:12        0    144557    516.00      0.00 1509604   51904   0.33  sync_slam_toolb

06:58:12      UID       PID    %usr %system  %guest   %wait    %CPU   CPU  Command
06:58:13        0    144557    5.00    2.00    0.00    0.00    7.00     0  sync_slam_toolb

06:58:12      UID       PID  minflt/s  majflt/s     VSZ     RSS   %MEM  Command
06:58:13        0    144557    511.00      0.00 1509604   51904   0.33  sync_slam_toolb

06:58:13      UID       PID    %usr %system  %guest   %wait    %CPU   CPU  Command
06:58:14        0    144557    5.00    1.00    0.00    0.00    6.00     3  sync_slam_toolb

06:58:13      UID       PID  minflt/s  majflt/s     VSZ     RSS   %MEM  Command
06:58:14        0    144557    511.00      0.00 1509604   51840   0.33  sync_slam_toolb

06:58:14      UID       PID    %usr %system  %guest   %wait    %CPU   CPU  Command
06:58:15        0    144557    9.00    2.00    0.00    0.00   11.00     3  sync_slam_toolb

06:58:14      UID       PID  minflt/s  majflt/s     VSZ     RSS   %MEM  Command
06:58:15        0    144557    517.00      0.00 1509604   51840   0.33  sync_slam_toolb

06:58:15      UID       PID    %usr %system  %guest   %wait    %CPU   CPU  Command
06:58:16        0    144557    4.00    2.00    0.00    0.00    6.00     3  sync_slam_toolb

06:58:15      UID       PID  minflt/s  majflt/s     VSZ     RSS   %MEM  Command
06:58:16        0    144557    511.00      0.00 1509604   51840   0.33  sync_slam_toolb

06:58:16      UID       PID    %usr %system  %guest   %wait    %CPU   CPU  Command
06:58:17        0    144557    9.00    1.00    0.00    0.00   10.00     0  sync_slam_toolb

06:58:16      UID       PID  minflt/s  majflt/s     VSZ     RSS   %MEM  Command
06:58:17        0    144557    517.00      0.00 1509604   51968   0.33  sync_slam_toolb

06:58:17      UID       PID    %usr %system  %guest   %wait    %CPU   CPU  Command
06:58:18        0    144557    6.00    1.00    0.00    0.00    7.00     6  sync_slam_toolb

06:58:17      UID       PID  minflt/s  majflt/s     VSZ     RSS   %MEM  Command
06:58:18        0    144557    511.00      0.00 1509604   51968   0.33  sync_slam_toolb

06:58:18      UID       PID    %usr %system  %guest   %wait    %CPU   CPU  Command
06:58:19        0    144557    4.00    3.00    0.00    0.00    7.00    14  sync_slam_toolb

06:58:18      UID       PID  minflt/s  majflt/s     VSZ     RSS   %MEM  Command
06:58:19        0    144557    511.00      0.00 1509604   51968   0.33  sync_slam_toolb

06:58:19      UID       PID    %usr %system  %guest   %wait    %CPU   CPU  Command
06:58:20        0    144557    9.00    0.00    0.00    0.00    9.00    12  sync_slam_toolb

06:58:19      UID       PID  minflt/s  majflt/s     VSZ     RSS   %MEM  Command
06:58:20        0    144557    517.00      0.00 1509604   51968   0.33  sync_slam_toolb

06:58:20      UID       PID    %usr %system  %guest   %wait    %CPU   CPU  Command
06:58:21        0    144557    5.00    2.00    0.00    0.00    7.00     4  sync_slam_toolb

06:58:20      UID       PID  minflt/s  majflt/s     VSZ     RSS   %MEM  Command
06:58:21        0    144557    511.00      0.00 1509604   51968   0.33  sync_slam_toolb

06:58:21      UID       PID    %usr %system  %guest   %wait    %CPU   CPU  Command
06:58:22        0    144557    9.00    1.00    0.00    0.00   10.00     4  sync_slam_toolb

06:58:21      UID       PID  minflt/s  majflt/s     VSZ     RSS   %MEM  Command
06:58:22        0    144557    517.00      0.00 1509604   51968   0.33  sync_slam_toolb

06:58:22      UID       PID    %usr %system  %guest   %wait    %CPU   CPU  Command
06:58:23        0    144557    6.00    1.00    0.00    0.00    7.00     4  sync_slam_toolb

06:58:22      UID       PID  minflt/s  majflt/s     VSZ     RSS   %MEM  Command
06:58:23        0    144557    511.00      0.00 1509604   51968   0.33  sync_slam_toolb

06:58:23      UID       PID    %usr %system  %guest   %wait    %CPU   CPU  Command
06:58:24        0    144557    5.00    1.00    0.00    0.00    6.00    12  sync_slam_toolb

06:58:23      UID       PID  minflt/s  majflt/s     VSZ     RSS   %MEM  Command
06:58:24        0    144557    511.00      0.00 1509604   51964   0.33  sync_slam_toolb

06:58:24      UID       PID    %usr %system  %guest   %wait    %CPU   CPU  Command
06:58:25        0    144557    9.00    1.00    0.00    0.00   10.00     0  sync_slam_toolb

06:58:24      UID       PID  minflt/s  majflt/s     VSZ     RSS   %MEM  Command
06:58:25        0    144557    517.00      0.00 1509604   52116   0.33  sync_slam_toolb

06:58:25      UID       PID    %usr %system  %guest   %wait    %CPU   CPU  Command
06:58:26        0    144557    6.00    1.00    0.00    0.00    7.00     2  sync_slam_toolb

06:58:25      UID       PID  minflt/s  majflt/s     VSZ     RSS   %MEM  Command
06:58:26        0    144557    511.00      0.00 1509604   52116   0.33  sync_slam_toolb

06:58:26      UID       PID    %usr %system  %guest   %wait    %CPU   CPU  Command
06:58:27        0    144557    5.00    1.00    0.00    0.00    6.00     2  sync_slam_toolb

06:58:26      UID       PID  minflt/s  majflt/s     VSZ     RSS   %MEM  Command
06:58:27        0    144557    511.00      0.00 1509604   52116   0.33  sync_slam_toolb

06:58:27      UID       PID    %usr %system  %guest   %wait    %CPU   CPU  Command
06:58:28        0    144557    6.00    2.00    0.00    0.00    8.00     2  sync_slam_toolb

06:58:27      UID       PID  minflt/s  majflt/s     VSZ     RSS   %MEM  Command
06:58:28        0    144557    511.00      0.00 1509604   52116   0.33  sync_slam_toolb

06:58:28      UID       PID    %usr %system  %guest   %wait    %CPU   CPU  Command
06:58:29        0    144557    5.00    1.00    0.00    0.00    6.00     6  sync_slam_toolb

06:58:28      UID       PID  minflt/s  majflt/s     VSZ     RSS   %MEM  Command
06:58:29        0    144557    511.00      0.00 1509604   52116   0.33  sync_slam_toolb

06:58:29      UID       PID    %usr %system  %guest   %wait    %CPU   CPU  Command
06:58:30        0    144557    5.00    2.00    0.00    0.00    7.00     4  sync_slam_toolb

06:58:29      UID       PID  minflt/s  majflt/s     VSZ     RSS   %MEM  Command
06:58:30        0    144557    511.00      0.00 1509604   52116   0.33  sync_slam_toolb

06:58:30      UID       PID    %usr %system  %guest   %wait    %CPU   CPU  Command
06:58:31        0    144557    5.00    0.00    0.00    0.00    5.00    14  sync_slam_toolb

06:58:30      UID       PID  minflt/s  majflt/s     VSZ     RSS   %MEM  Command
06:58:31        0    144557    511.00      0.00 1509604   52116   0.33  sync_slam_toolb

06:58:31      UID       PID    %usr %system  %guest   %wait    %CPU   CPU  Command
06:58:32        0    144557    5.00    3.00    0.00    0.00    8.00     7  sync_slam_toolb

06:58:31      UID       PID  minflt/s  majflt/s     VSZ     RSS   %MEM  Command
06:58:32        0    144557    511.00      0.00 1509604   52152   0.33  sync_slam_toolb

06:58:32      UID       PID    %usr %system  %guest   %wait    %CPU   CPU  Command
06:58:33        0    144557    6.00    1.00    0.00    0.00    7.00     8  sync_slam_toolb

06:58:32      UID       PID  minflt/s  majflt/s     VSZ     RSS   %MEM  Command
06:58:33        0    144557    511.00      0.00 1509604   52152   0.33  sync_slam_toolb

06:58:33      UID       PID    %usr %system  %guest   %wait    %CPU   CPU  Command
06:58:34        0    144557    5.00    2.00    0.00    0.00    7.00     7  sync_slam_toolb

06:58:33      UID       PID  minflt/s  majflt/s     VSZ     RSS   %MEM  Command
06:58:34        0    144557    511.00      0.00 1509604   52164   0.33  sync_slam_toolb

06:58:34      UID       PID    %usr %system  %guest   %wait    %CPU   CPU  Command
06:58:35        0    144557    5.00    1.00    0.00    0.00    6.00     7  sync_slam_toolb

06:58:34      UID       PID  minflt/s  majflt/s     VSZ     RSS   %MEM  Command
06:58:35        0    144557    511.00      0.00 1509604   52164   0.33  sync_slam_toolb

06:58:35      UID       PID    %usr %system  %guest   %wait    %CPU   CPU  Command
06:58:36        0    144557    5.00    2.00    0.00    0.00    7.00     8  sync_slam_toolb

06:58:35      UID       PID  minflt/s  majflt/s     VSZ     RSS   %MEM  Command
06:58:36        0    144557    511.00      0.00 1509604   52164   0.33  sync_slam_toolb

06:58:36      UID       PID    %usr %system  %guest   %wait    %CPU   CPU  Command
06:58:37        0    144557    9.00    1.00    0.00    0.00   10.00     7  sync_slam_toolb

06:58:36      UID       PID  minflt/s  majflt/s     VSZ     RSS   %MEM  Command
06:58:37        0    144557    517.00      0.00 1509604   52164   0.33  sync_slam_toolb

06:58:37      UID       PID    %usr %system  %guest   %wait    %CPU   CPU  Command
06:58:38        0    144557    5.00    1.00    0.00    0.00    6.00     7  sync_slam_toolb

06:58:37      UID       PID  minflt/s  majflt/s     VSZ     RSS   %MEM  Command
06:58:38        0    144557    511.00      0.00 1509604   52164   0.33  sync_slam_toolb

06:58:38      UID       PID    %usr %system  %guest   %wait    %CPU   CPU  Command
06:58:39        0    144557    6.00    2.00    0.00    0.00    8.00     7  sync_slam_toolb

06:58:38      UID       PID  minflt/s  majflt/s     VSZ     RSS   %MEM  Command
06:58:39        0    144557    511.00      0.00 1509604   52152   0.33  sync_slam_toolb

06:58:39      UID       PID    %usr %system  %guest   %wait    %CPU   CPU  Command
06:58:40        0    144557    6.00    1.00    0.00    0.00    7.00     7  sync_slam_toolb

06:58:39      UID       PID  minflt/s  majflt/s     VSZ     RSS   %MEM  Command
06:58:40        0    144557    511.00      0.00 1509604   52152   0.33  sync_slam_toolb

06:58:40      UID       PID    %usr %system  %guest   %wait    %CPU   CPU  Command
06:58:41        0    144557    5.00    1.00    0.00    0.00    6.00    10  sync_slam_toolb

06:58:40      UID       PID  minflt/s  majflt/s     VSZ     RSS   %MEM  Command
06:58:41        0    144557    511.00      0.00 1509604   52152   0.33  sync_slam_toolb

06:58:41      UID       PID    %usr %system  %guest   %wait    %CPU   CPU  Command
06:58:42        0    144557    8.00    2.00    0.00    0.00   10.00     7  sync_slam_toolb

06:58:41      UID       PID  minflt/s  majflt/s     VSZ     RSS   %MEM  Command
06:58:42        0    144557    517.00      0.00 1509604   52152   0.33  sync_slam_toolb

06:58:42      UID       PID    %usr %system  %guest   %wait    %CPU   CPU  Command
06:58:43        0    144557    6.00    2.00    0.00    0.00    8.00     7  sync_slam_toolb

06:58:42      UID       PID  minflt/s  majflt/s     VSZ     RSS   %MEM  Command
06:58:43        0    144557    511.00      0.00 1509604   52152   0.33  sync_slam_toolb

06:58:43      UID       PID    %usr %system  %guest   %wait    %CPU   CPU  Command
06:58:44        0    144557    5.00    1.00    0.00    0.00    6.00    12  sync_slam_toolb

06:58:43      UID       PID  minflt/s  majflt/s     VSZ     RSS   %MEM  Command
06:58:44        0    144557    511.00      0.00 1509604   52152   0.33  sync_slam_toolb

06:58:44      UID       PID    %usr %system  %guest   %wait    %CPU   CPU  Command
06:58:45        0    144557    5.00    2.00    0.00    0.00    7.00    12  sync_slam_toolb

06:58:44      UID       PID  minflt/s  majflt/s     VSZ     RSS   %MEM  Command
06:58:45        0    144557    511.00      0.00 1509604   52140   0.33  sync_slam_toolb

06:58:45      UID       PID    %usr %system  %guest   %wait    %CPU   CPU  Command
06:58:46        0    144557    9.00    1.00    0.00    0.00   10.00     2  sync_slam_toolb

06:58:45      UID       PID  minflt/s  majflt/s     VSZ     RSS   %MEM  Command
06:58:46        0    144557    517.00      0.00 1509604   52140   0.33  sync_slam_toolb

06:58:46      UID       PID    %usr %system  %guest   %wait    %CPU   CPU  Command
06:58:47        0    144557    6.00    2.00    0.00    0.00    8.00    12  sync_slam_toolb

06:58:46      UID       PID  minflt/s  majflt/s     VSZ     RSS   %MEM  Command
06:58:47        0    144557    511.00      0.00 1509604   52140   0.33  sync_slam_toolb

06:58:47      UID       PID    %usr %system  %guest   %wait    %CPU   CPU  Command
06:58:48        0    144557    6.00    1.00    0.00    0.00    7.00     2  sync_slam_toolb

06:58:47      UID       PID  minflt/s  majflt/s     VSZ     RSS   %MEM  Command
06:58:48        0    144557    511.00      0.00 1509604   52176   0.33  sync_slam_toolb

06:58:48      UID       PID    %usr %system  %guest   %wait    %CPU   CPU  Command
06:58:49        0    144557   10.00    1.00    0.00    0.00   11.00     8  sync_slam_toolb

06:58:48      UID       PID  minflt/s  majflt/s     VSZ     RSS   %MEM  Command
06:58:49        0    144557    517.00      0.00 1509604   52176   0.33  sync_slam_toolb

06:58:49      UID       PID    %usr %system  %guest   %wait    %CPU   CPU  Command
06:58:50        0    144557    5.00    1.00    0.00    0.00    6.00     8  sync_slam_toolb

06:58:49      UID       PID  minflt/s  majflt/s     VSZ     RSS   %MEM  Command
06:58:50        0    144557    511.00      0.00 1509604   52176   0.33  sync_slam_toolb

06:58:50      UID       PID    %usr %system  %guest   %wait    %CPU   CPU  Command
06:58:51        0    144557    6.00    2.00    0.00    0.00    8.00     8  sync_slam_toolb

06:58:50      UID       PID  minflt/s  majflt/s     VSZ     RSS   %MEM  Command
06:58:51        0    144557    511.00      0.00 1509604   52176   0.33  sync_slam_toolb

06:58:51      UID       PID    %usr %system  %guest   %wait    %CPU   CPU  Command
06:58:52        0    144557    5.00    1.00    0.00    0.00    6.00     6  sync_slam_toolb

06:58:51      UID       PID  minflt/s  majflt/s     VSZ     RSS   %MEM  Command
06:58:52        0    144557    511.00      0.00 1509604   52176   0.33  sync_slam_toolb

06:58:52      UID       PID    %usr %system  %guest   %wait    %CPU   CPU  Command
06:58:53        0    144557    6.00    2.00    0.00    0.00    8.00     8  sync_slam_toolb

06:58:52      UID       PID  minflt/s  majflt/s     VSZ     RSS   %MEM  Command
06:58:53        0    144557    511.00      0.00 1509604   52176   0.33  sync_slam_toolb

06:58:53      UID       PID    %usr %system  %guest   %wait    %CPU   CPU  Command
06:58:54        0    144557    5.00    1.00    0.00    0.00    6.00    10  sync_slam_toolb

06:58:53      UID       PID  minflt/s  majflt/s     VSZ     RSS   %MEM  Command
06:58:54        0    144557    511.00      0.00 1509604   52164   0.33  sync_slam_toolb

06:58:54      UID       PID    %usr %system  %guest   %wait    %CPU   CPU  Command
06:58:55        0    144557    6.00    1.00    0.00    0.00    7.00     6  sync_slam_toolb

06:58:54      UID       PID  minflt/s  majflt/s     VSZ     RSS   %MEM  Command
06:58:55        0    144557    511.00      0.00 1509604   52164   0.33  sync_slam_toolb

06:58:55      UID       PID    %usr %system  %guest   %wait    %CPU   CPU  Command
06:58:56        0    144557    6.00    1.00    0.00    0.00    7.00     6  sync_slam_toolb

06:58:55      UID       PID  minflt/s  majflt/s     VSZ     RSS   %MEM  Command
06:58:56        0    144557    511.00      0.00 1509604   52164   0.33  sync_slam_toolb

06:58:56      UID       PID    %usr %system  %guest   %wait    %CPU   CPU  Command
06:58:57        0    144557    5.00    1.00    0.00    0.00    6.00     6  sync_slam_toolb

06:58:56      UID       PID  minflt/s  majflt/s     VSZ     RSS   %MEM  Command
06:58:57        0    144557    511.00      0.00 1509604   52164   0.33  sync_slam_toolb

06:58:57      UID       PID    %usr %system  %guest   %wait    %CPU   CPU  Command
06:58:58        0    144557    5.00    2.00    0.00    0.00    7.00     6  sync_slam_toolb

06:58:57      UID       PID  minflt/s  majflt/s     VSZ     RSS   %MEM  Command
06:58:58        0    144557    511.00      0.00 1509604   52164   0.33  sync_slam_toolb

06:58:58      UID       PID    %usr %system  %guest   %wait    %CPU   CPU  Command
06:58:59        0    144557    6.00    1.00    0.00    0.00    7.00     6  sync_slam_toolb

06:58:58      UID       PID  minflt/s  majflt/s     VSZ     RSS   %MEM  Command
06:58:59        0    144557    511.00      0.00 1509604   52164   0.33  sync_slam_toolb

06:58:59      UID       PID    %usr %system  %guest   %wait    %CPU   CPU  Command
06:59:00        0    144557    5.00    2.00    0.00    0.00    7.00     8  sync_slam_toolb

06:58:59      UID       PID  minflt/s  majflt/s     VSZ     RSS   %MEM  Command
06:59:00        0    144557    511.00      0.00 1509604   52184   0.33  sync_slam_toolb

06:59:00      UID       PID    %usr %system  %guest   %wait    %CPU   CPU  Command
06:59:01        0    144557    6.00    0.00    0.00    0.00    6.00     6  sync_slam_toolb

06:59:00      UID       PID  minflt/s  majflt/s     VSZ     RSS   %MEM  Command
06:59:01        0    144557    511.00      0.00 1509604   52196   0.33  sync_slam_toolb

06:59:01      UID       PID    %usr %system  %guest   %wait    %CPU   CPU  Command
06:59:02        0    144557    6.00    1.00    0.00    0.00    7.00     8  sync_slam_toolb

06:59:01      UID       PID  minflt/s  majflt/s     VSZ     RSS   %MEM  Command
06:59:02        0    144557    511.00      0.00 1509604   52196   0.33  sync_slam_toolb

06:59:02      UID       PID    %usr %system  %guest   %wait    %CPU   CPU  Command
06:59:03        0    144557    5.00    1.00    0.00    0.00    6.00     8  sync_slam_toolb

06:59:02      UID       PID  minflt/s  majflt/s     VSZ     RSS   %MEM  Command
06:59:03        0    144557    511.00      0.00 1509604   52196   0.33  sync_slam_toolb

06:59:03      UID       PID    %usr %system  %guest   %wait    %CPU   CPU  Command
06:59:04        0    144557    6.00    2.00    0.00    0.00    8.00     8  sync_slam_toolb

06:59:03      UID       PID  minflt/s  majflt/s     VSZ     RSS   %MEM  Command
06:59:04        0    144557    511.00      0.00 1509604   52172   0.33  sync_slam_toolb

06:59:04      UID       PID    %usr %system  %guest   %wait    %CPU   CPU  Command
06:59:05        0    144557    5.00    1.00    0.00    0.00    6.00     8  sync_slam_toolb

06:59:04      UID       PID  minflt/s  majflt/s     VSZ     RSS   %MEM  Command
06:59:05        0    144557    511.00      0.00 1509604   52172   0.33  sync_slam_toolb

06:59:05      UID       PID    %usr %system  %guest   %wait    %CPU   CPU  Command
06:59:06        0    144557    5.00    2.00    0.00    0.00    7.00     6  sync_slam_toolb

06:59:05      UID       PID  minflt/s  majflt/s     VSZ     RSS   %MEM  Command
06:59:06        0    144557    511.00      0.00 1509604   52172   0.33  sync_slam_toolb

06:59:06      UID       PID    %usr %system  %guest   %wait    %CPU   CPU  Command
06:59:07        0    144557    6.00    1.00    0.00    0.00    7.00    15  sync_slam_toolb

06:59:06      UID       PID  minflt/s  majflt/s     VSZ     RSS   %MEM  Command
06:59:07        0    144557    511.00      0.00 1509604   52200   0.33  sync_slam_toolb

06:59:07      UID       PID    %usr %system  %guest   %wait    %CPU   CPU  Command
06:59:08        0    144557   10.00    1.00    0.00    0.00   11.00    15  sync_slam_toolb

06:59:07      UID       PID  minflt/s  majflt/s     VSZ     RSS   %MEM  Command
06:59:08        0    144557    517.00      0.00 1509604   52188   0.33  sync_slam_toolb

06:59:08      UID       PID    %usr %system  %guest   %wait    %CPU   CPU  Command
06:59:09        0    144557    5.00    1.00    0.00    0.00    6.00     8  sync_slam_toolb

06:59:08      UID       PID  minflt/s  majflt/s     VSZ     RSS   %MEM  Command
06:59:09        0    144557    511.00      0.00 1509604   52176   0.33  sync_slam_toolb

06:59:09      UID       PID    %usr %system  %guest   %wait    %CPU   CPU  Command
06:59:10        0    144557    8.00    2.00    0.00    0.00   10.00     0  sync_slam_toolb

06:59:09      UID       PID  minflt/s  majflt/s     VSZ     RSS   %MEM  Command
06:59:10        0    144557    517.00      0.00 1509604   52176   0.33  sync_slam_toolb

06:59:10      UID       PID    %usr %system  %guest   %wait    %CPU   CPU  Command
06:59:11        0    144557    6.00    1.00    0.00    0.00    7.00     0  sync_slam_toolb

06:59:10      UID       PID  minflt/s  majflt/s     VSZ     RSS   %MEM  Command
06:59:11        0    144557    511.00      0.00 1509604   52176   0.33  sync_slam_toolb

06:59:11      UID       PID    %usr %system  %guest   %wait    %CPU   CPU  Command
06:59:12        0    144557    5.00    1.00    0.00    0.00    6.00     0  sync_slam_toolb

06:59:11      UID       PID  minflt/s  majflt/s     VSZ     RSS   %MEM  Command
06:59:12        0    144557    511.00      0.00 1509604   52200   0.33  sync_slam_toolb

06:59:12      UID       PID    %usr %system  %guest   %wait    %CPU   CPU  Command
06:59:13        0    144557    6.00    1.00    0.00    0.00    7.00     2  sync_slam_toolb

06:59:12      UID       PID  minflt/s  majflt/s     VSZ     RSS   %MEM  Command
06:59:13        0    144557    511.00      0.00 1509604   52196   0.33  sync_slam_toolb

06:59:13      UID       PID    %usr %system  %guest   %wait    %CPU   CPU  Command
06:59:14        0    144557    6.00    1.00    0.00    0.00    7.00     2  sync_slam_toolb

06:59:13      UID       PID  minflt/s  majflt/s     VSZ     RSS   %MEM  Command
06:59:14        0    144557    511.00      0.00 1509604   52196   0.33  sync_slam_toolb

06:59:14      UID       PID    %usr %system  %guest   %wait    %CPU   CPU  Command
06:59:15        0    144557    8.00    0.00    0.00    0.00    8.00     6  sync_slam_toolb

06:59:14      UID       PID  minflt/s  majflt/s     VSZ     RSS   %MEM  Command
06:59:15        0    144557    517.00      0.00 1509604   52196   0.33  sync_slam_toolb

06:59:15      UID       PID    %usr %system  %guest   %wait    %CPU   CPU  Command
06:59:16        0    144557    5.00    2.00    0.00    0.00    7.00     6  sync_slam_toolb

06:59:15      UID       PID  minflt/s  majflt/s     VSZ     RSS   %MEM  Command
06:59:16        0    144557    511.00      0.00 1509604   52196   0.33  sync_slam_toolb

06:59:16      UID       PID    %usr %system  %guest   %wait    %CPU   CPU  Command
06:59:17        0    144557    6.00    1.00    0.00    0.00    7.00    14  sync_slam_toolb

06:59:16      UID       PID  minflt/s  majflt/s     VSZ     RSS   %MEM  Command
06:59:17        0    144557    511.00      0.00 1509604   52196   0.33  sync_slam_toolb

06:59:17      UID       PID    %usr %system  %guest   %wait    %CPU   CPU  Command
06:59:18        0    144557    8.00    1.00    0.00    0.00    9.00     4  sync_slam_toolb

06:59:17      UID       PID  minflt/s  majflt/s     VSZ     RSS   %MEM  Command
06:59:18        0    144557    517.00      0.00 1509604   52196   0.33  sync_slam_toolb

06:59:18      UID       PID    %usr %system  %guest   %wait    %CPU   CPU  Command
06:59:19        0    144557    7.00    0.00    0.00    0.00    7.00     6  sync_slam_toolb

06:59:18      UID       PID  minflt/s  majflt/s     VSZ     RSS   %MEM  Command
06:59:19        0    144557    511.00      0.00 1509604   52188   0.33  sync_slam_toolb

06:59:19      UID       PID    %usr %system  %guest   %wait    %CPU   CPU  Command
06:59:20        0    144557    5.00    2.00    0.00    0.00    7.00     2  sync_slam_toolb

06:59:19      UID       PID  minflt/s  majflt/s     VSZ     RSS   %MEM  Command
06:59:20        0    144557    511.00      0.00 1509604   52200   0.33  sync_slam_toolb

06:59:20      UID       PID    %usr %system  %guest   %wait    %CPU   CPU  Command
06:59:21        0    144557    6.00    1.00    0.00    0.00    7.00    10  sync_slam_toolb

06:59:20      UID       PID  minflt/s  majflt/s     VSZ     RSS   %MEM  Command
06:59:21        0    144557    511.00      0.00 1509604   52124   0.33  sync_slam_toolb

06:59:21      UID       PID    %usr %system  %guest   %wait    %CPU   CPU  Command
06:59:22        0    144557    5.00    1.00    0.00    0.00    6.00     0  sync_slam_toolb

06:59:21      UID       PID  minflt/s  majflt/s     VSZ     RSS   %MEM  Command
06:59:22        0    144557    511.00      0.00 1509604   52124   0.33  sync_slam_toolb

06:59:22      UID       PID    %usr %system  %guest   %wait    %CPU   CPU  Command
06:59:23        0    144557    5.00    2.00    0.00    0.00    7.00     2  sync_slam_toolb

06:59:22      UID       PID  minflt/s  majflt/s     VSZ     RSS   %MEM  Command
06:59:23        0    144557    511.00      0.00 1509604   52124   0.33  sync_slam_toolb

06:59:23      UID       PID    %usr %system  %guest   %wait    %CPU   CPU  Command
06:59:24        0    144557    5.00    1.00    0.00    0.00    6.00     4  sync_slam_toolb

06:59:23      UID       PID  minflt/s  majflt/s     VSZ     RSS   %MEM  Command
06:59:24        0    144557    511.00      0.00 1509604   51984   0.33  sync_slam_toolb

06:59:24      UID       PID    %usr %system  %guest   %wait    %CPU   CPU  Command
06:59:25        0    144557    6.00    2.00    0.00    0.00    8.00     4  sync_slam_toolb

06:59:24      UID       PID  minflt/s  majflt/s     VSZ     RSS   %MEM  Command
06:59:25        0    144557    511.00      0.00 1509604   51984   0.33  sync_slam_toolb

06:59:25      UID       PID    %usr %system  %guest   %wait    %CPU   CPU  Command
06:59:26        0    144557    6.00    1.00    0.00    0.00    7.00    12  sync_slam_toolb

06:59:25      UID       PID  minflt/s  majflt/s     VSZ     RSS   %MEM  Command
06:59:26        0    144557    511.00      0.00 1509604   51972   0.33  sync_slam_toolb

06:59:26      UID       PID    %usr %system  %guest   %wait    %CPU   CPU  Command
06:59:27        0    144557    6.00    1.00    0.00    0.00    7.00     1  sync_slam_toolb

06:59:26      UID       PID  minflt/s  majflt/s     VSZ     RSS   %MEM  Command
06:59:27        0    144557    511.00      0.00 1509604   52080   0.33  sync_slam_toolb

06:59:27      UID       PID    %usr %system  %guest   %wait    %CPU   CPU  Command
06:59:28        0    144557    6.00    1.00    0.00    0.00    7.00     1  sync_slam_toolb

06:59:27      UID       PID  minflt/s  majflt/s     VSZ     RSS   %MEM  Command
06:59:28        0    144557    511.00      0.00 1509604   52092   0.33  sync_slam_toolb

06:59:28      UID       PID    %usr %system  %guest   %wait    %CPU   CPU  Command
06:59:29        0    144557    5.00    1.00    0.00    0.00    6.00     1  sync_slam_toolb

06:59:28      UID       PID  minflt/s  majflt/s     VSZ     RSS   %MEM  Command
06:59:29        0    144557    511.00      0.00 1509604   52092   0.33  sync_slam_toolb

06:59:29      UID       PID    %usr %system  %guest   %wait    %CPU   CPU  Command
06:59:30        0    144557    5.00    2.00    0.00    0.00    7.00     6  sync_slam_toolb

06:59:29      UID       PID  minflt/s  majflt/s     VSZ     RSS   %MEM  Command
06:59:30        0    144557    511.00      0.00 1509604   52092   0.33  sync_slam_toolb

06:59:30      UID       PID    %usr %system  %guest   %wait    %CPU   CPU  Command
06:59:31        0    144557    8.00    1.00    0.00    0.00    9.00     6  sync_slam_toolb

06:59:30      UID       PID  minflt/s  majflt/s     VSZ     RSS   %MEM  Command
06:59:31        0    144557    517.00      0.00 1509604   52092   0.33  sync_slam_toolb

06:59:31      UID       PID    %usr %system  %guest   %wait    %CPU   CPU  Command
06:59:32        0    144557    6.00    2.00    0.00    0.00    8.00     8  sync_slam_toolb

06:59:31      UID       PID  minflt/s  majflt/s     VSZ     RSS   %MEM  Command
06:59:32        0    144557    511.00      0.00 1509604   52092   0.33  sync_slam_toolb

06:59:32      UID       PID    %usr %system  %guest   %wait    %CPU   CPU  Command
06:59:33        0    144557    9.00    1.00    0.00    0.00   10.00    10  sync_slam_toolb

06:59:32      UID       PID  minflt/s  majflt/s     VSZ     RSS   %MEM  Command
06:59:33        0    144557    520.00      0.00 1509604   52092   0.33  sync_slam_toolb

06:59:33      UID       PID    %usr %system  %guest   %wait    %CPU   CPU  Command
06:59:34        0    144557    6.00    1.00    0.00    0.00    7.00     8  sync_slam_toolb

06:59:33      UID       PID  minflt/s  majflt/s     VSZ     RSS   %MEM  Command
06:59:34        0    144557    511.00      0.00 1509604   52092   0.33  sync_slam_toolb

06:59:34      UID       PID    %usr %system  %guest   %wait    %CPU   CPU  Command
06:59:35        0    144557    5.00    2.00    0.00    0.00    7.00     2  sync_slam_toolb

06:59:34      UID       PID  minflt/s  majflt/s     VSZ     RSS   %MEM  Command
06:59:35        0    144557    511.00      0.00 1509604   52092   0.33  sync_slam_toolb

06:59:35      UID       PID    %usr %system  %guest   %wait    %CPU   CPU  Command
06:59:36        0    144557    5.00    1.00    0.00    0.00    6.00     2  sync_slam_toolb

06:59:35      UID       PID  minflt/s  majflt/s     VSZ     RSS   %MEM  Command
06:59:36        0    144557    511.00      0.00 1509604   52092   0.33  sync_slam_toolb

06:59:36      UID       PID    %usr %system  %guest   %wait    %CPU   CPU  Command
06:59:37        0    144557    9.00    1.00    0.00    0.00   10.00     8  sync_slam_toolb

06:59:36      UID       PID  minflt/s  majflt/s     VSZ     RSS   %MEM  Command
06:59:37        0    144557    517.00      0.00 1509604   52136   0.33  sync_slam_toolb

06:59:37      UID       PID    %usr %system  %guest   %wait    %CPU   CPU  Command
06:59:38        0    144557    5.00    2.00    0.00    0.00    7.00     4  sync_slam_toolb

06:59:37      UID       PID  minflt/s  majflt/s     VSZ     RSS   %MEM  Command
06:59:38        0    144557    511.00      0.00 1509604   52136   0.33  sync_slam_toolb

06:59:38      UID       PID    %usr %system  %guest   %wait    %CPU   CPU  Command
06:59:39        0    144557    6.00    1.00    0.00    0.00    7.00     8  sync_slam_toolb

06:59:38      UID       PID  minflt/s  majflt/s     VSZ     RSS   %MEM  Command
06:59:39        0    144557    511.00      0.00 1509604   52136   0.33  sync_slam_toolb

06:59:39      UID       PID    %usr %system  %guest   %wait    %CPU   CPU  Command
06:59:40        0    144557    9.00    1.00    0.00    0.00   10.00     6  sync_slam_toolb

06:59:39      UID       PID  minflt/s  majflt/s     VSZ     RSS   %MEM  Command
06:59:40        0    144557    516.00      0.00 1509604   52136   0.33  sync_slam_toolb

06:59:40      UID       PID    %usr %system  %guest   %wait    %CPU   CPU  Command
06:59:41        0    144557    6.00    2.00    0.00    0.00    8.00     8  sync_slam_toolb

06:59:40      UID       PID  minflt/s  majflt/s     VSZ     RSS   %MEM  Command
06:59:41        0    144557    511.00      0.00 1509604   52136   0.33  sync_slam_toolb

06:59:41      UID       PID    %usr %system  %guest   %wait    %CPU   CPU  Command
06:59:42        0    144557    5.00    2.00    0.00    0.00    7.00     0  sync_slam_toolb

06:59:41      UID       PID  minflt/s  majflt/s     VSZ     RSS   %MEM  Command
06:59:42        0    144557    511.00      0.00 1509604   52136   0.33  sync_slam_toolb

06:59:42      UID       PID    %usr %system  %guest   %wait    %CPU   CPU  Command
06:59:43        0    144557    6.00    1.00    0.00    0.00    7.00     2  sync_slam_toolb

06:59:42      UID       PID  minflt/s  majflt/s     VSZ     RSS   %MEM  Command
06:59:43        0    144557    511.00      0.00 1509604   52136   0.33  sync_slam_toolb

06:59:43      UID       PID    %usr %system  %guest   %wait    %CPU   CPU  Command
06:59:44        0    144557    9.00    1.00    0.00    0.00   10.00     0  sync_slam_toolb

06:59:43      UID       PID  minflt/s  majflt/s     VSZ     RSS   %MEM  Command
06:59:44        0    144557    516.00      0.00 1509604   52136   0.33  sync_slam_toolb

06:59:44      UID       PID    %usr %system  %guest   %wait    %CPU   CPU  Command
06:59:45        0    144557    6.00    2.00    0.00    0.00    8.00     4  sync_slam_toolb

06:59:44      UID       PID  minflt/s  majflt/s     VSZ     RSS   %MEM  Command
06:59:45        0    144557    511.00      0.00 1509604   52080   0.33  sync_slam_toolb

06:59:45      UID       PID    %usr %system  %guest   %wait    %CPU   CPU  Command
06:59:46        0    144557    5.00    2.00    0.00    0.00    7.00     2  sync_slam_toolb

06:59:45      UID       PID  minflt/s  majflt/s     VSZ     RSS   %MEM  Command
06:59:46        0    144557    511.00      0.00 1509604   52080   0.33  sync_slam_toolb

06:59:46      UID       PID    %usr %system  %guest   %wait    %CPU   CPU  Command
06:59:47        0    144557    6.00    1.00    0.00    0.00    7.00     0  sync_slam_toolb

06:59:46      UID       PID  minflt/s  majflt/s     VSZ     RSS   %MEM  Command
06:59:47        0    144557    511.00      0.00 1509604   52080   0.33  sync_slam_toolb

06:59:47      UID       PID    %usr %system  %guest   %wait    %CPU   CPU  Command
06:59:48        0    144557    5.00    1.00    0.00    0.00    6.00     2  sync_slam_toolb

06:59:47      UID       PID  minflt/s  majflt/s     VSZ     RSS   %MEM  Command
06:59:48        0    144557    511.00      0.00 1509604   52100   0.33  sync_slam_toolb

06:59:48      UID       PID    %usr %system  %guest   %wait    %CPU   CPU  Command
06:59:49        0    144557    6.00    1.00    0.00    0.00    7.00     2  sync_slam_toolb

06:59:48      UID       PID  minflt/s  majflt/s     VSZ     RSS   %MEM  Command
06:59:49        0    144557    511.00      0.00 1509604   52100   0.33  sync_slam_toolb

06:59:49      UID       PID    %usr %system  %guest   %wait    %CPU   CPU  Command
06:59:50        0    144557    5.00    2.00    0.00    0.00    7.00     2  sync_slam_toolb

06:59:49      UID       PID  minflt/s  majflt/s     VSZ     RSS   %MEM  Command
06:59:50        0    144557    511.00      0.00 1509604   52100   0.33  sync_slam_toolb

06:59:50      UID       PID    %usr %system  %guest   %wait    %CPU   CPU  Command
06:59:51        0    144557    6.00    2.00    0.00    0.00    8.00     0  sync_slam_toolb

06:59:50      UID       PID  minflt/s  majflt/s     VSZ     RSS   %MEM  Command
06:59:51        0    144557    511.00      0.00 1509604   52100   0.33  sync_slam_toolb

06:59:51      UID       PID    %usr %system  %guest   %wait    %CPU   CPU  Command
06:59:52        0    144557    5.00    1.00    0.00    0.00    6.00     0  sync_slam_toolb

06:59:51      UID       PID  minflt/s  majflt/s     VSZ     RSS   %MEM  Command
06:59:52        0    144557    511.00      0.00 1509604   51960   0.33  sync_slam_toolb

06:59:52      UID       PID    %usr %system  %guest   %wait    %CPU   CPU  Command
06:59:53        0    144557    7.00    0.00    0.00    0.00    7.00     6  sync_slam_toolb

06:59:52      UID       PID  minflt/s  majflt/s     VSZ     RSS   %MEM  Command
06:59:53        0    144557    511.00      0.00 1509604   52060   0.33  sync_slam_toolb

06:59:53      UID       PID    %usr %system  %guest   %wait    %CPU   CPU  Command
06:59:54        0    144557    5.00    1.00    0.00    0.00    6.00     4  sync_slam_toolb

06:59:53      UID       PID  minflt/s  majflt/s     VSZ     RSS   %MEM  Command
06:59:54        0    144557    511.00      0.00 1509604   52060   0.33  sync_slam_toolb

06:59:54      UID       PID    %usr %system  %guest   %wait    %CPU   CPU  Command
06:59:55        0    144557    6.00    2.00    0.00    0.00    8.00     4  sync_slam_toolb

06:59:54      UID       PID  minflt/s  majflt/s     VSZ     RSS   %MEM  Command
06:59:55        0    144557    511.00      0.00 1509604   52060   0.33  sync_slam_toolb

06:59:55      UID       PID    %usr %system  %guest   %wait    %CPU   CPU  Command
06:59:56        0    144557    9.00    1.00    0.00    0.00   10.00     0  sync_slam_toolb

06:59:55      UID       PID  minflt/s  majflt/s     VSZ     RSS   %MEM  Command
06:59:56        0    144557    517.00      0.00 1509604   52060   0.33  sync_slam_toolb

06:59:56      UID       PID    %usr %system  %guest   %wait    %CPU   CPU  Command
06:59:57        0    144557    6.00    1.00    0.00    0.00    7.00     0  sync_slam_toolb

06:59:56      UID       PID  minflt/s  majflt/s     VSZ     RSS   %MEM  Command
06:59:57        0    144557    511.00      0.00 1509604   52064   0.33  sync_slam_toolb

06:59:57      UID       PID    %usr %system  %guest   %wait    %CPU   CPU  Command
06:59:58        0    144557    7.00    3.00    0.00    0.00   10.00     6  sync_slam_toolb

06:59:57      UID       PID  minflt/s  majflt/s     VSZ     RSS   %MEM  Command
06:59:58        0    144557    518.00      0.00 1509604   52092   0.33  sync_slam_toolb

06:59:58      UID       PID    %usr %system  %guest   %wait    %CPU   CPU  Command
06:59:59        0    144557    7.00    1.00    0.00    0.00    8.00     0  sync_slam_toolb

06:59:58      UID       PID  minflt/s  majflt/s     VSZ     RSS   %MEM  Command
06:59:59        0    144557    511.00      0.00 1509604   52104   0.33  sync_slam_toolb

06:59:59      UID       PID    %usr %system  %guest   %wait    %CPU   CPU  Command
07:00:00        0    144557    5.00    1.00    0.00    0.00    6.00     0  sync_slam_toolb

06:59:59      UID       PID  minflt/s  majflt/s     VSZ     RSS   %MEM  Command
07:00:00        0    144557    511.00      0.00 1509604   52092   0.33  sync_slam_toolb

07:00:00      UID       PID    %usr %system  %guest   %wait    %CPU   CPU  Command
07:00:01        0    144557    8.00    1.00    0.00    0.00    9.00     6  sync_slam_toolb

07:00:00      UID       PID  minflt/s  majflt/s     VSZ     RSS   %MEM  Command
07:00:01        0    144557    516.00      0.00 1509604   52092   0.33  sync_slam_toolb

07:00:01      UID       PID    %usr %system  %guest   %wait    %CPU   CPU  Command
07:00:02        0    144557    6.00    2.00    0.00    0.00    8.00    14  sync_slam_toolb

07:00:01      UID       PID  minflt/s  majflt/s     VSZ     RSS   %MEM  Command
07:00:02        0    144557    511.00      0.00 1509604   52080   0.33  sync_slam_toolb

07:00:02      UID       PID    %usr %system  %guest   %wait    %CPU   CPU  Command
07:00:03        0    144557    9.00    1.00    0.00    0.00   10.00     3  sync_slam_toolb

07:00:02      UID       PID  minflt/s  majflt/s     VSZ     RSS   %MEM  Command
07:00:03        0    144557    518.00      0.00 1509604   52080   0.33  sync_slam_toolb

07:00:03      UID       PID    %usr %system  %guest   %wait    %CPU   CPU  Command
07:00:04        0    144557    6.00    1.00    0.00    0.00    7.00     4  sync_slam_toolb

07:00:03      UID       PID  minflt/s  majflt/s     VSZ     RSS   %MEM  Command
07:00:04        0    144557    511.00      0.00 1509604   52080   0.33  sync_slam_toolb

07:00:04      UID       PID    %usr %system  %guest   %wait    %CPU   CPU  Command
07:00:05        0    144557    8.00    3.00    0.00    0.00   11.00     3  sync_slam_toolb

07:00:04      UID       PID  minflt/s  majflt/s     VSZ     RSS   %MEM  Command
07:00:05        0    144557    516.00      0.00 1509604   52080   0.33  sync_slam_toolb

07:00:05      UID       PID    %usr %system  %guest   %wait    %CPU   CPU  Command
07:00:06        0    144557    6.00    0.00    0.00    0.00    6.00     3  sync_slam_toolb

07:00:05      UID       PID  minflt/s  majflt/s     VSZ     RSS   %MEM  Command
07:00:06        0    144557    511.00      0.00 1509604   52080   0.33  sync_slam_toolb

07:00:06      UID       PID    %usr %system  %guest   %wait    %CPU   CPU  Command
07:00:07        0    144557    9.00    2.00    0.00    0.00   11.00     4  sync_slam_toolb

07:00:06      UID       PID  minflt/s  majflt/s     VSZ     RSS   %MEM  Command
07:00:07        0    144557    517.00      0.00 1509604   52080   0.33  sync_slam_toolb

07:00:07      UID       PID    %usr %system  %guest   %wait    %CPU   CPU  Command
07:00:08        0    144557    6.00    1.00    0.00    0.00    7.00    14  sync_slam_toolb

07:00:07      UID       PID  minflt/s  majflt/s     VSZ     RSS   %MEM  Command
07:00:08        0    144557    511.00      0.00 1509604   52080   0.33  sync_slam_toolb

07:00:08      UID       PID    %usr %system  %guest   %wait    %CPU   CPU  Command
07:00:09        0    144557    8.00    3.00    0.00    0.00   11.00     2  sync_slam_toolb

07:00:08      UID       PID  minflt/s  majflt/s     VSZ     RSS   %MEM  Command
07:00:09        0    144557    517.00      0.00 1509604   52080   0.33  sync_slam_toolb

07:00:09      UID       PID    %usr %system  %guest   %wait    %CPU   CPU  Command
07:00:10        0    144557    6.00    2.00    0.00    0.00    8.00     8  sync_slam_toolb

07:00:09      UID       PID  minflt/s  majflt/s     VSZ     RSS   %MEM  Command
07:00:10        0    144557    511.00      0.00 1509604   52080   0.33  sync_slam_toolb

07:00:10      UID       PID    %usr %system  %guest   %wait    %CPU   CPU  Command
07:00:11        0    144557   10.00    1.00    0.00    0.00   11.00     4  sync_slam_toolb

07:00:10      UID       PID  minflt/s  majflt/s     VSZ     RSS   %MEM  Command
07:00:11        0    144557    517.00      0.00 1509604   52080   0.33  sync_slam_toolb

07:00:11      UID       PID    %usr %system  %guest   %wait    %CPU   CPU  Command
07:00:12        0    144557    5.94    0.99    0.00    0.00    6.93     4  sync_slam_toolb

07:00:11      UID       PID  minflt/s  majflt/s     VSZ     RSS   %MEM  Command
07:00:12        0    144557    505.94      0.00 1509604   52100   0.33  sync_slam_toolb

07:00:12      UID       PID    %usr %system  %guest   %wait    %CPU   CPU  Command
07:00:13        0    144557    6.00    2.00    0.00    0.00    8.00    10  sync_slam_toolb

07:00:12      UID       PID  minflt/s  majflt/s     VSZ     RSS   %MEM  Command
07:00:13        0    144557    511.00      0.00 1509604   52192   0.33  sync_slam_toolb

07:00:13      UID       PID    %usr %system  %guest   %wait    %CPU   CPU  Command
07:00:14        0    144557    8.00    1.00    0.00    0.00    9.00     6  sync_slam_toolb

07:00:13      UID       PID  minflt/s  majflt/s     VSZ     RSS   %MEM  Command
07:00:14        0    144557    517.00      0.00 1509604   52320   0.34  sync_slam_toolb

07:00:14      UID       PID    %usr %system  %guest   %wait    %CPU   CPU  Command
07:00:15        0    144557    7.00    1.00    0.00    0.00    8.00    12  sync_slam_toolb

07:00:14      UID       PID  minflt/s  majflt/s     VSZ     RSS   %MEM  Command
07:00:15        0    144557    511.00      0.00 1509604   52320   0.34  sync_slam_toolb

07:00:15      UID       PID    %usr %system  %guest   %wait    %CPU   CPU  Command
07:00:16        0    144557    6.00    1.00    0.00    0.00    7.00     4  sync_slam_toolb

07:00:15      UID       PID  minflt/s  majflt/s     VSZ     RSS   %MEM  Command
07:00:16        0    144557    511.00      0.00 1509604   52320   0.34  sync_slam_toolb

07:00:16      UID       PID    %usr %system  %guest   %wait    %CPU   CPU  Command
07:00:17        0    144557    6.00    0.00    0.00    0.00    6.00    12  sync_slam_toolb

07:00:16      UID       PID  minflt/s  majflt/s     VSZ     RSS   %MEM  Command
07:00:17        0    144557    511.00      0.00 1509604   52320   0.34  sync_slam_toolb

07:00:17      UID       PID    %usr %system  %guest   %wait    %CPU   CPU  Command
07:00:18        0    144557    6.00    1.00    0.00    0.00    7.00     6  sync_slam_toolb

07:00:17      UID       PID  minflt/s  majflt/s     VSZ     RSS   %MEM  Command
07:00:18        0    144557    511.00      0.00 1509604   52308   0.34  sync_slam_toolb

07:00:18      UID       PID    %usr %system  %guest   %wait    %CPU   CPU  Command
07:00:19        0    144557    6.00    2.00    0.00    0.00    8.00     2  sync_slam_toolb

07:00:18      UID       PID  minflt/s  majflt/s     VSZ     RSS   %MEM  Command
07:00:19        0    144557    511.00      0.00 1509604   52308   0.34  sync_slam_toolb

07:00:19      UID       PID    %usr %system  %guest   %wait    %CPU   CPU  Command
07:00:20        0    144557    9.00    1.00    0.00    0.00   10.00     2  sync_slam_toolb

07:00:19      UID       PID  minflt/s  majflt/s     VSZ     RSS   %MEM  Command
07:00:20        0    144557    518.00      0.00 1509604   52296   0.34  sync_slam_toolb

07:00:20      UID       PID    %usr %system  %guest   %wait    %CPU   CPU  Command
07:00:21        0    144557    6.00    1.00    0.00    0.00    7.00    14  sync_slam_toolb

07:00:20      UID       PID  minflt/s  majflt/s     VSZ     RSS   %MEM  Command
07:00:21        0    144557    511.00      0.00 1509604   52296   0.34  sync_slam_toolb

07:00:21      UID       PID    %usr %system  %guest   %wait    %CPU   CPU  Command
07:00:22        0    144557    9.00    1.00    0.00    0.00   10.00     2  sync_slam_toolb

07:00:21      UID       PID  minflt/s  majflt/s     VSZ     RSS   %MEM  Command
07:00:22        0    144557    516.00      0.00 1509604   52296   0.34  sync_slam_toolb

07:00:22      UID       PID    %usr %system  %guest   %wait    %CPU   CPU  Command
07:00:23        0    144557    7.00    0.00    0.00    0.00    7.00    14  sync_slam_toolb

07:00:22      UID       PID  minflt/s  majflt/s     VSZ     RSS   %MEM  Command
07:00:23        0    144557    511.00      0.00 1509604   52296   0.34  sync_slam_toolb

07:00:23      UID       PID    %usr %system  %guest   %wait    %CPU   CPU  Command
07:00:24        0    144557    9.00    2.00    0.00    0.00   11.00    14  sync_slam_toolb

07:00:23      UID       PID  minflt/s  majflt/s     VSZ     RSS   %MEM  Command
07:00:24        0    144557    517.00      0.00 1509604   52296   0.34  sync_slam_toolb

07:00:24      UID       PID    %usr %system  %guest   %wait    %CPU   CPU  Command
07:00:25        0    144557    6.00    1.00    0.00    0.00    7.00     2  sync_slam_toolb

07:00:24      UID       PID  minflt/s  majflt/s     VSZ     RSS   %MEM  Command
07:00:25        0    144557    511.00      0.00 1509604   52296   0.34  sync_slam_toolb

07:00:25      UID       PID    %usr %system  %guest   %wait    %CPU   CPU  Command
07:00:26        0    144557    9.00    1.00    0.00    0.00   10.00    12  sync_slam_toolb

07:00:25      UID       PID  minflt/s  majflt/s     VSZ     RSS   %MEM  Command
07:00:26        0    144557    517.00      0.00 1509604   52296   0.34  sync_slam_toolb

07:00:26      UID       PID    %usr %system  %guest   %wait    %CPU   CPU  Command
07:00:27        0    144557    6.00    1.00    0.00    0.00    7.00    12  sync_slam_toolb

07:00:26      UID       PID  minflt/s  majflt/s     VSZ     RSS   %MEM  Command
07:00:27        0    144557    511.00      0.00 1509604   52296   0.34  sync_slam_toolb

07:00:27      UID       PID    %usr %system  %guest   %wait    %CPU   CPU  Command
07:00:28        0    144557    6.00    1.00    0.00    0.00    7.00     0  sync_slam_toolb

07:00:27      UID       PID  minflt/s  majflt/s     VSZ     RSS   %MEM  Command
07:00:28        0    144557    511.00      0.00 1509604   52368   0.34  sync_slam_toolb

07:00:28      UID       PID    %usr %system  %guest   %wait    %CPU   CPU  Command
07:00:29        0    144557    9.00    1.00    0.00    0.00   10.00     6  sync_slam_toolb

07:00:28      UID       PID  minflt/s  majflt/s     VSZ     RSS   %MEM  Command
07:00:29        0    144557    517.00      0.00 1509604   52392   0.34  sync_slam_toolb

07:00:29      UID       PID    %usr %system  %guest   %wait    %CPU   CPU  Command
07:00:30        0    144557    7.00    1.00    0.00    0.00    8.00    14  sync_slam_toolb

07:00:29      UID       PID  minflt/s  majflt/s     VSZ     RSS   %MEM  Command
07:00:30        0    144557    511.00      0.00 1509604   52392   0.34  sync_slam_toolb

07:00:30      UID       PID    %usr %system  %guest   %wait    %CPU   CPU  Command
07:00:31        0    144557    6.00    1.00    0.00    0.00    7.00     0  sync_slam_toolb

07:00:30      UID       PID  minflt/s  majflt/s     VSZ     RSS   %MEM  Command
07:00:31        0    144557    511.00      0.00 1509604   52392   0.34  sync_slam_toolb

07:00:31      UID       PID    %usr %system  %guest   %wait    %CPU   CPU  Command
07:00:32        0    144557   10.00    1.00    0.00    0.00   11.00     8  sync_slam_toolb

07:00:31      UID       PID  minflt/s  majflt/s     VSZ     RSS   %MEM  Command
07:00:32        0    144557    517.00      0.00 1509604   52380   0.34  sync_slam_toolb

07:00:32      UID       PID    %usr %system  %guest   %wait    %CPU   CPU  Command
07:00:33        0    144557    6.00    1.00    0.00    0.00    7.00     0  sync_slam_toolb

07:00:32      UID       PID  minflt/s  majflt/s     VSZ     RSS   %MEM  Command
07:00:33        0    144557    511.00      0.00 1509604   52404   0.34  sync_slam_toolb

07:00:33      UID       PID    %usr %system  %guest   %wait    %CPU   CPU  Command
07:00:34        0    144557    6.00    1.00    0.00    0.00    7.00    10  sync_slam_toolb

07:00:33      UID       PID  minflt/s  majflt/s     VSZ     RSS   %MEM  Command
07:00:34        0    144557    511.00      0.00 1509604   52404   0.34  sync_slam_toolb

07:00:34      UID       PID    %usr %system  %guest   %wait    %CPU   CPU  Command
07:00:35        0    144557    7.00    1.00    0.00    0.00    8.00    12  sync_slam_toolb

07:00:34      UID       PID  minflt/s  majflt/s     VSZ     RSS   %MEM  Command
07:00:35        0    144557    511.00      0.00 1509604   52420   0.34  sync_slam_toolb

07:00:35      UID       PID    %usr %system  %guest   %wait    %CPU   CPU  Command
07:00:36        0    144557    9.00    1.00    0.00    0.00   10.00     6  sync_slam_toolb

07:00:35      UID       PID  minflt/s  majflt/s     VSZ     RSS   %MEM  Command
07:00:36        0    144557    517.00      0.00 1509604   52420   0.34  sync_slam_toolb

07:00:36      UID       PID    %usr %system  %guest   %wait    %CPU   CPU  Command
07:00:37        0    144557    6.00    1.00    0.00    0.00    7.00     6  sync_slam_toolb

07:00:36      UID       PID  minflt/s  majflt/s     VSZ     RSS   %MEM  Command
07:00:37        0    144557    511.00      0.00 1509604   52420   0.34  sync_slam_toolb

07:00:37      UID       PID    %usr %system  %guest   %wait    %CPU   CPU  Command
07:00:38        0    144557   10.00    1.00    0.00    0.00   11.00     2  sync_slam_toolb

07:00:37      UID       PID  minflt/s  majflt/s     VSZ     RSS   %MEM  Command
07:00:38        0    144557    517.00      0.00 1509604   52420   0.34  sync_slam_toolb

07:00:38      UID       PID    %usr %system  %guest   %wait    %CPU   CPU  Command
07:00:39        0    144557    5.00    2.00    0.00    0.00    7.00     4  sync_slam_toolb

07:00:38      UID       PID  minflt/s  majflt/s     VSZ     RSS   %MEM  Command
07:00:39        0    144557    511.00      0.00 1509604   52420   0.34  sync_slam_toolb

07:00:39      UID       PID    %usr %system  %guest   %wait    %CPU   CPU  Command
07:00:40        0    144557    9.00    2.00    0.00    0.00   11.00     2  sync_slam_toolb

07:00:39      UID       PID  minflt/s  majflt/s     VSZ     RSS   %MEM  Command
07:00:40        0    144557    517.00      0.00 1509604   52420   0.34  sync_slam_toolb

07:00:40      UID       PID    %usr %system  %guest   %wait    %CPU   CPU  Command
07:00:41        0    144557    6.00    1.00    0.00    0.00    7.00     2  sync_slam_toolb

07:00:40      UID       PID  minflt/s  majflt/s     VSZ     RSS   %MEM  Command
07:00:41        0    144557    511.00      0.00 1509604   52420   0.34  sync_slam_toolb

07:00:41      UID       PID    %usr %system  %guest   %wait    %CPU   CPU  Command
07:00:42        0    144557    6.00    1.00    0.00    0.00    7.00     6  sync_slam_toolb

07:00:41      UID       PID  minflt/s  majflt/s     VSZ     RSS   %MEM  Command
07:00:42        0    144557    511.00      0.00 1509604   52408   0.34  sync_slam_toolb

07:00:42      UID       PID    %usr %system  %guest   %wait    %CPU   CPU  Command
07:00:43        0    144557    9.00    2.00    0.00    0.00   11.00     8  sync_slam_toolb

07:00:42      UID       PID  minflt/s  majflt/s     VSZ     RSS   %MEM  Command
07:00:43        0    144557    517.00      0.00 1509604   52408   0.34  sync_slam_toolb

07:00:43      UID       PID    %usr %system  %guest   %wait    %CPU   CPU  Command
07:00:44        0    144557    7.00    0.00    0.00    0.00    7.00     6  sync_slam_toolb

07:00:43      UID       PID  minflt/s  majflt/s     VSZ     RSS   %MEM  Command
07:00:44        0    144557    511.00      0.00 1509604   52396   0.34  sync_slam_toolb

07:00:44      UID       PID    %usr %system  %guest   %wait    %CPU   CPU  Command
07:00:45        0    144557   29.00    2.00    0.00    0.00   31.00     2  sync_slam_toolb

07:00:44      UID       PID  minflt/s  majflt/s     VSZ     RSS   %MEM  Command
07:00:45        0    144557   1690.00      0.00 2492708   53692   0.34  sync_slam_toolb

07:00:45      UID       PID    %usr %system  %guest   %wait    %CPU   CPU  Command
07:00:46        0    144557    7.00    1.00    0.00    0.00    8.00     6  sync_slam_toolb

07:00:45      UID       PID  minflt/s  majflt/s     VSZ     RSS   %MEM  Command
07:00:46        0    144557    511.00      0.00 2492708   55740   0.36  sync_slam_toolb

07:00:46      UID       PID    %usr %system  %guest   %wait    %CPU   CPU  Command
07:00:47        0    144557    9.00    1.00    0.00    0.00   10.00     2  sync_slam_toolb

07:00:46      UID       PID  minflt/s  majflt/s     VSZ     RSS   %MEM  Command
07:00:47        0    144557     45.00      0.00 2492708   55868   0.36  sync_slam_toolb

07:00:47      UID       PID    %usr %system  %guest   %wait    %CPU   CPU  Command
07:00:48        0    144557    7.00    1.00    0.00    0.00    8.00     2  sync_slam_toolb

07:00:47      UID       PID  minflt/s  majflt/s     VSZ     RSS   %MEM  Command
07:00:48        0    144557      0.00      0.00 2492708   55868   0.36  sync_slam_toolb

07:00:48      UID       PID    %usr %system  %guest   %wait    %CPU   CPU  Command
07:00:49        0    144557    6.00    1.00    0.00    0.00    7.00     0  sync_slam_toolb

07:00:48      UID       PID  minflt/s  majflt/s     VSZ     RSS   %MEM  Command
07:00:49        0    144557      0.00      0.00 2492708   55868   0.36  sync_slam_toolb

07:00:49      UID       PID    %usr %system  %guest   %wait    %CPU   CPU  Command
07:00:50        0    144557   10.00    0.00    0.00    0.00   10.00     8  sync_slam_toolb

07:00:49      UID       PID  minflt/s  majflt/s     VSZ     RSS   %MEM  Command
07:00:50        0    144557      0.00      0.00 2492708   55868   0.36  sync_slam_toolb

07:00:50      UID       PID    %usr %system  %guest   %wait    %CPU   CPU  Command
07:00:51        0    144557    7.00    1.00    0.00    0.00    8.00     0  sync_slam_toolb

07:00:50      UID       PID  minflt/s  majflt/s     VSZ     RSS   %MEM  Command
07:00:51        0    144557      0.00      0.00 2492708   55868   0.36  sync_slam_toolb

07:00:51      UID       PID    %usr %system  %guest   %wait    %CPU   CPU  Command
07:00:52        0    144557    6.00    1.00    0.00    0.00    7.00     8  sync_slam_toolb

07:00:51      UID       PID  minflt/s  majflt/s     VSZ     RSS   %MEM  Command
07:00:52        0    144557      0.00      0.00 2492708   55868   0.36  sync_slam_toolb

07:00:52      UID       PID    %usr %system  %guest   %wait    %CPU   CPU  Command
07:00:53        0    144557    6.00    0.00    0.00    0.00    6.00     8  sync_slam_toolb

07:00:52      UID       PID  minflt/s  majflt/s     VSZ     RSS   %MEM  Command
07:00:53        0    144557      0.00      0.00 2492708   55868   0.36  sync_slam_toolb

07:00:53      UID       PID    %usr %system  %guest   %wait    %CPU   CPU  Command
07:00:54        0    144557    6.00    2.00    0.00    0.00    8.00     6  sync_slam_toolb

07:00:53      UID       PID  minflt/s  majflt/s     VSZ     RSS   %MEM  Command
07:00:54        0    144557      0.00      0.00 2492708   55868   0.36  sync_slam_toolb

07:00:54      UID       PID    %usr %system  %guest   %wait    %CPU   CPU  Command
07:00:55        0    144557    7.00    1.00    0.00    0.00    8.00     2  sync_slam_toolb

07:00:54      UID       PID  minflt/s  majflt/s     VSZ     RSS   %MEM  Command
07:00:55        0    144557      0.00      0.00 2492708   55868   0.36  sync_slam_toolb

07:00:55      UID       PID    %usr %system  %guest   %wait    %CPU   CPU  Command
07:00:56        0    144557    6.00    0.00    0.00    0.00    6.00     2  sync_slam_toolb

07:00:55      UID       PID  minflt/s  majflt/s     VSZ     RSS   %MEM  Command
07:00:56        0    144557      0.00      0.00 2492708   55868   0.36  sync_slam_toolb

07:00:56      UID       PID    %usr %system  %guest   %wait    %CPU   CPU  Command
07:00:57        0    144557    7.00    1.00    0.00    0.00    8.00     4  sync_slam_toolb

07:00:56      UID       PID  minflt/s  majflt/s     VSZ     RSS   %MEM  Command
07:00:57        0    144557      0.00      0.00 2492708   55868   0.36  sync_slam_toolb

07:00:57      UID       PID    %usr %system  %guest   %wait    %CPU   CPU  Command
07:00:58        0    144557    6.00    1.00    0.00    0.00    7.00    14  sync_slam_toolb

07:00:57      UID       PID  minflt/s  majflt/s     VSZ     RSS   %MEM  Command
07:00:58        0    144557      0.00      0.00 2492708   55868   0.36  sync_slam_toolb

07:00:58      UID       PID    %usr %system  %guest   %wait    %CPU   CPU  Command
07:00:59        0    144557    6.00    1.00    0.00    0.00    7.00     2  sync_slam_toolb

07:00:58      UID       PID  minflt/s  majflt/s     VSZ     RSS   %MEM  Command
07:00:59        0    144557      0.00      0.00 2492708   55868   0.36  sync_slam_toolb

07:00:59      UID       PID    %usr %system  %guest   %wait    %CPU   CPU  Command
07:01:00        0    144557    7.00    1.00    0.00    0.00    8.00    14  sync_slam_toolb

07:00:59      UID       PID  minflt/s  majflt/s     VSZ     RSS   %MEM  Command
07:01:00        0    144557      0.00      0.00 2492708   55868   0.36  sync_slam_toolb

07:01:00      UID       PID    %usr %system  %guest   %wait    %CPU   CPU  Command
07:01:01        0    144557    6.00    1.00    0.00    0.00    7.00     2  sync_slam_toolb

07:01:00      UID       PID  minflt/s  majflt/s     VSZ     RSS   %MEM  Command
07:01:01        0    144557      0.00      0.00 2492708   55868   0.36  sync_slam_toolb

07:01:01      UID       PID    %usr %system  %guest   %wait    %CPU   CPU  Command
07:01:02        0    144557    7.00    0.00    0.00    0.00    7.00     2  sync_slam_toolb

07:01:01      UID       PID  minflt/s  majflt/s     VSZ     RSS   %MEM  Command
07:01:02        0    144557      0.00      0.00 2492708   55868   0.36  sync_slam_toolb

07:01:02      UID       PID    %usr %system  %guest   %wait    %CPU   CPU  Command
07:01:03        0    144557    6.00    1.00    0.00    0.00    7.00     6  sync_slam_toolb

07:01:02      UID       PID  minflt/s  majflt/s     VSZ     RSS   %MEM  Command
07:01:03        0    144557      0.00      0.00 2492708   55868   0.36  sync_slam_toolb

07:01:03      UID       PID    %usr %system  %guest   %wait    %CPU   CPU  Command
07:01:04        0    144557    7.00    0.00    0.00    0.00    7.00     8  sync_slam_toolb

07:01:03      UID       PID  minflt/s  majflt/s     VSZ     RSS   %MEM  Command
07:01:04        0    144557      0.00      0.00 2492708   55868   0.36  sync_slam_toolb

07:01:04      UID       PID    %usr %system  %guest   %wait    %CPU   CPU  Command
07:01:05        0    144557    7.00    1.00    0.00    0.00    8.00     8  sync_slam_toolb

07:01:04      UID       PID  minflt/s  majflt/s     VSZ     RSS   %MEM  Command
07:01:05        0    144557      0.00      0.00 2492708   55868   0.36  sync_slam_toolb

07:01:05      UID       PID    %usr %system  %guest   %wait    %CPU   CPU  Command
07:01:06        0    144557    6.00    1.00    0.00    0.00    7.00     0  sync_slam_toolb

07:01:05      UID       PID  minflt/s  majflt/s     VSZ     RSS   %MEM  Command
07:01:06        0    144557      0.00      0.00 2492708   55868   0.36  sync_slam_toolb

07:01:06      UID       PID    %usr %system  %guest   %wait    %CPU   CPU  Command
07:01:07        0    144557    7.00    1.00    0.00    0.00    8.00     0  sync_slam_toolb

07:01:06      UID       PID  minflt/s  majflt/s     VSZ     RSS   %MEM  Command
07:01:07        0    144557      0.00      0.00 2492708   55868   0.36  sync_slam_toolb

07:01:07      UID       PID    %usr %system  %guest   %wait    %CPU   CPU  Command
07:01:08        0    144557    7.00    0.00    0.00    0.00    7.00     0  sync_slam_toolb

07:01:07      UID       PID  minflt/s  majflt/s     VSZ     RSS   %MEM  Command
07:01:08        0    144557      0.00      0.00 2492708   55868   0.36  sync_slam_toolb

07:01:08      UID       PID    %usr %system  %guest   %wait    %CPU   CPU  Command
07:01:09        0    144557    7.00    0.00    0.00    0.00    7.00     0  sync_slam_toolb

07:01:08      UID       PID  minflt/s  majflt/s     VSZ     RSS   %MEM  Command
07:01:09        0    144557      0.00      0.00 2492708   55868   0.36  sync_slam_toolb

07:01:09      UID       PID    %usr %system  %guest   %wait    %CPU   CPU  Command
07:01:10        0    144557   10.00    1.00    0.00    0.00   11.00     8  sync_slam_toolb

07:01:09      UID       PID  minflt/s  majflt/s     VSZ     RSS   %MEM  Command
07:01:10        0    144557      0.00      0.00 2492708   55868   0.36  sync_slam_toolb

07:01:10      UID       PID    %usr %system  %guest   %wait    %CPU   CPU  Command
07:01:11        0    144557    6.00    1.00    0.00    0.00    7.00     2  sync_slam_toolb

07:01:10      UID       PID  minflt/s  majflt/s     VSZ     RSS   %MEM  Command
07:01:11        0    144557      0.00      0.00 2492708   55868   0.36  sync_slam_toolb

07:01:11      UID       PID    %usr %system  %guest   %wait    %CPU   CPU  Command
07:01:12        0    144557    6.00    1.00    0.00    0.00    7.00     2  sync_slam_toolb

07:01:11      UID       PID  minflt/s  majflt/s     VSZ     RSS   %MEM  Command
07:01:12        0    144557      0.00      0.00 2492708   55868   0.36  sync_slam_toolb

07:01:12      UID       PID    %usr %system  %guest   %wait    %CPU   CPU  Command
07:01:13        0    144557   10.00    1.00    0.00    0.00   11.00    12  sync_slam_toolb

07:01:12      UID       PID  minflt/s  majflt/s     VSZ     RSS   %MEM  Command
07:01:13        0    144557      0.00      0.00 2492708   55868   0.36  sync_slam_toolb

07:01:13      UID       PID    %usr %system  %guest   %wait    %CPU   CPU  Command
07:01:14        0    144557    7.00    1.00    0.00    0.00    8.00     6  sync_slam_toolb

07:01:13      UID       PID  minflt/s  majflt/s     VSZ     RSS   %MEM  Command
07:01:14        0    144557      0.00      0.00 2492708   55868   0.36  sync_slam_toolb

07:01:14      UID       PID    %usr %system  %guest   %wait    %CPU   CPU  Command
07:01:15        0    144557    6.00    0.00    0.00    0.00    6.00     2  sync_slam_toolb

07:01:14      UID       PID  minflt/s  majflt/s     VSZ     RSS   %MEM  Command
07:01:15        0    144557      0.00      0.00 2492708   55868   0.36  sync_slam_toolb

07:01:15      UID       PID    %usr %system  %guest   %wait    %CPU   CPU  Command
07:01:16        0    144557    7.00    1.00    0.00    0.00    8.00     4  sync_slam_toolb

07:01:15      UID       PID  minflt/s  majflt/s     VSZ     RSS   %MEM  Command
07:01:16        0    144557      0.00      0.00 2492708   55868   0.36  sync_slam_toolb

07:01:16      UID       PID    %usr %system  %guest   %wait    %CPU   CPU  Command
07:01:17        0    144557   10.00    0.00    0.00    0.00   10.00     4  sync_slam_toolb

07:01:16      UID       PID  minflt/s  majflt/s     VSZ     RSS   %MEM  Command
07:01:17        0    144557      0.00      0.00 2492708   55868   0.36  sync_slam_toolb

07:01:17      UID       PID    %usr %system  %guest   %wait    %CPU   CPU  Command
07:01:18        0    144557    6.00    1.00    0.00    0.00    7.00     4  sync_slam_toolb

07:01:17      UID       PID  minflt/s  majflt/s     VSZ     RSS   %MEM  Command
07:01:18        0    144557      0.00      0.00 2492708   55868   0.36  sync_slam_toolb

07:01:18      UID       PID    %usr %system  %guest   %wait    %CPU   CPU  Command
07:01:19        0    144557   10.00    1.00    0.00    0.00   11.00     3  sync_slam_toolb

07:01:18      UID       PID  minflt/s  majflt/s     VSZ     RSS   %MEM  Command
07:01:19        0    144557      0.00      0.00 2492708   55868   0.36  sync_slam_toolb

07:01:19      UID       PID    %usr %system  %guest   %wait    %CPU   CPU  Command
07:01:20        0    144557    6.00    1.00    0.00    0.00    7.00     3  sync_slam_toolb

07:01:19      UID       PID  minflt/s  majflt/s     VSZ     RSS   %MEM  Command
07:01:20        0    144557      0.00      0.00 2492708   55868   0.36  sync_slam_toolb

07:01:20      UID       PID    %usr %system  %guest   %wait    %CPU   CPU  Command
07:01:21        0    144557   11.00    1.00    0.00    0.00   12.00     4  sync_slam_toolb

07:01:20      UID       PID  minflt/s  majflt/s     VSZ     RSS   %MEM  Command
07:01:21        0    144557      5.00      0.00 2492708   55868   0.36  sync_slam_toolb

07:01:21      UID       PID    %usr %system  %guest   %wait    %CPU   CPU  Command
07:01:22        0    144557    7.00    0.00    0.00    0.00    7.00     4  sync_slam_toolb

07:01:21      UID       PID  minflt/s  majflt/s     VSZ     RSS   %MEM  Command
07:01:22        0    144557      0.00      0.00 2492708   55868   0.36  sync_slam_toolb

07:01:22      UID       PID    %usr %system  %guest   %wait    %CPU   CPU  Command
07:01:23        0    144557    6.00    1.00    0.00    0.00    7.00     4  sync_slam_toolb

07:01:22      UID       PID  minflt/s  majflt/s     VSZ     RSS   %MEM  Command
07:01:23        0    144557      0.00      0.00 2492708   55868   0.36  sync_slam_toolb

07:01:23      UID       PID    %usr %system  %guest   %wait    %CPU   CPU  Command
07:01:24        0    144557    7.00    1.00    0.00    0.00    8.00     4  sync_slam_toolb

07:01:23      UID       PID  minflt/s  majflt/s     VSZ     RSS   %MEM  Command
07:01:24        0    144557      0.00      0.00 2492708   55868   0.36  sync_slam_toolb

07:01:24      UID       PID    %usr %system  %guest   %wait    %CPU   CPU  Command
07:01:25        0    144557    6.00    1.00    0.00    0.00    7.00     4  sync_slam_toolb

07:01:24      UID       PID  minflt/s  majflt/s     VSZ     RSS   %MEM  Command
07:01:25        0    144557      0.00      0.00 2492708   55868   0.36  sync_slam_toolb

07:01:25      UID       PID    %usr %system  %guest   %wait    %CPU   CPU  Command
07:01:26        0    144557    7.00    0.00    0.00    0.00    7.00     6  sync_slam_toolb

07:01:25      UID       PID  minflt/s  majflt/s     VSZ     RSS   %MEM  Command
07:01:26        0    144557      0.00      0.00 2492708   55868   0.36  sync_slam_toolb

07:01:26      UID       PID    %usr %system  %guest   %wait    %CPU   CPU  Command
07:01:27        0    144557    7.00    1.00    0.00    0.00    8.00     6  sync_slam_toolb

07:01:26      UID       PID  minflt/s  majflt/s     VSZ     RSS   %MEM  Command
07:01:27        0    144557      0.00      0.00 2492708   55868   0.36  sync_slam_toolb

07:01:27      UID       PID    %usr %system  %guest   %wait    %CPU   CPU  Command
07:01:28        0    144557    6.00    1.00    0.00    0.00    7.00     8  sync_slam_toolb

07:01:27      UID       PID  minflt/s  majflt/s     VSZ     RSS   %MEM  Command
07:01:28        0    144557      0.00      0.00 2492708   55868   0.36  sync_slam_toolb

07:01:28      UID       PID    %usr %system  %guest   %wait    %CPU   CPU  Command
07:01:29        0    144557    7.00    0.00    0.00    0.00    7.00     6  sync_slam_toolb

07:01:28      UID       PID  minflt/s  majflt/s     VSZ     RSS   %MEM  Command
07:01:29        0    144557      0.00      0.00 2492708   55868   0.36  sync_slam_toolb

07:01:29      UID       PID    %usr %system  %guest   %wait    %CPU   CPU  Command
07:01:30        0    144557    7.00    1.00    0.00    0.00    8.00    12  sync_slam_toolb

07:01:29      UID       PID  minflt/s  majflt/s     VSZ     RSS   %MEM  Command
07:01:30        0    144557      0.00      0.00 2492708   55868   0.36  sync_slam_toolb

07:01:30      UID       PID    %usr %system  %guest   %wait    %CPU   CPU  Command
07:01:31        0    144557    9.00    2.00    0.00    0.00   11.00     0  sync_slam_toolb

07:01:30      UID       PID  minflt/s  majflt/s     VSZ     RSS   %MEM  Command
07:01:31        0    144557      5.00      0.00 2492708   55996   0.36  sync_slam_toolb

07:01:31      UID       PID    %usr %system  %guest   %wait    %CPU   CPU  Command
07:01:32        0    144557    6.00    1.00    0.00    0.00    7.00    14  sync_slam_toolb

07:01:31      UID       PID  minflt/s  majflt/s     VSZ     RSS   %MEM  Command
07:01:32        0    144557      0.00      0.00 2492708   55996   0.36  sync_slam_toolb

07:01:32      UID       PID    %usr %system  %guest   %wait    %CPU   CPU  Command
07:01:33        0    144557    8.00    1.00    0.00    0.00    9.00     0  sync_slam_toolb

07:01:32      UID       PID  minflt/s  majflt/s     VSZ     RSS   %MEM  Command
07:01:33        0    144557      0.00      0.00 2492708   55996   0.36  sync_slam_toolb

07:01:33      UID       PID    %usr %system  %guest   %wait    %CPU   CPU  Command
07:01:34        0    144557   10.00    0.00    0.00    0.00   10.00    14  sync_slam_toolb

07:01:33      UID       PID  minflt/s  majflt/s     VSZ     RSS   %MEM  Command
07:01:34        0    144557      6.00      0.00 2492708   55996   0.36  sync_slam_toolb

07:01:34      UID       PID    %usr %system  %guest   %wait    %CPU   CPU  Command
07:01:35        0    144557    6.00    1.00    0.00    0.00    7.00     2  sync_slam_toolb

07:01:34      UID       PID  minflt/s  majflt/s     VSZ     RSS   %MEM  Command
07:01:35        0    144557      0.00      0.00 2492708   55996   0.36  sync_slam_toolb

07:01:35      UID       PID    %usr %system  %guest   %wait    %CPU   CPU  Command
07:01:36        0    144557    7.00    1.00    0.00    0.00    8.00     2  sync_slam_toolb

07:01:35      UID       PID  minflt/s  majflt/s     VSZ     RSS   %MEM  Command
07:01:36        0    144557      0.00      0.00 2492708   55996   0.36  sync_slam_toolb

07:01:36      UID       PID    %usr %system  %guest   %wait    %CPU   CPU  Command
07:01:37        0    144557    9.00    2.00    0.00    0.00   11.00     2  sync_slam_toolb

07:01:36      UID       PID  minflt/s  majflt/s     VSZ     RSS   %MEM  Command
07:01:37        0    144557      5.00      0.00 2492708   55996   0.36  sync_slam_toolb

07:01:37      UID       PID    %usr %system  %guest   %wait    %CPU   CPU  Command
07:01:38        0    144557    8.00    0.00    0.00    0.00    8.00     6  sync_slam_toolb

07:01:37      UID       PID  minflt/s  majflt/s     VSZ     RSS   %MEM  Command
07:01:38        0    144557      0.00      0.00 2492708   55996   0.36  sync_slam_toolb

07:01:38      UID       PID    %usr %system  %guest   %wait    %CPU   CPU  Command
07:01:39        0    144557   10.00    1.00    0.00    0.00   11.00     2  sync_slam_toolb

07:01:38      UID       PID  minflt/s  majflt/s     VSZ     RSS   %MEM  Command
07:01:39        0    144557      6.00      0.00 2492708   55996   0.36  sync_slam_toolb

07:01:39      UID       PID    %usr %system  %guest   %wait    %CPU   CPU  Command
07:01:40        0    144557    7.00    0.00    0.00    0.00    7.00     2  sync_slam_toolb

07:01:39      UID       PID  minflt/s  majflt/s     VSZ     RSS   %MEM  Command
07:01:40        0    144557      0.00      0.00 2492708   55996   0.36  sync_slam_toolb

07:01:40      UID       PID    %usr %system  %guest   %wait    %CPU   CPU  Command
07:01:41        0    144557    9.00    2.00    0.00    0.00   11.00     4  sync_slam_toolb

07:01:40      UID       PID  minflt/s  majflt/s     VSZ     RSS   %MEM  Command
07:01:41        0    144557      6.00      0.00 2492708   55996   0.36  sync_slam_toolb

07:01:41      UID       PID    %usr %system  %guest   %wait    %CPU   CPU  Command
07:01:42        0    144557    7.00    1.00    0.00    0.00    8.00     4  sync_slam_toolb

07:01:41      UID       PID  minflt/s  majflt/s     VSZ     RSS   %MEM  Command
07:01:42        0    144557      0.00      0.00 2492708   55996   0.36  sync_slam_toolb

07:01:42      UID       PID    %usr %system  %guest   %wait    %CPU   CPU  Command
07:01:43        0    144557    9.00    2.00    0.00    0.00   11.00     8  sync_slam_toolb

07:01:42      UID       PID  minflt/s  majflt/s     VSZ     RSS   %MEM  Command
07:01:43        0    144557      7.00      0.00 2492708   56124   0.36  sync_slam_toolb

07:01:43      UID       PID    %usr %system  %guest   %wait    %CPU   CPU  Command
07:01:44        0    144557    6.00    1.00    0.00    0.00    7.00     4  sync_slam_toolb

07:01:43      UID       PID  minflt/s  majflt/s     VSZ     RSS   %MEM  Command
07:01:44        0    144557      1.00      0.00 2492708   56124   0.36  sync_slam_toolb

07:01:44      UID       PID    %usr %system  %guest   %wait    %CPU   CPU  Command
07:01:45        0    144557    6.00    1.00    0.00    0.00    7.00    10  sync_slam_toolb

07:01:44      UID       PID  minflt/s  majflt/s     VSZ     RSS   %MEM  Command
07:01:45        0    144557      1.00      0.00 2492708   56252   0.36  sync_slam_toolb

07:01:45      UID       PID    %usr %system  %guest   %wait    %CPU   CPU  Command
07:01:46        0    144557   10.00    1.00    0.00    0.00   11.00     2  sync_slam_toolb

07:01:45      UID       PID  minflt/s  majflt/s     VSZ     RSS   %MEM  Command
07:01:46        0    144557      6.00      0.00 2492708   56252   0.36  sync_slam_toolb

07:01:46      UID       PID    %usr %system  %guest   %wait    %CPU   CPU  Command
07:01:47        0    144557    5.00    1.00    0.00    0.00    6.00     2  sync_slam_toolb

07:01:46      UID       PID  minflt/s  majflt/s     VSZ     RSS   %MEM  Command
07:01:47        0    144557      0.00      0.00 2492708   56252   0.36  sync_slam_toolb

07:01:47      UID       PID    %usr %system  %guest   %wait    %CPU   CPU  Command
07:01:48        0    144557    7.00    0.00    0.00    0.00    7.00     2  sync_slam_toolb

07:01:47      UID       PID  minflt/s  majflt/s     VSZ     RSS   %MEM  Command
07:01:48        0    144557      0.00      0.00 2492708   56252   0.36  sync_slam_toolb

07:01:48      UID       PID    %usr %system  %guest   %wait    %CPU   CPU  Command
07:01:49        0    144557    8.00    1.00    0.00    0.00    9.00     2  sync_slam_toolb

07:01:48      UID       PID  minflt/s  majflt/s     VSZ     RSS   %MEM  Command
07:01:49        0    144557      6.00      0.00 2492708   56252   0.36  sync_slam_toolb

07:01:49      UID       PID    %usr %system  %guest   %wait    %CPU   CPU  Command
07:01:50        0    144557    7.00    1.00    0.00    0.00    8.00     8  sync_slam_toolb

07:01:49      UID       PID  minflt/s  majflt/s     VSZ     RSS   %MEM  Command
07:01:50        0    144557      0.00      0.00 2492708   56252   0.36  sync_slam_toolb

07:01:50      UID       PID    %usr %system  %guest   %wait    %CPU   CPU  Command
07:01:51        0    144557    6.00    0.00    0.00    0.00    6.00     2  sync_slam_toolb

07:01:50      UID       PID  minflt/s  majflt/s     VSZ     RSS   %MEM  Command
07:01:51        0    144557      0.00      0.00 2492708   56252   0.36  sync_slam_toolb

07:01:51      UID       PID    %usr %system  %guest   %wait    %CPU   CPU  Command
07:01:52        0    144557    6.00    1.00    0.00    0.00    7.00     8  sync_slam_toolb

07:01:51      UID       PID  minflt/s  majflt/s     VSZ     RSS   %MEM  Command
07:01:52        0    144557      0.00      0.00 2492708   56252   0.36  sync_slam_toolb

07:01:52      UID       PID    %usr %system  %guest   %wait    %CPU   CPU  Command
07:01:53        0    144557    6.00    1.00    0.00    0.00    7.00     2  sync_slam_toolb

07:01:52      UID       PID  minflt/s  majflt/s     VSZ     RSS   %MEM  Command
07:01:53        0    144557      0.00      0.00 2492708   56252   0.36  sync_slam_toolb

07:01:53      UID       PID    %usr %system  %guest   %wait    %CPU   CPU  Command
07:01:54        0    144557    5.00    1.00    0.00    0.00    6.00     8  sync_slam_toolb

07:01:53      UID       PID  minflt/s  majflt/s     VSZ     RSS   %MEM  Command
07:01:54        0    144557      0.00      0.00 2492708   56252   0.36  sync_slam_toolb

07:01:54      UID       PID    %usr %system  %guest   %wait    %CPU   CPU  Command
07:01:55        0    144557    7.00    1.00    0.00    0.00    8.00     8  sync_slam_toolb

07:01:54      UID       PID  minflt/s  majflt/s     VSZ     RSS   %MEM  Command
07:01:55        0    144557      0.00      0.00 2492708   56252   0.36  sync_slam_toolb

07:01:55      UID       PID    %usr %system  %guest   %wait    %CPU   CPU  Command
07:01:56        0    144557    9.00    0.00    0.00    0.00    9.00     0  sync_slam_toolb

07:01:55      UID       PID  minflt/s  majflt/s     VSZ     RSS   %MEM  Command
07:01:56        0    144557      6.00      0.00 2492708   56252   0.36  sync_slam_toolb

07:01:56      UID       PID    %usr %system  %guest   %wait    %CPU   CPU  Command
07:01:57        0    144557    6.00    1.00    0.00    0.00    7.00     6  sync_slam_toolb

07:01:56      UID       PID  minflt/s  majflt/s     VSZ     RSS   %MEM  Command
07:01:57        0    144557      0.00      0.00 2492708   56252   0.36  sync_slam_toolb

07:01:57      UID       PID    %usr %system  %guest   %wait    %CPU   CPU  Command
07:01:58        0    144557   11.00    0.00    0.00    0.00   11.00     4  sync_slam_toolb

07:01:57      UID       PID  minflt/s  majflt/s     VSZ     RSS   %MEM  Command
07:01:58        0    144557      6.00      0.00 2492708   56252   0.36  sync_slam_toolb

07:01:58      UID       PID    %usr %system  %guest   %wait    %CPU   CPU  Command
07:01:59        0    144557    6.00    1.00    0.00    0.00    7.00     8  sync_slam_toolb

07:01:58      UID       PID  minflt/s  majflt/s     VSZ     RSS   %MEM  Command
07:01:59        0    144557      0.00      0.00 2492708   56252   0.36  sync_slam_toolb

07:01:59      UID       PID    %usr %system  %guest   %wait    %CPU   CPU  Command
07:02:00        0    144557    6.00    2.00    0.00    0.00    8.00     2  sync_slam_toolb

07:01:59      UID       PID  minflt/s  majflt/s     VSZ     RSS   %MEM  Command
07:02:00        0    144557      0.00      0.00 2492708   56252   0.36  sync_slam_toolb

07:02:00      UID       PID    %usr %system  %guest   %wait    %CPU   CPU  Command
07:02:01        0    144557   10.00    1.00    0.00    0.00   11.00     6  sync_slam_toolb

07:02:00      UID       PID  minflt/s  majflt/s     VSZ     RSS   %MEM  Command
07:02:01        0    144557      4.00      0.00 2492708   56252   0.36  sync_slam_toolb

07:02:01      UID       PID    %usr %system  %guest   %wait    %CPU   CPU  Command
07:02:02        0    144557    8.00    1.00    0.00    0.00    9.00    10  sync_slam_toolb

07:02:01      UID       PID  minflt/s  majflt/s     VSZ     RSS   %MEM  Command
07:02:02        0    144557      0.00      0.00 2492708   56252   0.36  sync_slam_toolb

07:02:02      UID       PID    %usr %system  %guest   %wait    %CPU   CPU  Command
07:02:03        0    144557   10.00    1.00    0.00    0.00   11.00     0  sync_slam_toolb

07:02:02      UID       PID  minflt/s  majflt/s     VSZ     RSS   %MEM  Command
07:02:03        0    144557      9.00      0.00 2492708   56252   0.36  sync_slam_toolb

07:02:03      UID       PID    %usr %system  %guest   %wait    %CPU   CPU  Command
07:02:04        0    144557    5.94    0.99    0.00    0.00    6.93     0  sync_slam_toolb

07:02:03      UID       PID  minflt/s  majflt/s     VSZ     RSS   %MEM  Command
07:02:04        0    144557      0.00      0.00 2492708   56252   0.36  sync_slam_toolb

07:02:04      UID       PID    %usr %system  %guest   %wait    %CPU   CPU  Command
07:02:05        0    144557    7.00    1.00    0.00    0.00    8.00     0  sync_slam_toolb

07:02:04      UID       PID  minflt/s  majflt/s     VSZ     RSS   %MEM  Command
07:02:05        0    144557      0.00      0.00 2492708   56252   0.36  sync_slam_toolb

07:02:05      UID       PID    %usr %system  %guest   %wait    %CPU   CPU  Command
07:02:06        0    144557   11.00    1.00    0.00    0.00   12.00     0  sync_slam_toolb

07:02:05      UID       PID  minflt/s  majflt/s     VSZ     RSS   %MEM  Command
07:02:06        0    144557      3.00      0.00 2492708   56252   0.36  sync_slam_toolb

07:02:06      UID       PID    %usr %system  %guest   %wait    %CPU   CPU  Command
07:02:07        0    144557    6.00    1.00    0.00    0.00    7.00     6  sync_slam_toolb

07:02:06      UID       PID  minflt/s  majflt/s     VSZ     RSS   %MEM  Command
07:02:07        0    144557      0.00      0.00 2492708   56252   0.36  sync_slam_toolb

07:02:07      UID       PID    %usr %system  %guest   %wait    %CPU   CPU  Command
07:02:08        0    144557    7.00    1.00    0.00    0.00    8.00    10  sync_slam_toolb

07:02:07      UID       PID  minflt/s  majflt/s     VSZ     RSS   %MEM  Command
07:02:08        0    144557      0.00      0.00 2492708   56252   0.36  sync_slam_toolb

07:02:08      UID       PID    %usr %system  %guest   %wait    %CPU   CPU  Command
07:02:09        0    144557    7.00    0.00    0.00    0.00    7.00    10  sync_slam_toolb

07:02:08      UID       PID  minflt/s  majflt/s     VSZ     RSS   %MEM  Command
07:02:09        0    144557      0.00      0.00 2492708   56252   0.36  sync_slam_toolb

07:02:09      UID       PID    %usr %system  %guest   %wait    %CPU   CPU  Command
07:02:10        0    144557   10.00    1.00    0.00    0.00   11.00    12  sync_slam_toolb

07:02:09      UID       PID  minflt/s  majflt/s     VSZ     RSS   %MEM  Command
07:02:10        0    144557      9.00      0.00 2492708   56252   0.36  sync_slam_toolb

07:02:10      UID       PID    %usr %system  %guest   %wait    %CPU   CPU  Command
07:02:11        0    144557    7.00    1.00    0.00    0.00    8.00    12  sync_slam_toolb

07:02:10      UID       PID  minflt/s  majflt/s     VSZ     RSS   %MEM  Command
07:02:11        0    144557      0.00      0.00 2492708   56252   0.36  sync_slam_toolb

07:02:11      UID       PID    %usr %system  %guest   %wait    %CPU   CPU  Command
07:02:12        0    144557    7.00    1.00    0.00    0.00    8.00    12  sync_slam_toolb

07:02:11      UID       PID  minflt/s  majflt/s     VSZ     RSS   %MEM  Command
07:02:12        0    144557      0.00      0.00 2492708   56252   0.36  sync_slam_toolb

07:02:12      UID       PID    %usr %system  %guest   %wait    %CPU   CPU  Command
07:02:13        0    144557   10.00    1.00    0.00    0.00   11.00     6  sync_slam_toolb

07:02:12      UID       PID  minflt/s  majflt/s     VSZ     RSS   %MEM  Command
07:02:13        0    144557      5.00      0.00 2492708   56252   0.36  sync_slam_toolb

07:02:13      UID       PID    %usr %system  %guest   %wait    %CPU   CPU  Command
07:02:14        0    144557    7.00    1.00    0.00    0.00    8.00     6  sync_slam_toolb

07:02:13      UID       PID  minflt/s  majflt/s     VSZ     RSS   %MEM  Command
07:02:14        0    144557      0.00      0.00 2492708   56252   0.36  sync_slam_toolb

07:02:14      UID       PID    %usr %system  %guest   %wait    %CPU   CPU  Command
07:02:15        0    144557    7.00    1.00    0.00    0.00    8.00    10  sync_slam_toolb

07:02:14      UID       PID  minflt/s  majflt/s     VSZ     RSS   %MEM  Command
07:02:15        0    144557      0.00      0.00 2492708   56252   0.36  sync_slam_toolb

07:02:15      UID       PID    %usr %system  %guest   %wait    %CPU   CPU  Command
07:02:16        0    144557   10.00    1.00    0.00    0.00   11.00     2  sync_slam_toolb

07:02:15      UID       PID  minflt/s  majflt/s     VSZ     RSS   %MEM  Command
07:02:16        0    144557      6.00      0.00 2492708   56252   0.36  sync_slam_toolb

07:02:16      UID       PID    %usr %system  %guest   %wait    %CPU   CPU  Command
07:02:17        0    144557    7.00    1.00    0.00    0.00    8.00     2  sync_slam_toolb

07:02:16      UID       PID  minflt/s  majflt/s     VSZ     RSS   %MEM  Command
07:02:17        0    144557      0.00      0.00 2492708   56252   0.36  sync_slam_toolb

07:02:17      UID       PID    %usr %system  %guest   %wait    %CPU   CPU  Command
07:02:18        0    144557    9.00    2.00    0.00    0.00   11.00     8  sync_slam_toolb

07:02:17      UID       PID  minflt/s  majflt/s     VSZ     RSS   %MEM  Command
07:02:18        0    144557      5.00      0.00 2492708   56252   0.36  sync_slam_toolb

07:02:18      UID       PID    %usr %system  %guest   %wait    %CPU   CPU  Command
07:02:19        0    144557    7.00    1.00    0.00    0.00    8.00     3  sync_slam_toolb

07:02:18      UID       PID  minflt/s  majflt/s     VSZ     RSS   %MEM  Command
07:02:19        0    144557     26.00      0.00 2492708   56252   0.36  sync_slam_toolb

07:02:19      UID       PID    %usr %system  %guest   %wait    %CPU   CPU  Command
07:02:20        0    144557   11.00    0.00    0.00    0.00   11.00     3  sync_slam_toolb

07:02:19      UID       PID  minflt/s  majflt/s     VSZ     RSS   %MEM  Command
07:02:20        0    144557      8.00      0.00 2492708   56252   0.36  sync_slam_toolb

07:02:20      UID       PID    %usr %system  %guest   %wait    %CPU   CPU  Command
07:02:21        0    144557    7.00    2.00    0.00    0.00    9.00     3  sync_slam_toolb

07:02:20      UID       PID  minflt/s  majflt/s     VSZ     RSS   %MEM  Command
07:02:21        0    144557     27.00      0.00 2492708   56380   0.36  sync_slam_toolb

07:02:21      UID       PID    %usr %system  %guest   %wait    %CPU   CPU  Command
07:02:22        0    144557    7.00    0.00    0.00    0.00    7.00     2  sync_slam_toolb

07:02:21      UID       PID  minflt/s  majflt/s     VSZ     RSS   %MEM  Command
07:02:22        0    144557      0.00      0.00 2492708   56380   0.36  sync_slam_toolb

07:02:22      UID       PID    %usr %system  %guest   %wait    %CPU   CPU  Command
07:02:23        0    144557    9.00    3.00    0.00    0.00   12.00     3  sync_slam_toolb

07:02:22      UID       PID  minflt/s  majflt/s     VSZ     RSS   %MEM  Command
07:02:23        0    144557      5.00      0.00 2492708   56508   0.36  sync_slam_toolb

07:02:23      UID       PID    %usr %system  %guest   %wait    %CPU   CPU  Command
07:02:24        0    144557    7.00    1.00    0.00    0.00    8.00     2  sync_slam_toolb

07:02:23      UID       PID  minflt/s  majflt/s     VSZ     RSS   %MEM  Command
07:02:24        0    144557      0.00      0.00 2492708   56508   0.36  sync_slam_toolb

07:02:24      UID       PID    %usr %system  %guest   %wait    %CPU   CPU  Command
07:02:25        0    144557   10.00    1.00    0.00    0.00   11.00     3  sync_slam_toolb

07:02:24      UID       PID  minflt/s  majflt/s     VSZ     RSS   %MEM  Command
07:02:25        0    144557      9.00      0.00 2492708   56636   0.36  sync_slam_toolb

07:02:25      UID       PID    %usr %system  %guest   %wait    %CPU   CPU  Command
07:02:26        0    144557    7.00    1.00    0.00    0.00    8.00     3  sync_slam_toolb

07:02:25      UID       PID  minflt/s  majflt/s     VSZ     RSS   %MEM  Command
07:02:26        0    144557      0.00      0.00 2492708   56636   0.36  sync_slam_toolb

07:02:26      UID       PID    %usr %system  %guest   %wait    %CPU   CPU  Command
07:02:27        0    144557   10.00    1.00    0.00    0.00   11.00     3  sync_slam_toolb

07:02:26      UID       PID  minflt/s  majflt/s     VSZ     RSS   %MEM  Command
07:02:27        0    144557      6.00      0.00 2492708   56636   0.36  sync_slam_toolb

07:02:27      UID       PID    %usr %system  %guest   %wait    %CPU   CPU  Command
07:02:28        0    144557    8.00    1.00    0.00    0.00    9.00     3  sync_slam_toolb

07:02:27      UID       PID  minflt/s  majflt/s     VSZ     RSS   %MEM  Command
07:02:28        0    144557      0.00      0.00 2492708   56636   0.36  sync_slam_toolb

07:02:28      UID       PID    %usr %system  %guest   %wait    %CPU   CPU  Command
07:02:29        0    144557   11.00    1.00    0.00    0.00   12.00     3  sync_slam_toolb

07:02:28      UID       PID  minflt/s  majflt/s     VSZ     RSS   %MEM  Command
07:02:29        0    144557      4.00      0.00 2492708   56764   0.36  sync_slam_toolb

07:02:29      UID       PID    %usr %system  %guest   %wait    %CPU   CPU  Command
07:02:30        0    144557    7.00    1.00    0.00    0.00    8.00     3  sync_slam_toolb

07:02:29      UID       PID  minflt/s  majflt/s     VSZ     RSS   %MEM  Command
07:02:30        0    144557      0.00      0.00 2492708   56764   0.36  sync_slam_toolb

07:02:30      UID       PID    %usr %system  %guest   %wait    %CPU   CPU  Command
07:02:31        0    144557    7.00    1.00    0.00    0.00    8.00     3  sync_slam_toolb

07:02:30      UID       PID  minflt/s  majflt/s     VSZ     RSS   %MEM  Command
07:02:31        0    144557      0.00      0.00 2492708   56764   0.36  sync_slam_toolb

07:02:31      UID       PID    %usr %system  %guest   %wait    %CPU   CPU  Command
07:02:32        0    144557   10.00    1.00    0.00    0.00   11.00     3  sync_slam_toolb

07:02:31      UID       PID  minflt/s  majflt/s     VSZ     RSS   %MEM  Command
07:02:32        0    144557      5.00      0.00 2492708   56764   0.36  sync_slam_toolb

07:02:32      UID       PID    %usr %system  %guest   %wait    %CPU   CPU  Command
07:02:33        0    144557    7.00    1.00    0.00    0.00    8.00     3  sync_slam_toolb

07:02:32      UID       PID  minflt/s  majflt/s     VSZ     RSS   %MEM  Command
07:02:33        0    144557      0.00      0.00 2492708   56764   0.36  sync_slam_toolb

07:02:33      UID       PID    %usr %system  %guest   %wait    %CPU   CPU  Command
07:02:34        0    144557   11.00    0.00    0.00    0.00   11.00     2  sync_slam_toolb

07:02:33      UID       PID  minflt/s  majflt/s     VSZ     RSS   %MEM  Command
07:02:34        0    144557      9.00      0.00 2492708   56764   0.36  sync_slam_toolb

07:02:34      UID       PID    %usr %system  %guest   %wait    %CPU   CPU  Command
07:02:35        0    144557    7.00    1.00    0.00    0.00    8.00     2  sync_slam_toolb

07:02:34      UID       PID  minflt/s  majflt/s     VSZ     RSS   %MEM  Command
07:02:35        0    144557      0.00      0.00 2492708   56764   0.36  sync_slam_toolb

07:02:35      UID       PID    %usr %system  %guest   %wait    %CPU   CPU  Command
07:02:36        0    144557    7.00    1.00    0.00    0.00    8.00     6  sync_slam_toolb

07:02:35      UID       PID  minflt/s  majflt/s     VSZ     RSS   %MEM  Command
07:02:36        0    144557      0.00      0.00 2492708   56764   0.36  sync_slam_toolb

07:02:36      UID       PID    %usr %system  %guest   %wait    %CPU   CPU  Command
07:02:37        0    144557   11.00    0.00    0.00    0.00   11.00     6  sync_slam_toolb

07:02:36      UID       PID  minflt/s  majflt/s     VSZ     RSS   %MEM  Command
07:02:37        0    144557      4.00      0.00 2492708   56764   0.36  sync_slam_toolb

07:02:37      UID       PID    %usr %system  %guest   %wait    %CPU   CPU  Command
07:02:38        0    144557    7.00    2.00    0.00    0.00    9.00     6  sync_slam_toolb

07:02:37      UID       PID  minflt/s  majflt/s     VSZ     RSS   %MEM  Command
07:02:38        0    144557      0.00      0.00 2492708   56764   0.36  sync_slam_toolb

07:02:38      UID       PID    %usr %system  %guest   %wait    %CPU   CPU  Command
07:02:39        0    144557    7.00    1.00    0.00    0.00    8.00     4  sync_slam_toolb

07:02:38      UID       PID  minflt/s  majflt/s     VSZ     RSS   %MEM  Command
07:02:39        0    144557      0.00      0.00 2492708   56764   0.36  sync_slam_toolb

07:02:39      UID       PID    %usr %system  %guest   %wait    %CPU   CPU  Command
07:02:40        0    144557    6.00    1.00    0.00    0.00    7.00    10  sync_slam_toolb

07:02:39      UID       PID  minflt/s  majflt/s     VSZ     RSS   %MEM  Command
07:02:40        0    144557      0.00      0.00 2492708   56764   0.36  sync_slam_toolb

07:02:40      UID       PID    %usr %system  %guest   %wait    %CPU   CPU  Command
07:02:41        0    144557    8.00    1.00    0.00    0.00    9.00     8  sync_slam_toolb

07:02:40      UID       PID  minflt/s  majflt/s     VSZ     RSS   %MEM  Command
07:02:41        0    144557      0.00      0.00 2492708   56764   0.36  sync_slam_toolb

07:02:41      UID       PID    %usr %system  %guest   %wait    %CPU   CPU  Command
07:02:42        0    144557    7.00    1.00    0.00    0.00    8.00     4  sync_slam_toolb

07:02:41      UID       PID  minflt/s  majflt/s     VSZ     RSS   %MEM  Command
07:02:42        0    144557      0.00      0.00 2492708   56764   0.36  sync_slam_toolb

07:02:42      UID       PID    %usr %system  %guest   %wait    %CPU   CPU  Command
07:02:43        0    144557    7.00    0.00    0.00    0.00    7.00     4  sync_slam_toolb

07:02:42      UID       PID  minflt/s  majflt/s     VSZ     RSS   %MEM  Command
07:02:43        0    144557      0.00      0.00 2492708   56764   0.36  sync_slam_toolb

07:02:43      UID       PID    %usr %system  %guest   %wait    %CPU   CPU  Command
07:02:44        0    144557    7.00    1.00    0.00    0.00    8.00     9  sync_slam_toolb

07:02:43      UID       PID  minflt/s  majflt/s     VSZ     RSS   %MEM  Command
07:02:44        0    144557      0.00      0.00 2492708   56764   0.36  sync_slam_toolb

07:02:44      UID       PID    %usr %system  %guest   %wait    %CPU   CPU  Command
07:02:45        0    144557    8.00    1.00    0.00    0.00    9.00     0  sync_slam_toolb

07:02:44      UID       PID  minflt/s  majflt/s     VSZ     RSS   %MEM  Command
07:02:45        0    144557      0.00      0.00 2492708   56764   0.36  sync_slam_toolb

07:02:45      UID       PID    %usr %system  %guest   %wait    %CPU   CPU  Command
07:02:46        0    144557    7.00    1.00    0.00    0.00    8.00     0  sync_slam_toolb

07:02:45      UID       PID  minflt/s  majflt/s     VSZ     RSS   %MEM  Command
07:02:46        0    144557      0.00      0.00 2492708   56764   0.36  sync_slam_toolb

07:02:46      UID       PID    %usr %system  %guest   %wait    %CPU   CPU  Command
07:02:47        0    144557    7.00    0.00    0.00    0.00    7.00     0  sync_slam_toolb

07:02:46      UID       PID  minflt/s  majflt/s     VSZ     RSS   %MEM  Command
07:02:47        0    144557      0.00      0.00 2492708   56764   0.36  sync_slam_toolb

07:02:47      UID       PID    %usr %system  %guest   %wait    %CPU   CPU  Command
07:02:48        0    144557    7.00    1.00    0.00    0.00    8.00     0  sync_slam_toolb

07:02:47      UID       PID  minflt/s  majflt/s     VSZ     RSS   %MEM  Command
07:02:48        0    144557      0.00      0.00 2492708   56764   0.36  sync_slam_toolb

07:02:48      UID       PID    %usr %system  %guest   %wait    %CPU   CPU  Command
07:02:49        0    144557   11.00    1.00    0.00    0.00   12.00     2  sync_slam_toolb

07:02:48      UID       PID  minflt/s  majflt/s     VSZ     RSS   %MEM  Command
07:02:49        0    144557      7.00      0.00 2492708   56764   0.36  sync_slam_toolb

07:02:49      UID       PID    %usr %system  %guest   %wait    %CPU   CPU  Command
07:02:50        0    144557    7.00    1.00    0.00    0.00    8.00     6  sync_slam_toolb

07:02:49      UID       PID  minflt/s  majflt/s     VSZ     RSS   %MEM  Command
07:02:50        0    144557      0.00      0.00 2492708   56764   0.36  sync_slam_toolb

07:02:50      UID       PID    %usr %system  %guest   %wait    %CPU   CPU  Command
07:02:51        0    144557    8.00    0.00    0.00    0.00    8.00    10  sync_slam_toolb

07:02:50      UID       PID  minflt/s  majflt/s     VSZ     RSS   %MEM  Command
07:02:51        0    144557      0.00      0.00 2492708   56764   0.36  sync_slam_toolb

07:02:51      UID       PID    %usr %system  %guest   %wait    %CPU   CPU  Command
07:02:52        0    144557    9.00    2.00    0.00    0.00   11.00     8  sync_slam_toolb

07:02:51      UID       PID  minflt/s  majflt/s     VSZ     RSS   %MEM  Command
07:02:52        0    144557      6.00      0.00 2492708   56892   0.36  sync_slam_toolb

07:02:52      UID       PID    %usr %system  %guest   %wait    %CPU   CPU  Command
07:02:53        0    144557    8.00    1.00    0.00    0.00    9.00    10  sync_slam_toolb

07:02:52      UID       PID  minflt/s  majflt/s     VSZ     RSS   %MEM  Command
07:02:53        0    144557      0.00      0.00 2492708   56892   0.36  sync_slam_toolb

07:02:53      UID       PID    %usr %system  %guest   %wait    %CPU   CPU  Command
07:02:54        0    144557   10.00    0.00    0.00    0.00   10.00     0  sync_slam_toolb

07:02:53      UID       PID  minflt/s  majflt/s     VSZ     RSS   %MEM  Command
07:02:54        0    144557      6.00      0.00 2492708   57020   0.37  sync_slam_toolb

07:02:54      UID       PID    %usr %system  %guest   %wait    %CPU   CPU  Command
07:02:55        0    144557    8.00    1.00    0.00    0.00    9.00     0  sync_slam_toolb

07:02:54      UID       PID  minflt/s  majflt/s     VSZ     RSS   %MEM  Command
07:02:55        0    144557      0.00      0.00 2492708   57020   0.37  sync_slam_toolb

07:02:55      UID       PID    %usr %system  %guest   %wait    %CPU   CPU  Command
07:02:56        0    144557   10.00    1.00    0.00    0.00   11.00     4  sync_slam_toolb

07:02:55      UID       PID  minflt/s  majflt/s     VSZ     RSS   %MEM  Command
07:02:56        0    144557      6.00      0.00 2492708   57020   0.37  sync_slam_toolb

07:02:56      UID       PID    %usr %system  %guest   %wait    %CPU   CPU  Command
07:02:57        0    144557    7.00    1.00    0.00    0.00    8.00     4  sync_slam_toolb

07:02:56      UID       PID  minflt/s  majflt/s     VSZ     RSS   %MEM  Command
07:02:57        0    144557    195.00      0.00 2492708   57788   0.37  sync_slam_toolb

07:02:57      UID       PID    %usr %system  %guest   %wait    %CPU   CPU  Command
07:02:58        0    144557   11.00    1.00    0.00    0.00   12.00     0  sync_slam_toolb

07:02:57      UID       PID  minflt/s  majflt/s     VSZ     RSS   %MEM  Command
07:02:58        0    144557     82.00      0.00 2493116   58044   0.37  sync_slam_toolb

07:02:58      UID       PID    %usr %system  %guest   %wait    %CPU   CPU  Command
07:02:59        0    144557    8.00    0.00    0.00    0.00    8.00     4  sync_slam_toolb

07:02:58      UID       PID  minflt/s  majflt/s     VSZ     RSS   %MEM  Command
07:02:59        0    144557      0.00      0.00 2493116   58044   0.37  sync_slam_toolb

07:02:59      UID       PID    %usr %system  %guest   %wait    %CPU   CPU  Command
07:03:00        0    144557   11.00    1.00    0.00    0.00   12.00     0  sync_slam_toolb

07:02:59      UID       PID  minflt/s  majflt/s     VSZ     RSS   %MEM  Command
07:03:00        0    144557      6.00      0.00 2493116   58044   0.37  sync_slam_toolb

07:03:00      UID       PID    %usr %system  %guest   %wait    %CPU   CPU  Command
07:03:01        0    144557    7.00    0.00    0.00    0.00    7.00     0  sync_slam_toolb

07:03:00      UID       PID  minflt/s  majflt/s     VSZ     RSS   %MEM  Command
07:03:01        0    144557      0.00      0.00 2493116   58044   0.37  sync_slam_toolb

07:03:01      UID       PID    %usr %system  %guest   %wait    %CPU   CPU  Command
07:03:02        0    144557    6.00    1.00    0.00    0.00    7.00     6  sync_slam_toolb

07:03:01      UID       PID  minflt/s  majflt/s     VSZ     RSS   %MEM  Command
07:03:02        0    144557      0.00      0.00 2493116   58044   0.37  sync_slam_toolb

07:03:02      UID       PID    %usr %system  %guest   %wait    %CPU   CPU  Command
07:03:03        0    144557    7.00    1.00    0.00    0.00    8.00    10  sync_slam_toolb

07:03:02      UID       PID  minflt/s  majflt/s     VSZ     RSS   %MEM  Command
07:03:03        0    144557      0.00      0.00 2493116   58044   0.37  sync_slam_toolb

07:03:03      UID       PID    %usr %system  %guest   %wait    %CPU   CPU  Command
07:03:04        0    144557    7.00    0.00    0.00    0.00    7.00     8  sync_slam_toolb

07:03:03      UID       PID  minflt/s  majflt/s     VSZ     RSS   %MEM  Command
07:03:04        0    144557      0.00      0.00 2493116   58044   0.37  sync_slam_toolb

07:03:04      UID       PID    %usr %system  %guest   %wait    %CPU   CPU  Command
07:03:05        0    144557    6.00    1.00    0.00    0.00    7.00     0  sync_slam_toolb

07:03:04      UID       PID  minflt/s  majflt/s     VSZ     RSS   %MEM  Command
07:03:05        0    144557      0.00      0.00 2493116   58044   0.37  sync_slam_toolb

07:03:05      UID       PID    %usr %system  %guest   %wait    %CPU   CPU  Command
07:03:06        0    144557    9.00    0.00    0.00    0.00    9.00     8  sync_slam_toolb

07:03:05      UID       PID  minflt/s  majflt/s     VSZ     RSS   %MEM  Command
07:03:06        0    144557      6.00      0.00 2493116   58044   0.37  sync_slam_toolb

07:03:06      UID       PID    %usr %system  %guest   %wait    %CPU   CPU  Command
07:03:07        0    144557    7.00    1.00    0.00    0.00    8.00     0  sync_slam_toolb

07:03:06      UID       PID  minflt/s  majflt/s     VSZ     RSS   %MEM  Command
07:03:07        0    144557      0.00      0.00 2493116   58044   0.37  sync_slam_toolb

07:03:07      UID       PID    %usr %system  %guest   %wait    %CPU   CPU  Command
07:03:08        0    144557    7.00    0.00    0.00    0.00    7.00     2  sync_slam_toolb

07:03:07      UID       PID  minflt/s  majflt/s     VSZ     RSS   %MEM  Command
07:03:08        0    144557      0.00      0.00 2493116   58044   0.37  sync_slam_toolb

07:03:08      UID       PID    %usr %system  %guest   %wait    %CPU   CPU  Command
07:03:09        0    144557    7.00    1.00    0.00    0.00    8.00     0  sync_slam_toolb

07:03:08      UID       PID  minflt/s  majflt/s     VSZ     RSS   %MEM  Command
07:03:09        0    144557      0.00      0.00 2493116   58044   0.37  sync_slam_toolb

07:03:09      UID       PID    %usr %system  %guest   %wait    %CPU   CPU  Command
07:03:10        0    144557    9.00    1.00    0.00    0.00   10.00     0  sync_slam_toolb

07:03:09      UID       PID  minflt/s  majflt/s     VSZ     RSS   %MEM  Command
07:03:10        0    144557      7.00      0.00 2493116   58044   0.37  sync_slam_toolb

07:03:10      UID       PID    %usr %system  %guest   %wait    %CPU   CPU  Command
07:03:11        0    144557    7.00    0.00    0.00    0.00    7.00    10  sync_slam_toolb

07:03:10      UID       PID  minflt/s  majflt/s     VSZ     RSS   %MEM  Command
07:03:11        0    144557      0.00      0.00 2493116   58044   0.37  sync_slam_toolb

07:03:11      UID       PID    %usr %system  %guest   %wait    %CPU   CPU  Command
07:03:12        0    144557    7.00    1.00    0.00    0.00    8.00     0  sync_slam_toolb

07:03:11      UID       PID  minflt/s  majflt/s     VSZ     RSS   %MEM  Command
07:03:12        0    144557      0.00      0.00 2493116   58044   0.37  sync_slam_toolb

07:03:12      UID       PID    %usr %system  %guest   %wait    %CPU   CPU  Command
07:03:13        0    144557    6.00    1.00    0.00    0.00    7.00     3  sync_slam_toolb

07:03:12      UID       PID  minflt/s  majflt/s     VSZ     RSS   %MEM  Command
07:03:13        0    144557      0.00      0.00 2493116   58044   0.37  sync_slam_toolb

07:03:13      UID       PID    %usr %system  %guest   %wait    %CPU   CPU  Command
07:03:14        0    144557    9.00    1.00    0.00    0.00   10.00     3  sync_slam_toolb

07:03:13      UID       PID  minflt/s  majflt/s     VSZ     RSS   %MEM  Command
07:03:14        0    144557      8.00      0.00 2493116   58172   0.37  sync_slam_toolb

07:03:14      UID       PID    %usr %system  %guest   %wait    %CPU   CPU  Command
07:03:15        0    144557    7.00    1.00    0.00    0.00    8.00     3  sync_slam_toolb

07:03:14      UID       PID  minflt/s  majflt/s     VSZ     RSS   %MEM  Command
07:03:15        0    144557      0.00      0.00 2493116   58172   0.37  sync_slam_toolb

07:03:15      UID       PID    %usr %system  %guest   %wait    %CPU   CPU  Command
07:03:16        0    144557   11.00    1.00    0.00    0.00   12.00     3  sync_slam_toolb

07:03:15      UID       PID  minflt/s  majflt/s     VSZ     RSS   %MEM  Command
07:03:16        0    144557      7.00      0.00 2493116   58300   0.37  sync_slam_toolb

07:03:16      UID       PID    %usr %system  %guest   %wait    %CPU   CPU  Command
07:03:17        0    144557    7.00    1.00    0.00    0.00    8.00     3  sync_slam_toolb

07:03:16      UID       PID  minflt/s  majflt/s     VSZ     RSS   %MEM  Command
07:03:17        0    144557      0.00      0.00 2493116   58300   0.37  sync_slam_toolb

07:03:17      UID       PID    %usr %system  %guest   %wait    %CPU   CPU  Command
07:03:18        0    144557   10.00    1.00    0.00    0.00   11.00     3  sync_slam_toolb

07:03:17      UID       PID  minflt/s  majflt/s     VSZ     RSS   %MEM  Command
07:03:18        0    144557      6.00      0.00 2493116   58300   0.37  sync_slam_toolb

07:03:18      UID       PID    %usr %system  %guest   %wait    %CPU   CPU  Command
07:03:19        0    144557    8.00    1.00    0.00    0.00    9.00     3  sync_slam_toolb

07:03:18      UID       PID  minflt/s  majflt/s     VSZ     RSS   %MEM  Command
07:03:19        0    144557      0.00      0.00 2493116   58300   0.37  sync_slam_toolb

07:03:19      UID       PID    %usr %system  %guest   %wait    %CPU   CPU  Command
07:03:20        0    144557    7.00    1.00    0.00    0.00    8.00     3  sync_slam_toolb

07:03:19      UID       PID  minflt/s  majflt/s     VSZ     RSS   %MEM  Command
07:03:20        0    144557      0.00      0.00 2493116   58300   0.37  sync_slam_toolb

07:03:20      UID       PID    %usr %system  %guest   %wait    %CPU   CPU  Command
07:03:21        0    144557   10.00    1.00    0.00    0.00   11.00    10  sync_slam_toolb

07:03:20      UID       PID  minflt/s  majflt/s     VSZ     RSS   %MEM  Command
07:03:21        0    144557      7.00      0.00 2493116   58300   0.37  sync_slam_toolb

07:03:21      UID       PID    %usr %system  %guest   %wait    %CPU   CPU  Command
07:03:22        0    144557    8.00    1.00    0.00    0.00    9.00     6  sync_slam_toolb

07:03:21      UID       PID  minflt/s  majflt/s     VSZ     RSS   %MEM  Command
07:03:22        0    144557      0.00      0.00 2493116   58300   0.37  sync_slam_toolb

07:03:22      UID       PID    %usr %system  %guest   %wait    %CPU   CPU  Command
07:03:23        0    144557   10.00    1.00    0.00    0.00   11.00     3  sync_slam_toolb

07:03:22      UID       PID  minflt/s  majflt/s     VSZ     RSS   %MEM  Command
07:03:23        0    144557      6.00      0.00 2493116   58300   0.37  sync_slam_toolb

07:03:23      UID       PID    %usr %system  %guest   %wait    %CPU   CPU  Command
07:03:24        0    144557    7.00    1.00    0.00    0.00    8.00     6  sync_slam_toolb

07:03:23      UID       PID  minflt/s  majflt/s     VSZ     RSS   %MEM  Command
07:03:24        0    144557      0.00      0.00 2493116   58300   0.37  sync_slam_toolb

07:03:24      UID       PID    %usr %system  %guest   %wait    %CPU   CPU  Command
07:03:25        0    144557   10.00    1.00    0.00    0.00   11.00     6  sync_slam_toolb

07:03:24      UID       PID  minflt/s  majflt/s     VSZ     RSS   %MEM  Command
07:03:25        0    144557      6.00      0.00 2493116   58300   0.37  sync_slam_toolb

07:03:25      UID       PID    %usr %system  %guest   %wait    %CPU   CPU  Command
07:03:26        0    144557    8.00    1.00    0.00    0.00    9.00     3  sync_slam_toolb

07:03:25      UID       PID  minflt/s  majflt/s     VSZ     RSS   %MEM  Command
07:03:26        0    144557      0.00      0.00 2493116   58300   0.37  sync_slam_toolb

07:03:26      UID       PID    %usr %system  %guest   %wait    %CPU   CPU  Command
07:03:27        0    144557   10.00    1.00    0.00    0.00   11.00     3  sync_slam_toolb

07:03:26      UID       PID  minflt/s  majflt/s     VSZ     RSS   %MEM  Command
07:03:27        0    144557      5.00      0.00 2493116   58300   0.37  sync_slam_toolb

07:03:27      UID       PID    %usr %system  %guest   %wait    %CPU   CPU  Command
07:03:28        0    144557    7.00    1.00    0.00    0.00    8.00     6  sync_slam_toolb

07:03:27      UID       PID  minflt/s  majflt/s     VSZ     RSS   %MEM  Command
07:03:28        0    144557      0.00      0.00 2493116   58300   0.37  sync_slam_toolb

07:03:28      UID       PID    %usr %system  %guest   %wait    %CPU   CPU  Command
07:03:29        0    144557   10.00    1.00    0.00    0.00   11.00     3  sync_slam_toolb

07:03:28      UID       PID  minflt/s  majflt/s     VSZ     RSS   %MEM  Command
07:03:29        0    144557      6.00      0.00 2493116   58300   0.37  sync_slam_toolb

07:03:29      UID       PID    %usr %system  %guest   %wait    %CPU   CPU  Command
07:03:30        0    144557    6.00    2.00    0.00    0.00    8.00     3  sync_slam_toolb

07:03:29      UID       PID  minflt/s  majflt/s     VSZ     RSS   %MEM  Command
07:03:30        0    144557      0.00      0.00 2493116   58300   0.37  sync_slam_toolb

07:03:30      UID       PID    %usr %system  %guest   %wait    %CPU   CPU  Command
07:03:31        0    144557    8.00    1.00    0.00    0.00    9.00     3  sync_slam_toolb

07:03:30      UID       PID  minflt/s  majflt/s     VSZ     RSS   %MEM  Command
07:03:31        0    144557      0.00      0.00 2493116   58300   0.37  sync_slam_toolb

07:03:31      UID       PID    %usr %system  %guest   %wait    %CPU   CPU  Command
07:03:32        0    144557   10.00    2.00    0.00    0.00   12.00     3  sync_slam_toolb

07:03:31      UID       PID  minflt/s  majflt/s     VSZ     RSS   %MEM  Command
07:03:32        0    144557      5.00      0.00 2493116   58428   0.37  sync_slam_toolb

07:03:32      UID       PID    %usr %system  %guest   %wait    %CPU   CPU  Command
07:03:33        0    144557    7.00    1.00    0.00    0.00    8.00     3  sync_slam_toolb

07:03:32      UID       PID  minflt/s  majflt/s     VSZ     RSS   %MEM  Command
07:03:33        0    144557      0.00      0.00 2493116   58428   0.37  sync_slam_toolb

07:03:33      UID       PID    %usr %system  %guest   %wait    %CPU   CPU  Command
07:03:34        0    144557    8.00    1.00    0.00    0.00    9.00     3  sync_slam_toolb

07:03:33      UID       PID  minflt/s  majflt/s     VSZ     RSS   %MEM  Command
07:03:34        0    144557      0.00      0.00 2493116   58428   0.37  sync_slam_toolb

07:03:34      UID       PID    %usr %system  %guest   %wait    %CPU   CPU  Command
07:03:35        0    144557   11.00    1.00    0.00    0.00   12.00     8  sync_slam_toolb

07:03:34      UID       PID  minflt/s  majflt/s     VSZ     RSS   %MEM  Command
07:03:35        0    144557      7.00      0.00 2493116   58428   0.37  sync_slam_toolb

07:03:35      UID       PID    %usr %system  %guest   %wait    %CPU   CPU  Command
07:03:36        0    144557    8.00    0.00    0.00    0.00    8.00     3  sync_slam_toolb

07:03:35      UID       PID  minflt/s  majflt/s     VSZ     RSS   %MEM  Command
07:03:36        0    144557      0.00      0.00 2493116   58428   0.37  sync_slam_toolb

07:03:36      UID       PID    %usr %system  %guest   %wait    %CPU   CPU  Command
07:03:37        0    144557    7.00    1.00    0.00    0.00    8.00     8  sync_slam_toolb

07:03:36      UID       PID  minflt/s  majflt/s     VSZ     RSS   %MEM  Command
07:03:37        0    144557      0.00      0.00 2493116   58428   0.37  sync_slam_toolb

07:03:37      UID       PID    %usr %system  %guest   %wait    %CPU   CPU  Command
07:03:38        0    144557    8.00    0.00    0.00    0.00    8.00     8  sync_slam_toolb

07:03:37      UID       PID  minflt/s  majflt/s     VSZ     RSS   %MEM  Command
07:03:38        0    144557      0.00      0.00 2493116   58428   0.37  sync_slam_toolb

07:03:38      UID       PID    %usr %system  %guest   %wait    %CPU   CPU  Command
07:03:39        0    144557   10.00    2.00    0.00    0.00   12.00     2  sync_slam_toolb

07:03:38      UID       PID  minflt/s  majflt/s     VSZ     RSS   %MEM  Command
07:03:39        0    144557      6.00      0.00 2493116   58428   0.37  sync_slam_toolb

07:03:39      UID       PID    %usr %system  %guest   %wait    %CPU   CPU  Command
07:03:40        0    144557    7.00    1.00    0.00    0.00    8.00     8  sync_slam_toolb

07:03:39      UID       PID  minflt/s  majflt/s     VSZ     RSS   %MEM  Command
07:03:40        0    144557      0.00      0.00 2493116   58428   0.37  sync_slam_toolb

07:03:40      UID       PID    %usr %system  %guest   %wait    %CPU   CPU  Command
07:03:41        0    144557   10.00    2.00    0.00    0.00   12.00     6  sync_slam_toolb

07:03:40      UID       PID  minflt/s  majflt/s     VSZ     RSS   %MEM  Command
07:03:41        0    144557      6.00      0.00 2493116   58428   0.37  sync_slam_toolb

07:03:41      UID       PID    %usr %system  %guest   %wait    %CPU   CPU  Command
07:03:42        0    144557    8.00    1.00    0.00    0.00    9.00     0  sync_slam_toolb

07:03:41      UID       PID  minflt/s  majflt/s     VSZ     RSS   %MEM  Command
07:03:42        0    144557      0.00      0.00 2493116   58428   0.37  sync_slam_toolb

07:03:42      UID       PID    %usr %system  %guest   %wait    %CPU   CPU  Command
07:03:43        0    144557    7.00    1.00    0.00    0.00    8.00     6  sync_slam_toolb

07:03:42      UID       PID  minflt/s  majflt/s     VSZ     RSS   %MEM  Command
07:03:43        0    144557      0.00      0.00 2493116   58428   0.37  sync_slam_toolb

07:03:43      UID       PID    %usr %system  %guest   %wait    %CPU   CPU  Command
07:03:44        0    144557   11.00    1.00    0.00    0.00   12.00     0  sync_slam_toolb

07:03:43      UID       PID  minflt/s  majflt/s     VSZ     RSS   %MEM  Command
07:03:44        0    144557      6.00      0.00 2493116   58428   0.37  sync_slam_toolb

07:03:44      UID       PID    %usr %system  %guest   %wait    %CPU   CPU  Command
07:03:45        0    144557    8.00    0.00    0.00    0.00    8.00     6  sync_slam_toolb

07:03:44      UID       PID  minflt/s  majflt/s     VSZ     RSS   %MEM  Command
07:03:45        0    144557      0.00      0.00 2493116   58428   0.37  sync_slam_toolb

07:03:45      UID       PID    %usr %system  %guest   %wait    %CPU   CPU  Command
07:03:46        0    144557   10.00    2.00    0.00    0.00   12.00     6  sync_slam_toolb

07:03:45      UID       PID  minflt/s  majflt/s     VSZ     RSS   %MEM  Command
07:03:46        0    144557      6.00      0.00 2493116   58428   0.37  sync_slam_toolb

07:03:46      UID       PID    %usr %system  %guest   %wait    %CPU   CPU  Command
07:03:47        0    144557    7.00    1.00    0.00    0.00    8.00     0  sync_slam_toolb

07:03:46      UID       PID  minflt/s  majflt/s     VSZ     RSS   %MEM  Command
07:03:47        0    144557      0.00      0.00 2493116   58428   0.37  sync_slam_toolb

07:03:47      UID       PID    %usr %system  %guest   %wait    %CPU   CPU  Command
07:03:48        0    144557    8.00    1.00    0.00    0.00    9.00     0  sync_slam_toolb

07:03:47      UID       PID  minflt/s  majflt/s     VSZ     RSS   %MEM  Command
07:03:48        0    144557      0.00      0.00 2493116   58428   0.37  sync_slam_toolb

07:03:48      UID       PID    %usr %system  %guest   %wait    %CPU   CPU  Command
07:03:49        0    144557   10.89    0.99    0.00    0.00   11.88     0  sync_slam_toolb

07:03:48      UID       PID  minflt/s  majflt/s     VSZ     RSS   %MEM  Command
07:03:49        0    144557      6.93      0.00 2493116   58428   0.37  sync_slam_toolb

07:03:49      UID       PID    %usr %system  %guest   %wait    %CPU   CPU  Command
07:03:50        0    144557    8.00    0.00    0.00    0.00    8.00     2  sync_slam_toolb

07:03:49      UID       PID  minflt/s  majflt/s     VSZ     RSS   %MEM  Command
07:03:50        0    144557      0.00      0.00 2493116   58428   0.37  sync_slam_toolb

07:03:50      UID       PID    %usr %system  %guest   %wait    %CPU   CPU  Command
07:03:51        0    144557   11.00    1.00    0.00    0.00   12.00     4  sync_slam_toolb

07:03:50      UID       PID  minflt/s  majflt/s     VSZ     RSS   %MEM  Command
07:03:51        0    144557      5.00      0.00 2493116   58428   0.37  sync_slam_toolb

07:03:51      UID       PID    %usr %system  %guest   %wait    %CPU   CPU  Command
07:03:52        0    144557    8.00    0.00    0.00    0.00    8.00     4  sync_slam_toolb

07:03:51      UID       PID  minflt/s  majflt/s     VSZ     RSS   %MEM  Command
07:03:52        0    144557      0.00      0.00 2493116   58428   0.37  sync_slam_toolb

07:03:52      UID       PID    %usr %system  %guest   %wait    %CPU   CPU  Command
07:03:53        0    144557   10.00    2.00    0.00    0.00   12.00     2  sync_slam_toolb

07:03:52      UID       PID  minflt/s  majflt/s     VSZ     RSS   %MEM  Command
07:03:53        0    144557      5.00      0.00 2493116   58428   0.37  sync_slam_toolb

07:03:53      UID       PID    %usr %system  %guest   %wait    %CPU   CPU  Command
07:03:54        0    144557    8.00    1.00    0.00    0.00    9.00     2  sync_slam_toolb

07:03:53      UID       PID  minflt/s  majflt/s     VSZ     RSS   %MEM  Command
07:03:54        0    144557      0.00      0.00 2493116   58428   0.37  sync_slam_toolb

07:03:54      UID       PID    %usr %system  %guest   %wait    %CPU   CPU  Command
07:03:55        0    144557   12.00    1.00    0.00    0.00   13.00     2  sync_slam_toolb

07:03:54      UID       PID  minflt/s  majflt/s     VSZ     RSS   %MEM  Command
07:03:55        0    144557      7.00      0.00 2493116   58428   0.37  sync_slam_toolb

07:03:55      UID       PID    %usr %system  %guest   %wait    %CPU   CPU  Command
07:03:56        0    144557    8.00    0.00    0.00    0.00    8.00     2  sync_slam_toolb

07:03:55      UID       PID  minflt/s  majflt/s     VSZ     RSS   %MEM  Command
07:03:56        0    144557      0.00      0.00 2493116   58428   0.37  sync_slam_toolb

07:03:56      UID       PID    %usr %system  %guest   %wait    %CPU   CPU  Command
07:03:57        0    144557    7.00    1.00    0.00    0.00    8.00     4  sync_slam_toolb

07:03:56      UID       PID  minflt/s  majflt/s     VSZ     RSS   %MEM  Command
07:03:57        0    144557      0.00      0.00 2493116   58428   0.37  sync_slam_toolb

07:03:57      UID       PID    %usr %system  %guest   %wait    %CPU   CPU  Command
07:03:58        0    144557    8.00    1.00    0.00    0.00    9.00    12  sync_slam_toolb

07:03:57      UID       PID  minflt/s  majflt/s     VSZ     RSS   %MEM  Command
07:03:58        0    144557      0.00      0.00 2493116   58428   0.37  sync_slam_toolb

07:03:58      UID       PID    %usr %system  %guest   %wait    %CPU   CPU  Command
07:03:59        0    144557    8.00    0.00    0.00    0.00    8.00     6  sync_slam_toolb

07:03:58      UID       PID  minflt/s  majflt/s     VSZ     RSS   %MEM  Command
07:03:59        0    144557      0.00      0.00 2493116   58428   0.37  sync_slam_toolb

07:03:59      UID       PID    %usr %system  %guest   %wait    %CPU   CPU  Command
07:04:00        0    144557    8.00    1.00    0.00    0.00    9.00     2  sync_slam_toolb

07:03:59      UID       PID  minflt/s  majflt/s     VSZ     RSS   %MEM  Command
07:04:00        0    144557      0.00      0.00 2493116   58428   0.37  sync_slam_toolb

07:04:00      UID       PID    %usr %system  %guest   %wait    %CPU   CPU  Command
07:04:01        0    144557    7.00    1.00    0.00    0.00    8.00     8  sync_slam_toolb

07:04:00      UID       PID  minflt/s  majflt/s     VSZ     RSS   %MEM  Command
07:04:01        0    144557      0.00      0.00 2493116   58428   0.37  sync_slam_toolb

07:04:01      UID       PID    %usr %system  %guest   %wait    %CPU   CPU  Command
07:04:02        0    144557    7.00    1.00    0.00    0.00    8.00     6  sync_slam_toolb

07:04:01      UID       PID  minflt/s  majflt/s     VSZ     RSS   %MEM  Command
07:04:02        0    144557      0.00      0.00 2493116   58428   0.37  sync_slam_toolb

07:04:02      UID       PID    %usr %system  %guest   %wait    %CPU   CPU  Command
07:04:03        0    144557    8.00    1.00    0.00    0.00    9.00     6  sync_slam_toolb

07:04:02      UID       PID  minflt/s  majflt/s     VSZ     RSS   %MEM  Command
07:04:03        0    144557      0.00      0.00 2493116   58428   0.37  sync_slam_toolb

07:04:03      UID       PID    %usr %system  %guest   %wait    %CPU   CPU  Command
07:04:04        0    144557    8.00    0.00    0.00    0.00    8.00     6  sync_slam_toolb

07:04:03      UID       PID  minflt/s  majflt/s     VSZ     RSS   %MEM  Command
07:04:04        0    144557      0.00      0.00 2493116   58428   0.37  sync_slam_toolb

07:04:04      UID       PID    %usr %system  %guest   %wait    %CPU   CPU  Command
07:04:05        0    144557    8.00    2.00    0.00    0.00   10.00     7  sync_slam_toolb

07:04:04      UID       PID  minflt/s  majflt/s     VSZ     RSS   %MEM  Command
07:04:05        0    144557      0.00      0.00 2493116   58428   0.37  sync_slam_toolb

07:04:05      UID       PID    %usr %system  %guest   %wait    %CPU   CPU  Command
07:04:06        0    144557    6.00    1.00    0.00    0.00    7.00     6  sync_slam_toolb

07:04:05      UID       PID  minflt/s  majflt/s     VSZ     RSS   %MEM  Command
07:04:06        0    144557      0.00      0.00 2493116   58428   0.37  sync_slam_toolb

07:04:06      UID       PID    %usr %system  %guest   %wait    %CPU   CPU  Command
07:04:07        0    144557    8.00    2.00    0.00    0.00   10.00     7  sync_slam_toolb

07:04:06      UID       PID  minflt/s  majflt/s     VSZ     RSS   %MEM  Command
07:04:07        0    144557      0.00      0.00 2493116   58428   0.37  sync_slam_toolb

07:04:07      UID       PID    %usr %system  %guest   %wait    %CPU   CPU  Command
07:04:08        0    144557    7.00    1.00    0.00    0.00    8.00     6  sync_slam_toolb

07:04:07      UID       PID  minflt/s  majflt/s     VSZ     RSS   %MEM  Command
07:04:08        0    144557      0.00      0.00 2493116   58428   0.37  sync_slam_toolb

07:04:08      UID       PID    %usr %system  %guest   %wait    %CPU   CPU  Command
07:04:09        0    144557   10.00    2.00    0.00    0.00   12.00     7  sync_slam_toolb

07:04:08      UID       PID  minflt/s  majflt/s     VSZ     RSS   %MEM  Command
07:04:09        0    144557      6.00      0.00 2493116   58428   0.37  sync_slam_toolb

07:04:09      UID       PID    %usr %system  %guest   %wait    %CPU   CPU  Command
07:04:10        0    144557    8.00    1.00    0.00    0.00    9.00     7  sync_slam_toolb

07:04:09      UID       PID  minflt/s  majflt/s     VSZ     RSS   %MEM  Command
07:04:10        0    144557      0.00      0.00 2493116   58428   0.37  sync_slam_toolb

07:04:10      UID       PID    %usr %system  %guest   %wait    %CPU   CPU  Command
07:04:11        0    144557    9.00    2.00    0.00    0.00   11.00     7  sync_slam_toolb

07:04:10      UID       PID  minflt/s  majflt/s     VSZ     RSS   %MEM  Command
07:04:11        0    144557      5.00      0.00 2493116   58428   0.37  sync_slam_toolb

07:04:11      UID       PID    %usr %system  %guest   %wait    %CPU   CPU  Command
07:04:12        0    144557    8.00    1.00    0.00    0.00    9.00     8  sync_slam_toolb

07:04:11      UID       PID  minflt/s  majflt/s     VSZ     RSS   %MEM  Command
07:04:12        0    144557      0.00      0.00 2493116   58428   0.37  sync_slam_toolb

07:04:12      UID       PID    %usr %system  %guest   %wait    %CPU   CPU  Command
07:04:13        0    144557    7.00    1.00    0.00    0.00    8.00     7  sync_slam_toolb

07:04:12      UID       PID  minflt/s  majflt/s     VSZ     RSS   %MEM  Command
07:04:13        0    144557      0.00      0.00 2493116   58428   0.37  sync_slam_toolb

07:04:13      UID       PID    %usr %system  %guest   %wait    %CPU   CPU  Command
07:04:14        0    144557   10.00    1.00    0.00    0.00   11.00     7  sync_slam_toolb

07:04:13      UID       PID  minflt/s  majflt/s     VSZ     RSS   %MEM  Command
07:04:14        0    144557      7.00      0.00 2493116   58556   0.38  sync_slam_toolb

07:04:14      UID       PID    %usr %system  %guest   %wait    %CPU   CPU  Command
07:04:15        0    144557    7.00    1.00    0.00    0.00    8.00     7  sync_slam_toolb

07:04:14      UID       PID  minflt/s  majflt/s     VSZ     RSS   %MEM  Command
07:04:15        0    144557      0.00      0.00 2493116   58556   0.38  sync_slam_toolb

07:04:15      UID       PID    %usr %system  %guest   %wait    %CPU   CPU  Command
07:04:16        0    144557    8.00    1.00    0.00    0.00    9.00     7  sync_slam_toolb

07:04:15      UID       PID  minflt/s  majflt/s     VSZ     RSS   %MEM  Command
07:04:16        0    144557      0.00      0.00 2493116   58556   0.38  sync_slam_toolb

07:04:16      UID       PID    %usr %system  %guest   %wait    %CPU   CPU  Command
07:04:17        0    144557    7.00    1.00    0.00    0.00    8.00     2  sync_slam_toolb

07:04:16      UID       PID  minflt/s  majflt/s     VSZ     RSS   %MEM  Command
07:04:17        0    144557      0.00      0.00 2493116   58556   0.38  sync_slam_toolb

07:04:17      UID       PID    %usr %system  %guest   %wait    %CPU   CPU  Command
07:04:18        0    144557    7.00    1.00    0.00    0.00    8.00     2  sync_slam_toolb

07:04:17      UID       PID  minflt/s  majflt/s     VSZ     RSS   %MEM  Command
07:04:18        0    144557      0.00      0.00 2493116   58556   0.38  sync_slam_toolb

07:04:18      UID       PID    %usr %system  %guest   %wait    %CPU   CPU  Command
07:04:19        0    144557    8.00    1.00    0.00    0.00    9.00     2  sync_slam_toolb

07:04:18      UID       PID  minflt/s  majflt/s     VSZ     RSS   %MEM  Command
07:04:19        0    144557      0.00      0.00 2493116   58556   0.38  sync_slam_toolb

07:04:19      UID       PID    %usr %system  %guest   %wait    %CPU   CPU  Command
07:04:20        0    144557   10.00    2.00    0.00    0.00   12.00     7  sync_slam_toolb

07:04:19      UID       PID  minflt/s  majflt/s     VSZ     RSS   %MEM  Command
07:04:20        0    144557      6.00      0.00 2493116   58556   0.38  sync_slam_toolb

07:04:20      UID       PID    %usr %system  %guest   %wait    %CPU   CPU  Command
07:04:21        0    144557    8.00    0.00    0.00    0.00    8.00    10  sync_slam_toolb

07:04:20      UID       PID  minflt/s  majflt/s     VSZ     RSS   %MEM  Command
07:04:21        0    144557      0.00      0.00 2493116   58556   0.38  sync_slam_toolb

07:04:21      UID       PID    %usr %system  %guest   %wait    %CPU   CPU  Command
07:04:22        0    144557   11.00    1.00    0.00    0.00   12.00    10  sync_slam_toolb

07:04:21      UID       PID  minflt/s  majflt/s     VSZ     RSS   %MEM  Command
07:04:22        0    144557      6.00      0.00 2493116   58556   0.38  sync_slam_toolb

07:04:22      UID       PID    %usr %system  %guest   %wait    %CPU   CPU  Command
07:04:23        0    144557    7.00    1.00    0.00    0.00    8.00    12  sync_slam_toolb

07:04:22      UID       PID  minflt/s  majflt/s     VSZ     RSS   %MEM  Command
07:04:23        0    144557      0.00      0.00 2493116   58556   0.38  sync_slam_toolb

07:04:23      UID       PID    %usr %system  %guest   %wait    %CPU   CPU  Command
07:04:24        0    144557    8.00    1.00    0.00    0.00    9.00     7  sync_slam_toolb

07:04:23      UID       PID  minflt/s  majflt/s     VSZ     RSS   %MEM  Command
07:04:24        0    144557      0.00      0.00 2493116   58556   0.38  sync_slam_toolb

07:04:24      UID       PID    %usr %system  %guest   %wait    %CPU   CPU  Command
07:04:25        0    144557   11.00    1.00    0.00    0.00   12.00     7  sync_slam_toolb

07:04:24      UID       PID  minflt/s  majflt/s     VSZ     RSS   %MEM  Command
07:04:25        0    144557      5.00      0.00 2493116   58556   0.38  sync_slam_toolb

07:04:25      UID       PID    %usr %system  %guest   %wait    %CPU   CPU  Command
07:04:26        0    144557    7.00    1.00    0.00    0.00    8.00     6  sync_slam_toolb

07:04:25      UID       PID  minflt/s  majflt/s     VSZ     RSS   %MEM  Command
07:04:26        0    144557      0.00      0.00 2493116   58556   0.38  sync_slam_toolb

07:04:26      UID       PID    %usr %system  %guest   %wait    %CPU   CPU  Command
07:04:27        0    144557    8.00    1.00    0.00    0.00    9.00     6  sync_slam_toolb

07:04:26      UID       PID  minflt/s  majflt/s     VSZ     RSS   %MEM  Command
07:04:27        0    144557      0.00      0.00 2493116   58556   0.38  sync_slam_toolb

07:04:27      UID       PID    %usr %system  %guest   %wait    %CPU   CPU  Command
07:04:28        0    144557   11.00    1.00    0.00    0.00   12.00     6  sync_slam_toolb

07:04:27      UID       PID  minflt/s  majflt/s     VSZ     RSS   %MEM  Command
07:04:28        0    144557      7.00      0.00 2493116   58684   0.38  sync_slam_toolb

07:04:28      UID       PID    %usr %system  %guest   %wait    %CPU   CPU  Command
07:04:29        0    144557    9.00    0.00    0.00    0.00    9.00     7  sync_slam_toolb

07:04:28      UID       PID  minflt/s  majflt/s     VSZ     RSS   %MEM  Command
07:04:29        0    144557      0.00      0.00 2493116   58684   0.38  sync_slam_toolb

07:04:29      UID       PID    %usr %system  %guest   %wait    %CPU   CPU  Command
07:04:30        0    144557    7.00    1.00    0.00    0.00    8.00     7  sync_slam_toolb

07:04:29      UID       PID  minflt/s  majflt/s     VSZ     RSS   %MEM  Command
07:04:30        0    144557      0.00      0.00 2493116   58684   0.38  sync_slam_toolb

07:04:30      UID       PID    %usr %system  %guest   %wait    %CPU   CPU  Command
07:04:31        0    144557   11.00    0.00    0.00    0.00   11.00     3  sync_slam_toolb

07:04:30      UID       PID  minflt/s  majflt/s     VSZ     RSS   %MEM  Command
07:04:31        0    144557      6.00      0.00 2493116   58684   0.38  sync_slam_toolb

07:04:31      UID       PID    %usr %system  %guest   %wait    %CPU   CPU  Command
07:04:32        0    144557    8.00    1.00    0.00    0.00    9.00     6  sync_slam_toolb

07:04:31      UID       PID  minflt/s  majflt/s     VSZ     RSS   %MEM  Command
07:04:32        0    144557      0.00      0.00 2493116   58684   0.38  sync_slam_toolb

07:04:32      UID       PID    %usr %system  %guest   %wait    %CPU   CPU  Command
07:04:33        0    144557   11.00    1.00    0.00    0.00   12.00     8  sync_slam_toolb

07:04:32      UID       PID  minflt/s  majflt/s     VSZ     RSS   %MEM  Command
07:04:33        0    144557      6.00      0.00 2493116   58684   0.38  sync_slam_toolb

07:04:33      UID       PID    %usr %system  %guest   %wait    %CPU   CPU  Command
07:04:34        0    144557    8.00    1.00    0.00    0.00    9.00     3  sync_slam_toolb

07:04:33      UID       PID  minflt/s  majflt/s     VSZ     RSS   %MEM  Command
07:04:34        0    144557      0.00      0.00 2493116   58684   0.38  sync_slam_toolb

07:04:34      UID       PID    %usr %system  %guest   %wait    %CPU   CPU  Command
07:04:35        0    144557   11.00    1.00    0.00    0.00   12.00     3  sync_slam_toolb

07:04:34      UID       PID  minflt/s  majflt/s     VSZ     RSS   %MEM  Command
07:04:35        0    144557      6.00      0.00 2493116   58684   0.38  sync_slam_toolb

07:04:35      UID       PID    %usr %system  %guest   %wait    %CPU   CPU  Command
07:04:36        0    144557    8.00    1.00    0.00    0.00    9.00     3  sync_slam_toolb

07:04:35      UID       PID  minflt/s  majflt/s     VSZ     RSS   %MEM  Command
07:04:36        0    144557      0.00      0.00 2493116   58684   0.38  sync_slam_toolb

07:04:36      UID       PID    %usr %system  %guest   %wait    %CPU   CPU  Command
07:04:37        0    144557   11.00    0.00    0.00    0.00   11.00     3  sync_slam_toolb

07:04:36      UID       PID  minflt/s  majflt/s     VSZ     RSS   %MEM  Command
07:04:37        0    144557      6.00      0.00 2493116   58684   0.38  sync_slam_toolb

07:04:37      UID       PID    %usr %system  %guest   %wait    %CPU   CPU  Command
07:04:38        0    144557    7.00    1.00    0.00    0.00    8.00     3  sync_slam_toolb

07:04:37      UID       PID  minflt/s  majflt/s     VSZ     RSS   %MEM  Command
07:04:38        0    144557      0.00      0.00 2493116   58684   0.38  sync_slam_toolb

07:04:38      UID       PID    %usr %system  %guest   %wait    %CPU   CPU  Command
07:04:39        0    144557   11.00    2.00    0.00    0.00   13.00     3  sync_slam_toolb

07:04:38      UID       PID  minflt/s  majflt/s     VSZ     RSS   %MEM  Command
07:04:39        0    144557      6.00      0.00 2493116   58684   0.38  sync_slam_toolb

07:04:39      UID       PID    %usr %system  %guest   %wait    %CPU   CPU  Command
07:04:40        0    144557    8.00    0.00    0.00    0.00    8.00     0  sync_slam_toolb

07:04:39      UID       PID  minflt/s  majflt/s     VSZ     RSS   %MEM  Command
07:04:40        0    144557      0.00      0.00 2493116   58684   0.38  sync_slam_toolb

07:04:40      UID       PID    %usr %system  %guest   %wait    %CPU   CPU  Command
07:04:41        0    144557    7.00    2.00    0.00    0.00    9.00     2  sync_slam_toolb

07:04:40      UID       PID  minflt/s  majflt/s     VSZ     RSS   %MEM  Command
07:04:41        0    144557      0.00      0.00 2493116   58684   0.38  sync_slam_toolb

07:04:41      UID       PID    %usr %system  %guest   %wait    %CPU   CPU  Command
07:04:42        0    144557    8.00    0.00    0.00    0.00    8.00     4  sync_slam_toolb

07:04:41      UID       PID  minflt/s  majflt/s     VSZ     RSS   %MEM  Command
07:04:42        0    144557      0.00      0.00 2493116   58684   0.38  sync_slam_toolb

07:04:42      UID       PID    %usr %system  %guest   %wait    %CPU   CPU  Command
07:04:43        0    144557   11.00    1.00    0.00    0.00   12.00     4  sync_slam_toolb

07:04:42      UID       PID  minflt/s  majflt/s     VSZ     RSS   %MEM  Command
07:04:43        0    144557      6.00      0.00 2493116   58684   0.38  sync_slam_toolb

07:04:43      UID       PID    %usr %system  %guest   %wait    %CPU   CPU  Command
07:04:44        0    144557    8.00    1.00    0.00    0.00    9.00    14  sync_slam_toolb

07:04:43      UID       PID  minflt/s  majflt/s     VSZ     RSS   %MEM  Command
07:04:44        0    144557      0.00      0.00 2493116   58684   0.38  sync_slam_toolb

07:04:44      UID       PID    %usr %system  %guest   %wait    %CPU   CPU  Command
07:04:45        0    144557   11.00    1.00    0.00    0.00   12.00     6  sync_slam_toolb

07:04:44      UID       PID  minflt/s  majflt/s     VSZ     RSS   %MEM  Command
07:04:45        0    144557      5.00      0.00 2493116   58812   0.38  sync_slam_toolb

07:04:45      UID       PID    %usr %system  %guest   %wait    %CPU   CPU  Command
07:04:46        0    144557    8.00    1.00    0.00    0.00    9.00     6  sync_slam_toolb

07:04:45      UID       PID  minflt/s  majflt/s     VSZ     RSS   %MEM  Command
07:04:46        0    144557      0.00      0.00 2493116   58812   0.38  sync_slam_toolb

07:04:46      UID       PID    %usr %system  %guest   %wait    %CPU   CPU  Command
07:04:47        0    144557    8.00    0.00    0.00    0.00    8.00     8  sync_slam_toolb

07:04:46      UID       PID  minflt/s  majflt/s     VSZ     RSS   %MEM  Command
07:04:47        0    144557      0.00      0.00 2493116   58812   0.38  sync_slam_toolb

07:04:47      UID       PID    %usr %system  %guest   %wait    %CPU   CPU  Command
07:04:48        0    144557    8.00    1.00    0.00    0.00    9.00     8  sync_slam_toolb

07:04:47      UID       PID  minflt/s  majflt/s     VSZ     RSS   %MEM  Command
07:04:48        0    144557      0.00      0.00 2493116   58812   0.38  sync_slam_toolb

07:04:48      UID       PID    %usr %system  %guest   %wait    %CPU   CPU  Command
07:04:49        0    144557    7.00    2.00    0.00    0.00    9.00     4  sync_slam_toolb

07:04:48      UID       PID  minflt/s  majflt/s     VSZ     RSS   %MEM  Command
07:04:49        0    144557      0.00      0.00 2493116   58812   0.38  sync_slam_toolb

07:04:49      UID       PID    %usr %system  %guest   %wait    %CPU   CPU  Command
07:04:50        0    144557    7.00    1.00    0.00    0.00    8.00     2  sync_slam_toolb

07:04:49      UID       PID  minflt/s  majflt/s     VSZ     RSS   %MEM  Command
07:04:50        0    144557      0.00      0.00 2493116   58812   0.38  sync_slam_toolb

07:04:50      UID       PID    %usr %system  %guest   %wait    %CPU   CPU  Command
07:04:51        0    144557    9.00    1.00    0.00    0.00   10.00     4  sync_slam_toolb

07:04:50      UID       PID  minflt/s  majflt/s     VSZ     RSS   %MEM  Command
07:04:51        0    144557      0.00      0.00 2493116   58812   0.38  sync_slam_toolb

07:04:51      UID       PID    %usr %system  %guest   %wait    %CPU   CPU  Command
07:04:52        0    144557    6.00    2.00    0.00    0.00    8.00     8  sync_slam_toolb

07:04:51      UID       PID  minflt/s  majflt/s     VSZ     RSS   %MEM  Command
07:04:52        0    144557      0.00      0.00 2493116   58812   0.38  sync_slam_toolb

07:04:52      UID       PID    %usr %system  %guest   %wait    %CPU   CPU  Command
07:04:53        0    144557    8.00    1.00    0.00    0.00    9.00     8  sync_slam_toolb

07:04:52      UID       PID  minflt/s  majflt/s     VSZ     RSS   %MEM  Command
07:04:53        0    144557      0.00      0.00 2493116   58812   0.38  sync_slam_toolb

07:04:53      UID       PID    %usr %system  %guest   %wait    %CPU   CPU  Command
07:04:54        0    144557    7.00    1.00    0.00    0.00    8.00    10  sync_slam_toolb

07:04:53      UID       PID  minflt/s  majflt/s     VSZ     RSS   %MEM  Command
07:04:54        0    144557      0.00      0.00 2493116   58812   0.38  sync_slam_toolb

07:04:54      UID       PID    %usr %system  %guest   %wait    %CPU   CPU  Command
07:04:55        0    144557    8.00    0.00    0.00    0.00    8.00    10  sync_slam_toolb

07:04:54      UID       PID  minflt/s  majflt/s     VSZ     RSS   %MEM  Command
07:04:55        0    144557      0.00      0.00 2493116   58812   0.38  sync_slam_toolb

07:04:55      UID       PID    %usr %system  %guest   %wait    %CPU   CPU  Command
07:04:56        0    144557   11.00    1.00    0.00    0.00   12.00     2  sync_slam_toolb

07:04:55      UID       PID  minflt/s  majflt/s     VSZ     RSS   %MEM  Command
07:04:56        0    144557      7.00      0.00 2493116   58812   0.38  sync_slam_toolb

07:04:56      UID       PID    %usr %system  %guest   %wait    %CPU   CPU  Command
07:04:57        0    144557    7.00    1.00    0.00    0.00    8.00     2  sync_slam_toolb

07:04:56      UID       PID  minflt/s  majflt/s     VSZ     RSS   %MEM  Command
07:04:57        0    144557      0.00      0.00 2493116   58812   0.38  sync_slam_toolb

07:04:57      UID       PID    %usr %system  %guest   %wait    %CPU   CPU  Command
07:04:58        0    144557    8.00    0.00    0.00    0.00    8.00     2  sync_slam_toolb

07:04:57      UID       PID  minflt/s  majflt/s     VSZ     RSS   %MEM  Command
07:04:58        0    144557      0.00      0.00 2493116   58812   0.38  sync_slam_toolb

07:04:58      UID       PID    %usr %system  %guest   %wait    %CPU   CPU  Command
07:04:59        0    144557   11.00    1.00    0.00    0.00   12.00     6  sync_slam_toolb

07:04:58      UID       PID  minflt/s  majflt/s     VSZ     RSS   %MEM  Command
07:04:59        0    144557      6.00      0.00 2493116   58812   0.38  sync_slam_toolb

07:04:59      UID       PID    %usr %system  %guest   %wait    %CPU   CPU  Command
07:05:00        0    144557    9.00    1.00    0.00    0.00   10.00     6  sync_slam_toolb

07:04:59      UID       PID  minflt/s  majflt/s     VSZ     RSS   %MEM  Command
07:05:00        0    144557      0.00      0.00 2493116   58812   0.38  sync_slam_toolb

07:05:00      UID       PID    %usr %system  %guest   %wait    %CPU   CPU  Command
07:05:01        0    144557    7.00    1.00    0.00    0.00    8.00    10  sync_slam_toolb

07:05:00      UID       PID  minflt/s  majflt/s     VSZ     RSS   %MEM  Command
07:05:01        0    144557      0.00      0.00 2493116   58812   0.38  sync_slam_toolb

07:05:01      UID       PID    %usr %system  %guest   %wait    %CPU   CPU  Command
07:05:02        0    144557   11.00    1.00    0.00    0.00   12.00     0  sync_slam_toolb

07:05:01      UID       PID  minflt/s  majflt/s     VSZ     RSS   %MEM  Command
07:05:02        0    144557      6.00      0.00 2493116   58812   0.38  sync_slam_toolb

07:05:02      UID       PID    %usr %system  %guest   %wait    %CPU   CPU  Command
07:05:03        0    144557    9.00    0.00    0.00    0.00    9.00     2  sync_slam_toolb

07:05:02      UID       PID  minflt/s  majflt/s     VSZ     RSS   %MEM  Command
07:05:03        0    144557      0.00      0.00 2493116   58812   0.38  sync_slam_toolb

07:05:03      UID       PID    %usr %system  %guest   %wait    %CPU   CPU  Command
07:05:04        0    144557   10.00    1.00    0.00    0.00   11.00     6  sync_slam_toolb

07:05:03      UID       PID  minflt/s  majflt/s     VSZ     RSS   %MEM  Command
07:05:04        0    144557      6.00      0.00 2493116   58812   0.38  sync_slam_toolb

07:05:04      UID       PID    %usr %system  %guest   %wait    %CPU   CPU  Command
07:05:05        0    144557    8.00    0.00    0.00    0.00    8.00     6  sync_slam_toolb

07:05:04      UID       PID  minflt/s  majflt/s     VSZ     RSS   %MEM  Command
07:05:05        0    144557      0.00      0.00 2493116   58812   0.38  sync_slam_toolb

07:05:05      UID       PID    %usr %system  %guest   %wait    %CPU   CPU  Command
07:05:06        0    144557   12.00    1.00    0.00    0.00   13.00     2  sync_slam_toolb

07:05:05      UID       PID  minflt/s  majflt/s     VSZ     RSS   %MEM  Command
07:05:06        0    144557      6.00      0.00 2493116   58812   0.38  sync_slam_toolb

07:05:06      UID       PID    %usr %system  %guest   %wait    %CPU   CPU  Command
07:05:07        0    144557    8.00    1.00    0.00    0.00    9.00     6  sync_slam_toolb

07:05:06      UID       PID  minflt/s  majflt/s     VSZ     RSS   %MEM  Command
07:05:07        0    144557      0.00      0.00 2493116   58812   0.38  sync_slam_toolb

07:05:07      UID       PID    %usr %system  %guest   %wait    %CPU   CPU  Command
07:05:08        0    144557    7.00    2.00    0.00    0.00    9.00     8  sync_slam_toolb

07:05:07      UID       PID  minflt/s  majflt/s     VSZ     RSS   %MEM  Command
07:05:08        0    144557      0.00      0.00 2493116   58812   0.38  sync_slam_toolb

07:05:08      UID       PID    %usr %system  %guest   %wait    %CPU   CPU  Command
07:05:09        0    144557   10.00    2.00    0.00    0.00   12.00     0  sync_slam_toolb

07:05:08      UID       PID  minflt/s  majflt/s     VSZ     RSS   %MEM  Command
07:05:09        0    144557      6.00      0.00 2493116   58812   0.38  sync_slam_toolb

07:05:09      UID       PID    %usr %system  %guest   %wait    %CPU   CPU  Command
07:05:10        0    144557    7.00    2.00    0.00    0.00    9.00     0  sync_slam_toolb

07:05:09      UID       PID  minflt/s  majflt/s     VSZ     RSS   %MEM  Command
07:05:10        0    144557      0.00      0.00 2493116   58812   0.38  sync_slam_toolb

07:05:10      UID       PID    %usr %system  %guest   %wait    %CPU   CPU  Command
07:05:11        0    144557   11.00    1.00    0.00    0.00   12.00     2  sync_slam_toolb

07:05:10      UID       PID  minflt/s  majflt/s     VSZ     RSS   %MEM  Command
07:05:11        0    144557      6.00      0.00 2493116   58940   0.38  sync_slam_toolb

07:05:11      UID       PID    %usr %system  %guest   %wait    %CPU   CPU  Command
07:05:12        0    144557    8.00    1.00    0.00    0.00    9.00     2  sync_slam_toolb

07:05:11      UID       PID  minflt/s  majflt/s     VSZ     RSS   %MEM  Command
07:05:12        0    144557      0.00      0.00 2493116   58940   0.38  sync_slam_toolb

07:05:12      UID       PID    %usr %system  %guest   %wait    %CPU   CPU  Command
07:05:13        0    144557    8.00    0.00    0.00    0.00    8.00     0  sync_slam_toolb

07:05:12      UID       PID  minflt/s  majflt/s     VSZ     RSS   %MEM  Command
07:05:13        0    144557      0.00      0.00 2493116   58940   0.38  sync_slam_toolb

07:05:13      UID       PID    %usr %system  %guest   %wait    %CPU   CPU  Command
07:05:14        0    144557    8.00    1.00    0.00    1.00    9.00     6  sync_slam_toolb

07:05:13      UID       PID  minflt/s  majflt/s     VSZ     RSS   %MEM  Command
07:05:14        0    144557      0.00      0.00 2493116   58940   0.38  sync_slam_toolb

07:05:14      UID       PID    %usr %system  %guest   %wait    %CPU   CPU  Command
07:05:15        0    144557   11.00    1.00    0.00    0.00   12.00     6  sync_slam_toolb

07:05:14      UID       PID  minflt/s  majflt/s     VSZ     RSS   %MEM  Command
07:05:15        0    144557      6.00      0.00 2493116   58940   0.38  sync_slam_toolb

07:05:15      UID       PID    %usr %system  %guest   %wait    %CPU   CPU  Command
07:05:16        0    144557    8.00    1.00    0.00    0.00    9.00     6  sync_slam_toolb

07:05:15      UID       PID  minflt/s  majflt/s     VSZ     RSS   %MEM  Command
07:05:16        0    144557      0.00      0.00 2493116   58940   0.38  sync_slam_toolb

07:05:16      UID       PID    %usr %system  %guest   %wait    %CPU   CPU  Command
07:05:17        0    144557    8.00    0.00    0.00    0.00    8.00     6  sync_slam_toolb

07:05:16      UID       PID  minflt/s  majflt/s     VSZ     RSS   %MEM  Command
07:05:17        0    144557      0.00      0.00 2493116   58940   0.38  sync_slam_toolb

07:05:17      UID       PID    %usr %system  %guest   %wait    %CPU   CPU  Command
07:05:18        0    144557    8.00    1.00    0.00    0.00    9.00     6  sync_slam_toolb

07:05:17      UID       PID  minflt/s  majflt/s     VSZ     RSS   %MEM  Command
07:05:18        0    144557      0.00      0.00 2493116   58940   0.38  sync_slam_toolb

07:05:18      UID       PID    %usr %system  %guest   %wait    %CPU   CPU  Command
07:05:19        0    144557    8.00    1.00    0.00    0.00    9.00    14  sync_slam_toolb

07:05:18      UID       PID  minflt/s  majflt/s     VSZ     RSS   %MEM  Command
07:05:19        0    144557      0.00      0.00 2493116   58940   0.38  sync_slam_toolb

07:05:19      UID       PID    %usr %system  %guest   %wait    %CPU   CPU  Command
07:05:20        0    144557    8.00    0.00    0.00    0.00    8.00     0  sync_slam_toolb

07:05:19      UID       PID  minflt/s  majflt/s     VSZ     RSS   %MEM  Command
07:05:20        0    144557      0.00      0.00 2493116   58940   0.38  sync_slam_toolb

07:05:20      UID       PID    %usr %system  %guest   %wait    %CPU   CPU  Command
07:05:21        0    144557    8.00    1.00    0.00    0.00    9.00     0  sync_slam_toolb

07:05:20      UID       PID  minflt/s  majflt/s     VSZ     RSS   %MEM  Command
07:05:21        0    144557      0.00      0.00 2493116   58940   0.38  sync_slam_toolb

07:05:21      UID       PID    %usr %system  %guest   %wait    %CPU   CPU  Command
07:05:22        0    144557    8.00    1.00    0.00    0.00    9.00     2  sync_slam_toolb

07:05:21      UID       PID  minflt/s  majflt/s     VSZ     RSS   %MEM  Command
07:05:22        0    144557      0.00      0.00 2493116   58940   0.38  sync_slam_toolb

07:05:22      UID       PID    %usr %system  %guest   %wait    %CPU   CPU  Command
07:05:23        0    144557    8.00    0.00    0.00    0.00    8.00     6  sync_slam_toolb

07:05:22      UID       PID  minflt/s  majflt/s     VSZ     RSS   %MEM  Command
07:05:23        0    144557      0.00      0.00 2493116   58940   0.38  sync_slam_toolb

07:05:23      UID       PID    %usr %system  %guest   %wait    %CPU   CPU  Command
07:05:24        0    144557   12.00    2.00    0.00    0.00   14.00     8  sync_slam_toolb

07:05:23      UID       PID  minflt/s  majflt/s     VSZ     RSS   %MEM  Command
07:05:24        0    144557      5.00      0.00 2493116   58940   0.38  sync_slam_toolb

07:05:24      UID       PID    %usr %system  %guest   %wait    %CPU   CPU  Command
07:05:25        0    144557    8.00    0.00    0.00    0.00    8.00    10  sync_slam_toolb

07:05:24      UID       PID  minflt/s  majflt/s     VSZ     RSS   %MEM  Command
07:05:25        0    144557      0.00      0.00 2493116   58940   0.38  sync_slam_toolb

07:05:25      UID       PID    %usr %system  %guest   %wait    %CPU   CPU  Command
07:05:26        0    144557    8.00    1.00    0.00    0.00    9.00     2  sync_slam_toolb

07:05:25      UID       PID  minflt/s  majflt/s     VSZ     RSS   %MEM  Command
07:05:26        0    144557      0.00      0.00 2493116   58940   0.38  sync_slam_toolb

07:05:26      UID       PID    %usr %system  %guest   %wait    %CPU   CPU  Command
07:05:27        0    144557    9.00    0.00    0.00    0.00    9.00     2  sync_slam_toolb

07:05:26      UID       PID  minflt/s  majflt/s     VSZ     RSS   %MEM  Command
07:05:27        0    144557      0.00      0.00 2493116   58940   0.38  sync_slam_toolb

07:05:27      UID       PID    %usr %system  %guest   %wait    %CPU   CPU  Command
07:05:28        0    144557    8.00    0.00    0.00    0.00    8.00    14  sync_slam_toolb

07:05:27      UID       PID  minflt/s  majflt/s     VSZ     RSS   %MEM  Command
07:05:28        0    144557      0.00      0.00 2493116   58940   0.38  sync_slam_toolb

07:05:28      UID       PID    %usr %system  %guest   %wait    %CPU   CPU  Command
07:05:29        0    144557   11.00    2.00    0.00    0.00   13.00     6  sync_slam_toolb

07:05:28      UID       PID  minflt/s  majflt/s     VSZ     RSS   %MEM  Command
07:05:29        0    144557      7.00      0.00 2493116   59068   0.38  sync_slam_toolb

07:05:29      UID       PID    %usr %system  %guest   %wait    %CPU   CPU  Command
07:05:30        0    144557    7.00    2.00    0.00    0.00    9.00     2  sync_slam_toolb

07:05:29      UID       PID  minflt/s  majflt/s     VSZ     RSS   %MEM  Command
07:05:30        0    144557      0.00      0.00 2493116   59068   0.38  sync_slam_toolb

07:05:30      UID       PID    %usr %system  %guest   %wait    %CPU   CPU  Command
07:05:31        0    144557   12.00    0.00    0.00    0.00   12.00     6  sync_slam_toolb

07:05:30      UID       PID  minflt/s  majflt/s     VSZ     RSS   %MEM  Command
07:05:31        0    144557      6.00      0.00 2493116   59068   0.38  sync_slam_toolb

07:05:31      UID       PID    %usr %system  %guest   %wait    %CPU   CPU  Command
07:05:32        0    144557    8.00    1.00    0.00    0.00    9.00     2  sync_slam_toolb

07:05:31      UID       PID  minflt/s  majflt/s     VSZ     RSS   %MEM  Command
07:05:32        0    144557      0.00      0.00 2493116   59068   0.38  sync_slam_toolb

07:05:32      UID       PID    %usr %system  %guest   %wait    %CPU   CPU  Command
07:05:33        0    144557   11.00    1.00    0.00    0.00   12.00     6  sync_slam_toolb

07:05:32      UID       PID  minflt/s  majflt/s     VSZ     RSS   %MEM  Command
07:05:33        0    144557      6.00      0.00 2493116   59068   0.38  sync_slam_toolb

07:05:33      UID       PID    %usr %system  %guest   %wait    %CPU   CPU  Command
07:05:34        0    144557    8.00    1.00    0.00    0.00    9.00    12  sync_slam_toolb

07:05:33      UID       PID  minflt/s  majflt/s     VSZ     RSS   %MEM  Command
07:05:34        0    144557      0.00      0.00 2493116   59068   0.38  sync_slam_toolb

07:05:34      UID       PID    %usr %system  %guest   %wait    %CPU   CPU  Command
07:05:35        0    144557    8.00    1.00    0.00    0.00    9.00     4  sync_slam_toolb

07:05:34      UID       PID  minflt/s  majflt/s     VSZ     RSS   %MEM  Command
07:05:35        0    144557      0.00      0.00 2493116   59068   0.38  sync_slam_toolb

07:05:35      UID       PID    %usr %system  %guest   %wait    %CPU   CPU  Command
07:05:36        0    144557   10.00    1.00    0.00    0.00   11.00     4  sync_slam_toolb

07:05:35      UID       PID  minflt/s  majflt/s     VSZ     RSS   %MEM  Command
07:05:36        0    144557      6.00      0.00 2493116   59068   0.38  sync_slam_toolb

07:05:36      UID       PID    %usr %system  %guest   %wait    %CPU   CPU  Command
07:05:37        0    144557    8.00    0.00    0.00    0.00    8.00     2  sync_slam_toolb

07:05:36      UID       PID  minflt/s  majflt/s     VSZ     RSS   %MEM  Command
07:05:37        0    144557      0.00      0.00 2493116   59068   0.38  sync_slam_toolb

07:05:37      UID       PID    %usr %system  %guest   %wait    %CPU   CPU  Command
07:05:38        0    144557    8.00    2.00    0.00    0.00   10.00     2  sync_slam_toolb

07:05:37      UID       PID  minflt/s  majflt/s     VSZ     RSS   %MEM  Command
07:05:38        0    144557      0.00      0.00 2493116   59068   0.38  sync_slam_toolb

07:05:38      UID       PID    %usr %system  %guest   %wait    %CPU   CPU  Command
07:05:39        0    144557    8.00    0.00    0.00    0.00    8.00     8  sync_slam_toolb

07:05:38      UID       PID  minflt/s  majflt/s     VSZ     RSS   %MEM  Command
07:05:39        0    144557      0.00      0.00 2493116   59068   0.38  sync_slam_toolb

07:05:39      UID       PID    %usr %system  %guest   %wait    %CPU   CPU  Command
07:05:40        0    144557   10.89    1.98    0.00    0.00   12.87     8  sync_slam_toolb

07:05:39      UID       PID  minflt/s  majflt/s     VSZ     RSS   %MEM  Command
07:05:40        0    144557      6.93      0.00 2493116   59068   0.38  sync_slam_toolb

07:05:40      UID       PID    %usr %system  %guest   %wait    %CPU   CPU  Command
07:05:41        0    144557    8.00    0.00    0.00    0.00    8.00     4  sync_slam_toolb

07:05:40      UID       PID  minflt/s  majflt/s     VSZ     RSS   %MEM  Command
07:05:41        0    144557      0.00      0.00 2493116   59068   0.38  sync_slam_toolb

07:05:41      UID       PID    %usr %system  %guest   %wait    %CPU   CPU  Command
07:05:42        0    144557    8.00    1.00    0.00    0.00    9.00     8  sync_slam_toolb

07:05:41      UID       PID  minflt/s  majflt/s     VSZ     RSS   %MEM  Command
07:05:42        0    144557      0.00      0.00 2493116   59068   0.38  sync_slam_toolb

07:05:42      UID       PID    %usr %system  %guest   %wait    %CPU   CPU  Command
07:05:43        0    144557   11.00    1.00    0.00    0.00   12.00    10  sync_slam_toolb

07:05:42      UID       PID  minflt/s  majflt/s     VSZ     RSS   %MEM  Command
07:05:43        0    144557      5.00      0.00 2493116   59068   0.38  sync_slam_toolb

07:05:43      UID       PID    %usr %system  %guest   %wait    %CPU   CPU  Command
07:05:44        0    144557    7.00    2.00    0.00    0.00    9.00     8  sync_slam_toolb

07:05:43      UID       PID  minflt/s  majflt/s     VSZ     RSS   %MEM  Command
07:05:44        0    144557      0.00      0.00 2493116   59068   0.38  sync_slam_toolb

07:05:44      UID       PID    %usr %system  %guest   %wait    %CPU   CPU  Command
07:05:45        0    144557   12.00    1.00    0.00    0.00   13.00     2  sync_slam_toolb

07:05:44      UID       PID  minflt/s  majflt/s     VSZ     RSS   %MEM  Command
07:05:45        0    144557      6.00      0.00 2493116   59068   0.38  sync_slam_toolb

07:05:45      UID       PID    %usr %system  %guest   %wait    %CPU   CPU  Command
07:05:46        0    144557    8.00    1.00    0.00    0.00    9.00    12  sync_slam_toolb

07:05:45      UID       PID  minflt/s  majflt/s     VSZ     RSS   %MEM  Command
07:05:46        0    144557      0.00      0.00 2493116   59068   0.38  sync_slam_toolb

07:05:46      UID       PID    %usr %system  %guest   %wait    %CPU   CPU  Command
07:05:47        0    144557    8.00    1.00    0.00    0.00    9.00    12  sync_slam_toolb

07:05:46      UID       PID  minflt/s  majflt/s     VSZ     RSS   %MEM  Command
07:05:47        0    144557      0.00      0.00 2493116   59068   0.38  sync_slam_toolb

07:05:47      UID       PID    %usr %system  %guest   %wait    %CPU   CPU  Command
07:05:48        0    144557    8.00    1.00    0.00    0.00    9.00    10  sync_slam_toolb

07:05:47      UID       PID  minflt/s  majflt/s     VSZ     RSS   %MEM  Command
07:05:48        0    144557      0.00      0.00 2493116   59068   0.38  sync_slam_toolb

07:05:48      UID       PID    %usr %system  %guest   %wait    %CPU   CPU  Command
07:05:49        0    144557    8.00    0.00    0.00    0.00    8.00     9  sync_slam_toolb

07:05:48      UID       PID  minflt/s  majflt/s     VSZ     RSS   %MEM  Command
07:05:49        0    144557      0.00      0.00 2493116   59068   0.38  sync_slam_toolb

07:05:49      UID       PID    %usr %system  %guest   %wait    %CPU   CPU  Command
07:05:50        0    144557    8.00    1.00    0.00    0.00    9.00     9  sync_slam_toolb

07:05:49      UID       PID  minflt/s  majflt/s     VSZ     RSS   %MEM  Command
07:05:50        0    144557      0.00      0.00 2493116   59068   0.38  sync_slam_toolb

07:05:50      UID       PID    %usr %system  %guest   %wait    %CPU   CPU  Command
07:05:51        0    144557    9.00    0.00    0.00    0.00    9.00     9  sync_slam_toolb

07:05:50      UID       PID  minflt/s  majflt/s     VSZ     RSS   %MEM  Command
07:05:51        0    144557      0.00      0.00 2493116   59068   0.38  sync_slam_toolb

07:05:51      UID       PID    %usr %system  %guest   %wait    %CPU   CPU  Command
07:05:52        0    144557    8.00    1.00    0.00    0.00    9.00     9  sync_slam_toolb

07:05:51      UID       PID  minflt/s  majflt/s     VSZ     RSS   %MEM  Command
07:05:52        0    144557      0.00      0.00 2493116   59068   0.38  sync_slam_toolb

07:05:52      UID       PID    %usr %system  %guest   %wait    %CPU   CPU  Command
07:05:53        0    144557    9.00    1.00    0.00    0.00   10.00     6  sync_slam_toolb

07:05:52      UID       PID  minflt/s  majflt/s     VSZ     RSS   %MEM  Command
07:05:53        0    144557      0.00      0.00 2493116   59068   0.38  sync_slam_toolb

07:05:53      UID       PID    %usr %system  %guest   %wait    %CPU   CPU  Command
07:05:54        0    144557   11.00    0.00    0.00    0.00   11.00    10  sync_slam_toolb

07:05:53      UID       PID  minflt/s  majflt/s     VSZ     RSS   %MEM  Command
07:05:54        0    144557      5.00      0.00 2493116   59068   0.38  sync_slam_toolb

07:05:54      UID       PID    %usr %system  %guest   %wait    %CPU   CPU  Command
07:05:55        0    144557    8.00    2.00    0.00    0.00   10.00    14  sync_slam_toolb

07:05:54      UID       PID  minflt/s  majflt/s     VSZ     RSS   %MEM  Command
07:05:55        0    144557      0.00      0.00 2493116   59068   0.38  sync_slam_toolb

07:05:55      UID       PID    %usr %system  %guest   %wait    %CPU   CPU  Command
07:05:56        0    144557   12.00    0.00    0.00    0.00   12.00    14  sync_slam_toolb

07:05:55      UID       PID  minflt/s  majflt/s     VSZ     RSS   %MEM  Command
07:05:56        0    144557      6.00      0.00 2493116   59068   0.38  sync_slam_toolb

07:05:56      UID       PID    %usr %system  %guest   %wait    %CPU   CPU  Command
07:05:57        0    144557    8.00    1.00    0.00    0.00    9.00    14  sync_slam_toolb

07:05:56      UID       PID  minflt/s  majflt/s     VSZ     RSS   %MEM  Command
07:05:57        0    144557      0.00      0.00 2493116   59068   0.38  sync_slam_toolb

07:05:57      UID       PID    %usr %system  %guest   %wait    %CPU   CPU  Command
07:05:58        0    144557   13.00    1.00    0.00    0.00   14.00    14  sync_slam_toolb

07:05:57      UID       PID  minflt/s  majflt/s     VSZ     RSS   %MEM  Command
07:05:58        0    144557      7.00      0.00 2493116   59196   0.38  sync_slam_toolb

07:05:58      UID       PID    %usr %system  %guest   %wait    %CPU   CPU  Command
07:05:59        0    144557    9.00    0.00    0.00    0.00    9.00     4  sync_slam_toolb

07:05:58      UID       PID  minflt/s  majflt/s     VSZ     RSS   %MEM  Command
07:05:59        0    144557      0.00      0.00 2493116   59196   0.38  sync_slam_toolb

07:05:59      UID       PID    %usr %system  %guest   %wait    %CPU   CPU  Command
07:06:00        0    144557    8.00    1.00    0.00    0.00    9.00     8  sync_slam_toolb

07:05:59      UID       PID  minflt/s  majflt/s     VSZ     RSS   %MEM  Command
07:06:00        0    144557      0.00      0.00 2493116   59196   0.38  sync_slam_toolb

07:06:00      UID       PID    %usr %system  %guest   %wait    %CPU   CPU  Command
07:06:01        0    144557   12.00    0.00    0.00    0.00   12.00     4  sync_slam_toolb

07:06:00      UID       PID  minflt/s  majflt/s     VSZ     RSS   %MEM  Command
07:06:01        0    144557      5.00      0.00 2493116   59196   0.38  sync_slam_toolb

07:06:01      UID       PID    %usr %system  %guest   %wait    %CPU   CPU  Command
07:06:02        0    144557    7.00    2.00    0.00    0.00    9.00     2  sync_slam_toolb

07:06:01      UID       PID  minflt/s  majflt/s     VSZ     RSS   %MEM  Command
07:06:02        0    144557      0.00      0.00 2493116   59196   0.38  sync_slam_toolb

07:06:02      UID       PID    %usr %system  %guest   %wait    %CPU   CPU  Command
07:06:03        0    144557   12.00    1.00    0.00    0.00   13.00     8  sync_slam_toolb

07:06:02      UID       PID  minflt/s  majflt/s     VSZ     RSS   %MEM  Command
07:06:03        0    144557      6.00      0.00 2493116   59324   0.38  sync_slam_toolb

07:06:03      UID       PID    %usr %system  %guest   %wait    %CPU   CPU  Command
07:06:04        0    144557    9.00    0.00    0.00    0.00    9.00     8  sync_slam_toolb

07:06:03      UID       PID  minflt/s  majflt/s     VSZ     RSS   %MEM  Command
07:06:04        0    144557      0.00      0.00 2493116   59324   0.38  sync_slam_toolb

07:06:04      UID       PID    %usr %system  %guest   %wait    %CPU   CPU  Command
07:06:05        0    144557    8.00    1.00    0.00    0.00    9.00    14  sync_slam_toolb

07:06:04      UID       PID  minflt/s  majflt/s     VSZ     RSS   %MEM  Command
07:06:05        0    144557      0.00      0.00 2493116   59324   0.38  sync_slam_toolb

07:06:05      UID       PID    %usr %system  %guest   %wait    %CPU   CPU  Command
07:06:06        0    144557   12.00    1.00    0.00    0.00   13.00    14  sync_slam_toolb

07:06:05      UID       PID  minflt/s  majflt/s     VSZ     RSS   %MEM  Command
07:06:06        0    144557      7.00      0.00 2493116   59324   0.38  sync_slam_toolb

07:06:06      UID       PID    %usr %system  %guest   %wait    %CPU   CPU  Command
07:06:07        0    144557    8.00    1.00    0.00    0.00    9.00    14  sync_slam_toolb

07:06:06      UID       PID  minflt/s  majflt/s     VSZ     RSS   %MEM  Command
07:06:07        0    144557      0.00      0.00 2493116   59324   0.38  sync_slam_toolb

07:06:07      UID       PID    %usr %system  %guest   %wait    %CPU   CPU  Command
07:06:08        0    144557   12.00    0.00    0.00    0.00   12.00    14  sync_slam_toolb

07:06:07      UID       PID  minflt/s  majflt/s     VSZ     RSS   %MEM  Command
07:06:08        0    144557      6.00      0.00 2493116   59324   0.38  sync_slam_toolb

07:06:08      UID       PID    %usr %system  %guest   %wait    %CPU   CPU  Command
07:06:09        0    144557    9.00    1.00    0.00    0.00   10.00     2  sync_slam_toolb

07:06:08      UID       PID  minflt/s  majflt/s     VSZ     RSS   %MEM  Command
07:06:09        0    144557      0.00      0.00 2493116   59324   0.38  sync_slam_toolb

07:06:09      UID       PID    %usr %system  %guest   %wait    %CPU   CPU  Command
07:06:10        0    144557    8.00    1.00    0.00    0.00    9.00     2  sync_slam_toolb

07:06:09      UID       PID  minflt/s  majflt/s     VSZ     RSS   %MEM  Command
07:06:10        0    144557      0.00      0.00 2493116   59324   0.38  sync_slam_toolb

07:06:10      UID       PID    %usr %system  %guest   %wait    %CPU   CPU  Command
07:06:11        0    144557   11.00    1.00    0.00    0.00   12.00     0  sync_slam_toolb

07:06:10      UID       PID  minflt/s  majflt/s     VSZ     RSS   %MEM  Command
07:06:11        0    144557      5.00      0.00 2493116   59452   0.38  sync_slam_toolb

07:06:11      UID       PID    %usr %system  %guest   %wait    %CPU   CPU  Command
07:06:12        0    144557    8.00    0.00    0.00    0.00    8.00     0  sync_slam_toolb

07:06:11      UID       PID  minflt/s  majflt/s     VSZ     RSS   %MEM  Command
07:06:12        0    144557      0.00      0.00 2493116   59452   0.38  sync_slam_toolb

07:06:12      UID       PID    %usr %system  %guest   %wait    %CPU   CPU  Command
07:06:13        0    144557   12.00    2.00    0.00    0.00   14.00     3  sync_slam_toolb

07:06:12      UID       PID  minflt/s  majflt/s     VSZ     RSS   %MEM  Command
07:06:13        0    144557      7.00      0.00 2493116   59452   0.38  sync_slam_toolb

07:06:13      UID       PID    %usr %system  %guest   %wait    %CPU   CPU  Command
07:06:14        0    144557    8.00    0.00    0.00    0.00    8.00     3  sync_slam_toolb

07:06:13      UID       PID  minflt/s  majflt/s     VSZ     RSS   %MEM  Command
07:06:14        0    144557      0.00      0.00 2493116   59452   0.38  sync_slam_toolb

07:06:14      UID       PID    %usr %system  %guest   %wait    %CPU   CPU  Command
07:06:15        0    144557    9.00    1.00    0.00    0.00   10.00     0  sync_slam_toolb

07:06:14      UID       PID  minflt/s  majflt/s     VSZ     RSS   %MEM  Command
07:06:15        0    144557      0.00      0.00 2493116   59452   0.38  sync_slam_toolb

07:06:15      UID       PID    %usr %system  %guest   %wait    %CPU   CPU  Command
07:06:16        0    144557   11.00    1.00    0.00    0.00   12.00     3  sync_slam_toolb

07:06:15      UID       PID  minflt/s  majflt/s     VSZ     RSS   %MEM  Command
07:06:16        0    144557      6.00      0.00 2493116   59452   0.38  sync_slam_toolb

07:06:16      UID       PID    %usr %system  %guest   %wait    %CPU   CPU  Command
07:06:17        0    144557    8.00    0.00    0.00    0.00    8.00    11  sync_slam_toolb

07:06:16      UID       PID  minflt/s  majflt/s     VSZ     RSS   %MEM  Command
07:06:17        0    144557      0.00      0.00 2493116   59452   0.38  sync_slam_toolb

07:06:17      UID       PID    %usr %system  %guest   %wait    %CPU   CPU  Command
07:06:18        0    144557   12.00    1.00    0.00    0.00   13.00     4  sync_slam_toolb

07:06:17      UID       PID  minflt/s  majflt/s     VSZ     RSS   %MEM  Command
07:06:18        0    144557      6.00      0.00 2493116   59452   0.38  sync_slam_toolb

07:06:18      UID       PID    %usr %system  %guest   %wait    %CPU   CPU  Command
07:06:19        0    144557    8.00    1.00    0.00    0.00    9.00     3  sync_slam_toolb

07:06:18      UID       PID  minflt/s  majflt/s     VSZ     RSS   %MEM  Command
07:06:19        0    144557      0.00      0.00 2493116   59452   0.38  sync_slam_toolb

07:06:19      UID       PID    %usr %system  %guest   %wait    %CPU   CPU  Command
07:06:20        0    144557    9.00    1.00    0.00    0.00   10.00    14  sync_slam_toolb

07:06:19      UID       PID  minflt/s  majflt/s     VSZ     RSS   %MEM  Command
07:06:20        0    144557      0.00      0.00 2493116   59452   0.38  sync_slam_toolb

07:06:20      UID       PID    %usr %system  %guest   %wait    %CPU   CPU  Command
07:06:21        0    144557    7.00    2.00    0.00    0.00    9.00     8  sync_slam_toolb

07:06:20      UID       PID  minflt/s  majflt/s     VSZ     RSS   %MEM  Command
07:06:21        0    144557      0.00      0.00 2493116   59452   0.38  sync_slam_toolb

07:06:21      UID       PID    %usr %system  %guest   %wait    %CPU   CPU  Command
07:06:22        0    144557    8.00    1.00    0.00    0.00    9.00     0  sync_slam_toolb

07:06:21      UID       PID  minflt/s  majflt/s     VSZ     RSS   %MEM  Command
07:06:22        0    144557      0.00      0.00 2493116   59452   0.38  sync_slam_toolb

07:06:22      UID       PID    %usr %system  %guest   %wait    %CPU   CPU  Command
07:06:23        0    144557    8.00    0.00    0.00    0.00    8.00     6  sync_slam_toolb

07:06:22      UID       PID  minflt/s  majflt/s     VSZ     RSS   %MEM  Command
07:06:23        0    144557      0.00      0.00 2493116   59452   0.38  sync_slam_toolb

07:06:23      UID       PID    %usr %system  %guest   %wait    %CPU   CPU  Command
07:06:24        0    144557    9.00    1.00    0.00    0.00   10.00     6  sync_slam_toolb

07:06:23      UID       PID  minflt/s  majflt/s     VSZ     RSS   %MEM  Command
07:06:24        0    144557      0.00      0.00 2493116   59452   0.38  sync_slam_toolb

07:06:24      UID       PID    %usr %system  %guest   %wait    %CPU   CPU  Command
07:06:25        0    144557    8.00    1.00    0.00    0.00    9.00     0  sync_slam_toolb

07:06:24      UID       PID  minflt/s  majflt/s     VSZ     RSS   %MEM  Command
07:06:25        0    144557      0.00      0.00 2493116   59452   0.38  sync_slam_toolb

07:06:25      UID       PID    %usr %system  %guest   %wait    %CPU   CPU  Command
07:06:26        0    144557    9.00    0.00    0.00    0.00    9.00     8  sync_slam_toolb

07:06:25      UID       PID  minflt/s  majflt/s     VSZ     RSS   %MEM  Command
07:06:26        0    144557      0.00      0.00 2493116   59452   0.38  sync_slam_toolb

07:06:26      UID       PID    %usr %system  %guest   %wait    %CPU   CPU  Command
07:06:27        0    144557    8.00    1.00    0.00    0.00    9.00     8  sync_slam_toolb

07:06:26      UID       PID  minflt/s  majflt/s     VSZ     RSS   %MEM  Command
07:06:27        0    144557      0.00      0.00 2493116   59452   0.38  sync_slam_toolb

07:06:27      UID       PID    %usr %system  %guest   %wait    %CPU   CPU  Command
07:06:28        0    144557   11.00    1.00    0.00    0.00   12.00     8  sync_slam_toolb

07:06:27      UID       PID  minflt/s  majflt/s     VSZ     RSS   %MEM  Command
07:06:28        0    144557      5.00      0.00 2493116   59580   0.38  sync_slam_toolb

07:06:28      UID       PID    %usr %system  %guest   %wait    %CPU   CPU  Command
07:06:29        0    144557    9.00    1.00    0.00    0.00   10.00     8  sync_slam_toolb

07:06:28      UID       PID  minflt/s  majflt/s     VSZ     RSS   %MEM  Command
07:06:29        0    144557      0.00      0.00 2493116   59580   0.38  sync_slam_toolb

07:06:29      UID       PID    %usr %system  %guest   %wait    %CPU   CPU  Command
07:06:30        0    144557    8.00    0.00    0.00    0.00    8.00    10  sync_slam_toolb

07:06:29      UID       PID  minflt/s  majflt/s     VSZ     RSS   %MEM  Command
07:06:30        0    144557      0.00      0.00 2493116   59580   0.38  sync_slam_toolb

07:06:30      UID       PID    %usr %system  %guest   %wait    %CPU   CPU  Command
07:06:31        0    144557   12.00    1.00    0.00    0.00   13.00    10  sync_slam_toolb

07:06:30      UID       PID  minflt/s  majflt/s     VSZ     RSS   %MEM  Command
07:06:31        0    144557      6.00      0.00 2493116   59580   0.38  sync_slam_toolb

07:06:31      UID       PID    %usr %system  %guest   %wait    %CPU   CPU  Command
07:06:32        0    144557    9.00    1.00    0.00    0.00   10.00    10  sync_slam_toolb

07:06:31      UID       PID  minflt/s  majflt/s     VSZ     RSS   %MEM  Command
07:06:32        0    144557      0.00      0.00 2493116   59580   0.38  sync_slam_toolb

07:06:32      UID       PID    %usr %system  %guest   %wait    %CPU   CPU  Command
07:06:33        0    144557   12.00    0.00    0.00    0.00   12.00    10  sync_slam_toolb

07:06:32      UID       PID  minflt/s  majflt/s     VSZ     RSS   %MEM  Command
07:06:33        0    144557      6.00      0.00 2493116   59580   0.38  sync_slam_toolb

07:06:33      UID       PID    %usr %system  %guest   %wait    %CPU   CPU  Command
07:06:34        0    144557    8.00    1.00    0.00    0.00    9.00    14  sync_slam_toolb

07:06:33      UID       PID  minflt/s  majflt/s     VSZ     RSS   %MEM  Command
07:06:34        0    144557      0.00      0.00 2493116   59580   0.38  sync_slam_toolb

07:06:34      UID       PID    %usr %system  %guest   %wait    %CPU   CPU  Command
07:06:35        0    144557   12.00    1.00    0.00    0.00   13.00     6  sync_slam_toolb

07:06:34      UID       PID  minflt/s  majflt/s     VSZ     RSS   %MEM  Command
07:06:35        0    144557      6.00      0.00 2493116   59708   0.38  sync_slam_toolb

07:06:35      UID       PID    %usr %system  %guest   %wait    %CPU   CPU  Command
07:06:36        0    144557    8.00    1.00    0.00    0.00    9.00    14  sync_slam_toolb

07:06:35      UID       PID  minflt/s  majflt/s     VSZ     RSS   %MEM  Command
07:06:36        0    144557      0.00      0.00 2493116   59708   0.38  sync_slam_toolb

07:06:36      UID       PID    %usr %system  %guest   %wait    %CPU   CPU  Command
07:06:37        0    144557    9.00    1.00    0.00    0.00   10.00     6  sync_slam_toolb

07:06:36      UID       PID  minflt/s  majflt/s     VSZ     RSS   %MEM  Command
07:06:37        0    144557      0.00      0.00 2493116   59708   0.38  sync_slam_toolb

07:06:37      UID       PID    %usr %system  %guest   %wait    %CPU   CPU  Command
07:06:38        0    144557   12.00    1.00    0.00    0.00   13.00     2  sync_slam_toolb

07:06:37      UID       PID  minflt/s  majflt/s     VSZ     RSS   %MEM  Command
07:06:38        0    144557      6.00      0.00 2493116   59836   0.38  sync_slam_toolb

07:06:38      UID       PID    %usr %system  %guest   %wait    %CPU   CPU  Command
07:06:39        0    144557    8.00    1.00    0.00    0.00    9.00     2  sync_slam_toolb

07:06:38      UID       PID  minflt/s  majflt/s     VSZ     RSS   %MEM  Command
07:06:39        0    144557      0.00      0.00 2493116   59836   0.38  sync_slam_toolb

07:06:39      UID       PID    %usr %system  %guest   %wait    %CPU   CPU  Command
07:06:40        0    144557    9.00    1.00    0.00    0.00   10.00     8  sync_slam_toolb

07:06:39      UID       PID  minflt/s  majflt/s     VSZ     RSS   %MEM  Command
07:06:40        0    144557      0.00      0.00 2493116   59836   0.38  sync_slam_toolb

07:06:40      UID       PID    %usr %system  %guest   %wait    %CPU   CPU  Command
07:06:41        0    144557    8.00    1.00    0.00    0.00    9.00     4  sync_slam_toolb

07:06:40      UID       PID  minflt/s  majflt/s     VSZ     RSS   %MEM  Command
07:06:41        0    144557      0.00      0.00 2493116   59836   0.38  sync_slam_toolb

07:06:41      UID       PID    %usr %system  %guest   %wait    %CPU   CPU  Command
07:06:42        0    144557    8.00    1.00    0.00    0.00    9.00    12  sync_slam_toolb

07:06:41      UID       PID  minflt/s  majflt/s     VSZ     RSS   %MEM  Command
07:06:42        0    144557      0.00      0.00 2493116   59836   0.38  sync_slam_toolb

07:06:42      UID       PID    %usr %system  %guest   %wait    %CPU   CPU  Command
07:06:43        0    144557    9.00    0.00    0.00    0.00    9.00     2  sync_slam_toolb

07:06:42      UID       PID  minflt/s  majflt/s     VSZ     RSS   %MEM  Command
07:06:43        0    144557      0.00      0.00 2493116   59836   0.38  sync_slam_toolb

07:06:43      UID       PID    %usr %system  %guest   %wait    %CPU   CPU  Command
07:06:44        0    144557    8.00    1.00    0.00    0.00    9.00     6  sync_slam_toolb

07:06:43      UID       PID  minflt/s  majflt/s     VSZ     RSS   %MEM  Command
07:06:44        0    144557      0.00      0.00 2493116   59836   0.38  sync_slam_toolb

07:06:44      UID       PID    %usr %system  %guest   %wait    %CPU   CPU  Command
07:06:45        0    144557    9.00    1.00    0.00    0.00   10.00     6  sync_slam_toolb

07:06:44      UID       PID  minflt/s  majflt/s     VSZ     RSS   %MEM  Command
07:06:45        0    144557      0.00      0.00 2493116   59836   0.38  sync_slam_toolb

07:06:45      UID       PID    %usr %system  %guest   %wait    %CPU   CPU  Command
07:06:46        0    144557    8.00    1.00    0.00    0.00    9.00    14  sync_slam_toolb

07:06:45      UID       PID  minflt/s  majflt/s     VSZ     RSS   %MEM  Command
07:06:46        0    144557      0.00      0.00 2493116   59836   0.38  sync_slam_toolb

07:06:46      UID       PID    %usr %system  %guest   %wait    %CPU   CPU  Command
07:06:47        0    144557    9.00    0.00    0.00    0.00    9.00     6  sync_slam_toolb

07:06:46      UID       PID  minflt/s  majflt/s     VSZ     RSS   %MEM  Command
07:06:47        0    144557      0.00      0.00 2493116   59836   0.38  sync_slam_toolb

07:06:47      UID       PID    %usr %system  %guest   %wait    %CPU   CPU  Command
07:06:48        0    144557    9.00    1.00    0.00    0.00   10.00     6  sync_slam_toolb

07:06:47      UID       PID  minflt/s  majflt/s     VSZ     RSS   %MEM  Command
07:06:48        0    144557      0.00      0.00 2493116   59836   0.38  sync_slam_toolb

07:06:48      UID       PID    %usr %system  %guest   %wait    %CPU   CPU  Command
07:06:49        0    144557   12.00    2.00    0.00    0.00   14.00     2  sync_slam_toolb

07:06:48      UID       PID  minflt/s  majflt/s     VSZ     RSS   %MEM  Command
07:06:49        0    144557      7.00      0.00 2493116   59836   0.38  sync_slam_toolb

07:06:49      UID       PID    %usr %system  %guest   %wait    %CPU   CPU  Command
07:06:50        0    144557    8.00    1.00    0.00    0.00    9.00    10  sync_slam_toolb

07:06:49      UID       PID  minflt/s  majflt/s     VSZ     RSS   %MEM  Command
07:06:50        0    144557      0.00      0.00 2493116   59836   0.38  sync_slam_toolb

07:06:50      UID       PID    %usr %system  %guest   %wait    %CPU   CPU  Command
07:06:51        0    144557   11.00    2.00    0.00    0.00   13.00     2  sync_slam_toolb

07:06:50      UID       PID  minflt/s  majflt/s     VSZ     RSS   %MEM  Command
07:06:51        0    144557      5.00      0.00 2493116   59836   0.38  sync_slam_toolb

07:06:51      UID       PID    %usr %system  %guest   %wait    %CPU   CPU  Command
07:06:52        0    144557    8.00    1.00    0.00    0.00    9.00     0  sync_slam_toolb

07:06:51      UID       PID  minflt/s  majflt/s     VSZ     RSS   %MEM  Command
07:06:52        0    144557      0.00      0.00 2493116   59836   0.38  sync_slam_toolb

07:06:52      UID       PID    %usr %system  %guest   %wait    %CPU   CPU  Command
07:06:53        0    144557    9.00    1.00    0.00    0.00   10.00     6  sync_slam_toolb

07:06:52      UID       PID  minflt/s  majflt/s     VSZ     RSS   %MEM  Command
07:06:53        0    144557      0.00      0.00 2493116   59836   0.38  sync_slam_toolb

07:06:53      UID       PID    %usr %system  %guest   %wait    %CPU   CPU  Command
07:06:54        0    144557   12.00    0.00    0.00    0.00   12.00     0  sync_slam_toolb

07:06:53      UID       PID  minflt/s  majflt/s     VSZ     RSS   %MEM  Command
07:06:54        0    144557      6.00      0.00 2493116   59836   0.38  sync_slam_toolb

07:06:54      UID       PID    %usr %system  %guest   %wait    %CPU   CPU  Command
07:06:55        0    144557    9.00    1.00    0.00    0.00   10.00     0  sync_slam_toolb

07:06:54      UID       PID  minflt/s  majflt/s     VSZ     RSS   %MEM  Command
07:06:55        0    144557      0.00      0.00 2493116   59836   0.38  sync_slam_toolb

07:06:55      UID       PID    %usr %system  %guest   %wait    %CPU   CPU  Command
07:06:56        0    144557   12.00    1.00    0.00    0.00   13.00     6  sync_slam_toolb

07:06:55      UID       PID  minflt/s  majflt/s     VSZ     RSS   %MEM  Command
07:06:56        0    144557      7.00      0.00 2493116   59836   0.38  sync_slam_toolb

07:06:56      UID       PID    %usr %system  %guest   %wait    %CPU   CPU  Command
07:06:57        0    144557    9.00    1.00    0.00    0.00   10.00     8  sync_slam_toolb

07:06:56      UID       PID  minflt/s  majflt/s     VSZ     RSS   %MEM  Command
07:06:57        0    144557      0.00      0.00 2493116   59836   0.38  sync_slam_toolb

07:06:57      UID       PID    %usr %system  %guest   %wait    %CPU   CPU  Command
07:06:58        0    144557    8.00    1.00    0.00    0.00    9.00     4  sync_slam_toolb

07:06:57      UID       PID  minflt/s  majflt/s     VSZ     RSS   %MEM  Command
07:06:58        0    144557      0.00      0.00 2493116   59836   0.38  sync_slam_toolb

07:06:58      UID       PID    %usr %system  %guest   %wait    %CPU   CPU  Command
07:06:59        0    144557   12.00    1.00    0.00    0.00   13.00     2  sync_slam_toolb

07:06:58      UID       PID  minflt/s  majflt/s     VSZ     RSS   %MEM  Command
07:06:59        0    144557      6.00      0.00 2493116   59836   0.38  sync_slam_toolb

07:06:59      UID       PID    %usr %system  %guest   %wait    %CPU   CPU  Command
07:07:00        0    144557    8.00    1.00    0.00    0.00    9.00     4  sync_slam_toolb

07:06:59      UID       PID  minflt/s  majflt/s     VSZ     RSS   %MEM  Command
07:07:00        0    144557      0.00      0.00 2493116   59836   0.38  sync_slam_toolb

07:07:00      UID       PID    %usr %system  %guest   %wait    %CPU   CPU  Command
07:07:01        0    144557    7.00    2.00    0.00    0.00    9.00     4  sync_slam_toolb

07:07:00      UID       PID  minflt/s  majflt/s     VSZ     RSS   %MEM  Command
07:07:01        0    144557      0.00      0.00 2493116   59836   0.38  sync_slam_toolb

07:07:01      UID       PID    %usr %system  %guest   %wait    %CPU   CPU  Command
07:07:02        0    144557   12.00    1.00    0.00    0.00   13.00     2  sync_slam_toolb

07:07:01      UID       PID  minflt/s  majflt/s     VSZ     RSS   %MEM  Command
07:07:02        0    144557      6.00      0.00 2493116   59836   0.38  sync_slam_toolb

07:07:02      UID       PID    %usr %system  %guest   %wait    %CPU   CPU  Command
07:07:03        0    144557    8.00    0.00    0.00    0.00    8.00    15  sync_slam_toolb

07:07:02      UID       PID  minflt/s  majflt/s     VSZ     RSS   %MEM  Command
07:07:03        0    144557      0.00      0.00 2493116   59836   0.38  sync_slam_toolb

07:07:03      UID       PID    %usr %system  %guest   %wait    %CPU   CPU  Command
07:07:04        0    144557    8.00    0.00    0.00    0.00    8.00     2  sync_slam_toolb

07:07:03      UID       PID  minflt/s  majflt/s     VSZ     RSS   %MEM  Command
07:07:04        0    144557      0.00      0.00 2493116   59836   0.38  sync_slam_toolb

07:07:04      UID       PID    %usr %system  %guest   %wait    %CPU   CPU  Command
07:07:05        0    144557    8.00    1.00    0.00    0.00    9.00     2  sync_slam_toolb

07:07:04      UID       PID  minflt/s  majflt/s     VSZ     RSS   %MEM  Command
07:07:05        0    144557      0.00      0.00 2493116   59836   0.38  sync_slam_toolb

07:07:05      UID       PID    %usr %system  %guest   %wait    %CPU   CPU  Command
07:07:06        0    144557   11.00    1.00    0.00    0.00   12.00     4  sync_slam_toolb

07:07:05      UID       PID  minflt/s  majflt/s     VSZ     RSS   %MEM  Command
07:07:06        0    144557      6.00      0.00 2493116   59836   0.38  sync_slam_toolb

07:07:06      UID       PID    %usr %system  %guest   %wait    %CPU   CPU  Command
07:07:07        0    144557    9.00    1.00    0.00    0.00   10.00     8  sync_slam_toolb

07:07:06      UID       PID  minflt/s  majflt/s     VSZ     RSS   %MEM  Command
07:07:07        0    144557      0.00      0.00 2493116   59836   0.38  sync_slam_toolb

07:07:07      UID       PID    %usr %system  %guest   %wait    %CPU   CPU  Command
07:07:08        0    144557   12.00    0.00    0.00    0.00   12.00     0  sync_slam_toolb

07:07:07      UID       PID  minflt/s  majflt/s     VSZ     RSS   %MEM  Command
07:07:08        0    144557      6.00      0.00 2493116   59836   0.38  sync_slam_toolb

07:07:08      UID       PID    %usr %system  %guest   %wait    %CPU   CPU  Command
07:07:09        0    144557    8.00    0.00    0.00    0.00    8.00     8  sync_slam_toolb

07:07:08      UID       PID  minflt/s  majflt/s     VSZ     RSS   %MEM  Command
07:07:09        0    144557      0.00      0.00 2493116   59836   0.38  sync_slam_toolb

07:07:09      UID       PID    %usr %system  %guest   %wait    %CPU   CPU  Command
07:07:10        0    144557    9.00    1.00    0.00    0.00   10.00     8  sync_slam_toolb

07:07:09      UID       PID  minflt/s  majflt/s     VSZ     RSS   %MEM  Command
07:07:10        0    144557      0.00      0.00 2493116   59836   0.38  sync_slam_toolb

07:07:10      UID       PID    %usr %system  %guest   %wait    %CPU   CPU  Command
07:07:11        0    144557    8.00    0.00    0.00    0.00    8.00     0  sync_slam_toolb

07:07:10      UID       PID  minflt/s  majflt/s     VSZ     RSS   %MEM  Command
07:07:11        0    144557      0.00      0.00 2493116   59836   0.38  sync_slam_toolb

07:07:11      UID       PID    %usr %system  %guest   %wait    %CPU   CPU  Command
07:07:12        0    144557    9.00    1.00    0.00    0.00   10.00     8  sync_slam_toolb

07:07:11      UID       PID  minflt/s  majflt/s     VSZ     RSS   %MEM  Command
07:07:12        0    144557      0.00      0.00 2493116   59836   0.38  sync_slam_toolb

07:07:12      UID       PID    %usr %system  %guest   %wait    %CPU   CPU  Command
07:07:13        0    144557    8.00    1.00    0.00    0.00    9.00     4  sync_slam_toolb

07:07:12      UID       PID  minflt/s  majflt/s     VSZ     RSS   %MEM  Command
07:07:13        0    144557      0.00      0.00 2493116   59836   0.38  sync_slam_toolb

07:07:13      UID       PID    %usr %system  %guest   %wait    %CPU   CPU  Command
07:07:14        0    144557    9.00    0.00    0.00    0.00    9.00     0  sync_slam_toolb

07:07:13      UID       PID  minflt/s  majflt/s     VSZ     RSS   %MEM  Command
07:07:14        0    144557      0.00      0.00 2493116   59836   0.38  sync_slam_toolb

07:07:14      UID       PID    %usr %system  %guest   %wait    %CPU   CPU  Command
07:07:15        0    144557    8.00    0.00    0.00    0.00    8.00     0  sync_slam_toolb

07:07:14      UID       PID  minflt/s  majflt/s     VSZ     RSS   %MEM  Command
07:07:15        0    144557      0.00      0.00 2493116   59836   0.38  sync_slam_toolb

07:07:15      UID       PID    %usr %system  %guest   %wait    %CPU   CPU  Command
07:07:16        0    144557    9.00    1.00    0.00    0.00   10.00     0  sync_slam_toolb

07:07:15      UID       PID  minflt/s  majflt/s     VSZ     RSS   %MEM  Command
07:07:16        0    144557      0.00      0.00 2493116   59836   0.38  sync_slam_toolb

07:07:16      UID       PID    %usr %system  %guest   %wait    %CPU   CPU  Command
07:07:17        0    144557   12.00    1.00    0.00    0.00   13.00     0  sync_slam_toolb

07:07:16      UID       PID  minflt/s  majflt/s     VSZ     RSS   %MEM  Command
07:07:17        0    144557      6.00      0.00 2493116   59836   0.38  sync_slam_toolb

07:07:17      UID       PID    %usr %system  %guest   %wait    %CPU   CPU  Command
07:07:18        0    144557   11.00    1.00    0.00    0.00   12.00     2  sync_slam_toolb

07:07:17      UID       PID  minflt/s  majflt/s     VSZ     RSS   %MEM  Command
07:07:18        0    144557      6.00      0.00 2493116   59836   0.38  sync_slam_toolb

07:07:18      UID       PID    %usr %system  %guest   %wait    %CPU   CPU  Command
07:07:19        0    144557    8.00    1.00    0.00    0.00    9.00    10  sync_slam_toolb

07:07:18      UID       PID  minflt/s  majflt/s     VSZ     RSS   %MEM  Command
07:07:19        0    144557      0.00      0.00 2493116   59836   0.38  sync_slam_toolb

07:07:19      UID       PID    %usr %system  %guest   %wait    %CPU   CPU  Command
07:07:20        0    144557    8.00    1.00    0.00    0.00    9.00     2  sync_slam_toolb

07:07:19      UID       PID  minflt/s  majflt/s     VSZ     RSS   %MEM  Command
07:07:20        0    144557      0.00      0.00 2493116   59836   0.38  sync_slam_toolb

07:07:20      UID       PID    %usr %system  %guest   %wait    %CPU   CPU  Command
07:07:21        0    144557    8.00    0.00    0.00    0.00    8.00    12  sync_slam_toolb

07:07:20      UID       PID  minflt/s  majflt/s     VSZ     RSS   %MEM  Command
07:07:21        0    144557      0.00      0.00 2493116   59836   0.38  sync_slam_toolb

07:07:21      UID       PID    %usr %system  %guest   %wait    %CPU   CPU  Command
07:07:22        0    144557   12.00    1.00    0.00    0.00   13.00     8  sync_slam_toolb

07:07:21      UID       PID  minflt/s  majflt/s     VSZ     RSS   %MEM  Command
07:07:22        0    144557      6.00      0.00 2493116   59836   0.38  sync_slam_toolb

07:07:22      UID       PID    %usr %system  %guest   %wait    %CPU   CPU  Command
07:07:23        0    144557    9.00    0.00    0.00    0.00    9.00     4  sync_slam_toolb

07:07:22      UID       PID  minflt/s  majflt/s     VSZ     RSS   %MEM  Command
07:07:23        0    144557      0.00      0.00 2493116   59836   0.38  sync_slam_toolb

07:07:23      UID       PID    %usr %system  %guest   %wait    %CPU   CPU  Command
07:07:24        0    144557    8.00    0.00    0.00    0.00    8.00     4  sync_slam_toolb

07:07:23      UID       PID  minflt/s  majflt/s     VSZ     RSS   %MEM  Command
07:07:24        0    144557      0.00      0.00 2493116   59836   0.38  sync_slam_toolb

07:07:24      UID       PID    %usr %system  %guest   %wait    %CPU   CPU  Command
07:07:25        0    144557   12.00    1.00    0.00    0.00   13.00     2  sync_slam_toolb

07:07:24      UID       PID  minflt/s  majflt/s     VSZ     RSS   %MEM  Command
07:07:25        0    144557      5.00      0.00 2493116   59964   0.38  sync_slam_toolb

07:07:25      UID       PID    %usr %system  %guest   %wait    %CPU   CPU  Command
07:07:26        0    144557    8.00    1.00    0.00    0.00    9.00     2  sync_slam_toolb

07:07:25      UID       PID  minflt/s  majflt/s     VSZ     RSS   %MEM  Command
07:07:26        0    144557      0.00      0.00 2493116   59964   0.38  sync_slam_toolb

07:07:26      UID       PID    %usr %system  %guest   %wait    %CPU   CPU  Command
07:07:27        0    144557   11.00    2.00    0.00    0.00   13.00     2  sync_slam_toolb

07:07:26      UID       PID  minflt/s  majflt/s     VSZ     RSS   %MEM  Command
07:07:27        0    144557      6.00      0.00 2493116   59964   0.38  sync_slam_toolb

07:07:27      UID       PID    %usr %system  %guest   %wait    %CPU   CPU  Command
07:07:28        0    144557    8.00    1.00    0.00    0.00    9.00     2  sync_slam_toolb

07:07:27      UID       PID  minflt/s  majflt/s     VSZ     RSS   %MEM  Command
07:07:28        0    144557      0.00      0.00 2493116   59964   0.38  sync_slam_toolb

07:07:28      UID       PID    %usr %system  %guest   %wait    %CPU   CPU  Command
07:07:29        0    144557    9.00    0.00    0.00    0.00    9.00     2  sync_slam_toolb

07:07:28      UID       PID  minflt/s  majflt/s     VSZ     RSS   %MEM  Command
07:07:29        0    144557      0.00      0.00 2493116   59964   0.38  sync_slam_toolb

07:07:29      UID       PID    %usr %system  %guest   %wait    %CPU   CPU  Command
07:07:30        0    144557    8.00    0.00    0.00    0.00    8.00     0  sync_slam_toolb

07:07:29      UID       PID  minflt/s  majflt/s     VSZ     RSS   %MEM  Command
07:07:30        0    144557      0.00      0.00 2493116   59964   0.38  sync_slam_toolb

07:07:30      UID       PID    %usr %system  %guest   %wait    %CPU   CPU  Command
07:07:31        0    144557    9.00    1.00    0.00    0.00   10.00     0  sync_slam_toolb

07:07:30      UID       PID  minflt/s  majflt/s     VSZ     RSS   %MEM  Command
07:07:31        0    144557      0.00      0.00 2493116   59964   0.38  sync_slam_toolb

07:07:31      UID       PID    %usr %system  %guest   %wait    %CPU   CPU  Command
07:07:32        0    144557    8.00    0.00    0.00    0.00    8.00     0  sync_slam_toolb

07:07:31      UID       PID  minflt/s  majflt/s     VSZ     RSS   %MEM  Command
07:07:32        0    144557      0.00      0.00 2493116   59964   0.38  sync_slam_toolb

07:07:32      UID       PID    %usr %system  %guest   %wait    %CPU   CPU  Command
07:07:33        0    144557    9.00    1.00    0.00    0.00   10.00     4  sync_slam_toolb

07:07:32      UID       PID  minflt/s  majflt/s     VSZ     RSS   %MEM  Command
07:07:33        0    144557      0.00      0.00 2493116   59964   0.38  sync_slam_toolb

07:07:33      UID       PID    %usr %system  %guest   %wait    %CPU   CPU  Command
07:07:34        0    144557    8.00    1.00    0.00    0.00    9.00     4  sync_slam_toolb

07:07:33      UID       PID  minflt/s  majflt/s     VSZ     RSS   %MEM  Command
07:07:34        0    144557      0.00      0.00 2493116   59964   0.38  sync_slam_toolb

07:07:34      UID       PID    %usr %system  %guest   %wait    %CPU   CPU  Command
07:07:35        0    144557    8.00    0.00    0.00    0.00    8.00     2  sync_slam_toolb

07:07:34      UID       PID  minflt/s  majflt/s     VSZ     RSS   %MEM  Command
07:07:35        0    144557      0.00      0.00 2493116   59964   0.38  sync_slam_toolb

07:07:35      UID       PID    %usr %system  %guest   %wait    %CPU   CPU  Command
07:07:36        0    144557    9.00    1.00    0.00    0.00   10.00     2  sync_slam_toolb

07:07:35      UID       PID  minflt/s  majflt/s     VSZ     RSS   %MEM  Command
07:07:36        0    144557      0.00      0.00 2493116   59964   0.38  sync_slam_toolb

07:07:36      UID       PID    %usr %system  %guest   %wait    %CPU   CPU  Command
07:07:37        0    144557    8.00    0.00    0.00    0.00    8.00    14  sync_slam_toolb

07:07:36      UID       PID  minflt/s  majflt/s     VSZ     RSS   %MEM  Command
07:07:37        0    144557      0.00      0.00 2493116   59964   0.38  sync_slam_toolb

07:07:37      UID       PID    %usr %system  %guest   %wait    %CPU   CPU  Command
07:07:38        0    144557    8.00    1.00    0.00    0.00    9.00     2  sync_slam_toolb

07:07:37      UID       PID  minflt/s  majflt/s     VSZ     RSS   %MEM  Command
07:07:38        0    144557      0.00      0.00 2493116   59964   0.38  sync_slam_toolb

07:07:38      UID       PID    %usr %system  %guest   %wait    %CPU   CPU  Command
07:07:39        0    144557    8.00    0.00    0.00    0.00    8.00     2  sync_slam_toolb

07:07:38      UID       PID  minflt/s  majflt/s     VSZ     RSS   %MEM  Command
07:07:39        0    144557      0.00      0.00 2493116   59964   0.38  sync_slam_toolb

07:07:39      UID       PID    %usr %system  %guest   %wait    %CPU   CPU  Command
07:07:40        0    144557    8.00    1.00    0.00    0.00    9.00     2  sync_slam_toolb

07:07:39      UID       PID  minflt/s  majflt/s     VSZ     RSS   %MEM  Command
07:07:40        0    144557      0.00      0.00 2493116   59964   0.38  sync_slam_toolb

07:07:40      UID       PID    %usr %system  %guest   %wait    %CPU   CPU  Command
07:07:41        0    144557    8.00    1.00    0.00    0.00    9.00     0  sync_slam_toolb

07:07:40      UID       PID  minflt/s  majflt/s     VSZ     RSS   %MEM  Command
07:07:41        0    144557      0.00      0.00 2493116   59964   0.38  sync_slam_toolb

07:07:41      UID       PID    %usr %system  %guest   %wait    %CPU   CPU  Command
07:07:42        0    144557    8.00    1.00    0.00    0.00    9.00     0  sync_slam_toolb

07:07:41      UID       PID  minflt/s  majflt/s     VSZ     RSS   %MEM  Command
07:07:42        0    144557      0.00      0.00 2493116   59964   0.38  sync_slam_toolb

07:07:42      UID       PID    %usr %system  %guest   %wait    %CPU   CPU  Command
07:07:43        0    144557    8.91    0.99    0.00    0.00    9.90    14  sync_slam_toolb

07:07:42      UID       PID  minflt/s  majflt/s     VSZ     RSS   %MEM  Command
07:07:43        0    144557      0.00      0.00 2493116   59964   0.38  sync_slam_toolb

07:07:43      UID       PID    %usr %system  %guest   %wait    %CPU   CPU  Command
07:07:44        0    144557    8.00    0.00    0.00    0.00    8.00     4  sync_slam_toolb

07:07:43      UID       PID  minflt/s  majflt/s     VSZ     RSS   %MEM  Command
07:07:44        0    144557      0.00      0.00 2493116   59964   0.38  sync_slam_toolb

07:07:44      UID       PID    %usr %system  %guest   %wait    %CPU   CPU  Command
07:07:45        0    144557    8.00    1.00    0.00    0.00    9.00     0  sync_slam_toolb

07:07:44      UID       PID  minflt/s  majflt/s     VSZ     RSS   %MEM  Command
07:07:45        0    144557      0.00      0.00 2493116   59964   0.38  sync_slam_toolb

07:07:45      UID       PID    %usr %system  %guest   %wait    %CPU   CPU  Command
07:07:46        0    144557    8.00    1.00    0.00    0.00    9.00     0  sync_slam_toolb

07:07:45      UID       PID  minflt/s  majflt/s     VSZ     RSS   %MEM  Command
07:07:46        0    144557      0.00      0.00 2493116   59964   0.38  sync_slam_toolb

07:07:46      UID       PID    %usr %system  %guest   %wait    %CPU   CPU  Command
07:07:47        0    144557    8.00    1.00    0.00    0.00    9.00     6  sync_slam_toolb

07:07:46      UID       PID  minflt/s  majflt/s     VSZ     RSS   %MEM  Command
07:07:47        0    144557      0.00      0.00 2493116   59964   0.38  sync_slam_toolb

07:07:47      UID       PID    %usr %system  %guest   %wait    %CPU   CPU  Command
07:07:48        0    144557    8.00    1.00    0.00    0.00    9.00     0  sync_slam_toolb

07:07:47      UID       PID  minflt/s  majflt/s     VSZ     RSS   %MEM  Command
07:07:48        0    144557      0.00      0.00 2493116   59964   0.38  sync_slam_toolb

07:07:48      UID       PID    %usr %system  %guest   %wait    %CPU   CPU  Command
07:07:49        0    144557    9.00    1.00    0.00    0.00   10.00     6  sync_slam_toolb

07:07:48      UID       PID  minflt/s  majflt/s     VSZ     RSS   %MEM  Command
07:07:49        0    144557      0.00      0.00 2493116   59964   0.38  sync_slam_toolb

07:07:49      UID       PID    %usr %system  %guest   %wait    %CPU   CPU  Command
07:07:50        0    144557    8.00    0.00    0.00    0.00    8.00     0  sync_slam_toolb

07:07:49      UID       PID  minflt/s  majflt/s     VSZ     RSS   %MEM  Command
07:07:50        0    144557      0.00      0.00 2493116   59964   0.38  sync_slam_toolb

07:07:50      UID       PID    %usr %system  %guest   %wait    %CPU   CPU  Command
07:07:51        0    144557    9.00    1.00    0.00    0.00   10.00     6  sync_slam_toolb

07:07:50      UID       PID  minflt/s  majflt/s     VSZ     RSS   %MEM  Command
07:07:51        0    144557      0.00      0.00 2493116   59964   0.38  sync_slam_toolb

07:07:51      UID       PID    %usr %system  %guest   %wait    %CPU   CPU  Command
07:07:52        0    144557    9.00    0.00    0.00    0.00    9.00     6  sync_slam_toolb

07:07:51      UID       PID  minflt/s  majflt/s     VSZ     RSS   %MEM  Command
07:07:52        0    144557      0.00      0.00 2493116   59964   0.38  sync_slam_toolb

07:07:52      UID       PID    %usr %system  %guest   %wait    %CPU   CPU  Command
07:07:53        0    144557    8.00    1.00    0.00    0.00    9.00     6  sync_slam_toolb

07:07:52      UID       PID  minflt/s  majflt/s     VSZ     RSS   %MEM  Command
07:07:53        0    144557      0.00      0.00 2493116   59964   0.38  sync_slam_toolb

07:07:53      UID       PID    %usr %system  %guest   %wait    %CPU   CPU  Command
07:07:54        0    144557    8.00    1.00    0.00    0.00    9.00     6  sync_slam_toolb

07:07:53      UID       PID  minflt/s  majflt/s     VSZ     RSS   %MEM  Command
07:07:54        0    144557      0.00      0.00 2493116   59964   0.38  sync_slam_toolb

07:07:54      UID       PID    %usr %system  %guest   %wait    %CPU   CPU  Command
07:07:55        0    144557    8.00    0.00    0.00    0.00    8.00     6  sync_slam_toolb

07:07:54      UID       PID  minflt/s  majflt/s     VSZ     RSS   %MEM  Command
07:07:55        0    144557      0.00      0.00 2493116   59964   0.38  sync_slam_toolb

07:07:55      UID       PID    %usr %system  %guest   %wait    %CPU   CPU  Command
07:07:56        0    144557    9.00    1.00    0.00    0.00   10.00     6  sync_slam_toolb

07:07:55      UID       PID  minflt/s  majflt/s     VSZ     RSS   %MEM  Command
07:07:56        0    144557      0.00      0.00 2493116   59964   0.38  sync_slam_toolb

07:07:56      UID       PID    %usr %system  %guest   %wait    %CPU   CPU  Command
07:07:57        0    144557    9.00    0.00    0.00    0.00    9.00     2  sync_slam_toolb

07:07:56      UID       PID  minflt/s  majflt/s     VSZ     RSS   %MEM  Command
07:07:57        0    144557      0.00      0.00 2493116   59964   0.38  sync_slam_toolb

07:07:57      UID       PID    %usr %system  %guest   %wait    %CPU   CPU  Command
07:07:58        0    144557    8.00    1.00    0.00    0.00    9.00     8  sync_slam_toolb

07:07:57      UID       PID  minflt/s  majflt/s     VSZ     RSS   %MEM  Command
07:07:58        0    144557      0.00      0.00 2493116   59964   0.38  sync_slam_toolb

07:07:58      UID       PID    %usr %system  %guest   %wait    %CPU   CPU  Command
07:07:59        0    144557   12.00    0.00    0.00    0.00   12.00     6  sync_slam_toolb

07:07:58      UID       PID  minflt/s  majflt/s     VSZ     RSS   %MEM  Command
07:07:59        0    144557      6.00      0.00 2493116   59964   0.38  sync_slam_toolb

07:07:59      UID       PID    %usr %system  %guest   %wait    %CPU   CPU  Command
07:08:00        0    144557    9.00    1.00    0.00    0.00   10.00     6  sync_slam_toolb

07:07:59      UID       PID  minflt/s  majflt/s     VSZ     RSS   %MEM  Command
07:08:00        0    144557      0.00      0.00 2493116   59964   0.38  sync_slam_toolb

07:08:00      UID       PID    %usr %system  %guest   %wait    %CPU   CPU  Command
07:08:01        0    144557   11.00    1.00    0.00    0.00   12.00     6  sync_slam_toolb

07:08:00      UID       PID  minflt/s  majflt/s     VSZ     RSS   %MEM  Command
07:08:01        0    144557      7.00      0.00 2493116   59964   0.38  sync_slam_toolb

07:08:01      UID       PID    %usr %system  %guest   %wait    %CPU   CPU  Command
07:08:02        0    144557    8.00    1.00    0.00    0.00    9.00     6  sync_slam_toolb

07:08:01      UID       PID  minflt/s  majflt/s     VSZ     RSS   %MEM  Command
07:08:02        0    144557      0.00      0.00 2493116   59964   0.38  sync_slam_toolb

07:08:02      UID       PID    %usr %system  %guest   %wait    %CPU   CPU  Command
07:08:03        0    144557    9.00    1.00    0.00    0.00   10.00    10  sync_slam_toolb

07:08:02      UID       PID  minflt/s  majflt/s     VSZ     RSS   %MEM  Command
07:08:03        0    144557      0.00      0.00 2493116   59964   0.38  sync_slam_toolb

07:08:03      UID       PID    %usr %system  %guest   %wait    %CPU   CPU  Command
07:08:04        0    144557   10.00    2.00    0.00    0.00   12.00     0  sync_slam_toolb

07:08:03      UID       PID  minflt/s  majflt/s     VSZ     RSS   %MEM  Command
07:08:04        0    144557      6.00      0.00 2493116   59964   0.38  sync_slam_toolb

07:08:04      UID       PID    %usr %system  %guest   %wait    %CPU   CPU  Command
07:08:05        0    144557    9.00    0.00    0.00    0.00    9.00     0  sync_slam_toolb

07:08:04      UID       PID  minflt/s  majflt/s     VSZ     RSS   %MEM  Command
07:08:05        0    144557      0.00      0.00 2493116   59964   0.38  sync_slam_toolb

07:08:05      UID       PID    %usr %system  %guest   %wait    %CPU   CPU  Command
07:08:06        0    144557   10.00    0.00    0.00    0.00   10.00     0  sync_slam_toolb

07:08:05      UID       PID  minflt/s  majflt/s     VSZ     RSS   %MEM  Command
07:08:06        0    144557      0.00      0.00 2493116   59964   0.38  sync_slam_toolb

07:08:06      UID       PID    %usr %system  %guest   %wait    %CPU   CPU  Command
07:08:07        0    144557    8.00    1.00    0.00    0.00    9.00     0  sync_slam_toolb

07:08:06      UID       PID  minflt/s  majflt/s     VSZ     RSS   %MEM  Command
07:08:07        0    144557      0.00      0.00 2493116   59964   0.38  sync_slam_toolb

07:08:07      UID       PID    %usr %system  %guest   %wait    %CPU   CPU  Command
07:08:08        0    144557    8.00    2.00    0.00    0.00   10.00    12  sync_slam_toolb

07:08:07      UID       PID  minflt/s  majflt/s     VSZ     RSS   %MEM  Command
07:08:08        0    144557      0.00      0.00 2493116   59964   0.38  sync_slam_toolb

07:08:08      UID       PID    %usr %system  %guest   %wait    %CPU   CPU  Command
07:08:09        0    144557    9.00    0.00    0.00    0.00    9.00     0  sync_slam_toolb

07:08:08      UID       PID  minflt/s  majflt/s     VSZ     RSS   %MEM  Command
07:08:09        0    144557      0.00      0.00 2493116   59964   0.38  sync_slam_toolb

07:08:09      UID       PID    %usr %system  %guest   %wait    %CPU   CPU  Command
07:08:10        0    144557    8.00    1.00    0.00    0.00    9.00     6  sync_slam_toolb

07:08:09      UID       PID  minflt/s  majflt/s     VSZ     RSS   %MEM  Command
07:08:10        0    144557      0.00      0.00 2493116   59964   0.38  sync_slam_toolb

07:08:10      UID       PID    %usr %system  %guest   %wait    %CPU   CPU  Command
07:08:11        0    144557    8.00    1.00    0.00    0.00    9.00     4  sync_slam_toolb

07:08:10      UID       PID  minflt/s  majflt/s     VSZ     RSS   %MEM  Command
07:08:11        0    144557      0.00      0.00 2493116   59964   0.38  sync_slam_toolb

07:08:11      UID       PID    %usr %system  %guest   %wait    %CPU   CPU  Command
07:08:12        0    144557    9.00    1.00    0.00    0.00   10.00     4  sync_slam_toolb

07:08:11      UID       PID  minflt/s  majflt/s     VSZ     RSS   %MEM  Command
07:08:12        0    144557      0.00      0.00 2493116   59964   0.38  sync_slam_toolb

07:08:12      UID       PID    %usr %system  %guest   %wait    %CPU   CPU  Command
07:08:13        0    144557    9.00    1.00    0.00    0.00   10.00     6  sync_slam_toolb

07:08:12      UID       PID  minflt/s  majflt/s     VSZ     RSS   %MEM  Command
07:08:13        0    144557      0.00      0.00 2493116   59964   0.38  sync_slam_toolb

07:08:13      UID       PID    %usr %system  %guest   %wait    %CPU   CPU  Command
07:08:14        0    144557    9.00    0.00    0.00    0.00    9.00     2  sync_slam_toolb

07:08:13      UID       PID  minflt/s  majflt/s     VSZ     RSS   %MEM  Command
07:08:14        0    144557      0.00      0.00 2493116   59964   0.38  sync_slam_toolb

07:08:14      UID       PID    %usr %system  %guest   %wait    %CPU   CPU  Command
07:08:15        0    144557    8.00    1.00    0.00    0.00    9.00     2  sync_slam_toolb

07:08:14      UID       PID  minflt/s  majflt/s     VSZ     RSS   %MEM  Command
07:08:15        0    144557      0.00      0.00 2493116   59964   0.38  sync_slam_toolb

07:08:15      UID       PID    %usr %system  %guest   %wait    %CPU   CPU  Command
07:08:16        0    144557    9.00    0.00    0.00    0.00    9.00     6  sync_slam_toolb

07:08:15      UID       PID  minflt/s  majflt/s     VSZ     RSS   %MEM  Command
07:08:16        0    144557      0.00      0.00 2493116   59964   0.38  sync_slam_toolb

07:08:16      UID       PID    %usr %system  %guest   %wait    %CPU   CPU  Command
07:08:17        0    144557    8.00    1.00    0.00    0.00    9.00     4  sync_slam_toolb

07:08:16      UID       PID  minflt/s  majflt/s     VSZ     RSS   %MEM  Command
07:08:17        0    144557      0.00      0.00 2493116   59964   0.38  sync_slam_toolb

07:08:17      UID       PID    %usr %system  %guest   %wait    %CPU   CPU  Command
07:08:18        0    144557   10.00    0.00    0.00    0.00   10.00     8  sync_slam_toolb

07:08:17      UID       PID  minflt/s  majflt/s     VSZ     RSS   %MEM  Command
07:08:18        0    144557      0.00      0.00 2493116   59964   0.38  sync_slam_toolb

07:08:18      UID       PID    %usr %system  %guest   %wait    %CPU   CPU  Command
07:08:19        0    144557   12.00    0.00    0.00    0.00   12.00     8  sync_slam_toolb

07:08:18      UID       PID  minflt/s  majflt/s     VSZ     RSS   %MEM  Command
07:08:19        0    144557      6.00      0.00 2493116   59964   0.38  sync_slam_toolb

07:08:19      UID       PID    %usr %system  %guest   %wait    %CPU   CPU  Command
07:08:20        0    144557    8.00    1.00    0.00    0.00    9.00     0  sync_slam_toolb

07:08:19      UID       PID  minflt/s  majflt/s     VSZ     RSS   %MEM  Command
07:08:20        0    144557      0.00      0.00 2493116   59964   0.38  sync_slam_toolb

07:08:20      UID       PID    %usr %system  %guest   %wait    %CPU   CPU  Command
07:08:21        0    144557    9.00    1.00    0.00    0.00   10.00     8  sync_slam_toolb

07:08:20      UID       PID  minflt/s  majflt/s     VSZ     RSS   %MEM  Command
07:08:21        0    144557      0.00      0.00 2493116   59964   0.38  sync_slam_toolb

07:08:21      UID       PID    %usr %system  %guest   %wait    %CPU   CPU  Command
07:08:22        0    144557   12.00    0.00    0.00    0.00   12.00     8  sync_slam_toolb

07:08:21      UID       PID  minflt/s  majflt/s     VSZ     RSS   %MEM  Command
07:08:22        0    144557      6.00      0.00 2493116   59964   0.38  sync_slam_toolb

07:08:22      UID       PID    %usr %system  %guest   %wait    %CPU   CPU  Command
07:08:23        0    144557    8.00    1.00    0.00    0.00    9.00     8  sync_slam_toolb

07:08:22      UID       PID  minflt/s  majflt/s     VSZ     RSS   %MEM  Command
07:08:23        0    144557      0.00      0.00 2493116   59964   0.38  sync_slam_toolb

07:08:23      UID       PID    %usr %system  %guest   %wait    %CPU   CPU  Command
07:08:24        0    144557    9.00    0.00    0.00    0.00    9.00     8  sync_slam_toolb

07:08:23      UID       PID  minflt/s  majflt/s     VSZ     RSS   %MEM  Command
07:08:24        0    144557      0.00      0.00 2493116   59964   0.38  sync_slam_toolb

07:08:24      UID       PID    %usr %system  %guest   %wait    %CPU   CPU  Command
07:08:25        0    144557    8.00    1.00    0.00    0.00    9.00     9  sync_slam_toolb

07:08:24      UID       PID  minflt/s  majflt/s     VSZ     RSS   %MEM  Command
07:08:25        0    144557      0.00      0.00 2493116   59964   0.38  sync_slam_toolb

07:08:25      UID       PID    %usr %system  %guest   %wait    %CPU   CPU  Command
07:08:26        0    144557    9.00    1.00    0.00    0.00   10.00     6  sync_slam_toolb

07:08:25      UID       PID  minflt/s  majflt/s     VSZ     RSS   %MEM  Command
07:08:26        0    144557      0.00      0.00 2493116   59964   0.38  sync_slam_toolb

07:08:26      UID       PID    %usr %system  %guest   %wait    %CPU   CPU  Command
07:08:27        0    144557    8.00    0.00    0.00    0.00    8.00     6  sync_slam_toolb

07:08:26      UID       PID  minflt/s  majflt/s     VSZ     RSS   %MEM  Command
07:08:27        0    144557      0.00      0.00 2493116   59964   0.38  sync_slam_toolb

07:08:27      UID       PID    %usr %system  %guest   %wait    %CPU   CPU  Command
07:08:28        0    144557    9.00    1.00    0.00    0.00   10.00    10  sync_slam_toolb

07:08:27      UID       PID  minflt/s  majflt/s     VSZ     RSS   %MEM  Command
07:08:28        0    144557      0.00      0.00 2493116   59964   0.38  sync_slam_toolb

07:08:28      UID       PID    %usr %system  %guest   %wait    %CPU   CPU  Command
07:08:29        0    144557    9.00    0.00    0.00    0.00    9.00     2  sync_slam_toolb

07:08:28      UID       PID  minflt/s  majflt/s     VSZ     RSS   %MEM  Command
07:08:29        0    144557      0.00      0.00 2493116   59964   0.38  sync_slam_toolb

07:08:29      UID       PID    %usr %system  %guest   %wait    %CPU   CPU  Command
07:08:30        0    144557    8.00    1.00    0.00    0.00    9.00    12  sync_slam_toolb

07:08:29      UID       PID  minflt/s  majflt/s     VSZ     RSS   %MEM  Command
07:08:30        0    144557      0.00      0.00 2493116   59964   0.38  sync_slam_toolb

07:08:30      UID       PID    %usr %system  %guest   %wait    %CPU   CPU  Command
07:08:31        0    144557    9.00    1.00    0.00    0.00   10.00     2  sync_slam_toolb

07:08:30      UID       PID  minflt/s  majflt/s     VSZ     RSS   %MEM  Command
07:08:31        0    144557      0.00      0.00 2493116   59964   0.38  sync_slam_toolb

07:08:31      UID       PID    %usr %system  %guest   %wait    %CPU   CPU  Command
07:08:32        0    144557    8.00    1.00    0.00    0.00    9.00    14  sync_slam_toolb

07:08:31      UID       PID  minflt/s  majflt/s     VSZ     RSS   %MEM  Command
07:08:32        0    144557      0.00      0.00 2493116   59964   0.38  sync_slam_toolb

07:08:32      UID       PID    %usr %system  %guest   %wait    %CPU   CPU  Command
07:08:33        0    144557    9.00    0.00    0.00    0.00    9.00     2  sync_slam_toolb

07:08:32      UID       PID  minflt/s  majflt/s     VSZ     RSS   %MEM  Command
07:08:33        0    144557      0.00      0.00 2493116   59964   0.38  sync_slam_toolb

07:08:33      UID       PID    %usr %system  %guest   %wait    %CPU   CPU  Command
07:08:34        0    144557    9.00    1.00    0.00    0.00   10.00     6  sync_slam_toolb

07:08:33      UID       PID  minflt/s  majflt/s     VSZ     RSS   %MEM  Command
07:08:34        0    144557      0.00      0.00 2493116   59964   0.38  sync_slam_toolb

07:08:34      UID       PID    %usr %system  %guest   %wait    %CPU   CPU  Command
07:08:35        0    144557   11.00    1.00    0.00    0.00   12.00     2  sync_slam_toolb

07:08:34      UID       PID  minflt/s  majflt/s     VSZ     RSS   %MEM  Command
07:08:35        0    144557      6.00      0.00 2493116   60092   0.39  sync_slam_toolb

07:08:35      UID       PID    %usr %system  %guest   %wait    %CPU   CPU  Command
07:08:36        0    144557    8.00    1.00    0.00    0.00    9.00     8  sync_slam_toolb

07:08:35      UID       PID  minflt/s  majflt/s     VSZ     RSS   %MEM  Command
07:08:36        0    144557      0.00      0.00 2493116   60092   0.39  sync_slam_toolb

07:08:36      UID       PID    %usr %system  %guest   %wait    %CPU   CPU  Command
07:08:37        0    144557    8.00    1.00    0.00    0.00    9.00     6  sync_slam_toolb

07:08:36      UID       PID  minflt/s  majflt/s     VSZ     RSS   %MEM  Command
07:08:37        0    144557      0.00      0.00 2493116   60092   0.39  sync_slam_toolb

07:08:37      UID       PID    %usr %system  %guest   %wait    %CPU   CPU  Command
07:08:38        0    144557    9.00    1.00    0.00    0.00   10.00     6  sync_slam_toolb

07:08:37      UID       PID  minflt/s  majflt/s     VSZ     RSS   %MEM  Command
07:08:38        0    144557      0.00      0.00 2493116   60092   0.39  sync_slam_toolb

07:08:38      UID       PID    %usr %system  %guest   %wait    %CPU   CPU  Command
07:08:39        0    144557   11.00    1.00    0.00    0.00   12.00     2  sync_slam_toolb

07:08:38      UID       PID  minflt/s  majflt/s     VSZ     RSS   %MEM  Command
07:08:39        0    144557      6.00      0.00 2493116   60092   0.39  sync_slam_toolb

07:08:39      UID       PID    %usr %system  %guest   %wait    %CPU   CPU  Command
07:08:40        0    144557    9.00    1.00    0.00    0.00   10.00     8  sync_slam_toolb

07:08:39      UID       PID  minflt/s  majflt/s     VSZ     RSS   %MEM  Command
07:08:40        0    144557      0.00      0.00 2493116   60092   0.39  sync_slam_toolb

07:08:40      UID       PID    %usr %system  %guest   %wait    %CPU   CPU  Command
07:08:41        0    144557   12.00    0.00    0.00    0.00   12.00     2  sync_slam_toolb

07:08:40      UID       PID  minflt/s  majflt/s     VSZ     RSS   %MEM  Command
07:08:41        0    144557      6.00      0.00 2493116   60092   0.39  sync_slam_toolb

07:08:41      UID       PID    %usr %system  %guest   %wait    %CPU   CPU  Command
07:08:42        0    144557    8.00    1.00    0.00    0.00    9.00    10  sync_slam_toolb

07:08:41      UID       PID  minflt/s  majflt/s     VSZ     RSS   %MEM  Command
07:08:42        0    144557      0.00      0.00 2493116   60092   0.39  sync_slam_toolb

07:08:42      UID       PID    %usr %system  %guest   %wait    %CPU   CPU  Command
07:08:43        0    144557   13.00    1.00    0.00    0.00   14.00     2  sync_slam_toolb

07:08:42      UID       PID  minflt/s  majflt/s     VSZ     RSS   %MEM  Command
07:08:43        0    144557      6.00      0.00 2493116   60092   0.39  sync_slam_toolb

07:08:43      UID       PID    %usr %system  %guest   %wait    %CPU   CPU  Command
07:08:44        0    144557    8.00    1.00    0.00    0.00    9.00     4  sync_slam_toolb

07:08:43      UID       PID  minflt/s  majflt/s     VSZ     RSS   %MEM  Command
07:08:44        0    144557      0.00      0.00 2493116   60092   0.39  sync_slam_toolb

07:08:44      UID       PID    %usr %system  %guest   %wait    %CPU   CPU  Command
07:08:45        0    144557    9.00    1.00    0.00    0.00   10.00     6  sync_slam_toolb

07:08:44      UID       PID  minflt/s  majflt/s     VSZ     RSS   %MEM  Command
07:08:45        0    144557      0.00      0.00 2493116   60092   0.39  sync_slam_toolb

07:08:45      UID       PID    %usr %system  %guest   %wait    %CPU   CPU  Command
07:08:46        0    144557    8.00    1.00    0.00    0.00    9.00     6  sync_slam_toolb

07:08:45      UID       PID  minflt/s  majflt/s     VSZ     RSS   %MEM  Command
07:08:46        0    144557      0.00      0.00 2493116   60092   0.39  sync_slam_toolb

07:08:46      UID       PID    %usr %system  %guest   %wait    %CPU   CPU  Command
07:08:47        0    144557    9.00    0.00    0.00    0.00    9.00     6  sync_slam_toolb

07:08:46      UID       PID  minflt/s  majflt/s     VSZ     RSS   %MEM  Command
07:08:47        0    144557      0.00      0.00 2493116   60092   0.39  sync_slam_toolb

07:08:47      UID       PID    %usr %system  %guest   %wait    %CPU   CPU  Command
07:08:48        0    144557    9.00    0.00    0.00    0.00    9.00     6  sync_slam_toolb

07:08:47      UID       PID  minflt/s  majflt/s     VSZ     RSS   %MEM  Command
07:08:48        0    144557      0.00      0.00 2493116   60092   0.39  sync_slam_toolb

07:08:48      UID       PID    %usr %system  %guest   %wait    %CPU   CPU  Command
07:08:49        0    144557    9.00    1.00    0.00    0.00   10.00     0  sync_slam_toolb

07:08:48      UID       PID  minflt/s  majflt/s     VSZ     RSS   %MEM  Command
07:08:49        0    144557      0.00      0.00 2493116   60092   0.39  sync_slam_toolb

07:08:49      UID       PID    %usr %system  %guest   %wait    %CPU   CPU  Command
07:08:50        0    144557    8.00    0.00    0.00    0.00    8.00     0  sync_slam_toolb

07:08:49      UID       PID  minflt/s  majflt/s     VSZ     RSS   %MEM  Command
07:08:50        0    144557      0.00      0.00 2493116   60092   0.39  sync_slam_toolb

07:08:50      UID       PID    %usr %system  %guest   %wait    %CPU   CPU  Command
07:08:51        0    144557    9.00    1.00    0.00    0.00   10.00     6  sync_slam_toolb

07:08:50      UID       PID  minflt/s  majflt/s     VSZ     RSS   %MEM  Command
07:08:51        0    144557      0.00      0.00 2493116   60092   0.39  sync_slam_toolb

07:08:51      UID       PID    %usr %system  %guest   %wait    %CPU   CPU  Command
07:08:52        0    144557   12.00    1.00    0.00    0.00   13.00     0  sync_slam_toolb

07:08:51      UID       PID  minflt/s  majflt/s     VSZ     RSS   %MEM  Command
07:08:52        0    144557      6.00      0.00 2493116   60092   0.39  sync_slam_toolb

07:08:52      UID       PID    %usr %system  %guest   %wait    %CPU   CPU  Command
07:08:53        0    144557    9.00    1.00    0.00    0.00   10.00     0  sync_slam_toolb

07:08:52      UID       PID  minflt/s  majflt/s     VSZ     RSS   %MEM  Command
07:08:53        0    144557      0.00      0.00 2493116   60092   0.39  sync_slam_toolb

07:08:53      UID       PID    %usr %system  %guest   %wait    %CPU   CPU  Command
07:08:54        0    144557    8.00    1.00    0.00    0.00    9.00     2  sync_slam_toolb

07:08:53      UID       PID  minflt/s  majflt/s     VSZ     RSS   %MEM  Command
07:08:54        0    144557      0.00      0.00 2493116   60092   0.39  sync_slam_toolb

07:08:54      UID       PID    %usr %system  %guest   %wait    %CPU   CPU  Command
07:08:55        0    144557   10.00    2.00    0.00    0.00   12.00     0  sync_slam_toolb

07:08:54      UID       PID  minflt/s  majflt/s     VSZ     RSS   %MEM  Command
07:08:55        0    144557      6.00      0.00 2493116   60092   0.39  sync_slam_toolb

07:08:55      UID       PID    %usr %system  %guest   %wait    %CPU   CPU  Command
07:08:56        0    144557    9.00    2.00    0.00    0.00   11.00     6  sync_slam_toolb

07:08:55      UID       PID  minflt/s  majflt/s     VSZ     RSS   %MEM  Command
07:08:56        0    144557      0.00      0.00 2493116   60092   0.39  sync_slam_toolb

07:08:56      UID       PID    %usr %system  %guest   %wait    %CPU   CPU  Command
07:08:57        0    144557   10.00    1.00    0.00    0.00   11.00     6  sync_slam_toolb

07:08:56      UID       PID  minflt/s  majflt/s     VSZ     RSS   %MEM  Command
07:08:57        0    144557      6.00      0.00 2493116   60092   0.39  sync_slam_toolb

07:08:57      UID       PID    %usr %system  %guest   %wait    %CPU   CPU  Command
07:08:58        0    144557   10.00    1.00    0.00    0.00   11.00     6  sync_slam_toolb

07:08:57      UID       PID  minflt/s  majflt/s     VSZ     RSS   %MEM  Command
07:08:58        0    144557      0.00      0.00 2493116   60092   0.39  sync_slam_toolb

07:08:58      UID       PID    %usr %system  %guest   %wait    %CPU   CPU  Command
07:08:59        0    144557    8.00    1.00    0.00    0.00    9.00     6  sync_slam_toolb

07:08:58      UID       PID  minflt/s  majflt/s     VSZ     RSS   %MEM  Command
07:08:59        0    144557      0.00      0.00 2493116   60092   0.39  sync_slam_toolb

07:08:59      UID       PID    %usr %system  %guest   %wait    %CPU   CPU  Command
07:09:00        0    144557   33.00    1.00    0.00    0.00   34.00     2  sync_slam_toolb

07:08:59      UID       PID  minflt/s  majflt/s     VSZ     RSS   %MEM  Command
07:09:00        0    144557    998.00      0.00 2689724   64060   0.41  sync_slam_toolb

07:09:00      UID       PID    %usr %system  %guest   %wait    %CPU   CPU  Command
07:09:01        0    144557    9.00    0.00    0.00    0.00    9.00     6  sync_slam_toolb

07:09:00      UID       PID  minflt/s  majflt/s     VSZ     RSS   %MEM  Command
07:09:01        0    144557      0.00      0.00 2689724   64060   0.41  sync_slam_toolb

07:09:01      UID       PID    %usr %system  %guest   %wait    %CPU   CPU  Command
07:09:02        0    144557    8.00    1.00    0.00    0.00    9.00     0  sync_slam_toolb

07:09:01      UID       PID  minflt/s  majflt/s     VSZ     RSS   %MEM  Command
07:09:02        0    144557      0.00      0.00 2689724   64060   0.41  sync_slam_toolb

07:09:02      UID       PID    %usr %system  %guest   %wait    %CPU   CPU  Command
07:09:03        0    144557   11.00    2.00    0.00    0.00   13.00     0  sync_slam_toolb

07:09:02      UID       PID  minflt/s  majflt/s     VSZ     RSS   %MEM  Command
07:09:03        0    144557      0.00      0.00 2689724   64060   0.41  sync_slam_toolb

07:09:03      UID       PID    %usr %system  %guest   %wait    %CPU   CPU  Command
07:09:04        0    144557    8.00    0.00    0.00    0.00    8.00     0  sync_slam_toolb

07:09:03      UID       PID  minflt/s  majflt/s     VSZ     RSS   %MEM  Command
07:09:04        0    144557      0.00      0.00 2689724   64060   0.41  sync_slam_toolb

07:09:04      UID       PID    %usr %system  %guest   %wait    %CPU   CPU  Command
07:09:05        0    144557   10.00    0.00    0.00    0.00   10.00     6  sync_slam_toolb

07:09:04      UID       PID  minflt/s  majflt/s     VSZ     RSS   %MEM  Command
07:09:05        0    144557      0.00      0.00 2689724   64060   0.41  sync_slam_toolb

07:09:05      UID       PID    %usr %system  %guest   %wait    %CPU   CPU  Command
07:09:06        0    144557   12.00    1.00    0.00    0.00   13.00     6  sync_slam_toolb

07:09:05      UID       PID  minflt/s  majflt/s     VSZ     RSS   %MEM  Command
07:09:06        0    144557      0.00      0.00 2689724   64060   0.41  sync_slam_toolb

07:09:06      UID       PID    %usr %system  %guest   %wait    %CPU   CPU  Command
07:09:07        0    144557    9.00    1.00    0.00    0.00   10.00     6  sync_slam_toolb

07:09:06      UID       PID  minflt/s  majflt/s     VSZ     RSS   %MEM  Command
07:09:07        0    144557      0.00      0.00 2689724   64060   0.41  sync_slam_toolb

07:09:07      UID       PID    %usr %system  %guest   %wait    %CPU   CPU  Command
07:09:08        0    144557    8.00    1.00    0.00    0.00    9.00     8  sync_slam_toolb

07:09:07      UID       PID  minflt/s  majflt/s     VSZ     RSS   %MEM  Command
07:09:08        0    144557      0.00      0.00 2689724   64060   0.41  sync_slam_toolb

07:09:08      UID       PID    %usr %system  %guest   %wait    %CPU   CPU  Command
07:09:09        0    144557    9.00    0.00    0.00    0.00    9.00     6  sync_slam_toolb

07:09:08      UID       PID  minflt/s  majflt/s     VSZ     RSS   %MEM  Command
07:09:09        0    144557      0.00      0.00 2689724   64060   0.41  sync_slam_toolb

07:09:09      UID       PID    %usr %system  %guest   %wait    %CPU   CPU  Command
07:09:10        0    144557    9.00    1.00    0.00    0.00   10.00     4  sync_slam_toolb

07:09:09      UID       PID  minflt/s  majflt/s     VSZ     RSS   %MEM  Command
07:09:10        0    144557      0.00      0.00 2689724   64060   0.41  sync_slam_toolb

07:09:10      UID       PID    %usr %system  %guest   %wait    %CPU   CPU  Command
07:09:11        0    144557    8.00    0.00    0.00    0.00    8.00     4  sync_slam_toolb

07:09:10      UID       PID  minflt/s  majflt/s     VSZ     RSS   %MEM  Command
07:09:11        0    144557      0.00      0.00 2689724   64060   0.41  sync_slam_toolb

07:09:11      UID       PID    %usr %system  %guest   %wait    %CPU   CPU  Command
07:09:12        0    144557    9.00    1.00    0.00    0.00   10.00     0  sync_slam_toolb

07:09:11      UID       PID  minflt/s  majflt/s     VSZ     RSS   %MEM  Command
07:09:12        0    144557      0.00      0.00 2689724   64060   0.41  sync_slam_toolb

07:09:12      UID       PID    %usr %system  %guest   %wait    %CPU   CPU  Command
07:09:13        0    144557    9.00    1.00    0.00    0.00   10.00     8  sync_slam_toolb

07:09:12      UID       PID  minflt/s  majflt/s     VSZ     RSS   %MEM  Command
07:09:13        0    144557      0.00      0.00 2689724   64060   0.41  sync_slam_toolb

07:09:13      UID       PID    %usr %system  %guest   %wait    %CPU   CPU  Command
07:09:14        0    144557    9.00    0.00    0.00    0.00    9.00     2  sync_slam_toolb

07:09:13      UID       PID  minflt/s  majflt/s     VSZ     RSS   %MEM  Command
07:09:14        0    144557      0.00      0.00 2689724   64060   0.41  sync_slam_toolb

07:09:14      UID       PID    %usr %system  %guest   %wait    %CPU   CPU  Command
07:09:15        0    144557    9.00    1.00    0.00    0.00   10.00    14  sync_slam_toolb

07:09:14      UID       PID  minflt/s  majflt/s     VSZ     RSS   %MEM  Command
07:09:15        0    144557      0.00      0.00 2689724   64060   0.41  sync_slam_toolb

07:09:15      UID       PID    %usr %system  %guest   %wait    %CPU   CPU  Command
07:09:16        0    144557    9.00    0.00    0.00    0.00    9.00     2  sync_slam_toolb

07:09:15      UID       PID  minflt/s  majflt/s     VSZ     RSS   %MEM  Command
07:09:16        0    144557      0.00      0.00 2689724   64060   0.41  sync_slam_toolb

07:09:16      UID       PID    %usr %system  %guest   %wait    %CPU   CPU  Command
07:09:17        0    144557    8.00    1.00    0.00    0.00    9.00     2  sync_slam_toolb

07:09:16      UID       PID  minflt/s  majflt/s     VSZ     RSS   %MEM  Command
07:09:17        0    144557      0.00      0.00 2689724   64060   0.41  sync_slam_toolb

07:09:17      UID       PID    %usr %system  %guest   %wait    %CPU   CPU  Command
07:09:18        0    144557    8.00    1.00    0.00    0.00    9.00     0  sync_slam_toolb

07:09:17      UID       PID  minflt/s  majflt/s     VSZ     RSS   %MEM  Command
07:09:18        0    144557      0.00      0.00 2689724   64060   0.41  sync_slam_toolb

07:09:18      UID       PID    %usr %system  %guest   %wait    %CPU   CPU  Command
07:09:19        0    144557   12.00    1.00    0.00    0.00   13.00     4  sync_slam_toolb

07:09:18      UID       PID  minflt/s  majflt/s     VSZ     RSS   %MEM  Command
07:09:19        0    144557      0.00      0.00 2689724   64060   0.41  sync_slam_toolb

07:09:19      UID       PID    %usr %system  %guest   %wait    %CPU   CPU  Command
07:09:20        0    144557    9.00    1.00    0.00    0.00   10.00     6  sync_slam_toolb

07:09:19      UID       PID  minflt/s  majflt/s     VSZ     RSS   %MEM  Command
07:09:20        0    144557     83.00      0.00 2690040   64444   0.41  sync_slam_toolb

07:09:20      UID       PID    %usr %system  %guest   %wait    %CPU   CPU  Command
07:09:21        0    144557    9.00    0.00    0.00    0.00    9.00     4  sync_slam_toolb

07:09:20      UID       PID  minflt/s  majflt/s     VSZ     RSS   %MEM  Command
07:09:21        0    144557      0.00      0.00 2690040   64444   0.41  sync_slam_toolb

07:09:21      UID       PID    %usr %system  %guest   %wait    %CPU   CPU  Command
07:09:22        0    144557   12.00    1.00    0.00    0.00   13.00     0  sync_slam_toolb

07:09:21      UID       PID  minflt/s  majflt/s     VSZ     RSS   %MEM  Command
07:09:22        0    144557      0.00      0.00 2690040   64444   0.41  sync_slam_toolb

07:09:22      UID       PID    %usr %system  %guest   %wait    %CPU   CPU  Command
07:09:23        0    144557   12.00    1.00    0.00    0.00   13.00     6  sync_slam_toolb

07:09:22      UID       PID  minflt/s  majflt/s     VSZ     RSS   %MEM  Command
07:09:23        0    144557      2.00      0.00 2690040   64444   0.41  sync_slam_toolb

07:09:23      UID       PID    %usr %system  %guest   %wait    %CPU   CPU  Command
07:09:24        0    144557    9.00    1.00    0.00    0.00   10.00     6  sync_slam_toolb

07:09:23      UID       PID  minflt/s  majflt/s     VSZ     RSS   %MEM  Command
07:09:24        0    144557      0.00      0.00 2690040   64444   0.41  sync_slam_toolb

07:09:24      UID       PID    %usr %system  %guest   %wait    %CPU   CPU  Command
07:09:25        0    144557    9.00    1.00    0.00    0.00   10.00     2  sync_slam_toolb

07:09:24      UID       PID  minflt/s  majflt/s     VSZ     RSS   %MEM  Command
07:09:25        0    144557      0.00      0.00 2690040   64444   0.41  sync_slam_toolb

07:09:25      UID       PID    %usr %system  %guest   %wait    %CPU   CPU  Command
07:09:26        0    144557   12.00    0.00    0.00    0.00   12.00    10  sync_slam_toolb

07:09:25      UID       PID  minflt/s  majflt/s     VSZ     RSS   %MEM  Command
07:09:26        0    144557      0.00      0.00 2690040   64444   0.41  sync_slam_toolb

07:09:26      UID       PID    %usr %system  %guest   %wait    %CPU   CPU  Command
07:09:27        0    144557    9.00    1.00    0.00    0.00   10.00     4  sync_slam_toolb

07:09:26      UID       PID  minflt/s  majflt/s     VSZ     RSS   %MEM  Command
07:09:27        0    144557     12.00      0.00 2690040   64444   0.41  sync_slam_toolb

07:09:27      UID       PID    %usr %system  %guest   %wait    %CPU   CPU  Command
07:09:28        0    144557   13.00    1.00    0.00    0.00   14.00     4  sync_slam_toolb

07:09:27      UID       PID  minflt/s  majflt/s     VSZ     RSS   %MEM  Command
07:09:28        0    144557      0.00      0.00 2690040   64444   0.41  sync_slam_toolb

07:09:28      UID       PID    %usr %system  %guest   %wait    %CPU   CPU  Command
07:09:29        0    144557    9.00    0.00    0.00    0.00    9.00    14  sync_slam_toolb

07:09:28      UID       PID  minflt/s  majflt/s     VSZ     RSS   %MEM  Command
07:09:29        0    144557      0.00      0.00 2690040   64444   0.41  sync_slam_toolb

07:09:29      UID       PID    %usr %system  %guest   %wait    %CPU   CPU  Command
07:09:30        0    144557   12.00    1.00    0.00    0.00   13.00     4  sync_slam_toolb

07:09:29      UID       PID  minflt/s  majflt/s     VSZ     RSS   %MEM  Command
07:09:30        0    144557      0.00      0.00 2690040   64444   0.41  sync_slam_toolb

07:09:30      UID       PID    %usr %system  %guest   %wait    %CPU   CPU  Command
07:09:31        0    144557    9.00    1.00    0.00    0.00   10.00     6  sync_slam_toolb

07:09:30      UID       PID  minflt/s  majflt/s     VSZ     RSS   %MEM  Command
07:09:31        0    144557      3.00      0.00 2690040   64444   0.41  sync_slam_toolb

07:09:31      UID       PID    %usr %system  %guest   %wait    %CPU   CPU  Command
07:09:32        0    144557    9.00    0.00    0.00    0.00    9.00     8  sync_slam_toolb

07:09:31      UID       PID  minflt/s  majflt/s     VSZ     RSS   %MEM  Command
07:09:32        0    144557      0.00      0.00 2690040   64444   0.41  sync_slam_toolb

07:09:32      UID       PID    %usr %system  %guest   %wait    %CPU   CPU  Command
07:09:33        0    144557   12.00    2.00    0.00    0.00   14.00    10  sync_slam_toolb

07:09:32      UID       PID  minflt/s  majflt/s     VSZ     RSS   %MEM  Command
07:09:33        0    144557    278.00      0.00 2690040   65596   0.42  sync_slam_toolb

07:09:33      UID       PID    %usr %system  %guest   %wait    %CPU   CPU  Command
07:09:34        0    144557    8.00    1.00    0.00    0.00    9.00    12  sync_slam_toolb

07:09:33      UID       PID  minflt/s  majflt/s     VSZ     RSS   %MEM  Command
07:09:34        0    144557      0.00      0.00 2690040   65596   0.42  sync_slam_toolb

07:09:34      UID       PID    %usr %system  %guest   %wait    %CPU   CPU  Command
07:09:35        0    144557   12.00    2.00    0.00    0.00   14.00     8  sync_slam_toolb

07:09:34      UID       PID  minflt/s  majflt/s     VSZ     RSS   %MEM  Command
07:09:35        0    144557     23.00      0.00 2690040   65724   0.42  sync_slam_toolb

07:09:35      UID       PID    %usr %system  %guest   %wait    %CPU   CPU  Command
07:09:36        0    144557    8.00    1.00    0.00    0.00    9.00     8  sync_slam_toolb

07:09:35      UID       PID  minflt/s  majflt/s     VSZ     RSS   %MEM  Command
07:09:36        0    144557      0.00      0.00 2690040   65724   0.42  sync_slam_toolb

07:09:36      UID       PID    %usr %system  %guest   %wait    %CPU   CPU  Command
07:09:37        0    144557    9.00    1.00    0.00    0.00   10.00     8  sync_slam_toolb

07:09:36      UID       PID  minflt/s  majflt/s     VSZ     RSS   %MEM  Command
07:09:37        0    144557      0.00      0.00 2690040   65724   0.42  sync_slam_toolb

07:09:37      UID       PID    %usr %system  %guest   %wait    %CPU   CPU  Command
07:09:38        0    144557    9.00    0.00    0.00    0.00    9.00     4  sync_slam_toolb

07:09:37      UID       PID  minflt/s  majflt/s     VSZ     RSS   %MEM  Command
07:09:38        0    144557      0.00      0.00 2690040   65724   0.42  sync_slam_toolb

07:09:38      UID       PID    %usr %system  %guest   %wait    %CPU   CPU  Command
07:09:39        0    144557    9.00    1.00    0.00    0.00   10.00     2  sync_slam_toolb

07:09:38      UID       PID  minflt/s  majflt/s     VSZ     RSS   %MEM  Command
07:09:39        0    144557      0.00      0.00 2690040   65724   0.42  sync_slam_toolb

07:09:39      UID       PID    %usr %system  %guest   %wait    %CPU   CPU  Command
07:09:40        0    144557    9.00    1.00    0.00    0.00   10.00     4  sync_slam_toolb

07:09:39      UID       PID  minflt/s  majflt/s     VSZ     RSS   %MEM  Command
07:09:40        0    144557      0.00      0.00 2690040   65724   0.42  sync_slam_toolb

07:09:40      UID       PID    %usr %system  %guest   %wait    %CPU   CPU  Command
07:09:41        0    144557    8.00    0.00    0.00    0.00    8.00     2  sync_slam_toolb

07:09:40      UID       PID  minflt/s  majflt/s     VSZ     RSS   %MEM  Command
07:09:41        0    144557      0.00      0.00 2690040   65724   0.42  sync_slam_toolb

07:09:41      UID       PID    %usr %system  %guest   %wait    %CPU   CPU  Command
07:09:42        0    144557    9.00    1.00    0.00    0.00   10.00     2  sync_slam_toolb

07:09:41      UID       PID  minflt/s  majflt/s     VSZ     RSS   %MEM  Command
07:09:42        0    144557      0.00      0.00 2690040   65724   0.42  sync_slam_toolb

07:09:42      UID       PID    %usr %system  %guest   %wait    %CPU   CPU  Command
07:09:43        0    144557    9.00    1.00    0.00    0.00   10.00     8  sync_slam_toolb

07:09:42      UID       PID  minflt/s  majflt/s     VSZ     RSS   %MEM  Command
07:09:43        0    144557      0.00      0.00 2690040   65724   0.42  sync_slam_toolb

07:09:43      UID       PID    %usr %system  %guest   %wait    %CPU   CPU  Command
07:09:44        0    144557    9.00    1.00    0.00    0.00   10.00     8  sync_slam_toolb

07:09:43      UID       PID  minflt/s  majflt/s     VSZ     RSS   %MEM  Command
07:09:44        0    144557      0.00      0.00 2690040   65724   0.42  sync_slam_toolb

07:09:44      UID       PID    %usr %system  %guest   %wait    %CPU   CPU  Command
07:09:45        0    144557   13.00    0.00    0.00    0.00   13.00     2  sync_slam_toolb

07:09:44      UID       PID  minflt/s  majflt/s     VSZ     RSS   %MEM  Command
07:09:45        0    144557      0.00      0.00 2690040   65724   0.42  sync_slam_toolb

07:09:45      UID       PID    %usr %system  %guest   %wait    %CPU   CPU  Command
07:09:46        0    144557    9.00    1.00    0.00    0.00   10.00     6  sync_slam_toolb

07:09:45      UID       PID  minflt/s  majflt/s     VSZ     RSS   %MEM  Command
07:09:46        0    144557      1.00      0.00 2690040   65724   0.42  sync_slam_toolb

07:09:46      UID       PID    %usr %system  %guest   %wait    %CPU   CPU  Command
07:09:47        0    144557   12.00    1.00    0.00    0.00   13.00     8  sync_slam_toolb

07:09:46      UID       PID  minflt/s  majflt/s     VSZ     RSS   %MEM  Command
07:09:47        0    144557      0.00      0.00 2690040   65724   0.42  sync_slam_toolb

07:09:47      UID       PID    %usr %system  %guest   %wait    %CPU   CPU  Command
07:09:48        0    144557    9.00    0.00    0.00    0.00    9.00     3  sync_slam_toolb

07:09:47      UID       PID  minflt/s  majflt/s     VSZ     RSS   %MEM  Command
07:09:48        0    144557      9.00      0.00 2690040   65852   0.42  sync_slam_toolb

07:09:48      UID       PID    %usr %system  %guest   %wait    %CPU   CPU  Command
07:09:49        0    144557   12.00    1.00    0.00    0.00   13.00    10  sync_slam_toolb

07:09:48      UID       PID  minflt/s  majflt/s     VSZ     RSS   %MEM  Command
07:09:49        0    144557      2.00      0.00 2690040   65852   0.42  sync_slam_toolb

07:09:49      UID       PID    %usr %system  %guest   %wait    %CPU   CPU  Command
07:09:50        0    144557    9.00    1.00    0.00    0.00   10.00     3  sync_slam_toolb

07:09:49      UID       PID  minflt/s  majflt/s     VSZ     RSS   %MEM  Command
07:09:50        0    144557     16.00      0.00 2690040   65980   0.42  sync_slam_toolb

07:09:50      UID       PID    %usr %system  %guest   %wait    %CPU   CPU  Command
07:09:51        0    144557    9.00    1.00    0.00    0.00   10.00     2  sync_slam_toolb

07:09:50      UID       PID  minflt/s  majflt/s     VSZ     RSS   %MEM  Command
07:09:51        0    144557      3.00      0.00 2690040   66108   0.42  sync_slam_toolb

07:09:51      UID       PID    %usr %system  %guest   %wait    %CPU   CPU  Command
07:09:52        0    144557   12.00    2.00    0.00    0.00   14.00     3  sync_slam_toolb

07:09:51      UID       PID  minflt/s  majflt/s     VSZ     RSS   %MEM  Command
07:09:52        0    144557     15.00      0.00 2690040   66108   0.42  sync_slam_toolb

07:09:52      UID       PID    %usr %system  %guest   %wait    %CPU   CPU  Command
07:09:53        0    144557    9.00    1.00    0.00    0.00   10.00     2  sync_slam_toolb

07:09:52      UID       PID  minflt/s  majflt/s     VSZ     RSS   %MEM  Command
07:09:53        0    144557      3.00      0.00 2690040   66108   0.42  sync_slam_toolb

07:09:53      UID       PID    %usr %system  %guest   %wait    %CPU   CPU  Command
07:09:54        0    144557    9.00    0.00    0.00    0.00    9.00     3  sync_slam_toolb

07:09:53      UID       PID  minflt/s  majflt/s     VSZ     RSS   %MEM  Command
07:09:54        0    144557      0.00      0.00 2690040   66108   0.42  sync_slam_toolb

07:09:54      UID       PID    %usr %system  %guest   %wait    %CPU   CPU  Command
07:09:55        0    144557    9.00    0.00    0.00    0.00    9.00     4  sync_slam_toolb

07:09:54      UID       PID  minflt/s  majflt/s     VSZ     RSS   %MEM  Command
07:09:55        0    144557      0.00      0.00 2690040   66108   0.42  sync_slam_toolb

07:09:55      UID       PID    %usr %system  %guest   %wait    %CPU   CPU  Command
07:09:56        0    144557   13.00    1.00    0.00    0.00   14.00     0  sync_slam_toolb

07:09:55      UID       PID  minflt/s  majflt/s     VSZ     RSS   %MEM  Command
07:09:56        0    144557      0.00      0.00 2690040   66108   0.42  sync_slam_toolb

07:09:56      UID       PID    %usr %system  %guest   %wait    %CPU   CPU  Command
07:09:57        0    144557    8.91    0.99    0.00    0.00    9.90     2  sync_slam_toolb

07:09:56      UID       PID  minflt/s  majflt/s     VSZ     RSS   %MEM  Command
07:09:57        0    144557      0.99      0.00 2690040   66108   0.42  sync_slam_toolb

07:09:57      UID       PID    %usr %system  %guest   %wait    %CPU   CPU  Command
07:09:58        0    144557    9.00    1.00    0.00    0.00   10.00    10  sync_slam_toolb

07:09:57      UID       PID  minflt/s  majflt/s     VSZ     RSS   %MEM  Command
07:09:58        0    144557      0.00      0.00 2690040   66108   0.42  sync_slam_toolb

07:09:58      UID       PID    %usr %system  %guest   %wait    %CPU   CPU  Command
07:09:59        0    144557   12.00    1.00    0.00    0.00   13.00     4  sync_slam_toolb

07:09:58      UID       PID  minflt/s  majflt/s     VSZ     RSS   %MEM  Command
07:09:59        0    144557      0.00      0.00 2690040   66108   0.42  sync_slam_toolb

07:09:59      UID       PID    %usr %system  %guest   %wait    %CPU   CPU  Command
07:10:00        0    144557    9.00    0.00    0.00    0.00    9.00     8  sync_slam_toolb

07:09:59      UID       PID  minflt/s  majflt/s     VSZ     RSS   %MEM  Command
07:10:00        0    144557      0.00      0.00 2690040   66108   0.42  sync_slam_toolb

07:10:00      UID       PID    %usr %system  %guest   %wait    %CPU   CPU  Command
07:10:01        0    144557    9.00    1.00    0.00    0.00   10.00     2  sync_slam_toolb

07:10:00      UID       PID  minflt/s  majflt/s     VSZ     RSS   %MEM  Command
07:10:01        0    144557      0.00      0.00 2690040   66108   0.42  sync_slam_toolb

07:10:01      UID       PID    %usr %system  %guest   %wait    %CPU   CPU  Command
07:10:02        0    144557   12.00    1.00    0.00    0.00   13.00     4  sync_slam_toolb

07:10:01      UID       PID  minflt/s  majflt/s     VSZ     RSS   %MEM  Command
07:10:02        0    144557      0.00      0.00 2690040   66108   0.42  sync_slam_toolb

07:10:02      UID       PID    %usr %system  %guest   %wait    %CPU   CPU  Command
07:10:03        0    144557   10.00    0.00    0.00    0.00   10.00     2  sync_slam_toolb

07:10:02      UID       PID  minflt/s  majflt/s     VSZ     RSS   %MEM  Command
07:10:03        0    144557      0.00      0.00 2690040   66108   0.42  sync_slam_toolb

07:10:03      UID       PID    %usr %system  %guest   %wait    %CPU   CPU  Command
07:10:04        0    144557   12.00    1.00    0.00    0.00   13.00     2  sync_slam_toolb

07:10:03      UID       PID  minflt/s  majflt/s     VSZ     RSS   %MEM  Command
07:10:04        0    144557      0.00      0.00 2690040   66108   0.42  sync_slam_toolb

07:10:04      UID       PID    %usr %system  %guest   %wait    %CPU   CPU  Command
07:10:05        0    144557    8.00    1.00    0.00    0.00    9.00     2  sync_slam_toolb

07:10:04      UID       PID  minflt/s  majflt/s     VSZ     RSS   %MEM  Command
07:10:05        0    144557      0.00      0.00 2690040   66108   0.42  sync_slam_toolb

07:10:05      UID       PID    %usr %system  %guest   %wait    %CPU   CPU  Command
07:10:06        0    144557    9.00    0.00    0.00    0.00    9.00     6  sync_slam_toolb

07:10:05      UID       PID  minflt/s  majflt/s     VSZ     RSS   %MEM  Command
07:10:06        0    144557      0.00      0.00 2690040   66108   0.42  sync_slam_toolb

07:10:06      UID       PID    %usr %system  %guest   %wait    %CPU   CPU  Command
07:10:07        0    144557   13.00    1.00    0.00    0.00   14.00     2  sync_slam_toolb

07:10:06      UID       PID  minflt/s  majflt/s     VSZ     RSS   %MEM  Command
07:10:07        0    144557      0.00      0.00 2690040   66108   0.42  sync_slam_toolb

07:10:07      UID       PID    %usr %system  %guest   %wait    %CPU   CPU  Command
07:10:08        0    144557    9.00    1.00    0.00    0.00   10.00     8  sync_slam_toolb

07:10:07      UID       PID  minflt/s  majflt/s     VSZ     RSS   %MEM  Command
07:10:08        0    144557      0.00      0.00 2690040   66108   0.42  sync_slam_toolb

07:10:08      UID       PID    %usr %system  %guest   %wait    %CPU   CPU  Command
07:10:09        0    144557   13.00    1.00    0.00    0.00   14.00    10  sync_slam_toolb

07:10:08      UID       PID  minflt/s  majflt/s     VSZ     RSS   %MEM  Command
07:10:09        0    144557      0.00      0.00 2690040   66108   0.42  sync_slam_toolb

07:10:09      UID       PID    %usr %system  %guest   %wait    %CPU   CPU  Command
07:10:10        0    144557    9.00    1.00    0.00    0.00   10.00     4  sync_slam_toolb

07:10:09      UID       PID  minflt/s  majflt/s     VSZ     RSS   %MEM  Command
07:10:10        0    144557      0.00      0.00 2690040   66108   0.42  sync_slam_toolb

07:10:10      UID       PID    %usr %system  %guest   %wait    %CPU   CPU  Command
07:10:11        0    144557    9.00    1.00    0.00    0.00   10.00     6  sync_slam_toolb

07:10:10      UID       PID  minflt/s  majflt/s     VSZ     RSS   %MEM  Command
07:10:11        0    144557      0.00      0.00 2690040   66108   0.42  sync_slam_toolb

07:10:11      UID       PID    %usr %system  %guest   %wait    %CPU   CPU  Command
07:10:12        0    144557   12.00    2.00    0.00    0.00   14.00     4  sync_slam_toolb

07:10:11      UID       PID  minflt/s  majflt/s     VSZ     RSS   %MEM  Command
07:10:12        0    144557      0.00      0.00 2690040   66108   0.42  sync_slam_toolb

07:10:12      UID       PID    %usr %system  %guest   %wait    %CPU   CPU  Command
07:10:13        0    144557    9.00    1.00    0.00    0.00   10.00    12  sync_slam_toolb

07:10:12      UID       PID  minflt/s  majflt/s     VSZ     RSS   %MEM  Command
07:10:13        0    144557      0.00      0.00 2690040   66108   0.42  sync_slam_toolb

07:10:13      UID       PID    %usr %system  %guest   %wait    %CPU   CPU  Command
07:10:14        0    144557    8.00    1.00    0.00    0.00    9.00     4  sync_slam_toolb

07:10:13      UID       PID  minflt/s  majflt/s     VSZ     RSS   %MEM  Command
07:10:14        0    144557      0.00      0.00 2690040   66108   0.42  sync_slam_toolb

07:10:14      UID       PID    %usr %system  %guest   %wait    %CPU   CPU  Command
07:10:15        0    144557    9.00    1.00    0.00    0.00   10.00     4  sync_slam_toolb

07:10:14      UID       PID  minflt/s  majflt/s     VSZ     RSS   %MEM  Command
07:10:15        0    144557      0.00      0.00 2690040   66108   0.42  sync_slam_toolb

07:10:15      UID       PID    %usr %system  %guest   %wait    %CPU   CPU  Command
07:10:16        0    144557   10.00    0.00    0.00    0.00   10.00    14  sync_slam_toolb

07:10:15      UID       PID  minflt/s  majflt/s     VSZ     RSS   %MEM  Command
07:10:16        0    144557      0.00      0.00 2690040   66108   0.42  sync_slam_toolb

07:10:16      UID       PID    %usr %system  %guest   %wait    %CPU   CPU  Command
07:10:17        0    144557   10.00    1.00    0.00    0.00   11.00    14  sync_slam_toolb

07:10:16      UID       PID  minflt/s  majflt/s     VSZ     RSS   %MEM  Command
07:10:17        0    144557      0.00      0.00 2690040   66108   0.42  sync_slam_toolb

07:10:17      UID       PID    %usr %system  %guest   %wait    %CPU   CPU  Command
07:10:18        0    144557    9.00    1.00    0.00    0.00   10.00     0  sync_slam_toolb

07:10:17      UID       PID  minflt/s  majflt/s     VSZ     RSS   %MEM  Command
07:10:18        0    144557      0.00      0.00 2690040   66108   0.42  sync_slam_toolb

07:10:18      UID       PID    %usr %system  %guest   %wait    %CPU   CPU  Command
07:10:19        0    144557   10.00    1.00    0.00    0.00   11.00     0  sync_slam_toolb

07:10:18      UID       PID  minflt/s  majflt/s     VSZ     RSS   %MEM  Command
07:10:19        0    144557      0.00      0.00 2690040   66108   0.42  sync_slam_toolb

07:10:19      UID       PID    %usr %system  %guest   %wait    %CPU   CPU  Command
07:10:20        0    144557   13.00    0.00    0.00    0.00   13.00     0  sync_slam_toolb

07:10:19      UID       PID  minflt/s  majflt/s     VSZ     RSS   %MEM  Command
07:10:20        0    144557      0.00      0.00 2690040   66108   0.42  sync_slam_toolb

07:10:20      UID       PID    %usr %system  %guest   %wait    %CPU   CPU  Command
07:10:21        0    144557    9.00    1.00    0.00    0.00   10.00    10  sync_slam_toolb

07:10:20      UID       PID  minflt/s  majflt/s     VSZ     RSS   %MEM  Command
07:10:21        0    144557      0.00      0.00 2690040   66108   0.42  sync_slam_toolb

07:10:21      UID       PID    %usr %system  %guest   %wait    %CPU   CPU  Command
07:10:22        0    144557   11.00    2.00    0.00    0.00   13.00    12  sync_slam_toolb

07:10:21      UID       PID  minflt/s  majflt/s     VSZ     RSS   %MEM  Command
07:10:22        0    144557      0.00      0.00 2690040   66108   0.42  sync_slam_toolb

07:10:22      UID       PID    %usr %system  %guest   %wait    %CPU   CPU  Command
07:10:23        0    144557   10.00    1.00    0.00    0.00   11.00    14  sync_slam_toolb

07:10:22      UID       PID  minflt/s  majflt/s     VSZ     RSS   %MEM  Command
07:10:23        0    144557      0.00      0.00 2690040   66108   0.42  sync_slam_toolb

07:10:23      UID       PID    %usr %system  %guest   %wait    %CPU   CPU  Command
07:10:24        0    144557   13.00    0.00    0.00    0.00   13.00     2  sync_slam_toolb

07:10:23      UID       PID  minflt/s  majflt/s     VSZ     RSS   %MEM  Command
07:10:24        0    144557      0.00      0.00 2690040   66108   0.42  sync_slam_toolb

07:10:24      UID       PID    %usr %system  %guest   %wait    %CPU   CPU  Command
07:10:25        0    144557    9.00    1.00    0.00    0.00   10.00     2  sync_slam_toolb

07:10:24      UID       PID  minflt/s  majflt/s     VSZ     RSS   %MEM  Command
07:10:25        0    144557      0.00      0.00 2690040   66108   0.42  sync_slam_toolb

07:10:25      UID       PID    %usr %system  %guest   %wait    %CPU   CPU  Command
07:10:26        0    144557    9.00    2.00    0.00    0.00   11.00     0  sync_slam_toolb

07:10:25      UID       PID  minflt/s  majflt/s     VSZ     RSS   %MEM  Command
07:10:26        0    144557      0.00      0.00 2690040   66108   0.42  sync_slam_toolb

07:10:26      UID       PID    %usr %system  %guest   %wait    %CPU   CPU  Command
07:10:27        0    144557   12.00    0.00    0.00    0.00   12.00     6  sync_slam_toolb

07:10:26      UID       PID  minflt/s  majflt/s     VSZ     RSS   %MEM  Command
07:10:27        0    144557      0.00      0.00 2690040   66108   0.42  sync_slam_toolb

07:10:27      UID       PID    %usr %system  %guest   %wait    %CPU   CPU  Command
07:10:28        0    144557   10.00    1.00    0.00    0.00   11.00     6  sync_slam_toolb

07:10:27      UID       PID  minflt/s  majflt/s     VSZ     RSS   %MEM  Command
07:10:28        0    144557      0.00      0.00 2690040   66108   0.42  sync_slam_toolb

07:10:28      UID       PID    %usr %system  %guest   %wait    %CPU   CPU  Command
07:10:29        0    144557   12.00    2.00    0.00    0.00   14.00     8  sync_slam_toolb

07:10:28      UID       PID  minflt/s  majflt/s     VSZ     RSS   %MEM  Command
07:10:29        0    144557      0.00      0.00 2690040   66108   0.42  sync_slam_toolb

07:10:29      UID       PID    %usr %system  %guest   %wait    %CPU   CPU  Command
07:10:30        0    144557   10.00    0.00    0.00    0.00   10.00     2  sync_slam_toolb

07:10:29      UID       PID  minflt/s  majflt/s     VSZ     RSS   %MEM  Command
07:10:30        0    144557      0.00      0.00 2690040   66108   0.42  sync_slam_toolb

07:10:30      UID       PID    %usr %system  %guest   %wait    %CPU   CPU  Command
07:10:31        0    144557   13.00    0.00    0.00    0.00   13.00     0  sync_slam_toolb

07:10:30      UID       PID  minflt/s  majflt/s     VSZ     RSS   %MEM  Command
07:10:31        0    144557      0.00      0.00 2690040   66108   0.42  sync_slam_toolb

07:10:31      UID       PID    %usr %system  %guest   %wait    %CPU   CPU  Command
07:10:32        0    144557   10.00    1.00    0.00    0.00   11.00     2  sync_slam_toolb

07:10:31      UID       PID  minflt/s  majflt/s     VSZ     RSS   %MEM  Command
07:10:32        0    144557      0.00      0.00 2690040   66108   0.42  sync_slam_toolb

07:10:32      UID       PID    %usr %system  %guest   %wait    %CPU   CPU  Command
07:10:33        0    144557   14.00    1.00    0.00    0.00   15.00     0  sync_slam_toolb

07:10:32      UID       PID  minflt/s  majflt/s     VSZ     RSS   %MEM  Command
07:10:33        0    144557      0.00      0.00 2690040   66108   0.42  sync_slam_toolb

07:10:33      UID       PID    %usr %system  %guest   %wait    %CPU   CPU  Command
07:10:34        0    144557    8.00    1.00    0.00    0.00    9.00     2  sync_slam_toolb

07:10:33      UID       PID  minflt/s  majflt/s     VSZ     RSS   %MEM  Command
07:10:34        0    144557      0.00      0.00 2690040   66108   0.42  sync_slam_toolb

07:10:34      UID       PID    %usr %system  %guest   %wait    %CPU   CPU  Command
07:10:35        0    144557   13.00    1.00    0.00    0.00   14.00     2  sync_slam_toolb

07:10:34      UID       PID  minflt/s  majflt/s     VSZ     RSS   %MEM  Command
07:10:35        0    144557      0.00      0.00 2690040   66108   0.42  sync_slam_toolb

07:10:35      UID       PID    %usr %system  %guest   %wait    %CPU   CPU  Command
07:10:36        0    144557    9.00    2.00    0.00    0.00   11.00     4  sync_slam_toolb

07:10:35      UID       PID  minflt/s  majflt/s     VSZ     RSS   %MEM  Command
07:10:36        0    144557      0.00      0.00 2690040   66108   0.42  sync_slam_toolb

07:10:36      UID       PID    %usr %system  %guest   %wait    %CPU   CPU  Command
07:10:37        0    144557   14.00    0.00    0.00    0.00   14.00     6  sync_slam_toolb

07:10:36      UID       PID  minflt/s  majflt/s     VSZ     RSS   %MEM  Command
07:10:37        0    144557      0.00      0.00 2690040   66108   0.42  sync_slam_toolb

07:10:37      UID       PID    %usr %system  %guest   %wait    %CPU   CPU  Command
07:10:38        0    144557   10.00    1.00    0.00    0.00   11.00     0  sync_slam_toolb

07:10:37      UID       PID  minflt/s  majflt/s     VSZ     RSS   %MEM  Command
07:10:38        0    144557      0.00      0.00 2690040   66108   0.42  sync_slam_toolb

07:10:38      UID       PID    %usr %system  %guest   %wait    %CPU   CPU  Command
07:10:39        0    144557    9.00    0.00    0.00    0.00    9.00     0  sync_slam_toolb

07:10:38      UID       PID  minflt/s  majflt/s     VSZ     RSS   %MEM  Command
07:10:39        0    144557      0.00      0.00 2690040   66108   0.42  sync_slam_toolb

07:10:39      UID       PID    %usr %system  %guest   %wait    %CPU   CPU  Command
07:10:40        0    144557   14.00    0.00    0.00    0.00   14.00     0  sync_slam_toolb

07:10:39      UID       PID  minflt/s  majflt/s     VSZ     RSS   %MEM  Command
07:10:40        0    144557      0.00      0.00 2690040   66108   0.42  sync_slam_toolb

07:10:40      UID       PID    %usr %system  %guest   %wait    %CPU   CPU  Command
07:10:41        0    144557   10.00    1.00    0.00    0.00   11.00     6  sync_slam_toolb

07:10:40      UID       PID  minflt/s  majflt/s     VSZ     RSS   %MEM  Command
07:10:41        0    144557      0.00      0.00 2690040   66108   0.42  sync_slam_toolb

07:10:41      UID       PID    %usr %system  %guest   %wait    %CPU   CPU  Command
07:10:42        0    144557   13.00    1.00    0.00    0.00   14.00     6  sync_slam_toolb

07:10:41      UID       PID  minflt/s  majflt/s     VSZ     RSS   %MEM  Command
07:10:42        0    144557      0.00      0.00 2690040   66108   0.42  sync_slam_toolb

07:10:42      UID       PID    %usr %system  %guest   %wait    %CPU   CPU  Command
07:10:43        0    144557   10.00    0.00    0.00    0.00   10.00     6  sync_slam_toolb

07:10:42      UID       PID  minflt/s  majflt/s     VSZ     RSS   %MEM  Command
07:10:43        0    144557      0.00      0.00 2690040   66108   0.42  sync_slam_toolb

07:10:43      UID       PID    %usr %system  %guest   %wait    %CPU   CPU  Command
07:10:44        0    144557   12.00    1.00    0.00    0.00   13.00     0  sync_slam_toolb

07:10:43      UID       PID  minflt/s  majflt/s     VSZ     RSS   %MEM  Command
07:10:44        0    144557      0.00      0.00 2690040   66108   0.42  sync_slam_toolb

07:10:44      UID       PID    %usr %system  %guest   %wait    %CPU   CPU  Command
07:10:45        0    144557   10.00    1.00    0.00    0.00   11.00     6  sync_slam_toolb

07:10:44      UID       PID  minflt/s  majflt/s     VSZ     RSS   %MEM  Command
07:10:45        0    144557      0.00      0.00 2690040   66108   0.42  sync_slam_toolb

07:10:45      UID       PID    %usr %system  %guest   %wait    %CPU   CPU  Command
07:10:46        0    144557    9.00    1.00    0.00    0.00   10.00     2  sync_slam_toolb

07:10:45      UID       PID  minflt/s  majflt/s     VSZ     RSS   %MEM  Command
07:10:46        0    144557      0.00      0.00 2690040   66108   0.42  sync_slam_toolb

07:10:46      UID       PID    %usr %system  %guest   %wait    %CPU   CPU  Command
07:10:47        0    144557   13.00    1.00    0.00    0.00   14.00    14  sync_slam_toolb

07:10:46      UID       PID  minflt/s  majflt/s     VSZ     RSS   %MEM  Command
07:10:47        0    144557      0.00      0.00 2690040   66108   0.42  sync_slam_toolb

07:10:47      UID       PID    %usr %system  %guest   %wait    %CPU   CPU  Command
07:10:48        0    144557   10.00    1.00    0.00    0.00   11.00     0  sync_slam_toolb

07:10:47      UID       PID  minflt/s  majflt/s     VSZ     RSS   %MEM  Command
07:10:48        0    144557      0.00      0.00 2690040   66108   0.42  sync_slam_toolb

07:10:48      UID       PID    %usr %system  %guest   %wait    %CPU   CPU  Command
07:10:49        0    144557   13.00    0.00    0.00    0.00   13.00     2  sync_slam_toolb

07:10:48      UID       PID  minflt/s  majflt/s     VSZ     RSS   %MEM  Command
07:10:49        0    144557      0.00      0.00 2690040   66108   0.42  sync_slam_toolb

07:10:49      UID       PID    %usr %system  %guest   %wait    %CPU   CPU  Command
07:10:50        0    144557    9.00    2.00    0.00    0.00   11.00     2  sync_slam_toolb

07:10:49      UID       PID  minflt/s  majflt/s     VSZ     RSS   %MEM  Command
07:10:50        0    144557      0.00      0.00 2690040   66108   0.42  sync_slam_toolb

07:10:50      UID       PID    %usr %system  %guest   %wait    %CPU   CPU  Command
07:10:51        0    144557    9.00    1.00    0.00    0.00   10.00     2  sync_slam_toolb

07:10:50      UID       PID  minflt/s  majflt/s     VSZ     RSS   %MEM  Command
07:10:51        0    144557      0.00      0.00 2690040   66108   0.42  sync_slam_toolb

07:10:51      UID       PID    %usr %system  %guest   %wait    %CPU   CPU  Command
07:10:52        0    144557   12.00    0.00    0.00    0.00   12.00     2  sync_slam_toolb

07:10:51      UID       PID  minflt/s  majflt/s     VSZ     RSS   %MEM  Command
07:10:52        0    144557      0.00      0.00 2690040   66108   0.42  sync_slam_toolb

07:10:52      UID       PID    %usr %system  %guest   %wait    %CPU   CPU  Command
07:10:53        0    144557    9.00    1.00    0.00    0.00   10.00    12  sync_slam_toolb

07:10:52      UID       PID  minflt/s  majflt/s     VSZ     RSS   %MEM  Command
07:10:53        0    144557      0.00      0.00 2690040   66108   0.42  sync_slam_toolb

07:10:53      UID       PID    %usr %system  %guest   %wait    %CPU   CPU  Command
07:10:54        0    144557    9.00    1.00    0.00    0.00   10.00     8  sync_slam_toolb

07:10:53      UID       PID  minflt/s  majflt/s     VSZ     RSS   %MEM  Command
07:10:54        0    144557      0.00      0.00 2690040   66108   0.42  sync_slam_toolb

07:10:54      UID       PID    %usr %system  %guest   %wait    %CPU   CPU  Command
07:10:55        0    144557   10.00    0.00    0.00    0.00   10.00    12  sync_slam_toolb

07:10:54      UID       PID  minflt/s  majflt/s     VSZ     RSS   %MEM  Command
07:10:55        0    144557      0.00      0.00 2690040   66108   0.42  sync_slam_toolb

07:10:55      UID       PID    %usr %system  %guest   %wait    %CPU   CPU  Command
07:10:56        0    144557    9.00    1.00    0.00    0.00   10.00     8  sync_slam_toolb

07:10:55      UID       PID  minflt/s  majflt/s     VSZ     RSS   %MEM  Command
07:10:56        0    144557      0.00      0.00 2690040   66108   0.42  sync_slam_toolb

07:10:56      UID       PID    %usr %system  %guest   %wait    %CPU   CPU  Command
07:10:57        0    144557    9.00    1.00    0.00    0.00   10.00     2  sync_slam_toolb

07:10:56      UID       PID  minflt/s  majflt/s     VSZ     RSS   %MEM  Command
07:10:57        0    144557      0.00      0.00 2690040   66108   0.42  sync_slam_toolb

07:10:57      UID       PID    %usr %system  %guest   %wait    %CPU   CPU  Command
07:10:58        0    144557    9.00    1.00    0.00    0.00   10.00     8  sync_slam_toolb

07:10:57      UID       PID  minflt/s  majflt/s     VSZ     RSS   %MEM  Command
07:10:58        0    144557      0.00      0.00 2690040   66108   0.42  sync_slam_toolb

07:10:58      UID       PID    %usr %system  %guest   %wait    %CPU   CPU  Command
07:10:59        0    144557   10.00    0.00    0.00    0.00   10.00     8  sync_slam_toolb

07:10:58      UID       PID  minflt/s  majflt/s     VSZ     RSS   %MEM  Command
07:10:59        0    144557      0.00      0.00 2690040   66108   0.42  sync_slam_toolb

07:10:59      UID       PID    %usr %system  %guest   %wait    %CPU   CPU  Command
07:11:00        0    144557   10.00    1.00    0.00    0.00   11.00     6  sync_slam_toolb

07:10:59      UID       PID  minflt/s  majflt/s     VSZ     RSS   %MEM  Command
07:11:00        0    144557      0.00      0.00 2690040   66108   0.42  sync_slam_toolb

07:11:00      UID       PID    %usr %system  %guest   %wait    %CPU   CPU  Command
07:11:01        0    144557   12.00    1.00    0.00    0.00   13.00     6  sync_slam_toolb

07:11:00      UID       PID  minflt/s  majflt/s     VSZ     RSS   %MEM  Command
07:11:01        0    144557      0.00      0.00 2690040   66108   0.42  sync_slam_toolb

07:11:01      UID       PID    %usr %system  %guest   %wait    %CPU   CPU  Command
07:11:02        0    144557   10.00    1.00    0.00    0.00   11.00     2  sync_slam_toolb

07:11:01      UID       PID  minflt/s  majflt/s     VSZ     RSS   %MEM  Command
07:11:02        0    144557      0.00      0.00 2690040   66108   0.42  sync_slam_toolb

07:11:02      UID       PID    %usr %system  %guest   %wait    %CPU   CPU  Command
07:11:03        0    144557   13.00    1.00    0.00    0.00   14.00    10  sync_slam_toolb

07:11:02      UID       PID  minflt/s  majflt/s     VSZ     RSS   %MEM  Command
07:11:03        0    144557      0.00      0.00 2690040   66108   0.42  sync_slam_toolb

07:11:03      UID       PID    %usr %system  %guest   %wait    %CPU   CPU  Command
07:11:04        0    144557   10.00    1.00    0.00    0.00   11.00    10  sync_slam_toolb

07:11:03      UID       PID  minflt/s  majflt/s     VSZ     RSS   %MEM  Command
07:11:04        0    144557      0.00      0.00 2690040   66108   0.42  sync_slam_toolb

07:11:04      UID       PID    %usr %system  %guest   %wait    %CPU   CPU  Command
07:11:05        0    144557    9.00    0.00    0.00    0.00    9.00     6  sync_slam_toolb

07:11:04      UID       PID  minflt/s  majflt/s     VSZ     RSS   %MEM  Command
07:11:05        0    144557      0.00      0.00 2690040   66108   0.42  sync_slam_toolb

07:11:05      UID       PID    %usr %system  %guest   %wait    %CPU   CPU  Command
07:11:06        0    144557    9.00    1.00    0.00    0.00   10.00     0  sync_slam_toolb

07:11:05      UID       PID  minflt/s  majflt/s     VSZ     RSS   %MEM  Command
07:11:06        0    144557      0.00      0.00 2690040   66108   0.42  sync_slam_toolb

07:11:06      UID       PID    %usr %system  %guest   %wait    %CPU   CPU  Command
07:11:07        0    144557   10.00    1.00    0.00    0.00   11.00     6  sync_slam_toolb

07:11:06      UID       PID  minflt/s  majflt/s     VSZ     RSS   %MEM  Command
07:11:07        0    144557      0.00      0.00 2690040   66108   0.42  sync_slam_toolb

07:11:07      UID       PID    %usr %system  %guest   %wait    %CPU   CPU  Command
07:11:08        0    144557    9.00    1.00    0.00    0.00   10.00     6  sync_slam_toolb

07:11:07      UID       PID  minflt/s  majflt/s     VSZ     RSS   %MEM  Command
07:11:08        0    144557      0.00      0.00 2690040   66108   0.42  sync_slam_toolb

07:11:08      UID       PID    %usr %system  %guest   %wait    %CPU   CPU  Command
07:11:09        0    144557   11.00    0.00    0.00    0.00   11.00     8  sync_slam_toolb

07:11:08      UID       PID  minflt/s  majflt/s     VSZ     RSS   %MEM  Command
07:11:09        0    144557      0.00      0.00 2690040   66108   0.42  sync_slam_toolb

07:11:09      UID       PID    %usr %system  %guest   %wait    %CPU   CPU  Command
07:11:10        0    144557    9.00    1.00    0.00    0.00   10.00     8  sync_slam_toolb

07:11:09      UID       PID  minflt/s  majflt/s     VSZ     RSS   %MEM  Command
07:11:10        0    144557      0.00      0.00 2690040   66108   0.42  sync_slam_toolb

07:11:10      UID       PID    %usr %system  %guest   %wait    %CPU   CPU  Command
07:11:11        0    144557   11.00    1.00    0.00    0.00   12.00     8  sync_slam_toolb

07:11:10      UID       PID  minflt/s  majflt/s     VSZ     RSS   %MEM  Command
07:11:11        0    144557      0.00      0.00 2690040   66108   0.42  sync_slam_toolb

07:11:11      UID       PID    %usr %system  %guest   %wait    %CPU   CPU  Command
07:11:12        0    144557    9.00    0.00    0.00    0.00    9.00    14  sync_slam_toolb

07:11:11      UID       PID  minflt/s  majflt/s     VSZ     RSS   %MEM  Command
07:11:12        0    144557      0.00      0.00 2690040   66108   0.42  sync_slam_toolb

07:11:12      UID       PID    %usr %system  %guest   %wait    %CPU   CPU  Command
07:11:13        0    144557   10.00    1.00    0.00    0.00   11.00    14  sync_slam_toolb

07:11:12      UID       PID  minflt/s  majflt/s     VSZ     RSS   %MEM  Command
07:11:13        0    144557      0.00      0.00 2690040   66108   0.42  sync_slam_toolb

07:11:13      UID       PID    %usr %system  %guest   %wait    %CPU   CPU  Command
07:11:14        0    144557   14.00    0.00    0.00    0.00   14.00     8  sync_slam_toolb

07:11:13      UID       PID  minflt/s  majflt/s     VSZ     RSS   %MEM  Command
07:11:14        0    144557      0.00      0.00 2690040   66108   0.42  sync_slam_toolb

07:11:14      UID       PID    %usr %system  %guest   %wait    %CPU   CPU  Command
07:11:15        0    144557    9.00    1.00    0.00    0.00   10.00    14  sync_slam_toolb

07:11:14      UID       PID  minflt/s  majflt/s     VSZ     RSS   %MEM  Command
07:11:15        0    144557      0.00      0.00 2690040   66108   0.42  sync_slam_toolb

07:11:15      UID       PID    %usr %system  %guest   %wait    %CPU   CPU  Command
07:11:16        0    144557   14.00    1.00    0.00    0.00   15.00     8  sync_slam_toolb

07:11:15      UID       PID  minflt/s  majflt/s     VSZ     RSS   %MEM  Command
07:11:16        0    144557      0.00      0.00 2690040   66108   0.42  sync_slam_toolb

07:11:16      UID       PID    %usr %system  %guest   %wait    %CPU   CPU  Command
07:11:17        0    144557    9.00    0.00    0.00    0.00    9.00    10  sync_slam_toolb

07:11:16      UID       PID  minflt/s  majflt/s     VSZ     RSS   %MEM  Command
07:11:17        0    144557      0.00      0.00 2690040   66108   0.42  sync_slam_toolb

07:11:17      UID       PID    %usr %system  %guest   %wait    %CPU   CPU  Command
07:11:18        0    144557   14.00    1.00    0.00    0.00   15.00     2  sync_slam_toolb

07:11:17      UID       PID  minflt/s  majflt/s     VSZ     RSS   %MEM  Command
07:11:18        0    144557      0.00      0.00 2690040   66108   0.42  sync_slam_toolb

07:11:18      UID       PID    %usr %system  %guest   %wait    %CPU   CPU  Command
07:11:19        0    144557   10.00    0.00    0.00    0.00   10.00     8  sync_slam_toolb

07:11:18      UID       PID  minflt/s  majflt/s     VSZ     RSS   %MEM  Command
07:11:19        0    144557      0.00      0.00 2690040   66108   0.42  sync_slam_toolb

07:11:19      UID       PID    %usr %system  %guest   %wait    %CPU   CPU  Command
07:11:20        0    144557   10.00    1.00    0.00    0.00   11.00     8  sync_slam_toolb

07:11:19      UID       PID  minflt/s  majflt/s     VSZ     RSS   %MEM  Command
07:11:20        0    144557      0.00      0.00 2690040   66108   0.42  sync_slam_toolb

07:11:20      UID       PID    %usr %system  %guest   %wait    %CPU   CPU  Command
07:11:21        0    144557   13.00    1.00    0.00    0.00   14.00     8  sync_slam_toolb

07:11:20      UID       PID  minflt/s  majflt/s     VSZ     RSS   %MEM  Command
07:11:21        0    144557      0.00      0.00 2690040   66108   0.42  sync_slam_toolb

07:11:21      UID       PID    %usr %system  %guest   %wait    %CPU   CPU  Command
07:11:22        0    144557   10.00    1.00    0.00    0.00   11.00     4  sync_slam_toolb

07:11:21      UID       PID  minflt/s  majflt/s     VSZ     RSS   %MEM  Command
07:11:22        0    144557      0.00      0.00 2690040   66108   0.42  sync_slam_toolb

07:11:22      UID       PID    %usr %system  %guest   %wait    %CPU   CPU  Command
07:11:23        0    144557   12.00    1.00    0.00    0.00   13.00     8  sync_slam_toolb

07:11:22      UID       PID  minflt/s  majflt/s     VSZ     RSS   %MEM  Command
07:11:23        0    144557      0.00      0.00 2690040   66108   0.42  sync_slam_toolb

07:11:23      UID       PID    %usr %system  %guest   %wait    %CPU   CPU  Command
07:11:24        0    144557   10.00    1.00    0.00    0.00   11.00     2  sync_slam_toolb

07:11:23      UID       PID  minflt/s  majflt/s     VSZ     RSS   %MEM  Command
07:11:24        0    144557      0.00      0.00 2690040   66108   0.42  sync_slam_toolb

07:11:24      UID       PID    %usr %system  %guest   %wait    %CPU   CPU  Command
07:11:25        0    144557   13.00    1.00    0.00    0.00   14.00     0  sync_slam_toolb

07:11:24      UID       PID  minflt/s  majflt/s     VSZ     RSS   %MEM  Command
07:11:25        0    144557      0.00      0.00 2690040   66108   0.42  sync_slam_toolb

07:11:25      UID       PID    %usr %system  %guest   %wait    %CPU   CPU  Command
07:11:26        0    144557    9.00    1.00    0.00    0.00   10.00     2  sync_slam_toolb

07:11:25      UID       PID  minflt/s  majflt/s     VSZ     RSS   %MEM  Command
07:11:26        0    144557      0.00      0.00 2690040   66108   0.42  sync_slam_toolb

07:11:26      UID       PID    %usr %system  %guest   %wait    %CPU   CPU  Command
07:11:27        0    144557    9.00    1.00    0.00    0.00   10.00     8  sync_slam_toolb

07:11:26      UID       PID  minflt/s  majflt/s     VSZ     RSS   %MEM  Command
07:11:27        0    144557      0.00      0.00 2690040   66108   0.42  sync_slam_toolb

07:11:27      UID       PID    %usr %system  %guest   %wait    %CPU   CPU  Command
07:11:28        0    144557   13.00    1.00    0.00    0.00   14.00    10  sync_slam_toolb

07:11:27      UID       PID  minflt/s  majflt/s     VSZ     RSS   %MEM  Command
07:11:28        0    144557      0.00      0.00 2690040   66108   0.42  sync_slam_toolb

07:11:28      UID       PID    %usr %system  %guest   %wait    %CPU   CPU  Command
07:11:29        0    144557   10.00    1.00    0.00    0.00   11.00     2  sync_slam_toolb

07:11:28      UID       PID  minflt/s  majflt/s     VSZ     RSS   %MEM  Command
07:11:29        0    144557      0.00      0.00 2690040   66108   0.42  sync_slam_toolb

07:11:29      UID       PID    %usr %system  %guest   %wait    %CPU   CPU  Command
07:11:30        0    144557    9.00    1.00    0.00    0.00   10.00     8  sync_slam_toolb

07:11:29      UID       PID  minflt/s  majflt/s     VSZ     RSS   %MEM  Command
07:11:30        0    144557      0.00      0.00 2690040   66108   0.42  sync_slam_toolb

07:11:30      UID       PID    %usr %system  %guest   %wait    %CPU   CPU  Command
07:11:31        0    144557   10.00    1.00    0.00    0.00   11.00     4  sync_slam_toolb

07:11:30      UID       PID  minflt/s  majflt/s     VSZ     RSS   %MEM  Command
07:11:31        0    144557      0.00      0.00 2690040   66108   0.42  sync_slam_toolb

07:11:31      UID       PID    %usr %system  %guest   %wait    %CPU   CPU  Command
07:11:32        0    144557   12.00    1.00    0.00    0.00   13.00     2  sync_slam_toolb

07:11:31      UID       PID  minflt/s  majflt/s     VSZ     RSS   %MEM  Command
07:11:32        0    144557      0.00      0.00 2690040   66108   0.42  sync_slam_toolb

07:11:32      UID       PID    %usr %system  %guest   %wait    %CPU   CPU  Command
07:11:33        0    144557    9.00    1.00    0.00    0.00   10.00    12  sync_slam_toolb

07:11:32      UID       PID  minflt/s  majflt/s     VSZ     RSS   %MEM  Command
07:11:33        0    144557      0.00      0.00 2690040   66108   0.42  sync_slam_toolb

07:11:33      UID       PID    %usr %system  %guest   %wait    %CPU   CPU  Command
07:11:34        0    144557   13.00    0.00    0.00    0.00   13.00     2  sync_slam_toolb

07:11:33      UID       PID  minflt/s  majflt/s     VSZ     RSS   %MEM  Command
07:11:34        0    144557      0.00      0.00 2690040   66108   0.42  sync_slam_toolb

07:11:34      UID       PID    %usr %system  %guest   %wait    %CPU   CPU  Command
07:11:35        0    144557   10.00    1.00    0.00    0.00   11.00     2  sync_slam_toolb

07:11:34      UID       PID  minflt/s  majflt/s     VSZ     RSS   %MEM  Command
07:11:35        0    144557      0.00      0.00 2690040   66108   0.42  sync_slam_toolb

07:11:35      UID       PID    %usr %system  %guest   %wait    %CPU   CPU  Command
07:11:36        0    144557   13.00    1.00    0.00    0.00   14.00     6  sync_slam_toolb

07:11:35      UID       PID  minflt/s  majflt/s     VSZ     RSS   %MEM  Command
07:11:36        0    144557      0.00      0.00 2690040   66108   0.42  sync_slam_toolb

07:11:36      UID       PID    %usr %system  %guest   %wait    %CPU   CPU  Command
07:11:37        0    144557   10.00    1.00    0.00    0.00   11.00    14  sync_slam_toolb

07:11:36      UID       PID  minflt/s  majflt/s     VSZ     RSS   %MEM  Command
07:11:37        0    144557      0.00      0.00 2690040   66108   0.42  sync_slam_toolb

07:11:37      UID       PID    %usr %system  %guest   %wait    %CPU   CPU  Command
07:11:38        0    144557    9.00    1.00    0.00    0.00   10.00     2  sync_slam_toolb

07:11:37      UID       PID  minflt/s  majflt/s     VSZ     RSS   %MEM  Command
07:11:38        0    144557      0.00      0.00 2690040   66108   0.42  sync_slam_toolb

07:11:38      UID       PID    %usr %system  %guest   %wait    %CPU   CPU  Command
07:11:39        0    144557   10.00    1.00    0.00    0.00   11.00    10  sync_slam_toolb

07:11:38      UID       PID  minflt/s  majflt/s     VSZ     RSS   %MEM  Command
07:11:39        0    144557      0.00      0.00 2690040   66108   0.42  sync_slam_toolb

07:11:39      UID       PID    %usr %system  %guest   %wait    %CPU   CPU  Command
07:11:40        0    144557    9.00    2.00    0.00    0.00   11.00    10  sync_slam_toolb

07:11:39      UID       PID  minflt/s  majflt/s     VSZ     RSS   %MEM  Command
07:11:40        0    144557      0.00      0.00 2690040   66108   0.42  sync_slam_toolb

07:11:40      UID       PID    %usr %system  %guest   %wait    %CPU   CPU  Command
07:11:41        0    144557    9.00    1.00    0.00    0.00   10.00     0  sync_slam_toolb

07:11:40      UID       PID  minflt/s  majflt/s     VSZ     RSS   %MEM  Command
07:11:41        0    144557      0.00      0.00 2690040   66108   0.42  sync_slam_toolb

07:11:41      UID       PID    %usr %system  %guest   %wait    %CPU   CPU  Command
07:11:42        0    144557    9.00    2.00    0.00    0.00   11.00     2  sync_slam_toolb

07:11:41      UID       PID  minflt/s  majflt/s     VSZ     RSS   %MEM  Command
07:11:42        0    144557      0.00      0.00 2690040   66108   0.42  sync_slam_toolb

07:11:42      UID       PID    %usr %system  %guest   %wait    %CPU   CPU  Command
07:11:43        0    144557   11.00    0.00    0.00    0.00   11.00     2  sync_slam_toolb

07:11:42      UID       PID  minflt/s  majflt/s     VSZ     RSS   %MEM  Command
07:11:43        0    144557      0.00      0.00 2690040   66108   0.42  sync_slam_toolb

07:11:43      UID       PID    %usr %system  %guest   %wait    %CPU   CPU  Command
07:11:44        0    144557   13.00    0.00    0.00    0.00   13.00     2  sync_slam_toolb

07:11:43      UID       PID  minflt/s  majflt/s     VSZ     RSS   %MEM  Command
07:11:44        0    144557      0.00      0.00 2690040   66108   0.42  sync_slam_toolb

07:11:44      UID       PID    %usr %system  %guest   %wait    %CPU   CPU  Command
07:11:45        0    144557   13.00    1.00    0.00    0.00   14.00     2  sync_slam_toolb

07:11:44      UID       PID  minflt/s  majflt/s     VSZ     RSS   %MEM  Command
07:11:45        0    144557      0.00      0.00 2690040   66108   0.42  sync_slam_toolb

07:11:45      UID       PID    %usr %system  %guest   %wait    %CPU   CPU  Command
07:11:46        0    144557   10.00    1.00    0.00    0.00   11.00     2  sync_slam_toolb

07:11:45      UID       PID  minflt/s  majflt/s     VSZ     RSS   %MEM  Command
07:11:46        0    144557      0.00      0.00 2690040   66108   0.42  sync_slam_toolb

07:11:46      UID       PID    %usr %system  %guest   %wait    %CPU   CPU  Command
07:11:47        0    144557    9.00    1.00    0.00    0.00   10.00     4  sync_slam_toolb

07:11:46      UID       PID  minflt/s  majflt/s     VSZ     RSS   %MEM  Command
07:11:47        0    144557      0.00      0.00 2690040   66108   0.42  sync_slam_toolb

07:11:47      UID       PID    %usr %system  %guest   %wait    %CPU   CPU  Command
07:11:48        0    144557   13.00    1.00    0.00    0.00   14.00    12  sync_slam_toolb

07:11:47      UID       PID  minflt/s  majflt/s     VSZ     RSS   %MEM  Command
07:11:48        0    144557      0.00      0.00 2690040   66108   0.42  sync_slam_toolb

07:11:48      UID       PID    %usr %system  %guest   %wait    %CPU   CPU  Command
07:11:49        0    144557   10.00    1.00    0.00    0.00   11.00     6  sync_slam_toolb

07:11:48      UID       PID  minflt/s  majflt/s     VSZ     RSS   %MEM  Command
07:11:49        0    144557      0.00      0.00 2690040   66108   0.42  sync_slam_toolb

07:11:49      UID       PID    %usr %system  %guest   %wait    %CPU   CPU  Command
07:11:50        0    144557   10.00    0.00    0.00    0.00   10.00     4  sync_slam_toolb

07:11:49      UID       PID  minflt/s  majflt/s     VSZ     RSS   %MEM  Command
07:11:50        0    144557      0.00      0.00 2690040   66108   0.42  sync_slam_toolb

07:11:50      UID       PID    %usr %system  %guest   %wait    %CPU   CPU  Command
07:11:51        0    144557   10.00    1.00    0.00    0.00   11.00     4  sync_slam_toolb

07:11:50      UID       PID  minflt/s  majflt/s     VSZ     RSS   %MEM  Command
07:11:51        0    144557      0.00      0.00 2690040   66108   0.42  sync_slam_toolb

07:11:51      UID       PID    %usr %system  %guest   %wait    %CPU   CPU  Command
07:11:52        0    144557   10.00    0.00    0.00    0.00   10.00    14  sync_slam_toolb

07:11:51      UID       PID  minflt/s  majflt/s     VSZ     RSS   %MEM  Command
07:11:52        0    144557      0.00      0.00 2690040   66108   0.42  sync_slam_toolb

07:11:52      UID       PID    %usr %system  %guest   %wait    %CPU   CPU  Command
07:11:53        0    144557   11.00    2.00    0.00    0.00   13.00     6  sync_slam_toolb

07:11:52      UID       PID  minflt/s  majflt/s     VSZ     RSS   %MEM  Command
07:11:53        0    144557      0.00      0.00 2690040   66108   0.42  sync_slam_toolb

07:11:53      UID       PID    %usr %system  %guest   %wait    %CPU   CPU  Command
07:11:54        0    144557   10.00    1.00    0.00    0.00   11.00     8  sync_slam_toolb

07:11:53      UID       PID  minflt/s  majflt/s     VSZ     RSS   %MEM  Command
07:11:54        0    144557      0.00      0.00 2690040   66108   0.42  sync_slam_toolb

07:11:54      UID       PID    %usr %system  %guest   %wait    %CPU   CPU  Command
07:11:55        0    144557   13.00    1.00    0.00    0.00   14.00    10  sync_slam_toolb

07:11:54      UID       PID  minflt/s  majflt/s     VSZ     RSS   %MEM  Command
07:11:55        0    144557      0.00      0.00 2690040   66108   0.42  sync_slam_toolb

07:11:55      UID       PID    %usr %system  %guest   %wait    %CPU   CPU  Command
07:11:56        0    144557    9.00    2.00    0.00    0.00   11.00     0  sync_slam_toolb

07:11:55      UID       PID  minflt/s  majflt/s     VSZ     RSS   %MEM  Command
07:11:56        0    144557      0.00      0.00 2690040   66108   0.42  sync_slam_toolb

07:11:56      UID       PID    %usr %system  %guest   %wait    %CPU   CPU  Command
07:11:57        0    144557   14.00    1.00    0.00    0.00   15.00     8  sync_slam_toolb

07:11:56      UID       PID  minflt/s  majflt/s     VSZ     RSS   %MEM  Command
07:11:57        0    144557      0.00      0.00 2690040   66108   0.42  sync_slam_toolb

07:11:57      UID       PID    %usr %system  %guest   %wait    %CPU   CPU  Command
07:11:58        0    144557    9.90    0.00    0.00    0.00    9.90     8  sync_slam_toolb

07:11:57      UID       PID  minflt/s  majflt/s     VSZ     RSS   %MEM  Command
07:11:58        0    144557      0.00      0.00 2690040   66108   0.42  sync_slam_toolb

07:11:58      UID       PID    %usr %system  %guest   %wait    %CPU   CPU  Command
07:11:59        0    144557   10.00    1.00    0.00    0.00   11.00     8  sync_slam_toolb

07:11:58      UID       PID  minflt/s  majflt/s     VSZ     RSS   %MEM  Command
07:11:59        0    144557      0.00      0.00 2690040   66108   0.42  sync_slam_toolb

07:11:59      UID       PID    %usr %system  %guest   %wait    %CPU   CPU  Command
07:12:00        0    144557   14.00    1.00    0.00    0.00   15.00     2  sync_slam_toolb

07:11:59      UID       PID  minflt/s  majflt/s     VSZ     RSS   %MEM  Command
07:12:00        0    144557      0.00      0.00 2690040   66108   0.42  sync_slam_toolb

07:12:00      UID       PID    %usr %system  %guest   %wait    %CPU   CPU  Command
07:12:01        0    144557    9.00    1.00    0.00    0.00   10.00     2  sync_slam_toolb

07:12:00      UID       PID  minflt/s  majflt/s     VSZ     RSS   %MEM  Command
07:12:01        0    144557      0.00      0.00 2690040   66108   0.42  sync_slam_toolb

07:12:01      UID       PID    %usr %system  %guest   %wait    %CPU   CPU  Command
07:12:02        0    144557   13.00    1.00    0.00    0.00   14.00     2  sync_slam_toolb

07:12:01      UID       PID  minflt/s  majflt/s     VSZ     RSS   %MEM  Command
07:12:02        0    144557      0.00      0.00 2690040   66108   0.42  sync_slam_toolb

07:12:02      UID       PID    %usr %system  %guest   %wait    %CPU   CPU  Command
07:12:03        0    144557   10.00    1.00    0.00    0.00   11.00     2  sync_slam_toolb

07:12:02      UID       PID  minflt/s  majflt/s     VSZ     RSS   %MEM  Command
07:12:03        0    144557      0.00      0.00 2690040   66108   0.42  sync_slam_toolb

07:12:03      UID       PID    %usr %system  %guest   %wait    %CPU   CPU  Command
07:12:04        0    144557   15.00    0.00    0.00    0.00   15.00     8  sync_slam_toolb

07:12:03      UID       PID  minflt/s  majflt/s     VSZ     RSS   %MEM  Command
07:12:04        0    144557      0.00      0.00 2690040   66108   0.42  sync_slam_toolb

07:12:04      UID       PID    %usr %system  %guest   %wait    %CPU   CPU  Command
07:12:05        0    144557   10.00    0.00    0.00    0.00   10.00     6  sync_slam_toolb

07:12:04      UID       PID  minflt/s  majflt/s     VSZ     RSS   %MEM  Command
07:12:05        0    144557      0.00      0.00 2690040   66108   0.42  sync_slam_toolb

07:12:05      UID       PID    %usr %system  %guest   %wait    %CPU   CPU  Command
07:12:06        0    144557   10.00    1.00    0.00    0.00   11.00     6  sync_slam_toolb

07:12:05      UID       PID  minflt/s  majflt/s     VSZ     RSS   %MEM  Command
07:12:06        0    144557      0.00      0.00 2690040   66108   0.42  sync_slam_toolb

07:12:06      UID       PID    %usr %system  %guest   %wait    %CPU   CPU  Command
07:12:07        0    144557   13.00    1.00    0.00    0.00   14.00     8  sync_slam_toolb

07:12:06      UID       PID  minflt/s  majflt/s     VSZ     RSS   %MEM  Command
07:12:07        0    144557      0.00      0.00 2690040   66108   0.42  sync_slam_toolb

07:12:07      UID       PID    %usr %system  %guest   %wait    %CPU   CPU  Command
07:12:08        0    144557    9.00    2.00    0.00    0.00   11.00     2  sync_slam_toolb

07:12:07      UID       PID  minflt/s  majflt/s     VSZ     RSS   %MEM  Command
07:12:08        0    144557      0.00      0.00 2690040   66108   0.42  sync_slam_toolb

07:12:08      UID       PID    %usr %system  %guest   %wait    %CPU   CPU  Command
07:12:09        0    144557   14.00    1.00    0.00    0.00   15.00     4  sync_slam_toolb

07:12:08      UID       PID  minflt/s  majflt/s     VSZ     RSS   %MEM  Command
07:12:09        0    144557      0.00      0.00 2690040   66108   0.42  sync_slam_toolb

07:12:09      UID       PID    %usr %system  %guest   %wait    %CPU   CPU  Command
07:12:10        0    144557    9.00    1.00    0.00    0.00   10.00     4  sync_slam_toolb

07:12:09      UID       PID  minflt/s  majflt/s     VSZ     RSS   %MEM  Command
07:12:10        0    144557      0.00      0.00 2690040   66108   0.42  sync_slam_toolb

07:12:10      UID       PID    %usr %system  %guest   %wait    %CPU   CPU  Command
07:12:11        0    144557   10.00    1.00    0.00    0.00   11.00     4  sync_slam_toolb

07:12:10      UID       PID  minflt/s  majflt/s     VSZ     RSS   %MEM  Command
07:12:11        0    144557      0.00      0.00 2690040   66108   0.42  sync_slam_toolb

07:12:11      UID       PID    %usr %system  %guest   %wait    %CPU   CPU  Command
07:12:12        0    144557   34.00    1.00    0.00    0.00   35.00     2  sync_slam_toolb

07:12:11      UID       PID  minflt/s  majflt/s     VSZ     RSS   %MEM  Command
07:12:12        0    144557    384.00      0.00 2690040   67644   0.43  sync_slam_toolb

07:12:12      UID       PID    %usr %system  %guest   %wait    %CPU   CPU  Command
07:12:13        0    144557   10.00    1.00    0.00    0.00   11.00     2  sync_slam_toolb

07:12:12      UID       PID  minflt/s  majflt/s     VSZ     RSS   %MEM  Command
07:12:13        0    144557      0.00      0.00 2690040   67644   0.43  sync_slam_toolb

07:12:13      UID       PID    %usr %system  %guest   %wait    %CPU   CPU  Command
07:12:14        0    144557   14.00    1.00    0.00    0.00   15.00    14  sync_slam_toolb

07:12:13      UID       PID  minflt/s  majflt/s     VSZ     RSS   %MEM  Command
07:12:14        0    144557      0.00      0.00 2690040   67644   0.43  sync_slam_toolb

07:12:14      UID       PID    %usr %system  %guest   %wait    %CPU   CPU  Command
07:12:15        0    144557   10.00    0.00    0.00    0.00   10.00     2  sync_slam_toolb

07:12:14      UID       PID  minflt/s  majflt/s     VSZ     RSS   %MEM  Command
07:12:15        0    144557      0.00      0.00 2690040   67644   0.43  sync_slam_toolb

07:12:15      UID       PID    %usr %system  %guest   %wait    %CPU   CPU  Command
07:12:16        0    144557   14.00    1.00    0.00    0.00   15.00     6  sync_slam_toolb

07:12:15      UID       PID  minflt/s  majflt/s     VSZ     RSS   %MEM  Command
07:12:16        0    144557      0.00      0.00 2690040   67644   0.43  sync_slam_toolb

07:12:16      UID       PID    %usr %system  %guest   %wait    %CPU   CPU  Command
07:12:17        0    144557   10.00    1.00    0.00    0.00   11.00     2  sync_slam_toolb

07:12:16      UID       PID  minflt/s  majflt/s     VSZ     RSS   %MEM  Command
07:12:17        0    144557      0.00      0.00 2690040   67644   0.43  sync_slam_toolb

07:12:17      UID       PID    %usr %system  %guest   %wait    %CPU   CPU  Command
07:12:18        0    144557   13.00    1.00    0.00    0.00   14.00     8  sync_slam_toolb

07:12:17      UID       PID  minflt/s  majflt/s     VSZ     RSS   %MEM  Command
07:12:18        0    144557      0.00      0.00 2690040   67644   0.43  sync_slam_toolb

07:12:18      UID       PID    %usr %system  %guest   %wait    %CPU   CPU  Command
07:12:19        0    144557   10.00    1.00    0.00    0.00   11.00     0  sync_slam_toolb

07:12:18      UID       PID  minflt/s  majflt/s     VSZ     RSS   %MEM  Command
07:12:19        0    144557      0.00      0.00 2690040   67644   0.43  sync_slam_toolb

07:12:19      UID       PID    %usr %system  %guest   %wait    %CPU   CPU  Command
07:12:20        0    144557   35.00    0.00    0.00    0.00   35.00     0  sync_slam_toolb

07:12:19      UID       PID  minflt/s  majflt/s     VSZ     RSS   %MEM  Command
07:12:20        0    144557    105.00      0.00 2690040   68028   0.44  sync_slam_toolb

07:12:20      UID       PID    %usr %system  %guest   %wait    %CPU   CPU  Command
07:12:21        0    144557   10.00    1.00    0.00    0.00   11.00    10  sync_slam_toolb

07:12:20      UID       PID  minflt/s  majflt/s     VSZ     RSS   %MEM  Command
07:12:21        0    144557      0.00      0.00 2690040   68028   0.44  sync_slam_toolb

07:12:21      UID       PID    %usr %system  %guest   %wait    %CPU   CPU  Command
07:12:22        0    144557   11.00    0.00    0.00    0.00   11.00    12  sync_slam_toolb

07:12:21      UID       PID  minflt/s  majflt/s     VSZ     RSS   %MEM  Command
07:12:22        0    144557      0.00      0.00 2690040   68028   0.44  sync_slam_toolb

07:12:22      UID       PID    %usr %system  %guest   %wait    %CPU   CPU  Command
07:12:23        0    144557   14.00    1.00    0.00    0.00   15.00     6  sync_slam_toolb

07:12:22      UID       PID  minflt/s  majflt/s     VSZ     RSS   %MEM  Command
07:12:23        0    144557      0.00      0.00 2690040   68028   0.44  sync_slam_toolb

07:12:23      UID       PID    %usr %system  %guest   %wait    %CPU   CPU  Command
07:12:24        0    144557   10.00    1.00    0.00    0.00   11.00     8  sync_slam_toolb

07:12:23      UID       PID  minflt/s  majflt/s     VSZ     RSS   %MEM  Command
07:12:24        0    144557      0.00      0.00 2690040   68028   0.44  sync_slam_toolb

07:12:24      UID       PID    %usr %system  %guest   %wait    %CPU   CPU  Command
07:12:25        0    144557    9.00    1.00    0.00    0.00   10.00     8  sync_slam_toolb

07:12:24      UID       PID  minflt/s  majflt/s     VSZ     RSS   %MEM  Command
07:12:25        0    144557      0.00      0.00 2690040   68028   0.44  sync_slam_toolb

07:12:25      UID       PID    %usr %system  %guest   %wait    %CPU   CPU  Command
07:12:26        0    144557   14.00    1.00    0.00    0.00   15.00     2  sync_slam_toolb

07:12:25      UID       PID  minflt/s  majflt/s     VSZ     RSS   %MEM  Command
07:12:26        0    144557      0.00      0.00 2690040   68028   0.44  sync_slam_toolb

07:12:26      UID       PID    %usr %system  %guest   %wait    %CPU   CPU  Command
07:12:27        0    144557   10.00    1.00    0.00    0.00   11.00     6  sync_slam_toolb

07:12:26      UID       PID  minflt/s  majflt/s     VSZ     RSS   %MEM  Command
07:12:27        0    144557     21.00      0.00 2690040   68028   0.44  sync_slam_toolb

07:12:27      UID       PID    %usr %system  %guest   %wait    %CPU   CPU  Command
07:12:28        0    144557   10.00    1.00    0.00    0.00   11.00     2  sync_slam_toolb

07:12:27      UID       PID  minflt/s  majflt/s     VSZ     RSS   %MEM  Command
07:12:28        0    144557    102.00      0.00 2690556   68412   0.44  sync_slam_toolb

07:12:28      UID       PID    %usr %system  %guest   %wait    %CPU   CPU  Command
07:12:29        0    144557   14.00    1.00    0.00    0.00   15.00     0  sync_slam_toolb

07:12:28      UID       PID  minflt/s  majflt/s     VSZ     RSS   %MEM  Command
07:12:29        0    144557      0.00      0.00 2690556   68412   0.44  sync_slam_toolb

07:12:29      UID       PID    %usr %system  %guest   %wait    %CPU   CPU  Command
07:12:30        0    144557   10.00    0.00    0.00    0.00   10.00     0  sync_slam_toolb

07:12:29      UID       PID  minflt/s  majflt/s     VSZ     RSS   %MEM  Command
07:12:30        0    144557      0.00      0.00 2690556   68412   0.44  sync_slam_toolb

07:12:30      UID       PID    %usr %system  %guest   %wait    %CPU   CPU  Command
07:12:31        0    144557   14.00    1.00    0.00    0.00   15.00     6  sync_slam_toolb

07:12:30      UID       PID  minflt/s  majflt/s     VSZ     RSS   %MEM  Command
07:12:31        0    144557      0.00      0.00 2690556   68412   0.44  sync_slam_toolb

07:12:31      UID       PID    %usr %system  %guest   %wait    %CPU   CPU  Command
07:12:32        0    144557   11.00    0.00    0.00    0.00   11.00     6  sync_slam_toolb

07:12:31      UID       PID  minflt/s  majflt/s     VSZ     RSS   %MEM  Command
07:12:32        0    144557      0.00      0.00 2690556   68412   0.44  sync_slam_toolb

07:12:32      UID       PID    %usr %system  %guest   %wait    %CPU   CPU  Command
07:12:33        0    144557   10.00    1.00    0.00    0.00   11.00    12  sync_slam_toolb

07:12:32      UID       PID  minflt/s  majflt/s     VSZ     RSS   %MEM  Command
07:12:33        0    144557      0.00      0.00 2690556   68412   0.44  sync_slam_toolb

07:12:33      UID       PID    %usr %system  %guest   %wait    %CPU   CPU  Command
07:12:34        0    144557   12.00    2.00    0.00    0.00   14.00     0  sync_slam_toolb

07:12:33      UID       PID  minflt/s  majflt/s     VSZ     RSS   %MEM  Command
07:12:34        0    144557      0.00      0.00 2690556   68412   0.44  sync_slam_toolb

07:12:34      UID       PID    %usr %system  %guest   %wait    %CPU   CPU  Command
07:12:35        0    144557   10.00    1.00    0.00    0.00   11.00     6  sync_slam_toolb

07:12:34      UID       PID  minflt/s  majflt/s     VSZ     RSS   %MEM  Command
07:12:35        0    144557      0.00      0.00 2690556   68412   0.44  sync_slam_toolb

07:12:35      UID       PID    %usr %system  %guest   %wait    %CPU   CPU  Command
07:12:36        0    144557   10.00    1.00    0.00    0.00   11.00     6  sync_slam_toolb

07:12:35      UID       PID  minflt/s  majflt/s     VSZ     RSS   %MEM  Command
07:12:36        0    144557      0.00      0.00 2690556   68412   0.44  sync_slam_toolb

07:12:36      UID       PID    %usr %system  %guest   %wait    %CPU   CPU  Command
07:12:37        0    144557   10.00    1.00    0.00    0.00   11.00     2  sync_slam_toolb

07:12:36      UID       PID  minflt/s  majflt/s     VSZ     RSS   %MEM  Command
07:12:37        0    144557      0.00      0.00 2690556   68412   0.44  sync_slam_toolb

07:12:37      UID       PID    %usr %system  %guest   %wait    %CPU   CPU  Command
07:12:38        0    144557   10.00    1.00    0.00    0.00   11.00    12  sync_slam_toolb

07:12:37      UID       PID  minflt/s  majflt/s     VSZ     RSS   %MEM  Command
07:12:38        0    144557      0.00      0.00 2690556   68412   0.44  sync_slam_toolb

07:12:38      UID       PID    %usr %system  %guest   %wait    %CPU   CPU  Command
07:12:39        0    144557   11.00    1.00    0.00    0.00   12.00     1  sync_slam_toolb

07:12:38      UID       PID  minflt/s  majflt/s     VSZ     RSS   %MEM  Command
07:12:39        0    144557      0.00      0.00 2690556   68412   0.44  sync_slam_toolb

07:12:39      UID       PID    %usr %system  %guest   %wait    %CPU   CPU  Command
07:12:40        0    144557   10.00    1.00    0.00    0.00   11.00     8  sync_slam_toolb

07:12:39      UID       PID  minflt/s  majflt/s     VSZ     RSS   %MEM  Command
07:12:40        0    144557      0.00      0.00 2690556   68412   0.44  sync_slam_toolb

07:12:40      UID       PID    %usr %system  %guest   %wait    %CPU   CPU  Command
07:12:41        0    144557   11.00    1.00    0.00    0.00   12.00     1  sync_slam_toolb

07:12:40      UID       PID  minflt/s  majflt/s     VSZ     RSS   %MEM  Command
07:12:41        0    144557      0.00      0.00 2690556   68412   0.44  sync_slam_toolb

07:12:41      UID       PID    %usr %system  %guest   %wait    %CPU   CPU  Command
07:12:42        0    144557    9.00    1.00    0.00    0.00   10.00     1  sync_slam_toolb

07:12:41      UID       PID  minflt/s  majflt/s     VSZ     RSS   %MEM  Command
07:12:42        0    144557      0.00      0.00 2690556   68412   0.44  sync_slam_toolb

07:12:42      UID       PID    %usr %system  %guest   %wait    %CPU   CPU  Command
07:12:43        0    144557    9.00    2.00    0.00    0.00   11.00     8  sync_slam_toolb

07:12:42      UID       PID  minflt/s  majflt/s     VSZ     RSS   %MEM  Command
07:12:43        0    144557      0.00      0.00 2690556   68412   0.44  sync_slam_toolb

07:12:43      UID       PID    %usr %system  %guest   %wait    %CPU   CPU  Command
07:12:44        0    144557   11.00    1.00    0.00    0.00   12.00     8  sync_slam_toolb

07:12:43      UID       PID  minflt/s  majflt/s     VSZ     RSS   %MEM  Command
07:12:44        0    144557      0.00      0.00 2690556   68412   0.44  sync_slam_toolb

07:12:44      UID       PID    %usr %system  %guest   %wait    %CPU   CPU  Command
07:12:45        0    144557   13.00    1.00    0.00    0.00   14.00     6  sync_slam_toolb

07:12:44      UID       PID  minflt/s  majflt/s     VSZ     RSS   %MEM  Command
07:12:45        0    144557      0.00      0.00 2690556   68412   0.44  sync_slam_toolb

07:12:45      UID       PID    %usr %system  %guest   %wait    %CPU   CPU  Command
07:12:46        0    144557   11.00    0.00    0.00    0.00   11.00     6  sync_slam_toolb

07:12:45      UID       PID  minflt/s  majflt/s     VSZ     RSS   %MEM  Command
07:12:46        0    144557      0.00      0.00 2690556   68412   0.44  sync_slam_toolb

07:12:46      UID       PID    %usr %system  %guest   %wait    %CPU   CPU  Command
07:12:47        0    144557   10.00    1.00    0.00    0.00   11.00    12  sync_slam_toolb

07:12:46      UID       PID  minflt/s  majflt/s     VSZ     RSS   %MEM  Command
07:12:47        0    144557      0.00      0.00 2690556   68412   0.44  sync_slam_toolb

07:12:47      UID       PID    %usr %system  %guest   %wait    %CPU   CPU  Command
07:12:48        0    144557   12.00    2.00    0.00    0.00   14.00     8  sync_slam_toolb

07:12:47      UID       PID  minflt/s  majflt/s     VSZ     RSS   %MEM  Command
07:12:48        0    144557      0.00      0.00 2690556   68412   0.44  sync_slam_toolb

07:12:48      UID       PID    %usr %system  %guest   %wait    %CPU   CPU  Command
07:12:49        0    144557   10.00    1.00    0.00    0.00   11.00    10  sync_slam_toolb

07:12:48      UID       PID  minflt/s  majflt/s     VSZ     RSS   %MEM  Command
07:12:49        0    144557      0.00      0.00 2690556   68412   0.44  sync_slam_toolb

07:12:49      UID       PID    %usr %system  %guest   %wait    %CPU   CPU  Command
07:12:50        0    144557   13.00    1.00    0.00    0.00   14.00    10  sync_slam_toolb

07:12:49      UID       PID  minflt/s  majflt/s     VSZ     RSS   %MEM  Command
07:12:50        0    144557      0.00      0.00 2690556   68412   0.44  sync_slam_toolb

07:12:50      UID       PID    %usr %system  %guest   %wait    %CPU   CPU  Command
07:12:51        0    144557    9.00    0.00    0.00    0.00    9.00    10  sync_slam_toolb

07:12:50      UID       PID  minflt/s  majflt/s     VSZ     RSS   %MEM  Command
07:12:51        0    144557      0.00      0.00 2690556   68412   0.44  sync_slam_toolb

07:12:51      UID       PID    %usr %system  %guest   %wait    %CPU   CPU  Command
07:12:52        0    144557    9.00    1.00    0.00    0.00   10.00     0  sync_slam_toolb

07:12:51      UID       PID  minflt/s  majflt/s     VSZ     RSS   %MEM  Command
07:12:52        0    144557      0.00      0.00 2690556   68412   0.44  sync_slam_toolb

07:12:52      UID       PID    %usr %system  %guest   %wait    %CPU   CPU  Command
07:12:53        0    144557    8.00    1.00    0.00    0.00    9.00     0  sync_slam_toolb

07:12:52      UID       PID  minflt/s  majflt/s     VSZ     RSS   %MEM  Command
07:12:53        0    144557      0.00      0.00 2690556   68412   0.44  sync_slam_toolb

07:12:53      UID       PID    %usr %system  %guest   %wait    %CPU   CPU  Command
07:12:54        0    144557    9.00    1.00    0.00    0.00   10.00     2  sync_slam_toolb

07:12:53      UID       PID  minflt/s  majflt/s     VSZ     RSS   %MEM  Command
07:12:54        0    144557      0.00      0.00 2690556   68412   0.44  sync_slam_toolb

07:12:54      UID       PID    %usr %system  %guest   %wait    %CPU   CPU  Command
07:12:55        0    144557   12.00    0.00    0.00    0.00   12.00     2  sync_slam_toolb

07:12:54      UID       PID  minflt/s  majflt/s     VSZ     RSS   %MEM  Command
07:12:55        0    144557      0.00      0.00 2690556   68412   0.44  sync_slam_toolb

07:12:55      UID       PID    %usr %system  %guest   %wait    %CPU   CPU  Command
07:12:56        0    144557    9.00    1.00    0.00    0.00   10.00     6  sync_slam_toolb

07:12:55      UID       PID  minflt/s  majflt/s     VSZ     RSS   %MEM  Command
07:12:56        0    144557      0.00      0.00 2690556   68412   0.44  sync_slam_toolb

07:12:56      UID       PID    %usr %system  %guest   %wait    %CPU   CPU  Command
07:12:57        0    144557    9.00    0.00    0.00    0.00    9.00     6  sync_slam_toolb

07:12:56      UID       PID  minflt/s  majflt/s     VSZ     RSS   %MEM  Command
07:12:57        0    144557      0.00      0.00 2690556   68412   0.44  sync_slam_toolb

07:12:57      UID       PID    %usr %system  %guest   %wait    %CPU   CPU  Command
07:12:58        0    144557   10.00    0.00    0.00    0.00   10.00     6  sync_slam_toolb

07:12:57      UID       PID  minflt/s  majflt/s     VSZ     RSS   %MEM  Command
07:12:58        0    144557      0.00      0.00 2690556   68412   0.44  sync_slam_toolb

07:12:58      UID       PID    %usr %system  %guest   %wait    %CPU   CPU  Command
07:12:59        0    144557    9.00    1.00    0.00    0.00   10.00    14  sync_slam_toolb

07:12:58      UID       PID  minflt/s  majflt/s     VSZ     RSS   %MEM  Command
07:12:59        0    144557      0.00      0.00 2690556   68412   0.44  sync_slam_toolb

07:12:59      UID       PID    %usr %system  %guest   %wait    %CPU   CPU  Command
07:13:00        0    144557    8.00    1.00    0.00    0.00    9.00    14  sync_slam_toolb

07:12:59      UID       PID  minflt/s  majflt/s     VSZ     RSS   %MEM  Command
07:13:00        0    144557      0.00      0.00 2690556   68412   0.44  sync_slam_toolb

07:13:00      UID       PID    %usr %system  %guest   %wait    %CPU   CPU  Command
07:13:01        0    144557    9.00    0.00    0.00    0.00    9.00    14  sync_slam_toolb

07:13:00      UID       PID  minflt/s  majflt/s     VSZ     RSS   %MEM  Command
07:13:01        0    144557      0.00      0.00 2690556   68412   0.44  sync_slam_toolb

07:13:01      UID       PID    %usr %system  %guest   %wait    %CPU   CPU  Command
07:13:02        0    144557   12.00    1.00    0.00    0.00   13.00    14  sync_slam_toolb

07:13:01      UID       PID  minflt/s  majflt/s     VSZ     RSS   %MEM  Command
07:13:02        0    144557      0.00      0.00 2690556   68412   0.44  sync_slam_toolb

07:13:02      UID       PID    %usr %system  %guest   %wait    %CPU   CPU  Command
07:13:03        0    144557   10.00    0.00    0.00    0.00   10.00     6  sync_slam_toolb

07:13:02      UID       PID  minflt/s  majflt/s     VSZ     RSS   %MEM  Command
07:13:03        0    144557      0.00      0.00 2690556   68412   0.44  sync_slam_toolb

07:13:03      UID       PID    %usr %system  %guest   %wait    %CPU   CPU  Command
07:13:04        0    144557    9.00    0.00    0.00    0.00    9.00     2  sync_slam_toolb

07:13:03      UID       PID  minflt/s  majflt/s     VSZ     RSS   %MEM  Command
07:13:04        0    144557      0.00      0.00 2690556   68412   0.44  sync_slam_toolb

07:13:04      UID       PID    %usr %system  %guest   %wait    %CPU   CPU  Command
07:13:05        0    144557    9.00    2.00    0.00    0.00   11.00     6  sync_slam_toolb

07:13:04      UID       PID  minflt/s  majflt/s     VSZ     RSS   %MEM  Command
07:13:05        0    144557      0.00      0.00 2690556   68412   0.44  sync_slam_toolb

07:13:05      UID       PID    %usr %system  %guest   %wait    %CPU   CPU  Command
07:13:06        0    144557    9.00    0.00    0.00    0.00    9.00     6  sync_slam_toolb

07:13:05      UID       PID  minflt/s  majflt/s     VSZ     RSS   %MEM  Command
07:13:06        0    144557      0.00      0.00 2690556   68412   0.44  sync_slam_toolb

07:13:06      UID       PID    %usr %system  %guest   %wait    %CPU   CPU  Command
07:13:07        0    144557    9.00    1.00    0.00    0.00   10.00     2  sync_slam_toolb

07:13:06      UID       PID  minflt/s  majflt/s     VSZ     RSS   %MEM  Command
07:13:07        0    144557      0.00      0.00 2690556   68412   0.44  sync_slam_toolb

07:13:07      UID       PID    %usr %system  %guest   %wait    %CPU   CPU  Command
07:13:08        0    144557    9.00    1.00    0.00    0.00   10.00     8  sync_slam_toolb

07:13:07      UID       PID  minflt/s  majflt/s     VSZ     RSS   %MEM  Command
07:13:08        0    144557      0.00      0.00 2690556   68412   0.44  sync_slam_toolb

07:13:08      UID       PID    %usr %system  %guest   %wait    %CPU   CPU  Command
07:13:09        0    144557    9.00    0.00    0.00    0.00    9.00     2  sync_slam_toolb

07:13:08      UID       PID  minflt/s  majflt/s     VSZ     RSS   %MEM  Command
07:13:09        0    144557      0.00      0.00 2690556   68412   0.44  sync_slam_toolb

07:13:09      UID       PID    %usr %system  %guest   %wait    %CPU   CPU  Command
07:13:10        0    144557    9.00    0.00    0.00    0.00    9.00     8  sync_slam_toolb

07:13:09      UID       PID  minflt/s  majflt/s     VSZ     RSS   %MEM  Command
07:13:10        0    144557      0.00      0.00 2690556   68412   0.44  sync_slam_toolb

07:13:10      UID       PID    %usr %system  %guest   %wait    %CPU   CPU  Command
07:13:11        0    144557    9.00    1.00    0.00    0.00   10.00     8  sync_slam_toolb

07:13:10      UID       PID  minflt/s  majflt/s     VSZ     RSS   %MEM  Command
07:13:11        0    144557      0.00      0.00 2690556   68412   0.44  sync_slam_toolb

07:13:11      UID       PID    %usr %system  %guest   %wait    %CPU   CPU  Command
07:13:12        0    144557    9.00    0.00    0.00    0.00    9.00     2  sync_slam_toolb

07:13:11      UID       PID  minflt/s  majflt/s     VSZ     RSS   %MEM  Command
07:13:12        0    144557      0.00      0.00 2690556   68412   0.44  sync_slam_toolb

07:13:12      UID       PID    %usr %system  %guest   %wait    %CPU   CPU  Command
07:13:13        0    144557    9.00    0.00    0.00    0.00    9.00     2  sync_slam_toolb

07:13:12      UID       PID  minflt/s  majflt/s     VSZ     RSS   %MEM  Command
07:13:13        0    144557      0.00      0.00 2690556   68412   0.44  sync_slam_toolb

07:13:13      UID       PID    %usr %system  %guest   %wait    %CPU   CPU  Command
07:13:14        0    144557    9.00    1.00    0.00    0.00   10.00     2  sync_slam_toolb

07:13:13      UID       PID  minflt/s  majflt/s     VSZ     RSS   %MEM  Command
07:13:14        0    144557      0.00      0.00 2690556   68412   0.44  sync_slam_toolb

07:13:14      UID       PID    %usr %system  %guest   %wait    %CPU   CPU  Command
07:13:15        0    144557   12.00    0.00    0.00    0.00   12.00     2  sync_slam_toolb

07:13:14      UID       PID  minflt/s  majflt/s     VSZ     RSS   %MEM  Command
07:13:15        0    144557      0.00      0.00 2690556   68412   0.44  sync_slam_toolb

07:13:15      UID       PID    %usr %system  %guest   %wait    %CPU   CPU  Command
07:13:16        0    144557   10.00    1.00    0.00    0.00   11.00     8  sync_slam_toolb

07:13:15      UID       PID  minflt/s  majflt/s     VSZ     RSS   %MEM  Command
07:13:16        0    144557      0.00      0.00 2690556   68412   0.44  sync_slam_toolb

07:13:16      UID       PID    %usr %system  %guest   %wait    %CPU   CPU  Command
07:13:17        0    144557    9.00    1.00    0.00    0.00   10.00     8  sync_slam_toolb

07:13:16      UID       PID  minflt/s  majflt/s     VSZ     RSS   %MEM  Command
07:13:17        0    144557      0.00      0.00 2690556   68412   0.44  sync_slam_toolb

07:13:17      UID       PID    %usr %system  %guest   %wait    %CPU   CPU  Command
07:13:18        0    144557   12.00    1.00    0.00    0.00   13.00     8  sync_slam_toolb

07:13:17      UID       PID  minflt/s  majflt/s     VSZ     RSS   %MEM  Command
07:13:18        0    144557      0.00      0.00 2690556   68412   0.44  sync_slam_toolb

07:13:18      UID       PID    %usr %system  %guest   %wait    %CPU   CPU  Command
07:13:19        0    144557    9.00    0.00    0.00    0.00    9.00     8  sync_slam_toolb

07:13:18      UID       PID  minflt/s  majflt/s     VSZ     RSS   %MEM  Command
07:13:19        0    144557      0.00      0.00 2690556   68412   0.44  sync_slam_toolb

07:13:19      UID       PID    %usr %system  %guest   %wait    %CPU   CPU  Command
07:13:20        0    144557    8.00    1.00    0.00    0.00    9.00    10  sync_slam_toolb

07:13:19      UID       PID  minflt/s  majflt/s     VSZ     RSS   %MEM  Command
07:13:20        0    144557      0.00      0.00 2690556   68412   0.44  sync_slam_toolb

07:13:20      UID       PID    %usr %system  %guest   %wait    %CPU   CPU  Command
07:13:21        0    144557    9.00    1.00    0.00    0.00   10.00     8  sync_slam_toolb

07:13:20      UID       PID  minflt/s  majflt/s     VSZ     RSS   %MEM  Command
07:13:21        0    144557      0.00      0.00 2690556   68412   0.44  sync_slam_toolb

07:13:21      UID       PID    %usr %system  %guest   %wait    %CPU   CPU  Command
07:13:22        0    144557    8.00    1.00    0.00    0.00    9.00     4  sync_slam_toolb

07:13:21      UID       PID  minflt/s  majflt/s     VSZ     RSS   %MEM  Command
07:13:22        0    144557      0.00      0.00 2690556   68412   0.44  sync_slam_toolb

07:13:22      UID       PID    %usr %system  %guest   %wait    %CPU   CPU  Command
07:13:23        0    144557   11.00    3.00    0.00    0.00   14.00     4  sync_slam_toolb

07:13:22      UID       PID  minflt/s  majflt/s     VSZ     RSS   %MEM  Command
07:13:23        0    144557      0.00      0.00 2690556   68412   0.44  sync_slam_toolb

07:13:23      UID       PID    %usr %system  %guest   %wait    %CPU   CPU  Command
07:13:24        0    144557    9.00    0.00    0.00    0.00    9.00     4  sync_slam_toolb

07:13:23      UID       PID  minflt/s  majflt/s     VSZ     RSS   %MEM  Command
07:13:24        0    144557      0.00      0.00 2690556   68412   0.44  sync_slam_toolb

07:13:24      UID       PID    %usr %system  %guest   %wait    %CPU   CPU  Command
07:13:25        0    144557    8.00    2.00    0.00    0.00   10.00     2  sync_slam_toolb

07:13:24      UID       PID  minflt/s  majflt/s     VSZ     RSS   %MEM  Command
07:13:25        0    144557      0.00      0.00 2690556   68412   0.44  sync_slam_toolb

07:13:25      UID       PID    %usr %system  %guest   %wait    %CPU   CPU  Command
07:13:26        0    144557    9.00    0.00    0.00    0.00    9.00     0  sync_slam_toolb

07:13:25      UID       PID  minflt/s  majflt/s     VSZ     RSS   %MEM  Command
07:13:26        0    144557      0.00      0.00 2690556   68412   0.44  sync_slam_toolb

07:13:26      UID       PID    %usr %system  %guest   %wait    %CPU   CPU  Command
07:13:27        0    144557   13.00    1.00    0.00    0.00   14.00     0  sync_slam_toolb

07:13:26      UID       PID  minflt/s  majflt/s     VSZ     RSS   %MEM  Command
07:13:27        0    144557      0.00      0.00 2690556   68412   0.44  sync_slam_toolb

07:13:27      UID       PID    %usr %system  %guest   %wait    %CPU   CPU  Command
07:13:28        0    144557   11.00    0.00    0.00    0.00   11.00     0  sync_slam_toolb

07:13:27      UID       PID  minflt/s  majflt/s     VSZ     RSS   %MEM  Command
07:13:28        0    144557      0.00      0.00 2690556   68412   0.44  sync_slam_toolb

07:13:28      UID       PID    %usr %system  %guest   %wait    %CPU   CPU  Command
07:13:29        0    144557   10.00    1.00    0.00    0.00   11.00     4  sync_slam_toolb

07:13:28      UID       PID  minflt/s  majflt/s     VSZ     RSS   %MEM  Command
07:13:29        0    144557      0.00      0.00 2690556   68412   0.44  sync_slam_toolb

07:13:29      UID       PID    %usr %system  %guest   %wait    %CPU   CPU  Command
07:13:30        0    144557   13.00    1.00    0.00    0.00   14.00     4  sync_slam_toolb

07:13:29      UID       PID  minflt/s  majflt/s     VSZ     RSS   %MEM  Command
07:13:30        0    144557      0.00      0.00 2690556   68412   0.44  sync_slam_toolb

07:13:30      UID       PID    %usr %system  %guest   %wait    %CPU   CPU  Command
07:13:31        0    144557   10.00    1.00    0.00    0.00   11.00     4  sync_slam_toolb

07:13:30      UID       PID  minflt/s  majflt/s     VSZ     RSS   %MEM  Command
07:13:31        0    144557      0.00      0.00 2690556   68412   0.44  sync_slam_toolb

07:13:31      UID       PID    %usr %system  %guest   %wait    %CPU   CPU  Command
07:13:32        0    144557   10.00    1.00    0.00    0.00   11.00     6  sync_slam_toolb

07:13:31      UID       PID  minflt/s  majflt/s     VSZ     RSS   %MEM  Command
07:13:32        0    144557      0.00      0.00 2690556   68412   0.44  sync_slam_toolb

07:13:32      UID       PID    %usr %system  %guest   %wait    %CPU   CPU  Command
07:13:33        0    144557   10.00    1.00    0.00    0.00   11.00     6  sync_slam_toolb

07:13:32      UID       PID  minflt/s  majflt/s     VSZ     RSS   %MEM  Command
07:13:33        0    144557      0.00      0.00 2690556   68412   0.44  sync_slam_toolb

07:13:33      UID       PID    %usr %system  %guest   %wait    %CPU   CPU  Command
07:13:34        0    144557   15.00    0.00    0.00    0.00   15.00     4  sync_slam_toolb

07:13:33      UID       PID  minflt/s  majflt/s     VSZ     RSS   %MEM  Command
07:13:34        0    144557      0.00      0.00 2690556   68412   0.44  sync_slam_toolb

07:13:34      UID       PID    %usr %system  %guest   %wait    %CPU   CPU  Command
07:13:35        0    144557   10.00    1.00    0.00    0.00   11.00     6  sync_slam_toolb

07:13:34      UID       PID  minflt/s  majflt/s     VSZ     RSS   %MEM  Command
07:13:35        0    144557      0.00      0.00 2690556   68412   0.44  sync_slam_toolb

07:13:35      UID       PID    %usr %system  %guest   %wait    %CPU   CPU  Command
07:13:36        0    144557   14.00    1.00    0.00    0.00   15.00     6  sync_slam_toolb

07:13:35      UID       PID  minflt/s  majflt/s     VSZ     RSS   %MEM  Command
07:13:36        0    144557      0.00      0.00 2690556   68412   0.44  sync_slam_toolb

07:13:36      UID       PID    %usr %system  %guest   %wait    %CPU   CPU  Command
07:13:37        0    144557   10.00    1.00    0.00    0.00   11.00     6  sync_slam_toolb

07:13:36      UID       PID  minflt/s  majflt/s     VSZ     RSS   %MEM  Command
07:13:37        0    144557      0.00      0.00 2690556   68412   0.44  sync_slam_toolb

07:13:37      UID       PID    %usr %system  %guest   %wait    %CPU   CPU  Command
07:13:38        0    144557   10.00    1.00    0.00    0.00   11.00     2  sync_slam_toolb

07:13:37      UID       PID  minflt/s  majflt/s     VSZ     RSS   %MEM  Command
07:13:38        0    144557      0.00      0.00 2690556   68412   0.44  sync_slam_toolb

07:13:38      UID       PID    %usr %system  %guest   %wait    %CPU   CPU  Command
07:13:39        0    144557   11.00    1.00    0.00    0.00   12.00     6  sync_slam_toolb

07:13:38      UID       PID  minflt/s  majflt/s     VSZ     RSS   %MEM  Command
07:13:39        0    144557      0.00      0.00 2690556   68412   0.44  sync_slam_toolb

07:13:39      UID       PID    %usr %system  %guest   %wait    %CPU   CPU  Command
07:13:40        0    144557   14.00    0.00    0.00    0.00   14.00     6  sync_slam_toolb

07:13:39      UID       PID  minflt/s  majflt/s     VSZ     RSS   %MEM  Command
07:13:40        0    144557      0.00      0.00 2690556   68412   0.44  sync_slam_toolb

07:13:40      UID       PID    %usr %system  %guest   %wait    %CPU   CPU  Command
07:13:41        0    144557   11.00    1.00    0.00    0.00   12.00     0  sync_slam_toolb

07:13:40      UID       PID  minflt/s  majflt/s     VSZ     RSS   %MEM  Command
07:13:41        0    144557      0.00      0.00 2690556   68412   0.44  sync_slam_toolb

07:13:41      UID       PID    %usr %system  %guest   %wait    %CPU   CPU  Command
07:13:42        0    144557   10.00    1.00    0.00    0.00   11.00     2  sync_slam_toolb

07:13:41      UID       PID  minflt/s  majflt/s     VSZ     RSS   %MEM  Command
07:13:42        0    144557      0.00      0.00 2690556   68412   0.44  sync_slam_toolb

07:13:42      UID       PID    %usr %system  %guest   %wait    %CPU   CPU  Command
07:13:43        0    144557   14.00    1.00    0.00    0.00   15.00     0  sync_slam_toolb

07:13:42      UID       PID  minflt/s  majflt/s     VSZ     RSS   %MEM  Command
07:13:43        0    144557     17.00      0.00 2690556   68540   0.44  sync_slam_toolb

07:13:43      UID       PID    %usr %system  %guest   %wait    %CPU   CPU  Command
07:13:44        0    144557   11.00    0.00    0.00    0.00   11.00     0  sync_slam_toolb

07:13:43      UID       PID  minflt/s  majflt/s     VSZ     RSS   %MEM  Command
07:13:44        0    144557      0.00      0.00 2690556   68540   0.44  sync_slam_toolb

07:13:44      UID       PID    %usr %system  %guest   %wait    %CPU   CPU  Command
07:13:45        0    144557   14.00    1.00    0.00    0.00   15.00     0  sync_slam_toolb

07:13:44      UID       PID  minflt/s  majflt/s     VSZ     RSS   %MEM  Command
07:13:45        0    144557      9.00      0.00 2690556   68668   0.44  sync_slam_toolb

07:13:45      UID       PID    %usr %system  %guest   %wait    %CPU   CPU  Command
07:13:46        0    144557    9.90    0.00    0.00    0.00    9.90     0  sync_slam_toolb

07:13:45      UID       PID  minflt/s  majflt/s     VSZ     RSS   %MEM  Command
07:13:46        0    144557      0.00      0.00 2690556   68668   0.44  sync_slam_toolb

07:13:46      UID       PID    %usr %system  %guest   %wait    %CPU   CPU  Command
07:13:47        0    144557   15.00    1.00    0.00    0.00   16.00     6  sync_slam_toolb

07:13:46      UID       PID  minflt/s  majflt/s     VSZ     RSS   %MEM  Command
07:13:47        0    144557      0.00      0.00 2690556   68668   0.44  sync_slam_toolb

07:13:47      UID       PID    %usr %system  %guest   %wait    %CPU   CPU  Command
07:13:48        0    144557   10.00    1.00    0.00    0.00   11.00     6  sync_slam_toolb

07:13:47      UID       PID  minflt/s  majflt/s     VSZ     RSS   %MEM  Command
07:13:48        0    144557     18.00      0.00 2690556   68796   0.44  sync_slam_toolb

07:13:48      UID       PID    %usr %system  %guest   %wait    %CPU   CPU  Command
07:13:49        0    144557   11.00    0.00    0.00    0.00   11.00     6  sync_slam_toolb

07:13:48      UID       PID  minflt/s  majflt/s     VSZ     RSS   %MEM  Command
07:13:49        0    144557      3.00      0.00 2690556   68796   0.44  sync_slam_toolb

07:13:49      UID       PID    %usr %system  %guest   %wait    %CPU   CPU  Command
07:13:50        0    144557   14.00    0.00    0.00    0.00   14.00     8  sync_slam_toolb

07:13:49      UID       PID  minflt/s  majflt/s     VSZ     RSS   %MEM  Command
07:13:50        0    144557      3.00      0.00 2690556   68796   0.44  sync_slam_toolb

07:13:50      UID       PID    %usr %system  %guest   %wait    %CPU   CPU  Command
07:13:51        0    144557   11.00    1.00    0.00    0.00   12.00     8  sync_slam_toolb

07:13:50      UID       PID  minflt/s  majflt/s     VSZ     RSS   %MEM  Command
07:13:51        0    144557      1.00      0.00 2690556   68796   0.44  sync_slam_toolb

07:13:51      UID       PID    %usr %system  %guest   %wait    %CPU   CPU  Command
07:13:52        0    144557   14.00    1.00    0.00    0.00   15.00     8  sync_slam_toolb

07:13:51      UID       PID  minflt/s  majflt/s     VSZ     RSS   %MEM  Command
07:13:52        0    144557      0.00      0.00 2690556   68796   0.44  sync_slam_toolb

07:13:52      UID       PID    %usr %system  %guest   %wait    %CPU   CPU  Command
07:13:53        0    144557   10.00    1.00    0.00    0.00   11.00     2  sync_slam_toolb

07:13:52      UID       PID  minflt/s  majflt/s     VSZ     RSS   %MEM  Command
07:13:53        0    144557      7.00      0.00 2690556   68796   0.44  sync_slam_toolb

07:13:53      UID       PID    %usr %system  %guest   %wait    %CPU   CPU  Command
07:13:54        0    144557   11.00    1.00    0.00    0.00   12.00     6  sync_slam_toolb

07:13:53      UID       PID  minflt/s  majflt/s     VSZ     RSS   %MEM  Command
07:13:54        0    144557      0.00      0.00 2690556   68796   0.44  sync_slam_toolb

07:13:54      UID       PID    %usr %system  %guest   %wait    %CPU   CPU  Command
07:13:55        0    144557   14.00    1.00    0.00    0.00   15.00     8  sync_slam_toolb

07:13:54      UID       PID  minflt/s  majflt/s     VSZ     RSS   %MEM  Command
07:13:55        0    144557      0.00      0.00 2690556   68796   0.44  sync_slam_toolb

07:13:55      UID       PID    %usr %system  %guest   %wait    %CPU   CPU  Command
07:13:56        0    144557   10.00    0.00    0.00    0.00   10.00     8  sync_slam_toolb

07:13:55      UID       PID  minflt/s  majflt/s     VSZ     RSS   %MEM  Command
07:13:56        0    144557     21.00      0.00 2690556   68796   0.44  sync_slam_toolb

07:13:56      UID       PID    %usr %system  %guest   %wait    %CPU   CPU  Command
07:13:57        0    144557   11.00    0.00    0.00    0.00   11.00     6  sync_slam_toolb

07:13:56      UID       PID  minflt/s  majflt/s     VSZ     RSS   %MEM  Command
07:13:57        0    144557      4.00      0.00 2690556   68796   0.44  sync_slam_toolb

07:13:57      UID       PID    %usr %system  %guest   %wait    %CPU   CPU  Command
07:13:58        0    144557   13.00    2.00    0.00    0.00   15.00     2  sync_slam_toolb

07:13:57      UID       PID  minflt/s  majflt/s     VSZ     RSS   %MEM  Command
07:13:58        0    144557      0.00      0.00 2690556   68796   0.44  sync_slam_toolb

07:13:58      UID       PID    %usr %system  %guest   %wait    %CPU   CPU  Command
07:13:59        0    144557   11.00    1.00    0.00    0.00   12.00     2  sync_slam_toolb

07:13:58      UID       PID  minflt/s  majflt/s     VSZ     RSS   %MEM  Command
07:13:59        0    144557      0.00      0.00 2690556   68796   0.44  sync_slam_toolb

07:13:59      UID       PID    %usr %system  %guest   %wait    %CPU   CPU  Command
07:14:00        0    144557   11.00    0.00    0.00    0.00   11.00     8  sync_slam_toolb

07:13:59      UID       PID  minflt/s  majflt/s     VSZ     RSS   %MEM  Command
07:14:00        0    144557      0.00      0.00 2690556   68796   0.44  sync_slam_toolb

07:14:00      UID       PID    %usr %system  %guest   %wait    %CPU   CPU  Command
07:14:01        0    144557   13.00    1.00    0.00    0.00   14.00     8  sync_slam_toolb

07:14:00      UID       PID  minflt/s  majflt/s     VSZ     RSS   %MEM  Command
07:14:01        0    144557      0.00      0.00 2690556   68796   0.44  sync_slam_toolb

07:14:01      UID       PID    %usr %system  %guest   %wait    %CPU   CPU  Command
07:14:02        0    144557   11.00    0.00    0.00    0.00   11.00     4  sync_slam_toolb

07:14:01      UID       PID  minflt/s  majflt/s     VSZ     RSS   %MEM  Command
07:14:02        0    144557      0.00      0.00 2690556   68796   0.44  sync_slam_toolb

07:14:02      UID       PID    %usr %system  %guest   %wait    %CPU   CPU  Command
07:14:03        0    144557   14.00    1.00    0.00    0.00   15.00    14  sync_slam_toolb

07:14:02      UID       PID  minflt/s  majflt/s     VSZ     RSS   %MEM  Command
07:14:03        0    144557      0.00      0.00 2690556   68796   0.44  sync_slam_toolb

07:14:03      UID       PID    %usr %system  %guest   %wait    %CPU   CPU  Command
07:14:04        0    144557   11.00    1.00    0.00    0.00   12.00     0  sync_slam_toolb

07:14:03      UID       PID  minflt/s  majflt/s     VSZ     RSS   %MEM  Command
07:14:04        0    144557      0.00      0.00 2690556   68796   0.44  sync_slam_toolb

07:14:04      UID       PID    %usr %system  %guest   %wait    %CPU   CPU  Command
07:14:05        0    144557   13.00    1.00    0.00    0.00   14.00     0  sync_slam_toolb

07:14:04      UID       PID  minflt/s  majflt/s     VSZ     RSS   %MEM  Command
07:14:05        0    144557      0.00      0.00 2690556   68796   0.44  sync_slam_toolb

07:14:05      UID       PID    %usr %system  %guest   %wait    %CPU   CPU  Command
07:14:06        0    144557   11.00    1.00    0.00    0.00   12.00     2  sync_slam_toolb

07:14:05      UID       PID  minflt/s  majflt/s     VSZ     RSS   %MEM  Command
07:14:06        0    144557      0.00      0.00 2690556   68796   0.44  sync_slam_toolb

07:14:06      UID       PID    %usr %system  %guest   %wait    %CPU   CPU  Command
07:14:07        0    144557   11.00    1.00    0.00    0.00   12.00    14  sync_slam_toolb

07:14:06      UID       PID  minflt/s  majflt/s     VSZ     RSS   %MEM  Command
07:14:07        0    144557      0.00      0.00 2690556   68796   0.44  sync_slam_toolb

07:14:07      UID       PID    %usr %system  %guest   %wait    %CPU   CPU  Command
07:14:08        0    144557   10.00    1.00    0.00    0.00   11.00    14  sync_slam_toolb

07:14:07      UID       PID  minflt/s  majflt/s     VSZ     RSS   %MEM  Command
07:14:08        0    144557      0.00      0.00 2690556   68796   0.44  sync_slam_toolb

07:14:08      UID       PID    %usr %system  %guest   %wait    %CPU   CPU  Command
07:14:09        0    144557   10.00    2.00    0.00    0.00   12.00     2  sync_slam_toolb

07:14:08      UID       PID  minflt/s  majflt/s     VSZ     RSS   %MEM  Command
07:14:09        0    144557      0.00      0.00 2690556   68796   0.44  sync_slam_toolb

07:14:09      UID       PID    %usr %system  %guest   %wait    %CPU   CPU  Command
07:14:10        0    144557    9.00    2.00    0.00    0.00   11.00     2  sync_slam_toolb

07:14:09      UID       PID  minflt/s  majflt/s     VSZ     RSS   %MEM  Command
07:14:10        0    144557      0.00      0.00 2690556   68796   0.44  sync_slam_toolb

07:14:10      UID       PID    %usr %system  %guest   %wait    %CPU   CPU  Command
07:14:11        0    144557   11.00    0.00    0.00    0.00   11.00    12  sync_slam_toolb

07:14:10      UID       PID  minflt/s  majflt/s     VSZ     RSS   %MEM  Command
07:14:11        0    144557      0.00      0.00 2690556   68796   0.44  sync_slam_toolb

07:14:11      UID       PID    %usr %system  %guest   %wait    %CPU   CPU  Command
07:14:12        0    144557   11.00    1.00    0.00    0.00   12.00     2  sync_slam_toolb

07:14:11      UID       PID  minflt/s  majflt/s     VSZ     RSS   %MEM  Command
07:14:12        0    144557      0.00      0.00 2690556   68796   0.44  sync_slam_toolb

07:14:12      UID       PID    %usr %system  %guest   %wait    %CPU   CPU  Command
07:14:13        0    144557    9.00    1.00    0.00    0.00   10.00     0  sync_slam_toolb

07:14:12      UID       PID  minflt/s  majflt/s     VSZ     RSS   %MEM  Command
07:14:13        0    144557      0.00      0.00 2690556   68796   0.44  sync_slam_toolb

07:14:13      UID       PID    %usr %system  %guest   %wait    %CPU   CPU  Command
07:14:14        0    144557   11.00    1.00    0.00    0.00   12.00     0  sync_slam_toolb

07:14:13      UID       PID  minflt/s  majflt/s     VSZ     RSS   %MEM  Command
07:14:14        0    144557      0.00      0.00 2690556   68796   0.44  sync_slam_toolb

07:14:14      UID       PID    %usr %system  %guest   %wait    %CPU   CPU  Command
07:14:15        0    144557   14.00    1.00    0.00    0.00   15.00     6  sync_slam_toolb

07:14:14      UID       PID  minflt/s  majflt/s     VSZ     RSS   %MEM  Command
07:14:15        0    144557      0.00      0.00 2690556   68796   0.44  sync_slam_toolb

07:14:15      UID       PID    %usr %system  %guest   %wait    %CPU   CPU  Command
07:14:16        0    144557   10.00    1.00    0.00    0.00   11.00     0  sync_slam_toolb

07:14:15      UID       PID  minflt/s  majflt/s     VSZ     RSS   %MEM  Command
07:14:16        0    144557      0.00      0.00 2690556   68796   0.44  sync_slam_toolb

07:14:16      UID       PID    %usr %system  %guest   %wait    %CPU   CPU  Command
07:14:17        0    144557   10.00    2.00    0.00    0.00   12.00     6  sync_slam_toolb

07:14:16      UID       PID  minflt/s  majflt/s     VSZ     RSS   %MEM  Command
07:14:17        0    144557      0.00      0.00 2690556   68796   0.44  sync_slam_toolb

07:14:17      UID       PID    %usr %system  %guest   %wait    %CPU   CPU  Command
07:14:18        0    144557   14.00    0.00    0.00    0.00   14.00     2  sync_slam_toolb

07:14:17      UID       PID  minflt/s  majflt/s     VSZ     RSS   %MEM  Command
07:14:18        0    144557      0.00      0.00 2690556   68796   0.44  sync_slam_toolb

07:14:18      UID       PID    %usr %system  %guest   %wait    %CPU   CPU  Command
07:14:19        0    144557   11.00    1.00    0.00    0.00   12.00     0  sync_slam_toolb

07:14:18      UID       PID  minflt/s  majflt/s     VSZ     RSS   %MEM  Command
07:14:19        0    144557      0.00      0.00 2690556   68796   0.44  sync_slam_toolb

07:14:19      UID       PID    %usr %system  %guest   %wait    %CPU   CPU  Command
07:14:20        0    144557   14.00    1.00    0.00    0.00   15.00    12  sync_slam_toolb

07:14:19      UID       PID  minflt/s  majflt/s     VSZ     RSS   %MEM  Command
07:14:20        0    144557      0.00      0.00 2690556   68796   0.44  sync_slam_toolb

07:14:20      UID       PID    %usr %system  %guest   %wait    %CPU   CPU  Command
07:14:21        0    144557   11.00    1.00    0.00    0.00   12.00     6  sync_slam_toolb

07:14:20      UID       PID  minflt/s  majflt/s     VSZ     RSS   %MEM  Command
07:14:21        0    144557      0.00      0.00 2690556   68796   0.44  sync_slam_toolb

07:14:21      UID       PID    %usr %system  %guest   %wait    %CPU   CPU  Command
07:14:22        0    144557   11.00    0.00    0.00    0.00   11.00     1  sync_slam_toolb

07:14:21      UID       PID  minflt/s  majflt/s     VSZ     RSS   %MEM  Command
07:14:22        0    144557      0.00      0.00 2690556   68796   0.44  sync_slam_toolb

07:14:22      UID       PID    %usr %system  %guest   %wait    %CPU   CPU  Command
07:14:23        0    144557   11.00    1.00    0.00    0.00   12.00     6  sync_slam_toolb

07:14:22      UID       PID  minflt/s  majflt/s     VSZ     RSS   %MEM  Command
07:14:23        0    144557      0.00      0.00 2690556   68796   0.44  sync_slam_toolb

07:14:23      UID       PID    %usr %system  %guest   %wait    %CPU   CPU  Command
07:14:24        0    144557   14.00    1.00    0.00    0.00   15.00    14  sync_slam_toolb

07:14:23      UID       PID  minflt/s  majflt/s     VSZ     RSS   %MEM  Command
07:14:24        0    144557      0.00      0.00 2690556   68796   0.44  sync_slam_toolb

07:14:24      UID       PID    %usr %system  %guest   %wait    %CPU   CPU  Command
07:14:25        0    144557   10.00    1.00    0.00    0.00   11.00     0  sync_slam_toolb

07:14:24      UID       PID  minflt/s  majflt/s     VSZ     RSS   %MEM  Command
07:14:25        0    144557      0.00      0.00 2690556   68796   0.44  sync_slam_toolb

07:14:25      UID       PID    %usr %system  %guest   %wait    %CPU   CPU  Command
07:14:26        0    144557   11.00    0.00    0.00    0.00   11.00     0  sync_slam_toolb

07:14:25      UID       PID  minflt/s  majflt/s     VSZ     RSS   %MEM  Command
07:14:26        0    144557      0.00      0.00 2690556   68796   0.44  sync_slam_toolb

07:14:26      UID       PID    %usr %system  %guest   %wait    %CPU   CPU  Command
07:14:27        0    144557   11.00    1.00    0.00    0.00   12.00     0  sync_slam_toolb

07:14:26      UID       PID  minflt/s  majflt/s     VSZ     RSS   %MEM  Command
07:14:27        0    144557      0.00      0.00 2690556   68796   0.44  sync_slam_toolb

07:14:27      UID       PID    %usr %system  %guest   %wait    %CPU   CPU  Command
07:14:28        0    144557   11.00    1.00    0.00    0.00   12.00     2  sync_slam_toolb

07:14:27      UID       PID  minflt/s  majflt/s     VSZ     RSS   %MEM  Command
07:14:28        0    144557      0.00      0.00 2690556   68796   0.44  sync_slam_toolb

07:14:28      UID       PID    %usr %system  %guest   %wait    %CPU   CPU  Command
07:14:29        0    144557   12.00    1.00    0.00    0.00   13.00     6  sync_slam_toolb

07:14:28      UID       PID  minflt/s  majflt/s     VSZ     RSS   %MEM  Command
07:14:29        0    144557      0.00      0.00 2690556   68796   0.44  sync_slam_toolb

07:14:29      UID       PID    %usr %system  %guest   %wait    %CPU   CPU  Command
07:14:30        0    144557   11.00    1.00    0.00    0.00   12.00     6  sync_slam_toolb

07:14:29      UID       PID  minflt/s  majflt/s     VSZ     RSS   %MEM  Command
07:14:30        0    144557      0.00      0.00 2690556   68796   0.44  sync_slam_toolb

07:14:30      UID       PID    %usr %system  %guest   %wait    %CPU   CPU  Command
07:14:31        0    144557   14.00    0.00    0.00    0.00   14.00     8  sync_slam_toolb

07:14:30      UID       PID  minflt/s  majflt/s     VSZ     RSS   %MEM  Command
07:14:31        0    144557      0.00      0.00 2690556   68796   0.44  sync_slam_toolb

07:14:31      UID       PID    %usr %system  %guest   %wait    %CPU   CPU  Command
07:14:32        0    144557   10.00    2.00    0.00    0.00   12.00     8  sync_slam_toolb

07:14:31      UID       PID  minflt/s  majflt/s     VSZ     RSS   %MEM  Command
07:14:32        0    144557      0.00      0.00 2690556   68796   0.44  sync_slam_toolb

07:14:32      UID       PID    %usr %system  %guest   %wait    %CPU   CPU  Command
07:14:33        0    144557   11.00    0.00    0.00    0.00   11.00     8  sync_slam_toolb

07:14:32      UID       PID  minflt/s  majflt/s     VSZ     RSS   %MEM  Command
07:14:33        0    144557      0.00      0.00 2690556   68796   0.44  sync_slam_toolb

07:14:33      UID       PID    %usr %system  %guest   %wait    %CPU   CPU  Command
07:14:34        0    144557   14.00    2.00    0.00    0.00   16.00    10  sync_slam_toolb

07:14:33      UID       PID  minflt/s  majflt/s     VSZ     RSS   %MEM  Command
07:14:34        0    144557      0.00      0.00 2690556   68796   0.44  sync_slam_toolb

07:14:34      UID       PID    %usr %system  %guest   %wait    %CPU   CPU  Command
07:14:35        0    144557    9.00    2.00    0.00    0.00   11.00     2  sync_slam_toolb

07:14:34      UID       PID  minflt/s  majflt/s     VSZ     RSS   %MEM  Command
07:14:35        0    144557      0.00      0.00 2690556   68796   0.44  sync_slam_toolb

07:14:35      UID       PID    %usr %system  %guest   %wait    %CPU   CPU  Command
07:14:36        0    144557   11.00    0.00    0.00    0.00   11.00     2  sync_slam_toolb

07:14:35      UID       PID  minflt/s  majflt/s     VSZ     RSS   %MEM  Command
07:14:36        0    144557      0.00      0.00 2690556   68796   0.44  sync_slam_toolb

07:14:36      UID       PID    %usr %system  %guest   %wait    %CPU   CPU  Command
07:14:37        0    144557   11.00    1.00    0.00    0.00   12.00    12  sync_slam_toolb

07:14:36      UID       PID  minflt/s  majflt/s     VSZ     RSS   %MEM  Command
07:14:37        0    144557      0.00      0.00 2690556   68796   0.44  sync_slam_toolb

07:14:37      UID       PID    %usr %system  %guest   %wait    %CPU   CPU  Command
07:14:38        0    144557   14.00    1.00    0.00    0.00   15.00     6  sync_slam_toolb

07:14:37      UID       PID  minflt/s  majflt/s     VSZ     RSS   %MEM  Command
07:14:38        0    144557      0.00      0.00 2690556   68796   0.44  sync_slam_toolb

07:14:38      UID       PID    %usr %system  %guest   %wait    %CPU   CPU  Command
07:14:39        0    144557   11.00    1.00    0.00    0.00   12.00     8  sync_slam_toolb

07:14:38      UID       PID  minflt/s  majflt/s     VSZ     RSS   %MEM  Command
07:14:39        0    144557      0.00      0.00 2690556   68796   0.44  sync_slam_toolb

07:14:39      UID       PID    %usr %system  %guest   %wait    %CPU   CPU  Command
07:14:40        0    144557   11.00    1.00    0.00    0.00   12.00     6  sync_slam_toolb

07:14:39      UID       PID  minflt/s  majflt/s     VSZ     RSS   %MEM  Command
07:14:40        0    144557      0.00      0.00 2690556   68796   0.44  sync_slam_toolb

07:14:40      UID       PID    %usr %system  %guest   %wait    %CPU   CPU  Command
07:14:41        0    144557   11.00    0.00    0.00    0.00   11.00     6  sync_slam_toolb

07:14:40      UID       PID  minflt/s  majflt/s     VSZ     RSS   %MEM  Command
07:14:41        0    144557      0.00      0.00 2690556   68796   0.44  sync_slam_toolb

07:14:41      UID       PID    %usr %system  %guest   %wait    %CPU   CPU  Command
07:14:42        0    144557   11.00    1.00    0.00    0.00   12.00    14  sync_slam_toolb

07:14:41      UID       PID  minflt/s  majflt/s     VSZ     RSS   %MEM  Command
07:14:42        0    144557      0.00      0.00 2690556   68796   0.44  sync_slam_toolb

07:14:42      UID       PID    %usr %system  %guest   %wait    %CPU   CPU  Command
07:14:43        0    144557   11.00    0.00    0.00    0.00   11.00     6  sync_slam_toolb

07:14:42      UID       PID  minflt/s  majflt/s     VSZ     RSS   %MEM  Command
07:14:43        0    144557      0.00      0.00 2690556   68796   0.44  sync_slam_toolb

07:14:43      UID       PID    %usr %system  %guest   %wait    %CPU   CPU  Command
07:14:44        0    144557   11.00    1.00    0.00    0.00   12.00     6  sync_slam_toolb

07:14:43      UID       PID  minflt/s  majflt/s     VSZ     RSS   %MEM  Command
07:14:44        0    144557      0.00      0.00 2690556   68796   0.44  sync_slam_toolb

07:14:44      UID       PID    %usr %system  %guest   %wait    %CPU   CPU  Command
07:14:45        0    144557   11.00    0.00    0.00    0.00   11.00     6  sync_slam_toolb

07:14:44      UID       PID  minflt/s  majflt/s     VSZ     RSS   %MEM  Command
07:14:45        0    144557      0.00      0.00 2690556   68796   0.44  sync_slam_toolb

07:14:45      UID       PID    %usr %system  %guest   %wait    %CPU   CPU  Command
07:14:46        0    144557   12.00    0.00    0.00    0.00   12.00     2  sync_slam_toolb

07:14:45      UID       PID  minflt/s  majflt/s     VSZ     RSS   %MEM  Command
07:14:46        0    144557      0.00      0.00 2690556   68796   0.44  sync_slam_toolb

07:14:46      UID       PID    %usr %system  %guest   %wait    %CPU   CPU  Command
07:14:47        0    144557   11.00    1.00    0.00    0.00   12.00     2  sync_slam_toolb

07:14:46      UID       PID  minflt/s  majflt/s     VSZ     RSS   %MEM  Command
07:14:47        0    144557      0.00      0.00 2690556   68796   0.44  sync_slam_toolb

07:14:47      UID       PID    %usr %system  %guest   %wait    %CPU   CPU  Command
07:14:48        0    144557   14.00    1.00    0.00    0.00   15.00     2  sync_slam_toolb

07:14:47      UID       PID  minflt/s  majflt/s     VSZ     RSS   %MEM  Command
07:14:48        0    144557      0.00      0.00 2690556   68796   0.44  sync_slam_toolb

07:14:48      UID       PID    %usr %system  %guest   %wait    %CPU   CPU  Command
07:14:49        0    144557   12.00    1.00    0.00    0.00   13.00     2  sync_slam_toolb

07:14:48      UID       PID  minflt/s  majflt/s     VSZ     RSS   %MEM  Command
07:14:49        0    144557      0.00      0.00 2690556   68796   0.44  sync_slam_toolb

07:14:49      UID       PID    %usr %system  %guest   %wait    %CPU   CPU  Command
07:14:50        0    144557   11.00    0.00    0.00    0.00   11.00     2  sync_slam_toolb

07:14:49      UID       PID  minflt/s  majflt/s     VSZ     RSS   %MEM  Command
07:14:50        0    144557      0.00      0.00 2690556   68796   0.44  sync_slam_toolb

07:14:50      UID       PID    %usr %system  %guest   %wait    %CPU   CPU  Command
07:14:51        0    144557   13.00    1.00    0.00    0.00   14.00     2  sync_slam_toolb

07:14:50      UID       PID  minflt/s  majflt/s     VSZ     RSS   %MEM  Command
07:14:51        0    144557      0.00      0.00 2690556   68796   0.44  sync_slam_toolb

07:14:51      UID       PID    %usr %system  %guest   %wait    %CPU   CPU  Command
07:14:52        0    144557   11.00    1.00    0.00    0.00   12.00     2  sync_slam_toolb

07:14:51      UID       PID  minflt/s  majflt/s     VSZ     RSS   %MEM  Command
07:14:52        0    144557      0.00      0.00 2690556   68796   0.44  sync_slam_toolb

07:14:52      UID       PID    %usr %system  %guest   %wait    %CPU   CPU  Command
07:14:53        0    144557   15.00    0.00    0.00    0.00   15.00     8  sync_slam_toolb

07:14:52      UID       PID  minflt/s  majflt/s     VSZ     RSS   %MEM  Command
07:14:53        0    144557      0.00      0.00 2690556   68796   0.44  sync_slam_toolb

07:14:53      UID       PID    %usr %system  %guest   %wait    %CPU   CPU  Command
07:14:54        0    144557   10.00    1.00    0.00    0.00   11.00     0  sync_slam_toolb

07:14:53      UID       PID  minflt/s  majflt/s     VSZ     RSS   %MEM  Command
07:14:54        0    144557      0.00      0.00 2690556   68796   0.44  sync_slam_toolb

07:14:54      UID       PID    %usr %system  %guest   %wait    %CPU   CPU  Command
07:14:55        0    144557   11.00    2.00    0.00    0.00   13.00     0  sync_slam_toolb

07:14:54      UID       PID  minflt/s  majflt/s     VSZ     RSS   %MEM  Command
07:14:55        0    144557      0.00      0.00 2690556   68796   0.44  sync_slam_toolb

07:14:55      UID       PID    %usr %system  %guest   %wait    %CPU   CPU  Command
07:14:56        0    144557   13.00    1.00    0.00    0.00   14.00     0  sync_slam_toolb

07:14:55      UID       PID  minflt/s  majflt/s     VSZ     RSS   %MEM  Command
07:14:56        0    144557      0.00      0.00 2690556   68796   0.44  sync_slam_toolb

07:14:56      UID       PID    %usr %system  %guest   %wait    %CPU   CPU  Command
07:14:57        0    144557   11.00    1.00    0.00    0.00   12.00     6  sync_slam_toolb

07:14:56      UID       PID  minflt/s  majflt/s     VSZ     RSS   %MEM  Command
07:14:57        0    144557      0.00      0.00 2690556   68796   0.44  sync_slam_toolb

07:14:57      UID       PID    %usr %system  %guest   %wait    %CPU   CPU  Command
07:14:58        0    144557   15.00    0.00    0.00    0.00   15.00     6  sync_slam_toolb

07:14:57      UID       PID  minflt/s  majflt/s     VSZ     RSS   %MEM  Command
07:14:58        0    144557      0.00      0.00 2690556   68796   0.44  sync_slam_toolb

07:14:58      UID       PID    %usr %system  %guest   %wait    %CPU   CPU  Command
07:14:59        0    144557   11.00    1.00    0.00    0.00   12.00    10  sync_slam_toolb

07:14:58      UID       PID  minflt/s  majflt/s     VSZ     RSS   %MEM  Command
07:14:59        0    144557      0.00      0.00 2690556   68796   0.44  sync_slam_toolb

07:14:59      UID       PID    %usr %system  %guest   %wait    %CPU   CPU  Command
07:15:00        0    144557   11.00    0.00    0.00    0.00   11.00     6  sync_slam_toolb

07:14:59      UID       PID  minflt/s  majflt/s     VSZ     RSS   %MEM  Command
07:15:00        0    144557      0.00      0.00 2690556   68796   0.44  sync_slam_toolb

07:15:00      UID       PID    %usr %system  %guest   %wait    %CPU   CPU  Command
07:15:01        0    144557   11.00    1.00    0.00    0.00   12.00    10  sync_slam_toolb

07:15:00      UID       PID  minflt/s  majflt/s     VSZ     RSS   %MEM  Command
07:15:01        0    144557      0.00      0.00 2690556   68796   0.44  sync_slam_toolb

07:15:01      UID       PID    %usr %system  %guest   %wait    %CPU   CPU  Command
07:15:02        0    144557   13.00    1.00    0.00    0.00   14.00    10  sync_slam_toolb

07:15:01      UID       PID  minflt/s  majflt/s     VSZ     RSS   %MEM  Command
07:15:02        0    144557      0.00      0.00 2690556   68796   0.44  sync_slam_toolb

07:15:02      UID       PID    %usr %system  %guest   %wait    %CPU   CPU  Command
07:15:03        0    144557   12.00    1.00    0.00    0.00   13.00     8  sync_slam_toolb

07:15:02      UID       PID  minflt/s  majflt/s     VSZ     RSS   %MEM  Command
07:15:03        0    144557      0.00      0.00 2690556   68796   0.44  sync_slam_toolb

07:15:03      UID       PID    %usr %system  %guest   %wait    %CPU   CPU  Command
07:15:04        0    144557   14.00    0.00    0.00    0.00   14.00     6  sync_slam_toolb

07:15:03      UID       PID  minflt/s  majflt/s     VSZ     RSS   %MEM  Command
07:15:04        0    144557      0.00      0.00 2690556   68796   0.44  sync_slam_toolb

07:15:04      UID       PID    %usr %system  %guest   %wait    %CPU   CPU  Command
07:15:05        0    144557   11.00    0.00    0.00    0.00   11.00     2  sync_slam_toolb

07:15:04      UID       PID  minflt/s  majflt/s     VSZ     RSS   %MEM  Command
07:15:05        0    144557      0.00      0.00 2690556   68796   0.44  sync_slam_toolb

07:15:05      UID       PID    %usr %system  %guest   %wait    %CPU   CPU  Command
07:15:06        0    144557   14.00    2.00    0.00    0.00   16.00     2  sync_slam_toolb

07:15:05      UID       PID  minflt/s  majflt/s     VSZ     RSS   %MEM  Command
07:15:06        0    144557      0.00      0.00 2690556   68796   0.44  sync_slam_toolb

07:15:06      UID       PID    %usr %system  %guest   %wait    %CPU   CPU  Command
07:15:07        0    144557   10.00    1.00    0.00    0.00   11.00     4  sync_slam_toolb

07:15:06      UID       PID  minflt/s  majflt/s     VSZ     RSS   %MEM  Command
07:15:07        0    144557      0.00      0.00 2690556   68796   0.44  sync_slam_toolb

07:15:07      UID       PID    %usr %system  %guest   %wait    %CPU   CPU  Command
07:15:08        0    144557   15.00    1.00    0.00    0.00   16.00     0  sync_slam_toolb

07:15:07      UID       PID  minflt/s  majflt/s     VSZ     RSS   %MEM  Command
07:15:08        0    144557      0.00      0.00 2690556   68796   0.44  sync_slam_toolb

07:15:08      UID       PID    %usr %system  %guest   %wait    %CPU   CPU  Command
07:15:09        0    144557   11.00    1.00    0.00    0.00   12.00    12  sync_slam_toolb

07:15:08      UID       PID  minflt/s  majflt/s     VSZ     RSS   %MEM  Command
07:15:09        0    144557    261.00      0.00 2690764   69692   0.45  sync_slam_toolb

07:15:09      UID       PID    %usr %system  %guest   %wait    %CPU   CPU  Command
07:15:10        0    144557   14.00    1.00    0.00    0.00   15.00    13  sync_slam_toolb

07:15:09      UID       PID  minflt/s  majflt/s     VSZ     RSS   %MEM  Command
07:15:10        0    144557      0.00      0.00 2690764   69692   0.45  sync_slam_toolb

07:15:10      UID       PID    %usr %system  %guest   %wait    %CPU   CPU  Command
07:15:11        0    144557   10.00    1.00    0.00    0.00   11.00     1  sync_slam_toolb

07:15:10      UID       PID  minflt/s  majflt/s     VSZ     RSS   %MEM  Command
07:15:11        0    144557      0.00      0.00 2690764   69692   0.45  sync_slam_toolb

07:15:11      UID       PID    %usr %system  %guest   %wait    %CPU   CPU  Command
07:15:12        0    144557   10.00    1.00    0.00    0.00   11.00     1  sync_slam_toolb

07:15:11      UID       PID  minflt/s  majflt/s     VSZ     RSS   %MEM  Command
07:15:12        0    144557      0.00      0.00 2690764   69692   0.45  sync_slam_toolb

07:15:12      UID       PID    %usr %system  %guest   %wait    %CPU   CPU  Command
07:15:13        0    144557   15.00    1.00    0.00    0.00   16.00    12  sync_slam_toolb

07:15:12      UID       PID  minflt/s  majflt/s     VSZ     RSS   %MEM  Command
07:15:13        0    144557      0.00      0.00 2690764   69692   0.45  sync_slam_toolb

07:15:13      UID       PID    %usr %system  %guest   %wait    %CPU   CPU  Command
07:15:14        0    144557   10.00    2.00    0.00    0.00   12.00    14  sync_slam_toolb

07:15:13      UID       PID  minflt/s  majflt/s     VSZ     RSS   %MEM  Command
07:15:14        0    144557      0.00      0.00 2690764   69692   0.45  sync_slam_toolb

07:15:14      UID       PID    %usr %system  %guest   %wait    %CPU   CPU  Command
07:15:15        0    144557   11.00    1.00    0.00    0.00   12.00     1  sync_slam_toolb

07:15:14      UID       PID  minflt/s  majflt/s     VSZ     RSS   %MEM  Command
07:15:15        0    144557      0.00      0.00 2690764   69692   0.45  sync_slam_toolb

07:15:15      UID       PID    %usr %system  %guest   %wait    %CPU   CPU  Command
07:15:16        0    144557   14.00    1.00    0.00    0.00   15.00     1  sync_slam_toolb

07:15:15      UID       PID  minflt/s  majflt/s     VSZ     RSS   %MEM  Command
07:15:16        0    144557      0.00      0.00 2690764   69692   0.45  sync_slam_toolb

07:15:16      UID       PID    %usr %system  %guest   %wait    %CPU   CPU  Command
07:15:17        0    144557   10.00    1.00    0.00    0.00   11.00     6  sync_slam_toolb

07:15:16      UID       PID  minflt/s  majflt/s     VSZ     RSS   %MEM  Command
07:15:17        0    144557      0.00      0.00 2690764   69692   0.45  sync_slam_toolb

07:15:17      UID       PID    %usr %system  %guest   %wait    %CPU   CPU  Command
07:15:18        0    144557   14.00    1.00    0.00    0.00   15.00    14  sync_slam_toolb

07:15:17      UID       PID  minflt/s  majflt/s     VSZ     RSS   %MEM  Command
07:15:18        0    144557      0.00      0.00 2690764   69692   0.45  sync_slam_toolb

07:15:18      UID       PID    %usr %system  %guest   %wait    %CPU   CPU  Command
07:15:19        0    144557   12.00    1.00    0.00    0.00   13.00     6  sync_slam_toolb

07:15:18      UID       PID  minflt/s  majflt/s     VSZ     RSS   %MEM  Command
07:15:19        0    144557      0.00      0.00 2690764   69692   0.45  sync_slam_toolb

07:15:19      UID       PID    %usr %system  %guest   %wait    %CPU   CPU  Command
07:15:20        0    144557   11.00    0.00    0.00    0.00   11.00    14  sync_slam_toolb

07:15:19      UID       PID  minflt/s  majflt/s     VSZ     RSS   %MEM  Command
07:15:20        0    144557      0.00      0.00 2690764   69692   0.45  sync_slam_toolb

07:15:20      UID       PID    %usr %system  %guest   %wait    %CPU   CPU  Command
07:15:21        0    144557   14.00    1.00    0.00    0.00   15.00    15  sync_slam_toolb

07:15:20      UID       PID  minflt/s  majflt/s     VSZ     RSS   %MEM  Command
07:15:21        0    144557      0.00      0.00 2690764   69692   0.45  sync_slam_toolb

07:15:21      UID       PID    %usr %system  %guest   %wait    %CPU   CPU  Command
07:15:22        0    144557   11.00    0.00    0.00    0.00   11.00    15  sync_slam_toolb

07:15:21      UID       PID  minflt/s  majflt/s     VSZ     RSS   %MEM  Command
07:15:22        0    144557      0.00      0.00 2690764   69692   0.45  sync_slam_toolb

07:15:22      UID       PID    %usr %system  %guest   %wait    %CPU   CPU  Command
07:15:23        0    144557   14.00    1.00    0.00    0.00   15.00    14  sync_slam_toolb

07:15:22      UID       PID  minflt/s  majflt/s     VSZ     RSS   %MEM  Command
07:15:23        0    144557      0.00      0.00 2690764   69692   0.45  sync_slam_toolb

07:15:23      UID       PID    %usr %system  %guest   %wait    %CPU   CPU  Command
07:15:24        0    144557   11.00    0.00    0.00    0.00   11.00     2  sync_slam_toolb

07:15:23      UID       PID  minflt/s  majflt/s     VSZ     RSS   %MEM  Command
07:15:24        0    144557      0.00      0.00 2690764   69692   0.45  sync_slam_toolb

07:15:24      UID       PID    %usr %system  %guest   %wait    %CPU   CPU  Command
07:15:25        0    144557   11.00    2.00    0.00    0.00   13.00     0  sync_slam_toolb

07:15:24      UID       PID  minflt/s  majflt/s     VSZ     RSS   %MEM  Command
07:15:25        0    144557      0.00      0.00 2690764   69692   0.45  sync_slam_toolb

07:15:25      UID       PID    %usr %system  %guest   %wait    %CPU   CPU  Command
07:15:26        0    144557   14.00    1.00    0.00    0.00   15.00     0  sync_slam_toolb

07:15:25      UID       PID  minflt/s  majflt/s     VSZ     RSS   %MEM  Command
07:15:26        0    144557      0.00      0.00 2690764   69692   0.45  sync_slam_toolb

07:15:26      UID       PID    %usr %system  %guest   %wait    %CPU   CPU  Command
07:15:27        0    144557   12.00    0.00    0.00    1.00   12.00     6  sync_slam_toolb

07:15:26      UID       PID  minflt/s  majflt/s     VSZ     RSS   %MEM  Command
07:15:27        0    144557      0.00      0.00 2690764   69692   0.45  sync_slam_toolb

07:15:27      UID       PID    %usr %system  %guest   %wait    %CPU   CPU  Command
07:15:28        0    144557   15.00    1.00    0.00    0.00   16.00     0  sync_slam_toolb

07:15:27      UID       PID  minflt/s  majflt/s     VSZ     RSS   %MEM  Command
07:15:28        0    144557      0.00      0.00 2690764   69692   0.45  sync_slam_toolb

07:15:28      UID       PID    %usr %system  %guest   %wait    %CPU   CPU  Command
07:15:29        0    144557   11.00    1.00    0.00    0.00   12.00     6  sync_slam_toolb

07:15:28      UID       PID  minflt/s  majflt/s     VSZ     RSS   %MEM  Command
07:15:29        0    144557      0.00      0.00 2690764   69692   0.45  sync_slam_toolb

07:15:29      UID       PID    %usr %system  %guest   %wait    %CPU   CPU  Command
07:15:30        0    144557   12.00    0.00    0.00    0.00   12.00     8  sync_slam_toolb

07:15:29      UID       PID  minflt/s  majflt/s     VSZ     RSS   %MEM  Command
07:15:30        0    144557      0.00      0.00 2690764   69692   0.45  sync_slam_toolb

07:15:30      UID       PID    %usr %system  %guest   %wait    %CPU   CPU  Command
07:15:31        0    144557   14.00    1.00    0.00    0.00   15.00     6  sync_slam_toolb

07:15:30      UID       PID  minflt/s  majflt/s     VSZ     RSS   %MEM  Command
07:15:31        0    144557      0.00      0.00 2690764   69692   0.45  sync_slam_toolb

07:15:31      UID       PID    %usr %system  %guest   %wait    %CPU   CPU  Command
07:15:32        0    144557   11.88    0.00    0.00    0.00   11.88    12  sync_slam_toolb

07:15:31      UID       PID  minflt/s  majflt/s     VSZ     RSS   %MEM  Command
07:15:32        0    144557      0.00      0.00 2690764   69692   0.45  sync_slam_toolb

07:15:32      UID       PID    %usr %system  %guest   %wait    %CPU   CPU  Command
07:15:33        0    144557   11.00    1.00    0.00    0.00   12.00     8  sync_slam_toolb

07:15:32      UID       PID  minflt/s  majflt/s     VSZ     RSS   %MEM  Command
07:15:33        0    144557      0.00      0.00 2690764   69692   0.45  sync_slam_toolb

07:15:33      UID       PID    %usr %system  %guest   %wait    %CPU   CPU  Command
07:15:34        0    144557   12.00    1.00    0.00    0.00   13.00     2  sync_slam_toolb

07:15:33      UID       PID  minflt/s  majflt/s     VSZ     RSS   %MEM  Command
07:15:34        0    144557      0.00      0.00 2690764   69692   0.45  sync_slam_toolb

07:15:34      UID       PID    %usr %system  %guest   %wait    %CPU   CPU  Command
07:15:35        0    144557   11.00    0.00    0.00    0.00   11.00     0  sync_slam_toolb

07:15:34      UID       PID  minflt/s  majflt/s     VSZ     RSS   %MEM  Command
07:15:35        0    144557      0.00      0.00 2690764   69692   0.45  sync_slam_toolb

07:15:35      UID       PID    %usr %system  %guest   %wait    %CPU   CPU  Command
07:15:36        0    144557   11.00    1.00    0.00    0.00   12.00     9  sync_slam_toolb

07:15:35      UID       PID  minflt/s  majflt/s     VSZ     RSS   %MEM  Command
07:15:36        0    144557      0.00      0.00 2690764   69692   0.45  sync_slam_toolb

07:15:36      UID       PID    %usr %system  %guest   %wait    %CPU   CPU  Command
07:15:37        0    144557   14.00    1.00    0.00    0.00   15.00     9  sync_slam_toolb

07:15:36      UID       PID  minflt/s  majflt/s     VSZ     RSS   %MEM  Command
07:15:37        0    144557      0.00      0.00 2690764   69692   0.45  sync_slam_toolb

07:15:37      UID       PID    %usr %system  %guest   %wait    %CPU   CPU  Command
07:15:38        0    144557   11.00    1.00    0.00    0.00   12.00     9  sync_slam_toolb

07:15:37      UID       PID  minflt/s  majflt/s     VSZ     RSS   %MEM  Command
07:15:38        0    144557      0.00      0.00 2690764   69692   0.45  sync_slam_toolb

07:15:38      UID       PID    %usr %system  %guest   %wait    %CPU   CPU  Command
07:15:39        0    144557   11.00    1.00    0.00    0.00   12.00     9  sync_slam_toolb

07:15:38      UID       PID  minflt/s  majflt/s     VSZ     RSS   %MEM  Command
07:15:39        0    144557      0.00      0.00 2690764   69692   0.45  sync_slam_toolb

07:15:39      UID       PID    %usr %system  %guest   %wait    %CPU   CPU  Command
07:15:40        0    144557   12.00    1.00    0.00    0.00   13.00     4  sync_slam_toolb

07:15:39      UID       PID  minflt/s  majflt/s     VSZ     RSS   %MEM  Command
07:15:40        0    144557      0.00      0.00 2690764   69692   0.45  sync_slam_toolb

07:15:40      UID       PID    %usr %system  %guest   %wait    %CPU   CPU  Command
07:15:41        0    144557   11.00    1.00    0.00    0.00   12.00     0  sync_slam_toolb

07:15:40      UID       PID  minflt/s  majflt/s     VSZ     RSS   %MEM  Command
07:15:41        0    144557      0.00      0.00 2690764   69692   0.45  sync_slam_toolb

07:15:41      UID       PID    %usr %system  %guest   %wait    %CPU   CPU  Command
07:15:42        0    144557   14.00    0.00    0.00    0.00   14.00     0  sync_slam_toolb

07:15:41      UID       PID  minflt/s  majflt/s     VSZ     RSS   %MEM  Command
07:15:42        0    144557      0.00      0.00 2690764   69692   0.45  sync_slam_toolb

07:15:42      UID       PID    %usr %system  %guest   %wait    %CPU   CPU  Command
07:15:43        0    144557   12.00    1.00    0.00    0.00   13.00     0  sync_slam_toolb

07:15:42      UID       PID  minflt/s  majflt/s     VSZ     RSS   %MEM  Command
07:15:43        0    144557      0.00      0.00 2690764   69692   0.45  sync_slam_toolb

07:15:43      UID       PID    %usr %system  %guest   %wait    %CPU   CPU  Command
07:15:44        0    144557   15.00    1.00    0.00    0.00   16.00     0  sync_slam_toolb

07:15:43      UID       PID  minflt/s  majflt/s     VSZ     RSS   %MEM  Command
07:15:44        0    144557      0.00      0.00 2690764   69692   0.45  sync_slam_toolb

07:15:44      UID       PID    %usr %system  %guest   %wait    %CPU   CPU  Command
07:15:45        0    144557   11.00    1.00    0.00    0.00   12.00     6  sync_slam_toolb

07:15:44      UID       PID  minflt/s  majflt/s     VSZ     RSS   %MEM  Command
07:15:45        0    144557      0.00      0.00 2690764   69692   0.45  sync_slam_toolb

07:15:45      UID       PID    %usr %system  %guest   %wait    %CPU   CPU  Command
07:15:46        0    144557   15.00    0.00    0.00    0.00   15.00    10  sync_slam_toolb

07:15:45      UID       PID  minflt/s  majflt/s     VSZ     RSS   %MEM  Command
07:15:46        0    144557      0.00      0.00 2690764   69692   0.45  sync_slam_toolb

07:15:46      UID       PID    %usr %system  %guest   %wait    %CPU   CPU  Command
07:15:47        0    144557   12.00    1.00    0.00    0.00   13.00     3  sync_slam_toolb

07:15:46      UID       PID  minflt/s  majflt/s     VSZ     RSS   %MEM  Command
07:15:47        0    144557      0.00      0.00 2690764   69692   0.45  sync_slam_toolb

07:15:47      UID       PID    %usr %system  %guest   %wait    %CPU   CPU  Command
07:15:48        0    144557   10.00    1.00    0.00    0.00   11.00     3  sync_slam_toolb

07:15:47      UID       PID  minflt/s  majflt/s     VSZ     RSS   %MEM  Command
07:15:48        0    144557      0.00      0.00 2690764   69692   0.45  sync_slam_toolb

07:15:48      UID       PID    %usr %system  %guest   %wait    %CPU   CPU  Command
07:15:49        0    144557   16.00    0.00    0.00    0.00   16.00     3  sync_slam_toolb

07:15:48      UID       PID  minflt/s  majflt/s     VSZ     RSS   %MEM  Command
07:15:49        0    144557      0.00      0.00 2690764   69692   0.45  sync_slam_toolb

07:15:49      UID       PID    %usr %system  %guest   %wait    %CPU   CPU  Command
07:15:50        0    144557   10.00    1.00    0.00    0.00   11.00     3  sync_slam_toolb

07:15:49      UID       PID  minflt/s  majflt/s     VSZ     RSS   %MEM  Command
07:15:50        0    144557      0.00      0.00 2690764   69692   0.45  sync_slam_toolb

07:15:50      UID       PID    %usr %system  %guest   %wait    %CPU   CPU  Command
07:15:51        0    144557   12.00    1.00    0.00    0.00   13.00     4  sync_slam_toolb

07:15:50      UID       PID  minflt/s  majflt/s     VSZ     RSS   %MEM  Command
07:15:51        0    144557      0.00      0.00 2690764   69692   0.45  sync_slam_toolb

07:15:51      UID       PID    %usr %system  %guest   %wait    %CPU   CPU  Command
07:15:52        0    144557   15.00    0.00    0.00    0.00   15.00     3  sync_slam_toolb

07:15:51      UID       PID  minflt/s  majflt/s     VSZ     RSS   %MEM  Command
07:15:52        0    144557      0.00      0.00 2690764   69692   0.45  sync_slam_toolb

07:15:52      UID       PID    %usr %system  %guest   %wait    %CPU   CPU  Command
07:15:53        0    144557   12.00    1.00    0.00    0.00   13.00     3  sync_slam_toolb

07:15:52      UID       PID  minflt/s  majflt/s     VSZ     RSS   %MEM  Command
07:15:53        0    144557      0.00      0.00 2690764   69692   0.45  sync_slam_toolb

07:15:53      UID       PID    %usr %system  %guest   %wait    %CPU   CPU  Command
07:15:54        0    144557   14.00    1.00    0.00    0.00   15.00     3  sync_slam_toolb

07:15:53      UID       PID  minflt/s  majflt/s     VSZ     RSS   %MEM  Command
07:15:54        0    144557      0.00      0.00 2690764   69692   0.45  sync_slam_toolb

07:15:54      UID       PID    %usr %system  %guest   %wait    %CPU   CPU  Command
07:15:55        0    144557   11.00    1.00    0.00    0.00   12.00     3  sync_slam_toolb

07:15:54      UID       PID  minflt/s  majflt/s     VSZ     RSS   %MEM  Command
07:15:55        0    144557      0.00      0.00 2690764   69692   0.45  sync_slam_toolb

07:15:55      UID       PID    %usr %system  %guest   %wait    %CPU   CPU  Command
07:15:56        0    144557   11.00    1.00    0.00    0.00   12.00     3  sync_slam_toolb

07:15:55      UID       PID  minflt/s  majflt/s     VSZ     RSS   %MEM  Command
07:15:56        0    144557      0.00      0.00 2690764   69692   0.45  sync_slam_toolb

07:15:56      UID       PID    %usr %system  %guest   %wait    %CPU   CPU  Command
07:15:57        0    144557   11.00    1.00    0.00    0.00   12.00    12  sync_slam_toolb

07:15:56      UID       PID  minflt/s  majflt/s     VSZ     RSS   %MEM  Command
07:15:57        0    144557      0.00      0.00 2690764   69692   0.45  sync_slam_toolb

07:15:57      UID       PID    %usr %system  %guest   %wait    %CPU   CPU  Command
07:15:58        0    144557   11.00    1.00    0.00    0.00   12.00    12  sync_slam_toolb

07:15:57      UID       PID  minflt/s  majflt/s     VSZ     RSS   %MEM  Command
07:15:58        0    144557      0.00      0.00 2690764   69692   0.45  sync_slam_toolb

07:15:58      UID       PID    %usr %system  %guest   %wait    %CPU   CPU  Command
07:15:59        0    144557   12.00    0.00    0.00    0.00   12.00     3  sync_slam_toolb

07:15:58      UID       PID  minflt/s  majflt/s     VSZ     RSS   %MEM  Command
07:15:59        0    144557      0.00      0.00 2690764   69692   0.45  sync_slam_toolb

07:15:59      UID       PID    %usr %system  %guest   %wait    %CPU   CPU  Command
07:16:00        0    144557   11.00    1.00    0.00    0.00   12.00     3  sync_slam_toolb

07:15:59      UID       PID  minflt/s  majflt/s     VSZ     RSS   %MEM  Command
07:16:00        0    144557      0.00      0.00 2690764   69692   0.45  sync_slam_toolb

07:16:00      UID       PID    %usr %system  %guest   %wait    %CPU   CPU  Command
07:16:01        0    144557   16.00    0.00    0.00    0.00   16.00     3  sync_slam_toolb

07:16:00      UID       PID  minflt/s  majflt/s     VSZ     RSS   %MEM  Command
07:16:01        0    144557      0.00      0.00 2690764   69692   0.45  sync_slam_toolb

07:16:01      UID       PID    %usr %system  %guest   %wait    %CPU   CPU  Command
07:16:02        0    144557   12.00    1.00    0.00    0.00   13.00     3  sync_slam_toolb

07:16:01      UID       PID  minflt/s  majflt/s     VSZ     RSS   %MEM  Command
07:16:02        0    144557      0.00      0.00 2690764   69692   0.45  sync_slam_toolb

07:16:02      UID       PID    %usr %system  %guest   %wait    %CPU   CPU  Command
07:16:03        0    144557   11.00    1.00    0.00    0.00   12.00     3  sync_slam_toolb

07:16:02      UID       PID  minflt/s  majflt/s     VSZ     RSS   %MEM  Command
07:16:03        0    144557      0.00      0.00 2690764   69692   0.45  sync_slam_toolb

07:16:03      UID       PID    %usr %system  %guest   %wait    %CPU   CPU  Command
07:16:04        0    144557   11.00    0.00    0.00    0.00   11.00     3  sync_slam_toolb

07:16:03      UID       PID  minflt/s  majflt/s     VSZ     RSS   %MEM  Command
07:16:04        0    144557      0.00      0.00 2690764   69692   0.45  sync_slam_toolb

07:16:04      UID       PID    %usr %system  %guest   %wait    %CPU   CPU  Command
07:16:05        0    144557   16.00    1.00    0.00    0.00   17.00     3  sync_slam_toolb

07:16:04      UID       PID  minflt/s  majflt/s     VSZ     RSS   %MEM  Command
07:16:05        0    144557      0.00      0.00 2690764   69692   0.45  sync_slam_toolb

07:16:05      UID       PID    %usr %system  %guest   %wait    %CPU   CPU  Command
07:16:06        0    144557   11.00    1.00    0.00    0.00   12.00     3  sync_slam_toolb

07:16:05      UID       PID  minflt/s  majflt/s     VSZ     RSS   %MEM  Command
07:16:06        0    144557      0.00      0.00 2690764   69692   0.45  sync_slam_toolb

07:16:06      UID       PID    %usr %system  %guest   %wait    %CPU   CPU  Command
07:16:07        0    144557   11.00    1.00    0.00    0.00   12.00     3  sync_slam_toolb

07:16:06      UID       PID  minflt/s  majflt/s     VSZ     RSS   %MEM  Command
07:16:07        0    144557      0.00      0.00 2690764   69692   0.45  sync_slam_toolb

07:16:07      UID       PID    %usr %system  %guest   %wait    %CPU   CPU  Command
07:16:08        0    144557   15.00    1.00    0.00    0.00   16.00    12  sync_slam_toolb

07:16:07      UID       PID  minflt/s  majflt/s     VSZ     RSS   %MEM  Command
07:16:08        0    144557      0.00      0.00 2690764   69692   0.45  sync_slam_toolb

07:16:08      UID       PID    %usr %system  %guest   %wait    %CPU   CPU  Command
07:16:09        0    144557   11.00    0.00    0.00    0.00   11.00    14  sync_slam_toolb

07:16:08      UID       PID  minflt/s  majflt/s     VSZ     RSS   %MEM  Command
07:16:09        0    144557      0.00      0.00 2690764   69692   0.45  sync_slam_toolb

07:16:09      UID       PID    %usr %system  %guest   %wait    %CPU   CPU  Command
07:16:10        0    144557   15.00    1.00    0.00    0.00   16.00     2  sync_slam_toolb

07:16:09      UID       PID  minflt/s  majflt/s     VSZ     RSS   %MEM  Command
07:16:10        0    144557      0.00      0.00 2690764   69692   0.45  sync_slam_toolb

07:16:10      UID       PID    %usr %system  %guest   %wait    %CPU   CPU  Command
07:16:11        0    144557   12.00    0.00    0.00    0.00   12.00    12  sync_slam_toolb

07:16:10      UID       PID  minflt/s  majflt/s     VSZ     RSS   %MEM  Command
07:16:11        0    144557      0.00      0.00 2690764   69692   0.45  sync_slam_toolb

07:16:11      UID       PID    %usr %system  %guest   %wait    %CPU   CPU  Command
07:16:12        0    144557   16.00    1.00    0.00    0.00   17.00     9  sync_slam_toolb

07:16:11      UID       PID  minflt/s  majflt/s     VSZ     RSS   %MEM  Command
07:16:12        0    144557      0.00      0.00 2690764   69692   0.45  sync_slam_toolb

07:16:12      UID       PID    %usr %system  %guest   %wait    %CPU   CPU  Command
07:16:13        0    144557   11.00    1.00    0.00    0.00   12.00     9  sync_slam_toolb

07:16:12      UID       PID  minflt/s  majflt/s     VSZ     RSS   %MEM  Command
07:16:13        0    144557      0.00      0.00 2690764   69692   0.45  sync_slam_toolb

07:16:13      UID       PID    %usr %system  %guest   %wait    %CPU   CPU  Command
07:16:14        0    144557   14.00    1.00    0.00    0.00   15.00     6  sync_slam_toolb

07:16:13      UID       PID  minflt/s  majflt/s     VSZ     RSS   %MEM  Command
07:16:14        0    144557      0.00      0.00 2690764   69692   0.45  sync_slam_toolb

07:16:14      UID       PID    %usr %system  %guest   %wait    %CPU   CPU  Command
07:16:15        0    144557   11.00    1.00    0.00    0.00   12.00     0  sync_slam_toolb

07:16:14      UID       PID  minflt/s  majflt/s     VSZ     RSS   %MEM  Command
07:16:15        0    144557      0.00      0.00 2690764   69692   0.45  sync_slam_toolb

07:16:15      UID       PID    %usr %system  %guest   %wait    %CPU   CPU  Command
07:16:16        0    144557   12.00    0.00    0.00    0.00   12.00     0  sync_slam_toolb

07:16:15      UID       PID  minflt/s  majflt/s     VSZ     RSS   %MEM  Command
07:16:16        0    144557      0.00      0.00 2690764   69692   0.45  sync_slam_toolb

07:16:16      UID       PID    %usr %system  %guest   %wait    %CPU   CPU  Command
07:16:17        0    144557   15.00    1.00    0.00    0.00   16.00    10  sync_slam_toolb

07:16:16      UID       PID  minflt/s  majflt/s     VSZ     RSS   %MEM  Command
07:16:17        0    144557      0.00      0.00 2690764   69692   0.45  sync_slam_toolb

07:16:17      UID       PID    %usr %system  %guest   %wait    %CPU   CPU  Command
07:16:18        0    144557   12.00    1.00    0.00    0.00   13.00    10  sync_slam_toolb

07:16:17      UID       PID  minflt/s  majflt/s     VSZ     RSS   %MEM  Command
07:16:18        0    144557      0.00      0.00 2690764   69692   0.45  sync_slam_toolb

07:16:18      UID       PID    %usr %system  %guest   %wait    %CPU   CPU  Command
07:16:19        0    144557   11.00    1.00    0.00    0.00   12.00    10  sync_slam_toolb

07:16:18      UID       PID  minflt/s  majflt/s     VSZ     RSS   %MEM  Command
07:16:19        0    144557      0.00      0.00 2690764   69692   0.45  sync_slam_toolb

07:16:19      UID       PID    %usr %system  %guest   %wait    %CPU   CPU  Command
07:16:20        0    144557   12.00    0.00    0.00    0.00   12.00     0  sync_slam_toolb

07:16:19      UID       PID  minflt/s  majflt/s     VSZ     RSS   %MEM  Command
07:16:20        0    144557      0.00      0.00 2690764   69692   0.45  sync_slam_toolb

07:16:20      UID       PID    %usr %system  %guest   %wait    %CPU   CPU  Command
07:16:21        0    144557   11.00    1.00    0.00    0.00   12.00     6  sync_slam_toolb

07:16:20      UID       PID  minflt/s  majflt/s     VSZ     RSS   %MEM  Command
07:16:21        0    144557      0.00      0.00 2690764   69692   0.45  sync_slam_toolb

07:16:21      UID       PID    %usr %system  %guest   %wait    %CPU   CPU  Command
07:16:22        0    144557   12.00    1.00    0.00    0.00   13.00    10  sync_slam_toolb

07:16:21      UID       PID  minflt/s  majflt/s     VSZ     RSS   %MEM  Command
07:16:22        0    144557      0.00      0.00 2690764   69692   0.45  sync_slam_toolb

07:16:22      UID       PID    %usr %system  %guest   %wait    %CPU   CPU  Command
07:16:23        0    144557   11.00    0.00    0.00    0.00   11.00     6  sync_slam_toolb

07:16:22      UID       PID  minflt/s  majflt/s     VSZ     RSS   %MEM  Command
07:16:23        0    144557      0.00      0.00 2690764   69692   0.45  sync_slam_toolb

07:16:23      UID       PID    %usr %system  %guest   %wait    %CPU   CPU  Command
07:16:24        0    144557   11.00    2.00    0.00    0.00   13.00    10  sync_slam_toolb

07:16:23      UID       PID  minflt/s  majflt/s     VSZ     RSS   %MEM  Command
07:16:24        0    144557      0.00      0.00 2690764   69692   0.45  sync_slam_toolb

07:16:24      UID       PID    %usr %system  %guest   %wait    %CPU   CPU  Command
07:16:25        0    144557   15.00    0.00    0.00    0.00   15.00    12  sync_slam_toolb

07:16:24      UID       PID  minflt/s  majflt/s     VSZ     RSS   %MEM  Command
07:16:25        0    144557      0.00      0.00 2690764   69692   0.45  sync_slam_toolb

07:16:25      UID       PID    %usr %system  %guest   %wait    %CPU   CPU  Command
07:16:26        0    144557   11.00    1.00    0.00    0.00   12.00    12  sync_slam_toolb

07:16:25      UID       PID  minflt/s  majflt/s     VSZ     RSS   %MEM  Command
07:16:26        0    144557      0.00      0.00 2690764   69692   0.45  sync_slam_toolb

07:16:26      UID       PID    %usr %system  %guest   %wait    %CPU   CPU  Command
07:16:27        0    144557   16.00    0.00    0.00    0.00   16.00     0  sync_slam_toolb

07:16:26      UID       PID  minflt/s  majflt/s     VSZ     RSS   %MEM  Command
07:16:27        0    144557      0.00      0.00 2690764   69692   0.45  sync_slam_toolb

07:16:27      UID       PID    %usr %system  %guest   %wait    %CPU   CPU  Command
07:16:28        0    144557   11.00    1.00    0.00    0.00   12.00    12  sync_slam_toolb

07:16:27      UID       PID  minflt/s  majflt/s     VSZ     RSS   %MEM  Command
07:16:28        0    144557      0.00      0.00 2690764   69692   0.45  sync_slam_toolb

07:16:28      UID       PID    %usr %system  %guest   %wait    %CPU   CPU  Command
07:16:29        0    144557   12.00    1.00    0.00    0.00   13.00    12  sync_slam_toolb

07:16:28      UID       PID  minflt/s  majflt/s     VSZ     RSS   %MEM  Command
07:16:29        0    144557      0.00      0.00 2690764   69692   0.45  sync_slam_toolb

07:16:29      UID       PID    %usr %system  %guest   %wait    %CPU   CPU  Command
07:16:30        0    144557   15.00    1.00    0.00    0.00   16.00     2  sync_slam_toolb

07:16:29      UID       PID  minflt/s  majflt/s     VSZ     RSS   %MEM  Command
07:16:30        0    144557      0.00      0.00 2690764   69692   0.45  sync_slam_toolb

07:16:30      UID       PID    %usr %system  %guest   %wait    %CPU   CPU  Command
07:16:31        0    144557   12.00    0.00    0.00    0.00   12.00     8  sync_slam_toolb

07:16:30      UID       PID  minflt/s  majflt/s     VSZ     RSS   %MEM  Command
07:16:31        0    144557      0.00      0.00 2690764   69692   0.45  sync_slam_toolb

07:16:31      UID       PID    %usr %system  %guest   %wait    %CPU   CPU  Command
07:16:32        0    144557   12.00    1.00    0.00    0.00   13.00    10  sync_slam_toolb

07:16:31      UID       PID  minflt/s  majflt/s     VSZ     RSS   %MEM  Command
07:16:32        0    144557      0.00      0.00 2690764   69692   0.45  sync_slam_toolb

07:16:32      UID       PID    %usr %system  %guest   %wait    %CPU   CPU  Command
07:16:33        0    144557   16.00    0.00    0.00    0.00   16.00    14  sync_slam_toolb

07:16:32      UID       PID  minflt/s  majflt/s     VSZ     RSS   %MEM  Command
07:16:33        0    144557      0.00      0.00 2690764   69692   0.45  sync_slam_toolb

07:16:33      UID       PID    %usr %system  %guest   %wait    %CPU   CPU  Command
07:16:34        0    144557   12.00    1.00    0.00    0.00   13.00    10  sync_slam_toolb

07:16:33      UID       PID  minflt/s  majflt/s     VSZ     RSS   %MEM  Command
07:16:34        0    144557      0.00      0.00 2690764   69692   0.45  sync_slam_toolb

07:16:34      UID       PID    %usr %system  %guest   %wait    %CPU   CPU  Command
07:16:35        0    144557   15.00    1.00    0.00    0.00   16.00    12  sync_slam_toolb

07:16:34      UID       PID  minflt/s  majflt/s     VSZ     RSS   %MEM  Command
07:16:35        0    144557      0.00      0.00 2690764   69692   0.45  sync_slam_toolb

07:16:35      UID       PID    %usr %system  %guest   %wait    %CPU   CPU  Command
07:16:36        0    144557   12.00    0.00    0.00    0.00   12.00     0  sync_slam_toolb

07:16:35      UID       PID  minflt/s  majflt/s     VSZ     RSS   %MEM  Command
07:16:36        0    144557      0.00      0.00 2690764   69692   0.45  sync_slam_toolb

07:16:36      UID       PID    %usr %system  %guest   %wait    %CPU   CPU  Command
07:16:37        0    144557   12.00    0.00    0.00    0.00   12.00    12  sync_slam_toolb

07:16:36      UID       PID  minflt/s  majflt/s     VSZ     RSS   %MEM  Command
07:16:37        0    144557      0.00      0.00 2690764   69692   0.45  sync_slam_toolb

07:16:37      UID       PID    %usr %system  %guest   %wait    %CPU   CPU  Command
07:16:38        0    144557   12.00    1.00    0.00    0.00   13.00     2  sync_slam_toolb

07:16:37      UID       PID  minflt/s  majflt/s     VSZ     RSS   %MEM  Command
07:16:38        0    144557      0.00      0.00 2690764   69692   0.45  sync_slam_toolb

07:16:38      UID       PID    %usr %system  %guest   %wait    %CPU   CPU  Command
07:16:39        0    144557   12.00    0.00    0.00    0.00   12.00     0  sync_slam_toolb

07:16:38      UID       PID  minflt/s  majflt/s     VSZ     RSS   %MEM  Command
07:16:39        0    144557      0.00      0.00 2690764   69692   0.45  sync_slam_toolb

07:16:39      UID       PID    %usr %system  %guest   %wait    %CPU   CPU  Command
07:16:40        0    144557   15.00    1.00    0.00    0.00   16.00     2  sync_slam_toolb

07:16:39      UID       PID  minflt/s  majflt/s     VSZ     RSS   %MEM  Command
07:16:40        0    144557      0.00      0.00 2690764   69692   0.45  sync_slam_toolb

07:16:40      UID       PID    %usr %system  %guest   %wait    %CPU   CPU  Command
07:16:41        0    144557   11.00    1.00    0.00    0.00   12.00     4  sync_slam_toolb

07:16:40      UID       PID  minflt/s  majflt/s     VSZ     RSS   %MEM  Command
07:16:41        0    144557      0.00      0.00 2690764   69692   0.45  sync_slam_toolb

07:16:41      UID       PID    %usr %system  %guest   %wait    %CPU   CPU  Command
07:16:42        0    144557   15.00    1.00    0.00    0.00   16.00     2  sync_slam_toolb

07:16:41      UID       PID  minflt/s  majflt/s     VSZ     RSS   %MEM  Command
07:16:42        0    144557      0.00      0.00 2690764   69692   0.45  sync_slam_toolb

07:16:42      UID       PID    %usr %system  %guest   %wait    %CPU   CPU  Command
07:16:43        0    144557   12.00    1.00    0.00    0.00   13.00     4  sync_slam_toolb

07:16:42      UID       PID  minflt/s  majflt/s     VSZ     RSS   %MEM  Command
07:16:43        0    144557      0.00      0.00 2690764   69692   0.45  sync_slam_toolb

07:16:43      UID       PID    %usr %system  %guest   %wait    %CPU   CPU  Command
07:16:44        0    144557   15.00    0.00    0.00    0.00   15.00     2  sync_slam_toolb

07:16:43      UID       PID  minflt/s  majflt/s     VSZ     RSS   %MEM  Command
07:16:44        0    144557      0.00      0.00 2690764   69692   0.45  sync_slam_toolb

07:16:44      UID       PID    %usr %system  %guest   %wait    %CPU   CPU  Command
07:16:45        0    144557   12.00    1.00    0.00    0.00   13.00    12  sync_slam_toolb

07:16:44      UID       PID  minflt/s  majflt/s     VSZ     RSS   %MEM  Command
07:16:45        0    144557      0.00      0.00 2690764   69692   0.45  sync_slam_toolb

07:16:45      UID       PID    %usr %system  %guest   %wait    %CPU   CPU  Command
07:16:46        0    144557   15.00    1.00    0.00    0.00   16.00    12  sync_slam_toolb

07:16:45      UID       PID  minflt/s  majflt/s     VSZ     RSS   %MEM  Command
07:16:46        0    144557      0.00      0.00 2690764   69692   0.45  sync_slam_toolb

07:16:46      UID       PID    %usr %system  %guest   %wait    %CPU   CPU  Command
07:16:47        0    144557   11.00    0.00    0.00    0.00   11.00    14  sync_slam_toolb

07:16:46      UID       PID  minflt/s  majflt/s     VSZ     RSS   %MEM  Command
07:16:47        0    144557      0.00      0.00 2690764   69692   0.45  sync_slam_toolb

07:16:47      UID       PID    %usr %system  %guest   %wait    %CPU   CPU  Command
07:16:48        0    144557   11.00    1.00    0.00    0.00   12.00    14  sync_slam_toolb

07:16:47      UID       PID  minflt/s  majflt/s     VSZ     RSS   %MEM  Command
07:16:48        0    144557      0.00      0.00 2690764   69692   0.45  sync_slam_toolb

07:16:48      UID       PID    %usr %system  %guest   %wait    %CPU   CPU  Command
07:16:49        0    144557   14.00    0.00    0.00    0.00   14.00     6  sync_slam_toolb

07:16:48      UID       PID  minflt/s  majflt/s     VSZ     RSS   %MEM  Command
07:16:49        0    144557      0.00      0.00 2690764   69692   0.45  sync_slam_toolb

07:16:49      UID       PID    %usr %system  %guest   %wait    %CPU   CPU  Command
07:16:50        0    144557   10.00    1.00    0.00    0.00   11.00    12  sync_slam_toolb

07:16:49      UID       PID  minflt/s  majflt/s     VSZ     RSS   %MEM  Command
07:16:50        0    144557      0.00      0.00 2690764   69692   0.45  sync_slam_toolb

07:16:50      UID       PID    %usr %system  %guest   %wait    %CPU   CPU  Command
07:16:51        0    144557   11.00    0.00    0.00    0.00   11.00     6  sync_slam_toolb

07:16:50      UID       PID  minflt/s  majflt/s     VSZ     RSS   %MEM  Command
07:16:51        0    144557      0.00      0.00 2690764   69692   0.45  sync_slam_toolb

07:16:51      UID       PID    %usr %system  %guest   %wait    %CPU   CPU  Command
07:16:52        0    144557   10.00    2.00    0.00    0.00   12.00     6  sync_slam_toolb

07:16:51      UID       PID  minflt/s  majflt/s     VSZ     RSS   %MEM  Command
07:16:52        0    144557      0.00      0.00 2690764   69692   0.45  sync_slam_toolb

07:16:52      UID       PID    %usr %system  %guest   %wait    %CPU   CPU  Command
07:16:53        0    144557   14.00    0.00    0.00    0.00   14.00     6  sync_slam_toolb

07:16:52      UID       PID  minflt/s  majflt/s     VSZ     RSS   %MEM  Command
07:16:53        0    144557      0.00      0.00 2690764   69692   0.45  sync_slam_toolb

07:16:53      UID       PID    %usr %system  %guest   %wait    %CPU   CPU  Command
07:16:54        0    144557   10.00    2.00    0.00    0.00   12.00     8  sync_slam_toolb

07:16:53      UID       PID  minflt/s  majflt/s     VSZ     RSS   %MEM  Command
07:16:54        0    144557      0.00      0.00 2690764   69692   0.45  sync_slam_toolb

07:16:54      UID       PID    %usr %system  %guest   %wait    %CPU   CPU  Command
07:16:55        0    144557   10.00    1.00    0.00    0.00   11.00     6  sync_slam_toolb

07:16:54      UID       PID  minflt/s  majflt/s     VSZ     RSS   %MEM  Command
07:16:55        0    144557      0.00      0.00 2690764   69692   0.45  sync_slam_toolb

07:16:55      UID       PID    %usr %system  %guest   %wait    %CPU   CPU  Command
07:16:56        0    144557   11.00    1.00    0.00    0.00   12.00     6  sync_slam_toolb

07:16:55      UID       PID  minflt/s  majflt/s     VSZ     RSS   %MEM  Command
07:16:56        0    144557      0.00      0.00 2690764   69692   0.45  sync_slam_toolb

07:16:56      UID       PID    %usr %system  %guest   %wait    %CPU   CPU  Command
07:16:57        0    144557   10.00    1.00    0.00    0.00   11.00     8  sync_slam_toolb

07:16:56      UID       PID  minflt/s  majflt/s     VSZ     RSS   %MEM  Command
07:16:57        0    144557      0.00      0.00 2690764   69692   0.45  sync_slam_toolb

07:16:57      UID       PID    %usr %system  %guest   %wait    %CPU   CPU  Command
07:16:58        0    144557   10.00    1.00    0.00    0.00   11.00     8  sync_slam_toolb

07:16:57      UID       PID  minflt/s  majflt/s     VSZ     RSS   %MEM  Command
07:16:58        0    144557      0.00      0.00 2690764   69692   0.45  sync_slam_toolb

07:16:58      UID       PID    %usr %system  %guest   %wait    %CPU   CPU  Command
07:16:59        0    144557   10.00    1.00    0.00    0.00   11.00     6  sync_slam_toolb

07:16:58      UID       PID  minflt/s  majflt/s     VSZ     RSS   %MEM  Command
07:16:59        0    144557      0.00      0.00 2690764   69692   0.45  sync_slam_toolb

07:16:59      UID       PID    %usr %system  %guest   %wait    %CPU   CPU  Command
07:17:00        0    144557   10.00    1.00    0.00    0.00   11.00     6  sync_slam_toolb

07:16:59      UID       PID  minflt/s  majflt/s     VSZ     RSS   %MEM  Command
07:17:00        0    144557      0.00      0.00 2690764   69692   0.45  sync_slam_toolb

07:17:00      UID       PID    %usr %system  %guest   %wait    %CPU   CPU  Command
07:17:01        0    144557   11.00    2.00    0.00    0.00   13.00     6  sync_slam_toolb

07:17:00      UID       PID  minflt/s  majflt/s     VSZ     RSS   %MEM  Command
07:17:01        0    144557      0.00      0.00 2690764   69692   0.45  sync_slam_toolb

07:17:01      UID       PID    %usr %system  %guest   %wait    %CPU   CPU  Command
07:17:02        0    144557   10.00    0.00    0.00    0.00   10.00     3  sync_slam_toolb

07:17:01      UID       PID  minflt/s  majflt/s     VSZ     RSS   %MEM  Command
07:17:02        0    144557      0.00      0.00 2690764   69692   0.45  sync_slam_toolb

07:17:02      UID       PID    %usr %system  %guest   %wait    %CPU   CPU  Command
07:17:03        0    144557   15.00    1.00    0.00    0.00   16.00     3  sync_slam_toolb

07:17:02      UID       PID  minflt/s  majflt/s     VSZ     RSS   %MEM  Command
07:17:03        0    144557      0.00      0.00 2690764   69692   0.45  sync_slam_toolb

07:17:03      UID       PID    %usr %system  %guest   %wait    %CPU   CPU  Command
07:17:04        0    144557   10.00    0.00    0.00    0.00   10.00     3  sync_slam_toolb

07:17:03      UID       PID  minflt/s  majflt/s     VSZ     RSS   %MEM  Command
07:17:04        0    144557      0.00      0.00 2690764   69692   0.45  sync_slam_toolb

07:17:04      UID       PID    %usr %system  %guest   %wait    %CPU   CPU  Command
07:17:05        0    144557   10.00    2.00    0.00    0.00   12.00     2  sync_slam_toolb

07:17:04      UID       PID  minflt/s  majflt/s     VSZ     RSS   %MEM  Command
07:17:05        0    144557      0.00      0.00 2690764   69692   0.45  sync_slam_toolb

07:17:05      UID       PID    %usr %system  %guest   %wait    %CPU   CPU  Command
07:17:06        0    144557   11.00    0.00    0.00    0.00   11.00     3  sync_slam_toolb

07:17:05      UID       PID  minflt/s  majflt/s     VSZ     RSS   %MEM  Command
07:17:06        0    144557      0.00      0.00 2690764   69692   0.45  sync_slam_toolb

07:17:06      UID       PID    %usr %system  %guest   %wait    %CPU   CPU  Command
07:17:07        0    144557   10.00    1.00    0.00    0.00   11.00     3  sync_slam_toolb

07:17:06      UID       PID  minflt/s  majflt/s     VSZ     RSS   %MEM  Command
07:17:07        0    144557      0.00      0.00 2690764   69692   0.45  sync_slam_toolb

07:17:07      UID       PID    %usr %system  %guest   %wait    %CPU   CPU  Command
07:17:08        0    144557   12.00    1.00    0.00    0.00   13.00     3  sync_slam_toolb

07:17:07      UID       PID  minflt/s  majflt/s     VSZ     RSS   %MEM  Command
07:17:08        0    144557      0.00      0.00 2690764   69692   0.45  sync_slam_toolb

07:17:08      UID       PID    %usr %system  %guest   %wait    %CPU   CPU  Command
07:17:09        0    144557   10.00    1.00    0.00    0.00   11.00     2  sync_slam_toolb

07:17:08      UID       PID  minflt/s  majflt/s     VSZ     RSS   %MEM  Command
07:17:09        0    144557      0.00      0.00 2690764   69692   0.45  sync_slam_toolb

07:17:09      UID       PID    %usr %system  %guest   %wait    %CPU   CPU  Command
07:17:10        0    144557   14.00    1.00    0.00    0.00   15.00     3  sync_slam_toolb

07:17:09      UID       PID  minflt/s  majflt/s     VSZ     RSS   %MEM  Command
07:17:10        0    144557      0.00      0.00 2690764   69692   0.45  sync_slam_toolb

07:17:10      UID       PID    %usr %system  %guest   %wait    %CPU   CPU  Command
07:17:11        0    144557   12.00    1.00    0.00    0.00   13.00     4  sync_slam_toolb

07:17:10      UID       PID  minflt/s  majflt/s     VSZ     RSS   %MEM  Command
07:17:11        0    144557      0.00      0.00 2690764   69692   0.45  sync_slam_toolb

07:17:11      UID       PID    %usr %system  %guest   %wait    %CPU   CPU  Command
07:17:12        0    144557   11.00    0.00    0.00    0.00   11.00     3  sync_slam_toolb

07:17:11      UID       PID  minflt/s  majflt/s     VSZ     RSS   %MEM  Command
07:17:12        0    144557      0.00      0.00 2690764   69692   0.45  sync_slam_toolb

07:17:12      UID       PID    %usr %system  %guest   %wait    %CPU   CPU  Command
07:17:13        0    144557   13.00    1.00    0.00    0.00   14.00     2  sync_slam_toolb

07:17:12      UID       PID  minflt/s  majflt/s     VSZ     RSS   %MEM  Command
07:17:13        0    144557      0.00      0.00 2690764   69692   0.45  sync_slam_toolb

07:17:13      UID       PID    %usr %system  %guest   %wait    %CPU   CPU  Command
07:17:14        0    144557   11.88    0.99    0.00    0.00   12.87     3  sync_slam_toolb

07:17:13      UID       PID  minflt/s  majflt/s     VSZ     RSS   %MEM  Command
07:17:14        0    144557      0.00      0.00 2690764   69692   0.45  sync_slam_toolb

07:17:14      UID       PID    %usr %system  %guest   %wait    %CPU   CPU  Command
07:17:15        0    144557   18.00    0.00    0.00    0.00   18.00     3  sync_slam_toolb

07:17:14      UID       PID  minflt/s  majflt/s     VSZ     RSS   %MEM  Command
07:17:15        0    144557      0.00      0.00 2690764   69692   0.45  sync_slam_toolb

07:17:15      UID       PID    %usr %system  %guest   %wait    %CPU   CPU  Command
07:17:16        0    144557   12.00    1.00    0.00    0.00   13.00     3  sync_slam_toolb

07:17:15      UID       PID  minflt/s  majflt/s     VSZ     RSS   %MEM  Command
07:17:16        0    144557      0.00      0.00 2690764   69692   0.45  sync_slam_toolb

07:17:16      UID       PID    %usr %system  %guest   %wait    %CPU   CPU  Command
07:17:17        0    144557   20.00    1.00    0.00    0.00   21.00     3  sync_slam_toolb

07:17:16      UID       PID  minflt/s  majflt/s     VSZ     RSS   %MEM  Command
07:17:17        0    144557      0.00      0.00 2690764   69692   0.45  sync_slam_toolb

07:17:17      UID       PID    %usr %system  %guest   %wait    %CPU   CPU  Command
07:17:18        0    144557   11.00    1.00    0.00    0.00   12.00     4  sync_slam_toolb

07:17:17      UID       PID  minflt/s  majflt/s     VSZ     RSS   %MEM  Command
07:17:18        0    144557      0.00      0.00 2690764   69692   0.45  sync_slam_toolb

07:17:18      UID       PID    %usr %system  %guest   %wait    %CPU   CPU  Command
07:17:19        0    144557   11.00    1.00    0.00    0.00   12.00    14  sync_slam_toolb

07:17:18      UID       PID  minflt/s  majflt/s     VSZ     RSS   %MEM  Command
07:17:19        0    144557      0.00      0.00 2690764   69692   0.45  sync_slam_toolb

07:17:19      UID       PID    %usr %system  %guest   %wait    %CPU   CPU  Command
07:17:20        0    144557   16.00    0.00    0.00    0.00   16.00     3  sync_slam_toolb

07:17:19      UID       PID  minflt/s  majflt/s     VSZ     RSS   %MEM  Command
07:17:20        0    144557      0.00      0.00 2690764   69692   0.45  sync_slam_toolb

07:17:20      UID       PID    %usr %system  %guest   %wait    %CPU   CPU  Command
07:17:21        0    144557   12.00    1.00    0.00    0.00   13.00    14  sync_slam_toolb

07:17:20      UID       PID  minflt/s  majflt/s     VSZ     RSS   %MEM  Command
07:17:21        0    144557      0.00      0.00 2690764   69692   0.45  sync_slam_toolb

07:17:21      UID       PID    %usr %system  %guest   %wait    %CPU   CPU  Command
07:17:22        0    144557   12.00    0.00    0.00    0.00   12.00     2  sync_slam_toolb

07:17:21      UID       PID  minflt/s  majflt/s     VSZ     RSS   %MEM  Command
07:17:22        0    144557      0.00      0.00 2690764   69692   0.45  sync_slam_toolb

07:17:22      UID       PID    %usr %system  %guest   %wait    %CPU   CPU  Command
07:17:23        0    144557   15.00    1.00    0.00    0.00   16.00     3  sync_slam_toolb

07:17:22      UID       PID  minflt/s  majflt/s     VSZ     RSS   %MEM  Command
07:17:23        0    144557      0.00      0.00 2690764   69692   0.45  sync_slam_toolb

07:17:23      UID       PID    %usr %system  %guest   %wait    %CPU   CPU  Command
07:17:24        0    144557   12.00    0.00    0.00    0.00   12.00     3  sync_slam_toolb

07:17:23      UID       PID  minflt/s  majflt/s     VSZ     RSS   %MEM  Command
07:17:24        0    144557      0.00      0.00 2690764   69692   0.45  sync_slam_toolb

07:17:24      UID       PID    %usr %system  %guest   %wait    %CPU   CPU  Command
07:17:25        0    144557   12.00    1.00    0.00    0.00   13.00     2  sync_slam_toolb

07:17:24      UID       PID  minflt/s  majflt/s     VSZ     RSS   %MEM  Command
07:17:25        0    144557      0.00      0.00 2690764   69692   0.45  sync_slam_toolb

07:17:25      UID       PID    %usr %system  %guest   %wait    %CPU   CPU  Command
07:17:26        0    144557   14.00    2.00    0.00    0.00   16.00     3  sync_slam_toolb

07:17:25      UID       PID  minflt/s  majflt/s     VSZ     RSS   %MEM  Command
07:17:26        0    144557      0.00      0.00 2690764   69692   0.45  sync_slam_toolb

07:17:26      UID       PID    %usr %system  %guest   %wait    %CPU   CPU  Command
07:17:27        0    144557   12.00    0.00    0.00    0.00   12.00     3  sync_slam_toolb

07:17:26      UID       PID  minflt/s  majflt/s     VSZ     RSS   %MEM  Command
07:17:27        0    144557      0.00      0.00 2690764   69692   0.45  sync_slam_toolb

07:17:27      UID       PID    %usr %system  %guest   %wait    %CPU   CPU  Command
07:17:28        0    144557   12.00    1.00    0.00    0.00   13.00     3  sync_slam_toolb

07:17:27      UID       PID  minflt/s  majflt/s     VSZ     RSS   %MEM  Command
07:17:28        0    144557      0.00      0.00 2690764   69692   0.45  sync_slam_toolb

07:17:28      UID       PID    %usr %system  %guest   %wait    %CPU   CPU  Command
07:17:29        0    144557   15.00    1.00    0.00    0.00   16.00     2  sync_slam_toolb

07:17:28      UID       PID  minflt/s  majflt/s     VSZ     RSS   %MEM  Command
07:17:29        0    144557      0.00      0.00 2690764   69692   0.45  sync_slam_toolb

07:17:29      UID       PID    %usr %system  %guest   %wait    %CPU   CPU  Command
07:17:30        0    144557   12.00    1.00    0.00    0.00   13.00     0  sync_slam_toolb

07:17:29      UID       PID  minflt/s  majflt/s     VSZ     RSS   %MEM  Command
07:17:30        0    144557      0.00      0.00 2690764   69692   0.45  sync_slam_toolb

07:17:30      UID       PID    %usr %system  %guest   %wait    %CPU   CPU  Command
07:17:31        0    144557   15.00    1.00    0.00    0.00   16.00     2  sync_slam_toolb

07:17:30      UID       PID  minflt/s  majflt/s     VSZ     RSS   %MEM  Command
07:17:31        0    144557      0.00      0.00 2690764   69692   0.45  sync_slam_toolb

07:17:31      UID       PID    %usr %system  %guest   %wait    %CPU   CPU  Command
07:17:32        0    144557   12.00    1.00    0.00    0.00   13.00     4  sync_slam_toolb

07:17:31      UID       PID  minflt/s  majflt/s     VSZ     RSS   %MEM  Command
07:17:32        0    144557      0.00      0.00 2690764   69692   0.45  sync_slam_toolb

07:17:32      UID       PID    %usr %system  %guest   %wait    %CPU   CPU  Command
07:17:33        0    144557   11.00    1.00    0.00    0.00   12.00     8  sync_slam_toolb

07:17:32      UID       PID  minflt/s  majflt/s     VSZ     RSS   %MEM  Command
07:17:33        0    144557      0.00      0.00 2690764   69692   0.45  sync_slam_toolb

07:17:33      UID       PID    %usr %system  %guest   %wait    %CPU   CPU  Command
07:17:34        0    144557   12.00    0.00    0.00    0.00   12.00     6  sync_slam_toolb

07:17:33      UID       PID  minflt/s  majflt/s     VSZ     RSS   %MEM  Command
07:17:34        0    144557      0.00      0.00 2690764   69692   0.45  sync_slam_toolb

07:17:34      UID       PID    %usr %system  %guest   %wait    %CPU   CPU  Command
07:17:35        0    144557   12.00    1.00    0.00    0.00   13.00     6  sync_slam_toolb

07:17:34      UID       PID  minflt/s  majflt/s     VSZ     RSS   %MEM  Command
07:17:35        0    144557      0.00      0.00 2690764   69692   0.45  sync_slam_toolb

07:17:35      UID       PID    %usr %system  %guest   %wait    %CPU   CPU  Command
07:17:36        0    144557   12.00    0.00    0.00    0.00   12.00     6  sync_slam_toolb

07:17:35      UID       PID  minflt/s  majflt/s     VSZ     RSS   %MEM  Command
07:17:36        0    144557      0.00      0.00 2690764   69692   0.45  sync_slam_toolb

07:17:36      UID       PID    %usr %system  %guest   %wait    %CPU   CPU  Command
07:17:37        0    144557   12.00    1.00    0.00    0.00   13.00     8  sync_slam_toolb

07:17:36      UID       PID  minflt/s  majflt/s     VSZ     RSS   %MEM  Command
07:17:37        0    144557      0.00      0.00 2690764   69692   0.45  sync_slam_toolb

07:17:37      UID       PID    %usr %system  %guest   %wait    %CPU   CPU  Command
07:17:38        0    144557   15.00    1.00    0.00    0.00   16.00     8  sync_slam_toolb

07:17:37      UID       PID  minflt/s  majflt/s     VSZ     RSS   %MEM  Command
07:17:38        0    144557      0.00      0.00 2690764   69692   0.45  sync_slam_toolb

07:17:38      UID       PID    %usr %system  %guest   %wait    %CPU   CPU  Command
07:17:39        0    144557   12.00    0.00    0.00    0.00   12.00     8  sync_slam_toolb

07:17:38      UID       PID  minflt/s  majflt/s     VSZ     RSS   %MEM  Command
07:17:39        0    144557      0.00      0.00 2690764   69692   0.45  sync_slam_toolb

07:17:39      UID       PID    %usr %system  %guest   %wait    %CPU   CPU  Command
07:17:40        0    144557   15.00    1.00    0.00    0.00   16.00     8  sync_slam_toolb

07:17:39      UID       PID  minflt/s  majflt/s     VSZ     RSS   %MEM  Command
07:17:40        0    144557      0.00      0.00 2690764   69692   0.45  sync_slam_toolb

07:17:40      UID       PID    %usr %system  %guest   %wait    %CPU   CPU  Command
07:17:41        0    144557   12.00    1.00    0.00    0.00   13.00     8  sync_slam_toolb

07:17:40      UID       PID  minflt/s  majflt/s     VSZ     RSS   %MEM  Command
07:17:41        0    144557      0.00      0.00 2690764   69692   0.45  sync_slam_toolb

07:17:41      UID       PID    %usr %system  %guest   %wait    %CPU   CPU  Command
07:17:42        0    144557   14.00    0.00    0.00    0.00   14.00    14  sync_slam_toolb

07:17:41      UID       PID  minflt/s  majflt/s     VSZ     RSS   %MEM  Command
07:17:42        0    144557      0.00      0.00 2690764   69692   0.45  sync_slam_toolb

07:17:42      UID       PID    %usr %system  %guest   %wait    %CPU   CPU  Command
07:17:43        0    144557   12.00    1.00    0.00    0.00   13.00    12  sync_slam_toolb

07:17:42      UID       PID  minflt/s  majflt/s     VSZ     RSS   %MEM  Command
07:17:43        0    144557      0.00      0.00 2690764   69692   0.45  sync_slam_toolb

07:17:43      UID       PID    %usr %system  %guest   %wait    %CPU   CPU  Command
07:17:44        0    144557    8.00    0.00    0.00    0.00    8.00     8  sync_slam_toolb

07:17:43      UID       PID  minflt/s  majflt/s     VSZ     RSS   %MEM  Command
07:17:44        0    144557      0.00      0.00 2690764   69692   0.45  sync_slam_toolb

07:17:44      UID       PID    %usr %system  %guest   %wait    %CPU   CPU  Command
07:17:45        0    144557   15.00    1.00    0.00    0.00   16.00     8  sync_slam_toolb

07:17:44      UID       PID  minflt/s  majflt/s     VSZ     RSS   %MEM  Command
07:17:45        0    144557      0.00      0.00 2690764   69692   0.45  sync_slam_toolb

07:17:45      UID       PID    %usr %system  %guest   %wait    %CPU   CPU  Command
07:17:46        0    144557   13.00    0.00    0.00    0.00   13.00    10  sync_slam_toolb

07:17:45      UID       PID  minflt/s  majflt/s     VSZ     RSS   %MEM  Command
07:17:46        0    144557      0.00      0.00 2690764   69692   0.45  sync_slam_toolb

07:17:46      UID       PID    %usr %system  %guest   %wait    %CPU   CPU  Command
07:17:47        0    144557   18.00    1.00    0.00    0.00   19.00    12  sync_slam_toolb

07:17:46      UID       PID  minflt/s  majflt/s     VSZ     RSS   %MEM  Command
07:17:47        0    144557      0.00      0.00 2690764   69692   0.45  sync_slam_toolb

07:17:47      UID       PID    %usr %system  %guest   %wait    %CPU   CPU  Command
07:17:48        0    144557   10.00    2.00    0.00    0.00   12.00    12  sync_slam_toolb

07:17:47      UID       PID  minflt/s  majflt/s     VSZ     RSS   %MEM  Command
07:17:48        0    144557      0.00      0.00 2690764   69692   0.45  sync_slam_toolb

07:17:48      UID       PID    %usr %system  %guest   %wait    %CPU   CPU  Command
07:17:49        0    144557   19.00    1.00    0.00    0.00   20.00    12  sync_slam_toolb

07:17:48      UID       PID  minflt/s  majflt/s     VSZ     RSS   %MEM  Command
07:17:49        0    144557      0.00      0.00 2690764   69692   0.45  sync_slam_toolb

07:17:49      UID       PID    %usr %system  %guest   %wait    %CPU   CPU  Command
07:17:50        0    144557   12.00    1.00    0.00    0.00   13.00     0  sync_slam_toolb

07:17:49      UID       PID  minflt/s  majflt/s     VSZ     RSS   %MEM  Command
07:17:50        0    144557      0.00      0.00 2690764   69692   0.45  sync_slam_toolb

07:17:50      UID       PID    %usr %system  %guest   %wait    %CPU   CPU  Command
07:17:51        0    144557   12.00    0.00    0.00    0.00   12.00     0  sync_slam_toolb

07:17:50      UID       PID  minflt/s  majflt/s     VSZ     RSS   %MEM  Command
07:17:51        0    144557      0.00      0.00 2690764   69692   0.45  sync_slam_toolb

07:17:51      UID       PID    %usr %system  %guest   %wait    %CPU   CPU  Command
07:17:52        0    144557   20.00    0.00    0.00    0.00   20.00     2  sync_slam_toolb

07:17:51      UID       PID  minflt/s  majflt/s     VSZ     RSS   %MEM  Command
07:17:52        0    144557      0.00      0.00 2690764   69692   0.45  sync_slam_toolb

07:17:52      UID       PID    %usr %system  %guest   %wait    %CPU   CPU  Command
07:17:53        0    144557   12.00    0.00    0.00    0.00   12.00     2  sync_slam_toolb

07:17:52      UID       PID  minflt/s  majflt/s     VSZ     RSS   %MEM  Command
07:17:53        0    144557      0.00      0.00 2690764   69692   0.45  sync_slam_toolb

07:17:53      UID       PID    %usr %system  %guest   %wait    %CPU   CPU  Command
07:17:54        0    144557   19.00    1.00    0.00    0.00   20.00     8  sync_slam_toolb

07:17:53      UID       PID  minflt/s  majflt/s     VSZ     RSS   %MEM  Command
07:17:54        0    144557      0.00      0.00 2690764   69692   0.45  sync_slam_toolb

07:17:54      UID       PID    %usr %system  %guest   %wait    %CPU   CPU  Command
07:17:55        0    144557   12.00    1.00    0.00    0.00   13.00     8  sync_slam_toolb

07:17:54      UID       PID  minflt/s  majflt/s     VSZ     RSS   %MEM  Command
07:17:55        0    144557      0.00      0.00 2690764   69692   0.45  sync_slam_toolb

07:17:55      UID       PID    %usr %system  %guest   %wait    %CPU   CPU  Command
07:17:56        0    144557   15.00    1.00    0.00    0.00   16.00     8  sync_slam_toolb

07:17:55      UID       PID  minflt/s  majflt/s     VSZ     RSS   %MEM  Command
07:17:56        0    144557      0.00      0.00 2690764   69692   0.45  sync_slam_toolb

07:17:56      UID       PID    %usr %system  %guest   %wait    %CPU   CPU  Command
07:17:57        0    144557   12.00    1.00    0.00    0.00   13.00    10  sync_slam_toolb

07:17:56      UID       PID  minflt/s  majflt/s     VSZ     RSS   %MEM  Command
07:17:57        0    144557      0.00      0.00 2690764   69692   0.45  sync_slam_toolb

07:17:57      UID       PID    %usr %system  %guest   %wait    %CPU   CPU  Command
07:17:58        0    144557   16.00    1.00    0.00    0.00   17.00     6  sync_slam_toolb

07:17:57      UID       PID  minflt/s  majflt/s     VSZ     RSS   %MEM  Command
07:17:58        0    144557      0.00      0.00 2690764   69692   0.45  sync_slam_toolb

07:17:58      UID       PID    %usr %system  %guest   %wait    %CPU   CPU  Command
07:17:59        0    144557   12.00    1.00    0.00    0.00   13.00     6  sync_slam_toolb

07:17:58      UID       PID  minflt/s  majflt/s     VSZ     RSS   %MEM  Command
07:17:59        0    144557      0.00      0.00 2690764   69692   0.45  sync_slam_toolb

07:17:59      UID       PID    %usr %system  %guest   %wait    %CPU   CPU  Command
07:18:00        0    144557   16.00    0.00    0.00    0.00   16.00     6  sync_slam_toolb

07:17:59      UID       PID  minflt/s  majflt/s     VSZ     RSS   %MEM  Command
07:18:00        0    144557      0.00      0.00 2690764   69692   0.45  sync_slam_toolb

07:18:00      UID       PID    %usr %system  %guest   %wait    %CPU   CPU  Command
07:18:01        0    144557   12.00    1.00    0.00    0.00   13.00     8  sync_slam_toolb

07:18:00      UID       PID  minflt/s  majflt/s     VSZ     RSS   %MEM  Command
07:18:01        0    144557      0.00      0.00 2690764   69692   0.45  sync_slam_toolb

07:18:01      UID       PID    %usr %system  %guest   %wait    %CPU   CPU  Command
07:18:02        0    144557   12.00    1.00    0.00    0.00   13.00     6  sync_slam_toolb

07:18:01      UID       PID  minflt/s  majflt/s     VSZ     RSS   %MEM  Command
07:18:02        0    144557      0.00      0.00 2690764   69692   0.45  sync_slam_toolb

07:18:02      UID       PID    %usr %system  %guest   %wait    %CPU   CPU  Command
07:18:03        0    144557   16.00    0.00    0.00    0.00   16.00     6  sync_slam_toolb

07:18:02      UID       PID  minflt/s  majflt/s     VSZ     RSS   %MEM  Command
07:18:03        0    144557      0.00      0.00 2690764   69692   0.45  sync_slam_toolb

07:18:03      UID       PID    %usr %system  %guest   %wait    %CPU   CPU  Command
07:18:04        0    144557   12.00    1.00    0.00    0.00   13.00     6  sync_slam_toolb

07:18:03      UID       PID  minflt/s  majflt/s     VSZ     RSS   %MEM  Command
07:18:04        0    144557      0.00      0.00 2690764   69692   0.45  sync_slam_toolb

07:18:04      UID       PID    %usr %system  %guest   %wait    %CPU   CPU  Command
07:18:05        0    144557   37.00    2.00    0.00    0.00   39.00     6  sync_slam_toolb

07:18:04      UID       PID  minflt/s  majflt/s     VSZ     RSS   %MEM  Command
07:18:05        0    144557    542.00      0.00 2690764   71868   0.46  sync_slam_toolb

07:18:05      UID       PID    %usr %system  %guest   %wait    %CPU   CPU  Command
07:18:06        0    144557   12.00    1.00    0.00    0.00   13.00     2  sync_slam_toolb

07:18:05      UID       PID  minflt/s  majflt/s     VSZ     RSS   %MEM  Command
07:18:06        0    144557      0.00      0.00 2690764   71868   0.46  sync_slam_toolb

07:18:06      UID       PID    %usr %system  %guest   %wait    %CPU   CPU  Command
07:18:07        0    144557   11.00    0.00    0.00    0.00   11.00     0  sync_slam_toolb

07:18:06      UID       PID  minflt/s  majflt/s     VSZ     RSS   %MEM  Command
07:18:07        0    144557      0.00      0.00 2690764   71868   0.46  sync_slam_toolb

07:18:07      UID       PID    %usr %system  %guest   %wait    %CPU   CPU  Command
07:18:08        0    144557   16.00    1.00    0.00    0.00   17.00     6  sync_slam_toolb

07:18:07      UID       PID  minflt/s  majflt/s     VSZ     RSS   %MEM  Command
07:18:08        0    144557      0.00      0.00 2690764   71868   0.46  sync_slam_toolb

07:18:08      UID       PID    %usr %system  %guest   %wait    %CPU   CPU  Command
07:18:09        0    144557   12.00    0.00    0.00    0.00   12.00     6  sync_slam_toolb

07:18:08      UID       PID  minflt/s  majflt/s     VSZ     RSS   %MEM  Command
07:18:09        0    144557      0.00      0.00 2690764   71868   0.46  sync_slam_toolb

07:18:09      UID       PID    %usr %system  %guest   %wait    %CPU   CPU  Command
07:18:10        0    144557   12.00    1.00    0.00    0.00   13.00     0  sync_slam_toolb

07:18:09      UID       PID  minflt/s  majflt/s     VSZ     RSS   %MEM  Command
07:18:10        0    144557      0.00      0.00 2690764   71868   0.46  sync_slam_toolb

07:18:10      UID       PID    %usr %system  %guest   %wait    %CPU   CPU  Command
07:18:11        0    144557   16.00    1.00    0.00    0.00   17.00     0  sync_slam_toolb

07:18:10      UID       PID  minflt/s  majflt/s     VSZ     RSS   %MEM  Command
07:18:11        0    144557      0.00      0.00 2690764   71868   0.46  sync_slam_toolb

07:18:11      UID       PID    %usr %system  %guest   %wait    %CPU   CPU  Command
07:18:12        0    144557   13.00    1.00    0.00    0.00   14.00     6  sync_slam_toolb

07:18:11      UID       PID  minflt/s  majflt/s     VSZ     RSS   %MEM  Command
07:18:12        0    144557      0.00      0.00 2690764   71868   0.46  sync_slam_toolb

07:18:12      UID       PID    %usr %system  %guest   %wait    %CPU   CPU  Command
07:18:13        0    144557   16.00    1.00    0.00    0.00   17.00     8  sync_slam_toolb

07:18:12      UID       PID  minflt/s  majflt/s     VSZ     RSS   %MEM  Command
07:18:13        0    144557      0.00      0.00 2690764   71868   0.46  sync_slam_toolb

07:18:13      UID       PID    %usr %system  %guest   %wait    %CPU   CPU  Command
07:18:14        0    144557   12.00    0.00    0.00    0.00   12.00     6  sync_slam_toolb

07:18:13      UID       PID  minflt/s  majflt/s     VSZ     RSS   %MEM  Command
07:18:14        0    144557      0.00      0.00 2690764   71868   0.46  sync_slam_toolb

07:18:14      UID       PID    %usr %system  %guest   %wait    %CPU   CPU  Command
07:18:15        0    144557   12.00    1.00    0.00    0.00   13.00     8  sync_slam_toolb

07:18:14      UID       PID  minflt/s  majflt/s     VSZ     RSS   %MEM  Command
07:18:15        0    144557      0.00      0.00 2690764   71868   0.46  sync_slam_toolb

07:18:15      UID       PID    %usr %system  %guest   %wait    %CPU   CPU  Command
07:18:16        0    144557   11.00    1.00    0.00    0.00   12.00     8  sync_slam_toolb

07:18:15      UID       PID  minflt/s  majflt/s     VSZ     RSS   %MEM  Command
07:18:16        0    144557      0.00      0.00 2690764   71868   0.46  sync_slam_toolb

07:18:16      UID       PID    %usr %system  %guest   %wait    %CPU   CPU  Command
07:18:17        0    144557   12.00    1.00    0.00    0.00   13.00     0  sync_slam_toolb

07:18:16      UID       PID  minflt/s  majflt/s     VSZ     RSS   %MEM  Command
07:18:17        0    144557      0.00      0.00 2690764   71868   0.46  sync_slam_toolb

07:18:17      UID       PID    %usr %system  %guest   %wait    %CPU   CPU  Command
07:18:18        0    144557   12.00    0.00    0.00    0.00   12.00     0  sync_slam_toolb

07:18:17      UID       PID  minflt/s  majflt/s     VSZ     RSS   %MEM  Command
07:18:18        0    144557      0.00      0.00 2690764   71868   0.46  sync_slam_toolb

07:18:18      UID       PID    %usr %system  %guest   %wait    %CPU   CPU  Command
07:18:19        0    144557   11.00    1.00    0.00    0.00   12.00    10  sync_slam_toolb

07:18:18      UID       PID  minflt/s  majflt/s     VSZ     RSS   %MEM  Command
07:18:19        0    144557      0.00      0.00 2690764   71868   0.46  sync_slam_toolb

07:18:19      UID       PID    %usr %system  %guest   %wait    %CPU   CPU  Command
07:18:20        0    144557   13.00    1.00    0.00    0.00   14.00     8  sync_slam_toolb

07:18:19      UID       PID  minflt/s  majflt/s     VSZ     RSS   %MEM  Command
07:18:20        0    144557      0.00      0.00 2690764   71868   0.46  sync_slam_toolb

07:18:20      UID       PID    %usr %system  %guest   %wait    %CPU   CPU  Command
07:18:21        0    144557   12.00    0.00    0.00    0.00   12.00     3  sync_slam_toolb

07:18:20      UID       PID  minflt/s  majflt/s     VSZ     RSS   %MEM  Command
07:18:21        0    144557      0.00      0.00 2690764   71868   0.46  sync_slam_toolb

07:18:21      UID       PID    %usr %system  %guest   %wait    %CPU   CPU  Command
07:18:22        0    144557   12.00    1.00    0.00    0.00   13.00     3  sync_slam_toolb

07:18:21      UID       PID  minflt/s  majflt/s     VSZ     RSS   %MEM  Command
07:18:22        0    144557      0.00      0.00 2690764   71868   0.46  sync_slam_toolb

07:18:22      UID       PID    %usr %system  %guest   %wait    %CPU   CPU  Command
07:18:23        0    144557   13.00    0.00    0.00    0.00   13.00     3  sync_slam_toolb

07:18:22      UID       PID  minflt/s  majflt/s     VSZ     RSS   %MEM  Command
07:18:23        0    144557      0.00      0.00 2690764   71868   0.46  sync_slam_toolb

07:18:23      UID       PID    %usr %system  %guest   %wait    %CPU   CPU  Command
07:18:24        0    144557   11.00    1.00    0.00    0.00   12.00     8  sync_slam_toolb

07:18:23      UID       PID  minflt/s  majflt/s     VSZ     RSS   %MEM  Command
07:18:24        0    144557      0.00      0.00 2690764   71868   0.46  sync_slam_toolb

07:18:24      UID       PID    %usr %system  %guest   %wait    %CPU   CPU  Command
07:18:25        0    144557   13.00    0.00    0.00    0.00   13.00     8  sync_slam_toolb

07:18:24      UID       PID  minflt/s  majflt/s     VSZ     RSS   %MEM  Command
07:18:25        0    144557      0.00      0.00 2690764   71868   0.46  sync_slam_toolb

07:18:25      UID       PID    %usr %system  %guest   %wait    %CPU   CPU  Command
07:18:26        0    144557   12.00    1.00    0.00    0.00   13.00     3  sync_slam_toolb

07:18:25      UID       PID  minflt/s  majflt/s     VSZ     RSS   %MEM  Command
07:18:26        0    144557      0.00      0.00 2690764   71868   0.46  sync_slam_toolb

07:18:26      UID       PID    %usr %system  %guest   %wait    %CPU   CPU  Command
07:18:27        0    144557   14.00    0.00    0.00    0.00   14.00     8  sync_slam_toolb

07:18:26      UID       PID  minflt/s  majflt/s     VSZ     RSS   %MEM  Command
07:18:27        0    144557      0.00      0.00 2690764   71868   0.46  sync_slam_toolb

07:18:27      UID       PID    %usr %system  %guest   %wait    %CPU   CPU  Command
07:18:28        0    144557   12.00    1.00    0.00    0.00   13.00     8  sync_slam_toolb

07:18:27      UID       PID  minflt/s  majflt/s     VSZ     RSS   %MEM  Command
07:18:28        0    144557      0.00      0.00 2690764   71868   0.46  sync_slam_toolb

07:18:28      UID       PID    %usr %system  %guest   %wait    %CPU   CPU  Command
07:18:29        0    144557   15.00    1.00    0.00    0.00   16.00    10  sync_slam_toolb

07:18:28      UID       PID  minflt/s  majflt/s     VSZ     RSS   %MEM  Command
07:18:29        0    144557      0.00      0.00 2690764   71868   0.46  sync_slam_toolb

07:18:29      UID       PID    %usr %system  %guest   %wait    %CPU   CPU  Command
07:18:30        0    144557   13.00    0.00    0.00    0.00   13.00    14  sync_slam_toolb

07:18:29      UID       PID  minflt/s  majflt/s     VSZ     RSS   %MEM  Command
07:18:30        0    144557      0.00      0.00 2690764   71868   0.46  sync_slam_toolb

07:18:30      UID       PID    %usr %system  %guest   %wait    %CPU   CPU  Command
07:18:31        0    144557   16.00    1.00    0.00    0.00   17.00     4  sync_slam_toolb

07:18:30      UID       PID  minflt/s  majflt/s     VSZ     RSS   %MEM  Command
07:18:31        0    144557      0.00      0.00 2690764   71868   0.46  sync_slam_toolb

07:18:31      UID       PID    %usr %system  %guest   %wait    %CPU   CPU  Command
07:18:32        0    144557   13.00    0.00    0.00    0.00   13.00     2  sync_slam_toolb

07:18:31      UID       PID  minflt/s  majflt/s     VSZ     RSS   %MEM  Command
07:18:32        0    144557      0.00      0.00 2690764   71868   0.46  sync_slam_toolb

07:18:32      UID       PID    %usr %system  %guest   %wait    %CPU   CPU  Command
07:18:33        0    144557   15.00    1.00    0.00    0.00   16.00     0  sync_slam_toolb

07:18:32      UID       PID  minflt/s  majflt/s     VSZ     RSS   %MEM  Command
07:18:33        0    144557      0.00      0.00 2690764   71868   0.46  sync_slam_toolb

07:18:33      UID       PID    %usr %system  %guest   %wait    %CPU   CPU  Command
07:18:34        0    144557   13.00    0.00    0.00    0.00   13.00     9  sync_slam_toolb

07:18:33      UID       PID  minflt/s  majflt/s     VSZ     RSS   %MEM  Command
07:18:34        0    144557      0.00      0.00 2690764   71868   0.46  sync_slam_toolb

07:18:34      UID       PID    %usr %system  %guest   %wait    %CPU   CPU  Command
07:18:35        0    144557   12.00    1.00    0.00    0.00   13.00     9  sync_slam_toolb

07:18:34      UID       PID  minflt/s  majflt/s     VSZ     RSS   %MEM  Command
07:18:35        0    144557      0.00      0.00 2690764   71868   0.46  sync_slam_toolb

07:18:35      UID       PID    %usr %system  %guest   %wait    %CPU   CPU  Command
07:18:36        0    144557   16.00    0.00    0.00    0.00   16.00     8  sync_slam_toolb

07:18:35      UID       PID  minflt/s  majflt/s     VSZ     RSS   %MEM  Command
07:18:36        0    144557      0.00      0.00 2690764   71868   0.46  sync_slam_toolb

07:18:36      UID       PID    %usr %system  %guest   %wait    %CPU   CPU  Command
07:18:37        0    144557   12.00    1.00    0.00    0.00   13.00    10  sync_slam_toolb

07:18:36      UID       PID  minflt/s  majflt/s     VSZ     RSS   %MEM  Command
07:18:37        0    144557      0.00      0.00 2690764   71868   0.46  sync_slam_toolb

07:18:37      UID       PID    %usr %system  %guest   %wait    %CPU   CPU  Command
07:18:38        0    144557   13.00    1.00    0.00    0.00   14.00     6  sync_slam_toolb

07:18:37      UID       PID  minflt/s  majflt/s     VSZ     RSS   %MEM  Command
07:18:38        0    144557      0.00      0.00 2690764   71868   0.46  sync_slam_toolb

07:18:38      UID       PID    %usr %system  %guest   %wait    %CPU   CPU  Command
07:18:39        0    144557   12.00    1.00    0.00    0.00   13.00    10  sync_slam_toolb

07:18:38      UID       PID  minflt/s  majflt/s     VSZ     RSS   %MEM  Command
07:18:39        0    144557      0.00      0.00 2690764   71868   0.46  sync_slam_toolb

07:18:39      UID       PID    %usr %system  %guest   %wait    %CPU   CPU  Command
07:18:40        0    144557   12.00    1.00    0.00    0.00   13.00    12  sync_slam_toolb

07:18:39      UID       PID  minflt/s  majflt/s     VSZ     RSS   %MEM  Command
07:18:40        0    144557      0.00      0.00 2690764   71868   0.46  sync_slam_toolb

07:18:40      UID       PID    %usr %system  %guest   %wait    %CPU   CPU  Command
07:18:41        0    144557   12.00    0.00    0.00    0.00   12.00    10  sync_slam_toolb

07:18:40      UID       PID  minflt/s  majflt/s     VSZ     RSS   %MEM  Command
07:18:41        0    144557      0.00      0.00 2690764   71868   0.46  sync_slam_toolb

07:18:41      UID       PID    %usr %system  %guest   %wait    %CPU   CPU  Command
07:18:42        0    144557   12.00    1.00    0.00    0.00   13.00     0  sync_slam_toolb

07:18:41      UID       PID  minflt/s  majflt/s     VSZ     RSS   %MEM  Command
07:18:42        0    144557      0.00      0.00 2690764   71868   0.46  sync_slam_toolb

07:18:42      UID       PID    %usr %system  %guest   %wait    %CPU   CPU  Command
07:18:43        0    144557   13.00    1.00    0.00    0.00   14.00    12  sync_slam_toolb

07:18:42      UID       PID  minflt/s  majflt/s     VSZ     RSS   %MEM  Command
07:18:43        0    144557      0.00      0.00 2690764   71868   0.46  sync_slam_toolb

07:18:43      UID       PID    %usr %system  %guest   %wait    %CPU   CPU  Command
07:18:44        0    144557   13.00    0.00    0.00    0.00   13.00    14  sync_slam_toolb

07:18:43      UID       PID  minflt/s  majflt/s     VSZ     RSS   %MEM  Command
07:18:44        0    144557      0.00      0.00 2690764   71868   0.46  sync_slam_toolb

07:18:44      UID       PID    %usr %system  %guest   %wait    %CPU   CPU  Command
07:18:45        0    144557   12.00    1.00    0.00    0.00   13.00    12  sync_slam_toolb

07:18:44      UID       PID  minflt/s  majflt/s     VSZ     RSS   %MEM  Command
07:18:45        0    144557      0.00      0.00 2690764   71868   0.46  sync_slam_toolb

07:18:45      UID       PID    %usr %system  %guest   %wait    %CPU   CPU  Command
07:18:46        0    144557   12.00    1.00    0.00    0.00   13.00    14  sync_slam_toolb

07:18:45      UID       PID  minflt/s  majflt/s     VSZ     RSS   %MEM  Command
07:18:46        0    144557      0.00      0.00 2690764   71868   0.46  sync_slam_toolb

07:18:46      UID       PID    %usr %system  %guest   %wait    %CPU   CPU  Command
07:18:47        0    144557   12.00    1.00    0.00    0.00   13.00    14  sync_slam_toolb

07:18:46      UID       PID  minflt/s  majflt/s     VSZ     RSS   %MEM  Command
07:18:47        0    144557      0.00      0.00 2690764   71868   0.46  sync_slam_toolb

07:18:47      UID       PID    %usr %system  %guest   %wait    %CPU   CPU  Command
07:18:48        0    144557   16.00    1.00    0.00    0.00   17.00    10  sync_slam_toolb

07:18:47      UID       PID  minflt/s  majflt/s     VSZ     RSS   %MEM  Command
07:18:48        0    144557      0.00      0.00 2690764   71868   0.46  sync_slam_toolb

07:18:48      UID       PID    %usr %system  %guest   %wait    %CPU   CPU  Command
07:18:49        0    144557   12.00    0.00    0.00    0.00   12.00     6  sync_slam_toolb

07:18:48      UID       PID  minflt/s  majflt/s     VSZ     RSS   %MEM  Command
07:18:49        0    144557      0.00      0.00 2690764   71868   0.46  sync_slam_toolb

07:18:49      UID       PID    %usr %system  %guest   %wait    %CPU   CPU  Command
07:18:50        0    144557   13.00    1.00    0.00    0.00   14.00     6  sync_slam_toolb

07:18:49      UID       PID  minflt/s  majflt/s     VSZ     RSS   %MEM  Command
07:18:50        0    144557      0.00      0.00 2690764   71868   0.46  sync_slam_toolb

07:18:50      UID       PID    %usr %system  %guest   %wait    %CPU   CPU  Command
07:18:51        0    144557   17.00    0.00    0.00    0.00   17.00     6  sync_slam_toolb

07:18:50      UID       PID  minflt/s  majflt/s     VSZ     RSS   %MEM  Command
07:18:51        0    144557      0.00      0.00 2690764   71868   0.46  sync_slam_toolb

07:18:51      UID       PID    %usr %system  %guest   %wait    %CPU   CPU  Command
07:18:52        0    144557   12.00    1.00    0.00    0.00   13.00     4  sync_slam_toolb

07:18:51      UID       PID  minflt/s  majflt/s     VSZ     RSS   %MEM  Command
07:18:52        0    144557      0.00      0.00 2690764   71868   0.46  sync_slam_toolb

07:18:52      UID       PID    %usr %system  %guest   %wait    %CPU   CPU  Command
07:18:53        0    144557   15.00    1.00    0.00    0.00   16.00     5  sync_slam_toolb

07:18:52      UID       PID  minflt/s  majflt/s     VSZ     RSS   %MEM  Command
07:18:53        0    144557      0.00      0.00 2690764   71868   0.46  sync_slam_toolb

07:18:53      UID       PID    %usr %system  %guest   %wait    %CPU   CPU  Command
07:18:54        0    144557   13.00    0.00    0.00    0.00   13.00     5  sync_slam_toolb

07:18:53      UID       PID  minflt/s  majflt/s     VSZ     RSS   %MEM  Command
07:18:54        0    144557      0.00      0.00 2690764   71868   0.46  sync_slam_toolb

07:18:54      UID       PID    %usr %system  %guest   %wait    %CPU   CPU  Command
07:18:55        0    144557   13.00    1.00    0.00    0.00   14.00     6  sync_slam_toolb

07:18:54      UID       PID  minflt/s  majflt/s     VSZ     RSS   %MEM  Command
07:18:55        0    144557      0.00      0.00 2690764   71868   0.46  sync_slam_toolb

07:18:55      UID       PID    %usr %system  %guest   %wait    %CPU   CPU  Command
07:18:56        0    144557   16.00    0.00    0.00    0.00   16.00     6  sync_slam_toolb

07:18:55      UID       PID  minflt/s  majflt/s     VSZ     RSS   %MEM  Command
07:18:56        0    144557      0.00      0.00 2690764   71868   0.46  sync_slam_toolb

07:18:56      UID       PID    %usr %system  %guest   %wait    %CPU   CPU  Command
07:18:57        0    144557   12.00    1.00    0.00    0.00   13.00    10  sync_slam_toolb

07:18:56      UID       PID  minflt/s  majflt/s     VSZ     RSS   %MEM  Command
07:18:57        0    144557      0.00      0.00 2690764   71868   0.46  sync_slam_toolb

07:18:57      UID       PID    %usr %system  %guest   %wait    %CPU   CPU  Command
07:18:58        0    144557   17.00    1.00    0.00    0.00   18.00     0  sync_slam_toolb

07:18:57      UID       PID  minflt/s  majflt/s     VSZ     RSS   %MEM  Command
07:18:58        0    144557      0.00      0.00 2690764   71868   0.46  sync_slam_toolb

07:18:58      UID       PID    %usr %system  %guest   %wait    %CPU   CPU  Command
07:18:59        0    144557   12.00    1.00    0.00    0.00   13.00     8  sync_slam_toolb

07:18:58      UID       PID  minflt/s  majflt/s     VSZ     RSS   %MEM  Command
07:18:59        0    144557      0.00      0.00 2690764   71868   0.46  sync_slam_toolb

07:18:59      UID       PID    %usr %system  %guest   %wait    %CPU   CPU  Command
07:19:00        0    144557   13.00    0.00    0.00    0.00   13.00     9  sync_slam_toolb

07:18:59      UID       PID  minflt/s  majflt/s     VSZ     RSS   %MEM  Command
07:19:00        0    144557      0.00      0.00 2690764   71868   0.46  sync_slam_toolb

07:19:00      UID       PID    %usr %system  %guest   %wait    %CPU   CPU  Command
07:19:01        0    144557   16.00    1.00    0.00    0.00   17.00     9  sync_slam_toolb

07:19:00      UID       PID  minflt/s  majflt/s     VSZ     RSS   %MEM  Command
07:19:01        0    144557      0.00      0.00 2690764   71868   0.46  sync_slam_toolb

07:19:01      UID       PID    %usr %system  %guest   %wait    %CPU   CPU  Command
07:19:02        0    144557   13.00    1.00    0.00    0.00   14.00    12  sync_slam_toolb

07:19:01      UID       PID  minflt/s  majflt/s     VSZ     RSS   %MEM  Command
07:19:02        0    144557      0.00      0.00 2690764   71868   0.46  sync_slam_toolb

07:19:02      UID       PID    %usr %system  %guest   %wait    %CPU   CPU  Command
07:19:03        0    144557   13.00    0.00    0.00    0.00   13.00    12  sync_slam_toolb

07:19:02      UID       PID  minflt/s  majflt/s     VSZ     RSS   %MEM  Command
07:19:03        0    144557      0.00      0.00 2690764   71868   0.46  sync_slam_toolb

07:19:03      UID       PID    %usr %system  %guest   %wait    %CPU   CPU  Command
07:19:04        0    144557   12.00    1.00    0.00    0.00   13.00     9  sync_slam_toolb

07:19:03      UID       PID  minflt/s  majflt/s     VSZ     RSS   %MEM  Command
07:19:04        0    144557      0.00      0.00 2690764   71868   0.46  sync_slam_toolb

07:19:04      UID       PID    %usr %system  %guest   %wait    %CPU   CPU  Command
07:19:05        0    144557   13.00    0.00    0.00    0.00   13.00     9  sync_slam_toolb

07:19:04      UID       PID  minflt/s  majflt/s     VSZ     RSS   %MEM  Command
07:19:05        0    144557      0.00      0.00 2690764   71868   0.46  sync_slam_toolb

07:19:05      UID       PID    %usr %system  %guest   %wait    %CPU   CPU  Command
07:19:06        0    144557   12.00    1.00    0.00    0.00   13.00     6  sync_slam_toolb

07:19:05      UID       PID  minflt/s  majflt/s     VSZ     RSS   %MEM  Command
07:19:06        0    144557      0.00      0.00 2690764   71868   0.46  sync_slam_toolb

07:19:06      UID       PID    %usr %system  %guest   %wait    %CPU   CPU  Command
07:19:07        0    144557   16.00    1.00    0.00    0.00   17.00     0  sync_slam_toolb

07:19:06      UID       PID  minflt/s  majflt/s     VSZ     RSS   %MEM  Command
07:19:07        0    144557      0.00      0.00 2690764   71868   0.46  sync_slam_toolb

07:19:07      UID       PID    %usr %system  %guest   %wait    %CPU   CPU  Command
07:19:08        0    144557   13.00    0.00    0.00    0.00   13.00     0  sync_slam_toolb

07:19:07      UID       PID  minflt/s  majflt/s     VSZ     RSS   %MEM  Command
07:19:08        0    144557      0.00      0.00 2690764   71868   0.46  sync_slam_toolb

07:19:08      UID       PID    %usr %system  %guest   %wait    %CPU   CPU  Command
07:19:09        0    144557   12.00    1.00    0.00    0.00   13.00     8  sync_slam_toolb

07:19:08      UID       PID  minflt/s  majflt/s     VSZ     RSS   %MEM  Command
07:19:09        0    144557      0.00      0.00 2690764   71868   0.46  sync_slam_toolb

07:19:09      UID       PID    %usr %system  %guest   %wait    %CPU   CPU  Command
07:19:10        0    144557   16.00    0.00    0.00    0.00   16.00     2  sync_slam_toolb

07:19:09      UID       PID  minflt/s  majflt/s     VSZ     RSS   %MEM  Command
07:19:10        0    144557      0.00      0.00 2690764   71868   0.46  sync_slam_toolb

07:19:10      UID       PID    %usr %system  %guest   %wait    %CPU   CPU  Command
07:19:11        0    144557   12.00    1.00    0.00    0.00   13.00     2  sync_slam_toolb

07:19:10      UID       PID  minflt/s  majflt/s     VSZ     RSS   %MEM  Command
07:19:11        0    144557      0.00      0.00 2690764   71868   0.46  sync_slam_toolb

07:19:11      UID       PID    %usr %system  %guest   %wait    %CPU   CPU  Command
07:19:12        0    144557   13.00    0.00    0.00    0.00   13.00     2  sync_slam_toolb

07:19:11      UID       PID  minflt/s  majflt/s     VSZ     RSS   %MEM  Command
07:19:12        0    144557      0.00      0.00 2690764   71868   0.46  sync_slam_toolb

07:19:12      UID       PID    %usr %system  %guest   %wait    %CPU   CPU  Command
07:19:13        0    144557   15.00    2.00    0.00    0.00   17.00     4  sync_slam_toolb

07:19:12      UID       PID  minflt/s  majflt/s     VSZ     RSS   %MEM  Command
07:19:13        0    144557      0.00      0.00 2690764   71868   0.46  sync_slam_toolb

07:19:13      UID       PID    %usr %system  %guest   %wait    %CPU   CPU  Command
07:19:14        0    144557   13.00    0.00    0.00    0.00   13.00     0  sync_slam_toolb

07:19:13      UID       PID  minflt/s  majflt/s     VSZ     RSS   %MEM  Command
07:19:14        0    144557      0.00      0.00 2690764   71868   0.46  sync_slam_toolb

07:19:14      UID       PID    %usr %system  %guest   %wait    %CPU   CPU  Command
07:19:15        0    144557   12.00    1.00    0.00    0.00   13.00    12  sync_slam_toolb

07:19:14      UID       PID  minflt/s  majflt/s     VSZ     RSS   %MEM  Command
07:19:15        0    144557      0.00      0.00 2690764   71868   0.46  sync_slam_toolb

07:19:15      UID       PID    %usr %system  %guest   %wait    %CPU   CPU  Command
07:19:16        0    144557   17.00    0.00    0.00    0.00   17.00    12  sync_slam_toolb

07:19:15      UID       PID  minflt/s  majflt/s     VSZ     RSS   %MEM  Command
07:19:16        0    144557      0.00      0.00 2690764   71868   0.46  sync_slam_toolb

07:19:16      UID       PID    %usr %system  %guest   %wait    %CPU   CPU  Command
07:19:17        0    144557   13.00    1.00    0.00    0.00   14.00    10  sync_slam_toolb

07:19:16      UID       PID  minflt/s  majflt/s     VSZ     RSS   %MEM  Command
07:19:17        0    144557      0.00      0.00 2690764   71868   0.46  sync_slam_toolb

07:19:17      UID       PID    %usr %system  %guest   %wait    %CPU   CPU  Command
07:19:18        0    144557   12.00    0.00    0.00    0.00   12.00    10  sync_slam_toolb

07:19:17      UID       PID  minflt/s  majflt/s     VSZ     RSS   %MEM  Command
07:19:18        0    144557      0.00      0.00 2690764   71868   0.46  sync_slam_toolb

07:19:18      UID       PID    %usr %system  %guest   %wait    %CPU   CPU  Command
07:19:19        0    144557   17.00    1.00    0.00    0.00   18.00     4  sync_slam_toolb

07:19:18      UID       PID  minflt/s  majflt/s     VSZ     RSS   %MEM  Command
07:19:19        0    144557      0.00      0.00 2690764   71868   0.46  sync_slam_toolb

07:19:19      UID       PID    %usr %system  %guest   %wait    %CPU   CPU  Command
07:19:20        0    144557   12.00    1.00    0.00    0.00   13.00     2  sync_slam_toolb

07:19:19      UID       PID  minflt/s  majflt/s     VSZ     RSS   %MEM  Command
07:19:20        0    144557      0.00      0.00 2690764   71868   0.46  sync_slam_toolb

07:19:20      UID       PID    %usr %system  %guest   %wait    %CPU   CPU  Command
07:19:21        0    144557   15.00    1.00    0.00    0.00   16.00     2  sync_slam_toolb

07:19:20      UID       PID  minflt/s  majflt/s     VSZ     RSS   %MEM  Command
07:19:21        0    144557      0.00      0.00 2690764   71868   0.46  sync_slam_toolb

07:19:21      UID       PID    %usr %system  %guest   %wait    %CPU   CPU  Command
07:19:22        0    144557   13.00    1.00    0.00    0.00   14.00    10  sync_slam_toolb

07:19:21      UID       PID  minflt/s  majflt/s     VSZ     RSS   %MEM  Command
07:19:22        0    144557      0.00      0.00 2690764   71868   0.46  sync_slam_toolb

07:19:22      UID       PID    %usr %system  %guest   %wait    %CPU   CPU  Command
07:19:23        0    144557   15.00    0.00    0.00    0.00   15.00     2  sync_slam_toolb

07:19:22      UID       PID  minflt/s  majflt/s     VSZ     RSS   %MEM  Command
07:19:23        0    144557      0.00      0.00 2690764   71868   0.46  sync_slam_toolb

07:19:23      UID       PID    %usr %system  %guest   %wait    %CPU   CPU  Command
07:19:24        0    144557   12.00    1.00    0.00    0.00   13.00     2  sync_slam_toolb

07:19:23      UID       PID  minflt/s  majflt/s     VSZ     RSS   %MEM  Command
07:19:24        0    144557      0.00      0.00 2690764   71868   0.46  sync_slam_toolb

07:19:24      UID       PID    %usr %system  %guest   %wait    %CPU   CPU  Command
07:19:25        0    144557   16.00    1.00    0.00    0.00   17.00     8  sync_slam_toolb

07:19:24      UID       PID  minflt/s  majflt/s     VSZ     RSS   %MEM  Command
07:19:25        0    144557      0.00      0.00 2690764   71868   0.46  sync_slam_toolb

07:19:25      UID       PID    %usr %system  %guest   %wait    %CPU   CPU  Command
07:19:26        0    144557   12.00    1.00    0.00    0.00   13.00     8  sync_slam_toolb

07:19:25      UID       PID  minflt/s  majflt/s     VSZ     RSS   %MEM  Command
07:19:26        0    144557     44.00      0.00 2690764   71996   0.46  sync_slam_toolb

07:19:26      UID       PID    %usr %system  %guest   %wait    %CPU   CPU  Command
07:19:27        0    144557   13.00    0.00    0.00    0.00   13.00     2  sync_slam_toolb

07:19:26      UID       PID  minflt/s  majflt/s     VSZ     RSS   %MEM  Command
07:19:27        0    144557      8.00      0.00 2690764   71996   0.46  sync_slam_toolb

07:19:27      UID       PID    %usr %system  %guest   %wait    %CPU   CPU  Command
07:19:28        0    144557   15.84    0.99    0.00    0.00   16.83     8  sync_slam_toolb

07:19:27      UID       PID  minflt/s  majflt/s     VSZ     RSS   %MEM  Command
07:19:28        0    144557      0.00      0.00 2690764   71996   0.46  sync_slam_toolb

07:19:28      UID       PID    %usr %system  %guest   %wait    %CPU   CPU  Command
07:19:29        0    144557   13.00    0.00    0.00    0.00   13.00     3  sync_slam_toolb

07:19:28      UID       PID  minflt/s  majflt/s     VSZ     RSS   %MEM  Command
07:19:29        0    144557      0.00      0.00 2690764   71996   0.46  sync_slam_toolb

07:19:29      UID       PID    %usr %system  %guest   %wait    %CPU   CPU  Command
07:19:30        0    144557   17.00    1.00    0.00    0.00   18.00     6  sync_slam_toolb

07:19:29      UID       PID  minflt/s  majflt/s     VSZ     RSS   %MEM  Command
07:19:30        0    144557      0.00      0.00 2690764   71996   0.46  sync_slam_toolb

07:19:30      UID       PID    %usr %system  %guest   %wait    %CPU   CPU  Command
07:19:31        0    144557   13.00    0.00    0.00    0.00   13.00     6  sync_slam_toolb

07:19:30      UID       PID  minflt/s  majflt/s     VSZ     RSS   %MEM  Command
07:19:31        0    144557      0.00      0.00 2690764   71996   0.46  sync_slam_toolb

07:19:31      UID       PID    %usr %system  %guest   %wait    %CPU   CPU  Command
07:19:32        0    144557   17.00    1.00    0.00    0.00   18.00     6  sync_slam_toolb

07:19:31      UID       PID  minflt/s  majflt/s     VSZ     RSS   %MEM  Command
07:19:32        0    144557      0.00      0.00 2690764   71996   0.46  sync_slam_toolb

07:19:32      UID       PID    %usr %system  %guest   %wait    %CPU   CPU  Command
07:19:33        0    144557   13.00    0.00    0.00    0.00   13.00     8  sync_slam_toolb

07:19:32      UID       PID  minflt/s  majflt/s     VSZ     RSS   %MEM  Command
07:19:33        0    144557      0.00      0.00 2690764   71996   0.46  sync_slam_toolb

07:19:33      UID       PID    %usr %system  %guest   %wait    %CPU   CPU  Command
07:19:34        0    144557   16.00    2.00    0.00    0.00   18.00     0  sync_slam_toolb

07:19:33      UID       PID  minflt/s  majflt/s     VSZ     RSS   %MEM  Command
07:19:34        0    144557      0.00      0.00 2690764   71996   0.46  sync_slam_toolb

07:19:34      UID       PID    %usr %system  %guest   %wait    %CPU   CPU  Command
07:19:35        0    144557   13.00    0.00    0.00    0.00   13.00     2  sync_slam_toolb

07:19:34      UID       PID  minflt/s  majflt/s     VSZ     RSS   %MEM  Command
07:19:35        0    144557      0.00      0.00 2690764   71996   0.46  sync_slam_toolb

07:19:35      UID       PID    %usr %system  %guest   %wait    %CPU   CPU  Command
07:19:36        0    144557   14.00    0.00    0.00    0.00   14.00     6  sync_slam_toolb

07:19:35      UID       PID  minflt/s  majflt/s     VSZ     RSS   %MEM  Command
07:19:36        0    144557      0.00      0.00 2690764   71996   0.46  sync_slam_toolb

07:19:36      UID       PID    %usr %system  %guest   %wait    %CPU   CPU  Command
07:19:37        0    144557   16.00    1.00    0.00    0.00   17.00     2  sync_slam_toolb

07:19:36      UID       PID  minflt/s  majflt/s     VSZ     RSS   %MEM  Command
07:19:37        0    144557      0.00      0.00 2690764   71996   0.46  sync_slam_toolb

07:19:37      UID       PID    %usr %system  %guest   %wait    %CPU   CPU  Command
07:19:38        0    144557   13.00    1.00    0.00    0.00   14.00    13  sync_slam_toolb

07:19:37      UID       PID  minflt/s  majflt/s     VSZ     RSS   %MEM  Command
07:19:38        0    144557      0.00      0.00 2690764   71996   0.46  sync_slam_toolb

07:19:38      UID       PID    %usr %system  %guest   %wait    %CPU   CPU  Command
07:19:39        0    144557   13.00    0.00    0.00    0.00   13.00     3  sync_slam_toolb

07:19:38      UID       PID  minflt/s  majflt/s     VSZ     RSS   %MEM  Command
07:19:39        0    144557      0.00      0.00 2690764   71996   0.46  sync_slam_toolb

07:19:39      UID       PID    %usr %system  %guest   %wait    %CPU   CPU  Command
07:19:40        0    144557   17.00    1.00    0.00    0.00   18.00     2  sync_slam_toolb

07:19:39      UID       PID  minflt/s  majflt/s     VSZ     RSS   %MEM  Command
07:19:40        0    144557      0.00      0.00 2690764   71996   0.46  sync_slam_toolb

07:19:40      UID       PID    %usr %system  %guest   %wait    %CPU   CPU  Command
07:19:41        0    144557   12.00    1.00    0.00    0.00   13.00     2  sync_slam_toolb

07:19:40      UID       PID  minflt/s  majflt/s     VSZ     RSS   %MEM  Command
07:19:41        0    144557      0.00      0.00 2690764   71996   0.46  sync_slam_toolb

07:19:41      UID       PID    %usr %system  %guest   %wait    %CPU   CPU  Command
07:19:42        0    144557   11.00    2.00    0.00    0.00   13.00     2  sync_slam_toolb

07:19:41      UID       PID  minflt/s  majflt/s     VSZ     RSS   %MEM  Command
07:19:42        0    144557      0.00      0.00 2690764   71996   0.46  sync_slam_toolb

07:19:42      UID       PID    %usr %system  %guest   %wait    %CPU   CPU  Command
07:19:43        0    144557   16.00    1.00    0.00    0.00   17.00     0  sync_slam_toolb

07:19:42      UID       PID  minflt/s  majflt/s     VSZ     RSS   %MEM  Command
07:19:43        0    144557      0.00      0.00 2690764   71996   0.46  sync_slam_toolb

07:19:43      UID       PID    %usr %system  %guest   %wait    %CPU   CPU  Command
07:19:44        0    144557   12.00    1.00    0.00    0.00   13.00    14  sync_slam_toolb

07:19:43      UID       PID  minflt/s  majflt/s     VSZ     RSS   %MEM  Command
07:19:44        0    144557      0.00      0.00 2690764   71996   0.46  sync_slam_toolb

07:19:44      UID       PID    %usr %system  %guest   %wait    %CPU   CPU  Command
07:19:45        0    144557   17.00    2.00    0.00    0.00   19.00     2  sync_slam_toolb

07:19:44      UID       PID  minflt/s  majflt/s     VSZ     RSS   %MEM  Command
07:19:45        0    144557      0.00      0.00 2690764   71996   0.46  sync_slam_toolb

07:19:45      UID       PID    %usr %system  %guest   %wait    %CPU   CPU  Command
07:19:46        0    144557   12.00    1.00    0.00    0.00   13.00     8  sync_slam_toolb

07:19:45      UID       PID  minflt/s  majflt/s     VSZ     RSS   %MEM  Command
07:19:46        0    144557      0.00      0.00 2690764   71996   0.46  sync_slam_toolb

07:19:46      UID       PID    %usr %system  %guest   %wait    %CPU   CPU  Command
07:19:47        0    144557   15.00    1.00    0.00    0.00   16.00     0  sync_slam_toolb

07:19:46      UID       PID  minflt/s  majflt/s     VSZ     RSS   %MEM  Command
07:19:47        0    144557      0.00      0.00 2690764   71996   0.46  sync_slam_toolb

07:19:47      UID       PID    %usr %system  %guest   %wait    %CPU   CPU  Command
07:19:48        0    144557   13.00    1.00    0.00    0.00   14.00     0  sync_slam_toolb

07:19:47      UID       PID  minflt/s  majflt/s     VSZ     RSS   %MEM  Command
07:19:48        0    144557      2.00      0.00 2690764   71996   0.46  sync_slam_toolb

07:19:48      UID       PID    %usr %system  %guest   %wait    %CPU   CPU  Command
07:19:49        0    144557   12.00    1.00    0.00    0.00   13.00     0  sync_slam_toolb

07:19:48      UID       PID  minflt/s  majflt/s     VSZ     RSS   %MEM  Command
07:19:49        0    144557      1.00      0.00 2690764   71996   0.46  sync_slam_toolb

07:19:49      UID       PID    %usr %system  %guest   %wait    %CPU   CPU  Command
07:19:50        0    144557   16.00    1.00    0.00    0.00   17.00     8  sync_slam_toolb

07:19:49      UID       PID  minflt/s  majflt/s     VSZ     RSS   %MEM  Command
07:19:50        0    144557      0.00      0.00 2690764   71996   0.46  sync_slam_toolb

07:19:50      UID       PID    %usr %system  %guest   %wait    %CPU   CPU  Command
07:19:51        0    144557   12.00    1.00    0.00    0.00   13.00     2  sync_slam_toolb

07:19:50      UID       PID  minflt/s  majflt/s     VSZ     RSS   %MEM  Command
07:19:51        0    144557      0.00      0.00 2690764   71996   0.46  sync_slam_toolb

07:19:51      UID       PID    %usr %system  %guest   %wait    %CPU   CPU  Command
07:19:52        0    144557   13.00    0.00    0.00    0.00   13.00     2  sync_slam_toolb

07:19:51      UID       PID  minflt/s  majflt/s     VSZ     RSS   %MEM  Command
07:19:52        0    144557      0.00      0.00 2690764   71996   0.46  sync_slam_toolb

07:19:52      UID       PID    %usr %system  %guest   %wait    %CPU   CPU  Command
07:19:53        0    144557   16.00    1.00    0.00    0.00   17.00     0  sync_slam_toolb

07:19:52      UID       PID  minflt/s  majflt/s     VSZ     RSS   %MEM  Command
07:19:53        0    144557      0.00      0.00 2690764   71996   0.46  sync_slam_toolb

07:19:53      UID       PID    %usr %system  %guest   %wait    %CPU   CPU  Command
07:19:54        0    144557   13.00    1.00    0.00    0.00   14.00     6  sync_slam_toolb

07:19:53      UID       PID  minflt/s  majflt/s     VSZ     RSS   %MEM  Command
07:19:54        0    144557      0.00      0.00 2690764   71996   0.46  sync_slam_toolb

07:19:54      UID       PID    %usr %system  %guest   %wait    %CPU   CPU  Command
07:19:55        0    144557   16.00    1.00    0.00    0.00   17.00     2  sync_slam_toolb

07:19:54      UID       PID  minflt/s  majflt/s     VSZ     RSS   %MEM  Command
07:19:55        0    144557      0.00      0.00 2690764   71996   0.46  sync_slam_toolb

07:19:55      UID       PID    %usr %system  %guest   %wait    %CPU   CPU  Command
07:19:56        0    144557   12.00    1.00    0.00    0.00   13.00     2  sync_slam_toolb

07:19:55      UID       PID  minflt/s  majflt/s     VSZ     RSS   %MEM  Command
07:19:56        0    144557      0.00      0.00 2690764   71996   0.46  sync_slam_toolb

07:19:56      UID       PID    %usr %system  %guest   %wait    %CPU   CPU  Command
07:19:57        0    144557   16.00    1.00    0.00    0.00   17.00     2  sync_slam_toolb

07:19:56      UID       PID  minflt/s  majflt/s     VSZ     RSS   %MEM  Command
07:19:57        0    144557      0.00      0.00 2690764   71996   0.46  sync_slam_toolb

07:19:57      UID       PID    %usr %system  %guest   %wait    %CPU   CPU  Command
07:19:58        0    144557   13.00    1.00    0.00    0.00   14.00     2  sync_slam_toolb

07:19:57      UID       PID  minflt/s  majflt/s     VSZ     RSS   %MEM  Command
07:19:58        0    144557      0.00      0.00 2690764   71996   0.46  sync_slam_toolb

07:19:58      UID       PID    %usr %system  %guest   %wait    %CPU   CPU  Command
07:19:59        0    144557   13.00    1.00    0.00    0.00   14.00     2  sync_slam_toolb

07:19:58      UID       PID  minflt/s  majflt/s     VSZ     RSS   %MEM  Command
07:19:59        0    144557      0.00      0.00 2690764   71996   0.46  sync_slam_toolb

07:19:59      UID       PID    %usr %system  %guest   %wait    %CPU   CPU  Command
07:20:00        0    144557   16.00    1.00    0.00    0.00   17.00     2  sync_slam_toolb

07:19:59      UID       PID  minflt/s  majflt/s     VSZ     RSS   %MEM  Command
07:20:00        0    144557      0.00      0.00 2690764   71996   0.46  sync_slam_toolb

07:20:00      UID       PID    %usr %system  %guest   %wait    %CPU   CPU  Command
07:20:01        0    144557   13.00    1.00    0.00    0.00   14.00    10  sync_slam_toolb

07:20:00      UID       PID  minflt/s  majflt/s     VSZ     RSS   %MEM  Command
07:20:01        0    144557      0.00      0.00 2690764   71996   0.46  sync_slam_toolb

07:20:01      UID       PID    %usr %system  %guest   %wait    %CPU   CPU  Command
07:20:02        0    144557   16.00    1.00    0.00    0.00   17.00     8  sync_slam_toolb

07:20:01      UID       PID  minflt/s  majflt/s     VSZ     RSS   %MEM  Command
07:20:02        0    144557      0.00      0.00 2690764   71996   0.46  sync_slam_toolb

07:20:02      UID       PID    %usr %system  %guest   %wait    %CPU   CPU  Command
07:20:03        0    144557   12.00    0.00    0.00    0.00   12.00    10  sync_slam_toolb

07:20:02      UID       PID  minflt/s  majflt/s     VSZ     RSS   %MEM  Command
07:20:03        0    144557      0.00      0.00 2690764   71996   0.46  sync_slam_toolb

07:20:03      UID       PID    %usr %system  %guest   %wait    %CPU   CPU  Command
07:20:04        0    144557   17.00    1.00    0.00    0.00   18.00     4  sync_slam_toolb

07:20:03      UID       PID  minflt/s  majflt/s     VSZ     RSS   %MEM  Command
07:20:04        0    144557      0.00      0.00 2690764   71996   0.46  sync_slam_toolb

07:20:04      UID       PID    %usr %system  %guest   %wait    %CPU   CPU  Command
07:20:05        0    144557   13.00    0.00    0.00    0.00   13.00    12  sync_slam_toolb

07:20:04      UID       PID  minflt/s  majflt/s     VSZ     RSS   %MEM  Command
07:20:05        0    144557      0.00      0.00 2690764   71996   0.46  sync_slam_toolb

07:20:05      UID       PID    %usr %system  %guest   %wait    %CPU   CPU  Command
07:20:06        0    144557   17.00    1.00    0.00    0.00   18.00    12  sync_slam_toolb

07:20:05      UID       PID  minflt/s  majflt/s     VSZ     RSS   %MEM  Command
07:20:06        0    144557      0.00      0.00 2690764   71996   0.46  sync_slam_toolb

07:20:06      UID       PID    %usr %system  %guest   %wait    %CPU   CPU  Command
07:20:07        0    144557   13.00    1.00    0.00    0.00   14.00     8  sync_slam_toolb

07:20:06      UID       PID  minflt/s  majflt/s     VSZ     RSS   %MEM  Command
07:20:07        0    144557      0.00      0.00 2690764   71996   0.46  sync_slam_toolb

07:20:07      UID       PID    %usr %system  %guest   %wait    %CPU   CPU  Command
07:20:08        0    144557   13.00    0.00    0.00    0.00   13.00     8  sync_slam_toolb

07:20:07      UID       PID  minflt/s  majflt/s     VSZ     RSS   %MEM  Command
07:20:08        0    144557      0.00      0.00 2690764   71996   0.46  sync_slam_toolb

07:20:08      UID       PID    %usr %system  %guest   %wait    %CPU   CPU  Command
07:20:09        0    144557   17.00    0.00    0.00    0.00   17.00    10  sync_slam_toolb

07:20:08      UID       PID  minflt/s  majflt/s     VSZ     RSS   %MEM  Command
07:20:09        0    144557      0.00      0.00 2690764   71996   0.46  sync_slam_toolb

07:20:09      UID       PID    %usr %system  %guest   %wait    %CPU   CPU  Command
07:20:10        0    144557   13.00    1.00    0.00    0.00   14.00    12  sync_slam_toolb

07:20:09      UID       PID  minflt/s  majflt/s     VSZ     RSS   %MEM  Command
07:20:10        0    144557      0.00      0.00 2690764   71996   0.46  sync_slam_toolb

07:20:10      UID       PID    %usr %system  %guest   %wait    %CPU   CPU  Command
07:20:11        0    144557   15.00    2.00    0.00    0.00   17.00    12  sync_slam_toolb

07:20:10      UID       PID  minflt/s  majflt/s     VSZ     RSS   %MEM  Command
07:20:11        0    144557      0.00      0.00 2690764   71996   0.46  sync_slam_toolb

07:20:11      UID       PID    %usr %system  %guest   %wait    %CPU   CPU  Command
07:20:12        0    144557   14.00    0.00    0.00    0.00   14.00     6  sync_slam_toolb

07:20:11      UID       PID  minflt/s  majflt/s     VSZ     RSS   %MEM  Command
07:20:12        0    144557      0.00      0.00 2690764   71996   0.46  sync_slam_toolb

07:20:12      UID       PID    %usr %system  %guest   %wait    %CPU   CPU  Command
07:20:13        0    144557   16.00    1.00    0.00    0.00   17.00     8  sync_slam_toolb

07:20:12      UID       PID  minflt/s  majflt/s     VSZ     RSS   %MEM  Command
07:20:13        0    144557      0.00      0.00 2690764   71996   0.46  sync_slam_toolb

07:20:13      UID       PID    %usr %system  %guest   %wait    %CPU   CPU  Command
07:20:14        0    144557   13.00    1.00    0.00    0.00   14.00    10  sync_slam_toolb

07:20:13      UID       PID  minflt/s  majflt/s     VSZ     RSS   %MEM  Command
07:20:14        0    144557      0.00      0.00 2690764   71996   0.46  sync_slam_toolb

07:20:14      UID       PID    %usr %system  %guest   %wait    %CPU   CPU  Command
07:20:15        0    144557   13.00    0.00    0.00    0.00   13.00    14  sync_slam_toolb

07:20:14      UID       PID  minflt/s  majflt/s     VSZ     RSS   %MEM  Command
07:20:15        0    144557      0.00      0.00 2690764   71996   0.46  sync_slam_toolb

07:20:15      UID       PID    %usr %system  %guest   %wait    %CPU   CPU  Command
07:20:16        0    144557   12.00    1.00    0.00    0.00   13.00     8  sync_slam_toolb

07:20:15      UID       PID  minflt/s  majflt/s     VSZ     RSS   %MEM  Command
07:20:16        0    144557      0.00      0.00 2690764   71996   0.46  sync_slam_toolb

07:20:16      UID       PID    %usr %system  %guest   %wait    %CPU   CPU  Command
07:20:17        0    144557   13.00    0.00    0.00    0.00   13.00    10  sync_slam_toolb

07:20:16      UID       PID  minflt/s  majflt/s     VSZ     RSS   %MEM  Command
07:20:17        0    144557      0.00      0.00 2690764   71996   0.46  sync_slam_toolb

07:20:17      UID       PID    %usr %system  %guest   %wait    %CPU   CPU  Command
07:20:18        0    144557   13.00    1.00    0.00    0.00   14.00    10  sync_slam_toolb

07:20:17      UID       PID  minflt/s  majflt/s     VSZ     RSS   %MEM  Command
07:20:18        0    144557      0.00      0.00 2690764   71996   0.46  sync_slam_toolb

07:20:18      UID       PID    %usr %system  %guest   %wait    %CPU   CPU  Command
07:20:19        0    144557   12.00    1.00    0.00    0.00   13.00     0  sync_slam_toolb

07:20:18      UID       PID  minflt/s  majflt/s     VSZ     RSS   %MEM  Command
07:20:19        0    144557      0.00      0.00 2690764   71996   0.46  sync_slam_toolb

07:20:19      UID       PID    %usr %system  %guest   %wait    %CPU   CPU  Command
07:20:20        0    144557   16.00    1.00    0.00    0.00   17.00     6  sync_slam_toolb

07:20:19      UID       PID  minflt/s  majflt/s     VSZ     RSS   %MEM  Command
07:20:20        0    144557      0.00      0.00 2690764   71996   0.46  sync_slam_toolb

07:20:20      UID       PID    %usr %system  %guest   %wait    %CPU   CPU  Command
07:20:21        0    144557   12.00    1.00    0.00    0.00   13.00     2  sync_slam_toolb

07:20:20      UID       PID  minflt/s  majflt/s     VSZ     RSS   %MEM  Command
07:20:21        0    144557      0.00      0.00 2690764   71996   0.46  sync_slam_toolb

07:20:21      UID       PID    %usr %system  %guest   %wait    %CPU   CPU  Command
07:20:22        0    144557   13.00    1.00    0.00    0.00   14.00     6  sync_slam_toolb

07:20:21      UID       PID  minflt/s  majflt/s     VSZ     RSS   %MEM  Command
07:20:22        0    144557      0.00      0.00 2690764   71996   0.46  sync_slam_toolb

07:20:22      UID       PID    %usr %system  %guest   %wait    %CPU   CPU  Command
07:20:23        0    144557   15.00    1.00    0.00    0.00   16.00     6  sync_slam_toolb

07:20:22      UID       PID  minflt/s  majflt/s     VSZ     RSS   %MEM  Command
07:20:23        0    144557      0.00      0.00 2690764   71996   0.46  sync_slam_toolb

07:20:23      UID       PID    %usr %system  %guest   %wait    %CPU   CPU  Command
07:20:24        0    144557   14.00    1.00    0.00    0.00   15.00     8  sync_slam_toolb

07:20:23      UID       PID  minflt/s  majflt/s     VSZ     RSS   %MEM  Command
07:20:24        0    144557      0.00      0.00 2690764   71996   0.46  sync_slam_toolb

07:20:24      UID       PID    %usr %system  %guest   %wait    %CPU   CPU  Command
07:20:25        0    144557   16.00    1.00    0.00    0.00   17.00     8  sync_slam_toolb

07:20:24      UID       PID  minflt/s  majflt/s     VSZ     RSS   %MEM  Command
07:20:25        0    144557      0.00      0.00 2690764   71996   0.46  sync_slam_toolb

07:20:25      UID       PID    %usr %system  %guest   %wait    %CPU   CPU  Command
07:20:26        0    144557   12.00    1.00    0.00    0.00   13.00     6  sync_slam_toolb

07:20:25      UID       PID  minflt/s  majflt/s     VSZ     RSS   %MEM  Command
07:20:26        0    144557      0.00      0.00 2690764   71996   0.46  sync_slam_toolb

07:20:26      UID       PID    %usr %system  %guest   %wait    %CPU   CPU  Command
07:20:27        0    144557   16.00    1.00    0.00    0.00   17.00     2  sync_slam_toolb

07:20:26      UID       PID  minflt/s  majflt/s     VSZ     RSS   %MEM  Command
07:20:27        0    144557      0.00      0.00 2690764   71996   0.46  sync_slam_toolb

07:20:27      UID       PID    %usr %system  %guest   %wait    %CPU   CPU  Command
07:20:28        0    144557   13.00    1.00    0.00    0.00   14.00     2  sync_slam_toolb

07:20:27      UID       PID  minflt/s  majflt/s     VSZ     RSS   %MEM  Command
07:20:28        0    144557      0.00      0.00 2690764   71996   0.46  sync_slam_toolb

07:20:28      UID       PID    %usr %system  %guest   %wait    %CPU   CPU  Command
07:20:29        0    144557   16.00    0.00    0.00    0.00   16.00     4  sync_slam_toolb

07:20:28      UID       PID  minflt/s  majflt/s     VSZ     RSS   %MEM  Command
07:20:29        0    144557      0.00      0.00 2690764   71996   0.46  sync_slam_toolb

07:20:29      UID       PID    %usr %system  %guest   %wait    %CPU   CPU  Command
07:20:30        0    144557   13.00    1.00    0.00    0.00   14.00     2  sync_slam_toolb

07:20:29      UID       PID  minflt/s  majflt/s     VSZ     RSS   %MEM  Command
07:20:30        0    144557      0.00      0.00 2690764   71996   0.46  sync_slam_toolb

07:20:30      UID       PID    %usr %system  %guest   %wait    %CPU   CPU  Command
07:20:31        0    144557   14.00    0.00    0.00    0.00   14.00     6  sync_slam_toolb

07:20:30      UID       PID  minflt/s  majflt/s     VSZ     RSS   %MEM  Command
07:20:31        0    144557      0.00      0.00 2690764   71996   0.46  sync_slam_toolb

07:20:31      UID       PID    %usr %system  %guest   %wait    %CPU   CPU  Command
07:20:32        0    144557   16.00    1.00    0.00    0.00   17.00     6  sync_slam_toolb

07:20:31      UID       PID  minflt/s  majflt/s     VSZ     RSS   %MEM  Command
07:20:32        0    144557      0.00      0.00 2690764   71996   0.46  sync_slam_toolb

07:20:32      UID       PID    %usr %system  %guest   %wait    %CPU   CPU  Command
07:20:33        0    144557   12.00    1.00    0.00    0.00   13.00     8  sync_slam_toolb

07:20:32      UID       PID  minflt/s  majflt/s     VSZ     RSS   %MEM  Command
07:20:33        0    144557      0.00      0.00 2690764   71996   0.46  sync_slam_toolb

07:20:33      UID       PID    %usr %system  %guest   %wait    %CPU   CPU  Command
07:20:34        0    144557   16.00    2.00    0.00    0.00   18.00     2  sync_slam_toolb

07:20:33      UID       PID  minflt/s  majflt/s     VSZ     RSS   %MEM  Command
07:20:34        0    144557      0.00      0.00 2690764   71996   0.46  sync_slam_toolb

07:20:34      UID       PID    %usr %system  %guest   %wait    %CPU   CPU  Command
07:20:35        0    144557   13.00    0.00    0.00    0.00   13.00     8  sync_slam_toolb

07:20:34      UID       PID  minflt/s  majflt/s     VSZ     RSS   %MEM  Command
07:20:35        0    144557      0.00      0.00 2690764   71996   0.46  sync_slam_toolb

07:20:35      UID       PID    %usr %system  %guest   %wait    %CPU   CPU  Command
07:20:36        0    144557   15.00    1.00    0.00    0.00   16.00     4  sync_slam_toolb

07:20:35      UID       PID  minflt/s  majflt/s     VSZ     RSS   %MEM  Command
07:20:36        0    144557      0.00      0.00 2690764   71996   0.46  sync_slam_toolb

07:20:36      UID       PID    %usr %system  %guest   %wait    %CPU   CPU  Command
07:20:37        0    144557   12.00    1.00    0.00    0.00   13.00     4  sync_slam_toolb

07:20:36      UID       PID  minflt/s  majflt/s     VSZ     RSS   %MEM  Command
07:20:37        0    144557      0.00      0.00 2690764   71996   0.46  sync_slam_toolb

07:20:37      UID       PID    %usr %system  %guest   %wait    %CPU   CPU  Command
07:20:38        0    144557   16.00    1.00    0.00    0.00   17.00     8  sync_slam_toolb

07:20:37      UID       PID  minflt/s  majflt/s     VSZ     RSS   %MEM  Command
07:20:38        0    144557      0.00      0.00 2690764   71996   0.46  sync_slam_toolb

07:20:38      UID       PID    %usr %system  %guest   %wait    %CPU   CPU  Command
07:20:39        0    144557   13.00    1.00    0.00    0.00   14.00     8  sync_slam_toolb

07:20:38      UID       PID  minflt/s  majflt/s     VSZ     RSS   %MEM  Command
07:20:39        0    144557      0.00      0.00 2690764   71996   0.46  sync_slam_toolb

07:20:39      UID       PID    %usr %system  %guest   %wait    %CPU   CPU  Command
07:20:40        0    144557   13.00    1.00    0.00    0.00   14.00     8  sync_slam_toolb

07:20:39      UID       PID  minflt/s  majflt/s     VSZ     RSS   %MEM  Command
07:20:40        0    144557      0.00      0.00 2690764   71996   0.46  sync_slam_toolb

07:20:40      UID       PID    %usr %system  %guest   %wait    %CPU   CPU  Command
07:20:41        0    144557   16.00    1.00    0.00    0.00   17.00     6  sync_slam_toolb

07:20:40      UID       PID  minflt/s  majflt/s     VSZ     RSS   %MEM  Command
07:20:41        0    144557      0.00      0.00 2690764   71996   0.46  sync_slam_toolb

07:20:41      UID       PID    %usr %system  %guest   %wait    %CPU   CPU  Command
07:20:42        0    144557   14.00    0.00    0.00    0.00   14.00     6  sync_slam_toolb

07:20:41      UID       PID  minflt/s  majflt/s     VSZ     RSS   %MEM  Command
07:20:42        0    144557      0.00      0.00 2690764   71996   0.46  sync_slam_toolb

07:20:42      UID       PID    %usr %system  %guest   %wait    %CPU   CPU  Command
07:20:43        0    144557   15.00    2.00    0.00    0.00   17.00     6  sync_slam_toolb

07:20:42      UID       PID  minflt/s  majflt/s     VSZ     RSS   %MEM  Command
07:20:43        0    144557      0.00      0.00 2690764   71996   0.46  sync_slam_toolb

07:20:43      UID       PID    %usr %system  %guest   %wait    %CPU   CPU  Command
07:20:44        0    144557   13.00    1.00    0.00    0.00   14.00     6  sync_slam_toolb

07:20:43      UID       PID  minflt/s  majflt/s     VSZ     RSS   %MEM  Command
07:20:44        0    144557      0.00      0.00 2690764   71996   0.46  sync_slam_toolb

07:20:44      UID       PID    %usr %system  %guest   %wait    %CPU   CPU  Command
07:20:45        0    144557   17.00    1.00    0.00    0.00   18.00     8  sync_slam_toolb

07:20:44      UID       PID  minflt/s  majflt/s     VSZ     RSS   %MEM  Command
07:20:45        0    144557      0.00      0.00 2690764   71996   0.46  sync_slam_toolb

07:20:45      UID       PID    %usr %system  %guest   %wait    %CPU   CPU  Command
07:20:46        0    144557   13.00    1.00    0.00    0.00   14.00     2  sync_slam_toolb

07:20:45      UID       PID  minflt/s  majflt/s     VSZ     RSS   %MEM  Command
07:20:46        0    144557      0.00      0.00 2690764   71996   0.46  sync_slam_toolb

07:20:46      UID       PID    %usr %system  %guest   %wait    %CPU   CPU  Command
07:20:47        0    144557   14.00    0.00    0.00    0.00   14.00     4  sync_slam_toolb

07:20:46      UID       PID  minflt/s  majflt/s     VSZ     RSS   %MEM  Command
07:20:47        0    144557      0.00      0.00 2690764   71996   0.46  sync_slam_toolb

07:20:47      UID       PID    %usr %system  %guest   %wait    %CPU   CPU  Command
07:20:48        0    144557   17.00    1.00    0.00    0.00   18.00     4  sync_slam_toolb

07:20:47      UID       PID  minflt/s  majflt/s     VSZ     RSS   %MEM  Command
07:20:48        0    144557      0.00      0.00 2690764   71996   0.46  sync_slam_toolb

07:20:48      UID       PID    %usr %system  %guest   %wait    %CPU   CPU  Command
07:20:49        0    144557   14.00    1.00    0.00    0.00   15.00     8  sync_slam_toolb

07:20:48      UID       PID  minflt/s  majflt/s     VSZ     RSS   %MEM  Command
07:20:49        0    144557      0.00      0.00 2690764   71996   0.46  sync_slam_toolb

07:20:49      UID       PID    %usr %system  %guest   %wait    %CPU   CPU  Command
07:20:50        0    144557   13.00    0.00    0.00    0.00   13.00     2  sync_slam_toolb

07:20:49      UID       PID  minflt/s  majflt/s     VSZ     RSS   %MEM  Command
07:20:50        0    144557      0.00      0.00 2690764   71996   0.46  sync_slam_toolb

07:20:50      UID       PID    %usr %system  %guest   %wait    %CPU   CPU  Command
07:20:51        0    144557   13.00    1.00    0.00    0.00   14.00     4  sync_slam_toolb

07:20:50      UID       PID  minflt/s  majflt/s     VSZ     RSS   %MEM  Command
07:20:51        0    144557      0.00      0.00 2690764   71996   0.46  sync_slam_toolb

07:20:51      UID       PID    %usr %system  %guest   %wait    %CPU   CPU  Command
07:20:52        0    144557   15.00    1.00    0.00    0.00   16.00     0  sync_slam_toolb

07:20:51      UID       PID  minflt/s  majflt/s     VSZ     RSS   %MEM  Command
07:20:52        0    144557      0.00      0.00 2690764   71996   0.46  sync_slam_toolb

07:20:52      UID       PID    %usr %system  %guest   %wait    %CPU   CPU  Command
07:20:53        0    144557   12.00    1.00    0.00    0.00   13.00     4  sync_slam_toolb

07:20:52      UID       PID  minflt/s  majflt/s     VSZ     RSS   %MEM  Command
07:20:53        0    144557      0.00      0.00 2690764   71996   0.46  sync_slam_toolb

07:20:53      UID       PID    %usr %system  %guest   %wait    %CPU   CPU  Command
07:20:54        0    144557   18.00    0.00    0.00    0.00   18.00     4  sync_slam_toolb

07:20:53      UID       PID  minflt/s  majflt/s     VSZ     RSS   %MEM  Command
07:20:54        0    144557      0.00      0.00 2690764   71996   0.46  sync_slam_toolb

07:20:54      UID       PID    %usr %system  %guest   %wait    %CPU   CPU  Command
07:20:55        0    144557   13.00    1.00    0.00    0.00   14.00     2  sync_slam_toolb

07:20:54      UID       PID  minflt/s  majflt/s     VSZ     RSS   %MEM  Command
07:20:55        0    144557      0.00      0.00 2690764   71996   0.46  sync_slam_toolb

07:20:55      UID       PID    %usr %system  %guest   %wait    %CPU   CPU  Command
07:20:56        0    144557   13.00    0.00    0.00    0.00   13.00     2  sync_slam_toolb

07:20:55      UID       PID  minflt/s  majflt/s     VSZ     RSS   %MEM  Command
07:20:56        0    144557      0.00      0.00 2690764   71996   0.46  sync_slam_toolb

07:20:56      UID       PID    %usr %system  %guest   %wait    %CPU   CPU  Command
07:20:57        0    144557   14.00    1.00    0.00    0.00   15.00     2  sync_slam_toolb

07:20:56      UID       PID  minflt/s  majflt/s     VSZ     RSS   %MEM  Command
07:20:57        0    144557      0.00      0.00 2690764   71996   0.46  sync_slam_toolb

07:20:57      UID       PID    %usr %system  %guest   %wait    %CPU   CPU  Command
07:20:58        0    144557   16.00    0.00    0.00    0.00   16.00     4  sync_slam_toolb

07:20:57      UID       PID  minflt/s  majflt/s     VSZ     RSS   %MEM  Command
07:20:58        0    144557      0.00      0.00 2690764   71996   0.46  sync_slam_toolb

07:20:58      UID       PID    %usr %system  %guest   %wait    %CPU   CPU  Command
07:20:59        0    144557   13.00    1.00    0.00    0.00   14.00     2  sync_slam_toolb

07:20:58      UID       PID  minflt/s  majflt/s     VSZ     RSS   %MEM  Command
07:20:59        0    144557      0.00      0.00 2690764   71996   0.46  sync_slam_toolb

07:20:59      UID       PID    %usr %system  %guest   %wait    %CPU   CPU  Command
07:21:00        0    144557   13.00    1.00    0.00    0.00   14.00     6  sync_slam_toolb

07:20:59      UID       PID  minflt/s  majflt/s     VSZ     RSS   %MEM  Command
07:21:00        0    144557      0.00      0.00 2690764   71996   0.46  sync_slam_toolb

07:21:00      UID       PID    %usr %system  %guest   %wait    %CPU   CPU  Command
07:21:01        0    144557   14.00    0.00    0.00    0.00   14.00     6  sync_slam_toolb

07:21:00      UID       PID  minflt/s  majflt/s     VSZ     RSS   %MEM  Command
07:21:01        0    144557      0.00      0.00 2690764   71996   0.46  sync_slam_toolb

07:21:01      UID       PID    %usr %system  %guest   %wait    %CPU   CPU  Command
07:21:02        0    144557   14.00    0.00    0.00    0.00   14.00     8  sync_slam_toolb

07:21:01      UID       PID  minflt/s  majflt/s     VSZ     RSS   %MEM  Command
07:21:02        0    144557      0.00      0.00 2690764   71996   0.46  sync_slam_toolb

07:21:02      UID       PID    %usr %system  %guest   %wait    %CPU   CPU  Command
07:21:03        0    144557   17.00    1.00    0.00    0.00   18.00     2  sync_slam_toolb

07:21:02      UID       PID  minflt/s  majflt/s     VSZ     RSS   %MEM  Command
07:21:03        0    144557      0.00      0.00 2690764   71996   0.46  sync_slam_toolb

07:21:03      UID       PID    %usr %system  %guest   %wait    %CPU   CPU  Command
07:21:04        0    144557   14.00    0.00    0.00    0.00   14.00     6  sync_slam_toolb

07:21:03      UID       PID  minflt/s  majflt/s     VSZ     RSS   %MEM  Command
07:21:04        0    144557      0.00      0.00 2690764   71996   0.46  sync_slam_toolb

07:21:04      UID       PID    %usr %system  %guest   %wait    %CPU   CPU  Command
07:21:05        0    144557   17.00    1.00    0.00    0.00   18.00     6  sync_slam_toolb

07:21:04      UID       PID  minflt/s  majflt/s     VSZ     RSS   %MEM  Command
07:21:05        0    144557      0.00      0.00 2690764   71996   0.46  sync_slam_toolb

07:21:05      UID       PID    %usr %system  %guest   %wait    %CPU   CPU  Command
07:21:06        0    144557   13.00    1.00    0.00    0.00   14.00     6  sync_slam_toolb

07:21:05      UID       PID  minflt/s  majflt/s     VSZ     RSS   %MEM  Command
07:21:06        0    144557      0.00      0.00 2690764   71996   0.46  sync_slam_toolb

07:21:06      UID       PID    %usr %system  %guest   %wait    %CPU   CPU  Command
07:21:07        0    144557   14.00    1.00    0.00    0.00   15.00    10  sync_slam_toolb

07:21:06      UID       PID  minflt/s  majflt/s     VSZ     RSS   %MEM  Command
07:21:07        0    144557      0.00      0.00 2690764   71996   0.46  sync_slam_toolb

07:21:07      UID       PID    %usr %system  %guest   %wait    %CPU   CPU  Command
07:21:08        0    144557   16.83    0.99    0.00    0.00   17.82     6  sync_slam_toolb

07:21:07      UID       PID  minflt/s  majflt/s     VSZ     RSS   %MEM  Command
07:21:08        0    144557      0.00      0.00 2690764   71996   0.46  sync_slam_toolb

07:21:08      UID       PID    %usr %system  %guest   %wait    %CPU   CPU  Command
07:21:09        0    144557   14.00    0.00    0.00    0.00   14.00    10  sync_slam_toolb

07:21:08      UID       PID  minflt/s  majflt/s     VSZ     RSS   %MEM  Command
07:21:09        0    144557      0.00      0.00 2690764   71996   0.46  sync_slam_toolb

07:21:09      UID       PID    %usr %system  %guest   %wait    %CPU   CPU  Command
07:21:10        0    144557   17.00    1.00    0.00    0.00   18.00     6  sync_slam_toolb

07:21:09      UID       PID  minflt/s  majflt/s     VSZ     RSS   %MEM  Command
07:21:10        0    144557      0.00      0.00 2690764   71996   0.46  sync_slam_toolb

07:21:10      UID       PID    %usr %system  %guest   %wait    %CPU   CPU  Command
07:21:11        0    144557   13.00    0.00    0.00    0.00   13.00     8  sync_slam_toolb

07:21:10      UID       PID  minflt/s  majflt/s     VSZ     RSS   %MEM  Command
07:21:11        0    144557      0.00      0.00 2690764   71996   0.46  sync_slam_toolb

07:21:11      UID       PID    %usr %system  %guest   %wait    %CPU   CPU  Command
07:21:12        0    144557   17.00    1.00    0.00    0.00   18.00     6  sync_slam_toolb

07:21:11      UID       PID  minflt/s  majflt/s     VSZ     RSS   %MEM  Command
07:21:12        0    144557      0.00      0.00 2690764   71996   0.46  sync_slam_toolb

07:21:12      UID       PID    %usr %system  %guest   %wait    %CPU   CPU  Command
07:21:13        0    144557   14.00    1.00    0.00    0.00   15.00     8  sync_slam_toolb

07:21:12      UID       PID  minflt/s  majflt/s     VSZ     RSS   %MEM  Command
07:21:13        0    144557      0.00      0.00 2690764   71996   0.46  sync_slam_toolb

07:21:13      UID       PID    %usr %system  %guest   %wait    %CPU   CPU  Command
07:21:14        0    144557   13.00    1.00    0.00    0.00   14.00    12  sync_slam_toolb

07:21:13      UID       PID  minflt/s  majflt/s     VSZ     RSS   %MEM  Command
07:21:14        0    144557      0.00      0.00 2690764   71996   0.46  sync_slam_toolb

07:21:14      UID       PID    %usr %system  %guest   %wait    %CPU   CPU  Command
07:21:15        0    144557   17.00    0.00    0.00    0.00   17.00    14  sync_slam_toolb

07:21:14      UID       PID  minflt/s  majflt/s     VSZ     RSS   %MEM  Command
07:21:15        0    144557      0.00      0.00 2690764   71996   0.46  sync_slam_toolb

07:21:15      UID       PID    %usr %system  %guest   %wait    %CPU   CPU  Command
07:21:16        0    144557   13.00    1.00    0.00    0.00   14.00     6  sync_slam_toolb

07:21:15      UID       PID  minflt/s  majflt/s     VSZ     RSS   %MEM  Command
07:21:16        0    144557      0.00      0.00 2690764   71996   0.46  sync_slam_toolb

07:21:16      UID       PID    %usr %system  %guest   %wait    %CPU   CPU  Command
07:21:17        0    144557   18.00    0.00    0.00    0.00   18.00     2  sync_slam_toolb

07:21:16      UID       PID  minflt/s  majflt/s     VSZ     RSS   %MEM  Command
07:21:17        0    144557      0.00      0.00 2690764   71996   0.46  sync_slam_toolb

07:21:17      UID       PID    %usr %system  %guest   %wait    %CPU   CPU  Command
07:21:18        0    144557   14.00    1.00    0.00    0.00   15.00    14  sync_slam_toolb

07:21:17      UID       PID  minflt/s  majflt/s     VSZ     RSS   %MEM  Command
07:21:18        0    144557      0.00      0.00 2690764   71996   0.46  sync_slam_toolb

07:21:18      UID       PID    %usr %system  %guest   %wait    %CPU   CPU  Command
07:21:19        0    144557   14.00    1.00    0.00    0.00   15.00    12  sync_slam_toolb

07:21:18      UID       PID  minflt/s  majflt/s     VSZ     RSS   %MEM  Command
07:21:19        0    144557      0.00      0.00 2690764   71996   0.46  sync_slam_toolb

07:21:19      UID       PID    %usr %system  %guest   %wait    %CPU   CPU  Command
07:21:20        0    144557   16.00    0.00    0.00    0.00   16.00    14  sync_slam_toolb

07:21:19      UID       PID  minflt/s  majflt/s     VSZ     RSS   %MEM  Command
07:21:20        0    144557      0.00      0.00 2690764   71996   0.46  sync_slam_toolb

07:21:20      UID       PID    %usr %system  %guest   %wait    %CPU   CPU  Command
07:21:21        0    144557   14.00    1.00    0.00    0.00   15.00     4  sync_slam_toolb

07:21:20      UID       PID  minflt/s  majflt/s     VSZ     RSS   %MEM  Command
07:21:21        0    144557      0.00      0.00 2690764   71996   0.46  sync_slam_toolb

07:21:21      UID       PID    %usr %system  %guest   %wait    %CPU   CPU  Command
07:21:22        0    144557   17.00    1.00    0.00    0.00   18.00     0  sync_slam_toolb

07:21:21      UID       PID  minflt/s  majflt/s     VSZ     RSS   %MEM  Command
07:21:22        0    144557      0.00      0.00 2690764   71996   0.46  sync_slam_toolb

07:21:22      UID       PID    %usr %system  %guest   %wait    %CPU   CPU  Command
07:21:23        0    144557   13.00    0.00    0.00    0.00   13.00     6  sync_slam_toolb

07:21:22      UID       PID  minflt/s  majflt/s     VSZ     RSS   %MEM  Command
07:21:23        0    144557      0.00      0.00 2690764   71996   0.46  sync_slam_toolb

07:21:23      UID       PID    %usr %system  %guest   %wait    %CPU   CPU  Command
07:21:24        0    144557   17.00    1.00    0.00    0.00   18.00    10  sync_slam_toolb

07:21:23      UID       PID  minflt/s  majflt/s     VSZ     RSS   %MEM  Command
07:21:24        0    144557      0.00      0.00 2690764   71996   0.46  sync_slam_toolb

07:21:24      UID       PID    %usr %system  %guest   %wait    %CPU   CPU  Command
07:21:25        0    144557   13.00    0.00    0.00    0.00   13.00     0  sync_slam_toolb

07:21:24      UID       PID  minflt/s  majflt/s     VSZ     RSS   %MEM  Command
07:21:25        0    144557      0.00      0.00 2690764   71996   0.46  sync_slam_toolb

07:21:25      UID       PID    %usr %system  %guest   %wait    %CPU   CPU  Command
07:21:26        0    144557   17.00    1.00    0.00    0.00   18.00     0  sync_slam_toolb

07:21:25      UID       PID  minflt/s  majflt/s     VSZ     RSS   %MEM  Command
07:21:26        0    144557      0.00      0.00 2690764   71996   0.46  sync_slam_toolb

07:21:26      UID       PID    %usr %system  %guest   %wait    %CPU   CPU  Command
07:21:27        0    144557   13.00    1.00    0.00    0.00   14.00     6  sync_slam_toolb

07:21:26      UID       PID  minflt/s  majflt/s     VSZ     RSS   %MEM  Command
07:21:27        0    144557      0.00      0.00 2690764   71996   0.46  sync_slam_toolb

07:21:27      UID       PID    %usr %system  %guest   %wait    %CPU   CPU  Command
07:21:28        0    144557   14.00    1.00    0.00    0.00   15.00     6  sync_slam_toolb

07:21:27      UID       PID  minflt/s  majflt/s     VSZ     RSS   %MEM  Command
07:21:28        0    144557      0.00      0.00 2690764   71996   0.46  sync_slam_toolb

07:21:28      UID       PID    %usr %system  %guest   %wait    %CPU   CPU  Command
07:21:29        0    144557   17.00    1.00    0.00    0.00   18.00     0  sync_slam_toolb

07:21:28      UID       PID  minflt/s  majflt/s     VSZ     RSS   %MEM  Command
07:21:29        0    144557      0.00      0.00 2690764   71996   0.46  sync_slam_toolb

07:21:29      UID       PID    %usr %system  %guest   %wait    %CPU   CPU  Command
07:21:30        0    144557   14.00    0.00    0.00    0.00   14.00     6  sync_slam_toolb

07:21:29      UID       PID  minflt/s  majflt/s     VSZ     RSS   %MEM  Command
07:21:30        0    144557      0.00      0.00 2690764   71996   0.46  sync_slam_toolb

07:21:30      UID       PID    %usr %system  %guest   %wait    %CPU   CPU  Command
07:21:31        0    144557   13.00    1.00    0.00    0.00   14.00     8  sync_slam_toolb

07:21:30      UID       PID  minflt/s  majflt/s     VSZ     RSS   %MEM  Command
07:21:31        0    144557      0.00      0.00 2690764   71996   0.46  sync_slam_toolb

07:21:31      UID       PID    %usr %system  %guest   %wait    %CPU   CPU  Command
07:21:32        0    144557   14.00    1.00    0.00    0.00   15.00     6  sync_slam_toolb

07:21:31      UID       PID  minflt/s  majflt/s     VSZ     RSS   %MEM  Command
07:21:32        0    144557      0.00      0.00 2690764   71996   0.46  sync_slam_toolb

07:21:32      UID       PID    %usr %system  %guest   %wait    %CPU   CPU  Command
07:21:33        0    144557   14.00    0.00    0.00    0.00   14.00     6  sync_slam_toolb

07:21:32      UID       PID  minflt/s  majflt/s     VSZ     RSS   %MEM  Command
07:21:33        0    144557      0.00      0.00 2690764   71996   0.46  sync_slam_toolb

07:21:33      UID       PID    %usr %system  %guest   %wait    %CPU   CPU  Command
07:21:34        0    144557   14.00    0.00    0.00    0.00   14.00     6  sync_slam_toolb

07:21:33      UID       PID  minflt/s  majflt/s     VSZ     RSS   %MEM  Command
07:21:34        0    144557      0.00      0.00 2690764   71996   0.46  sync_slam_toolb

07:21:34      UID       PID    %usr %system  %guest   %wait    %CPU   CPU  Command
07:21:35        0    144557   13.00    1.00    0.00    0.00   14.00     6  sync_slam_toolb

07:21:34      UID       PID  minflt/s  majflt/s     VSZ     RSS   %MEM  Command
07:21:35        0    144557      0.00      0.00 2690764   71996   0.46  sync_slam_toolb

07:21:35      UID       PID    %usr %system  %guest   %wait    %CPU   CPU  Command
07:21:36        0    144557   13.00    1.00    0.00    0.00   14.00     6  sync_slam_toolb

07:21:35      UID       PID  minflt/s  majflt/s     VSZ     RSS   %MEM  Command
07:21:36        0    144557      0.00      0.00 2690764   71996   0.46  sync_slam_toolb

07:21:36      UID       PID    %usr %system  %guest   %wait    %CPU   CPU  Command
07:21:37        0    144557   14.00    0.00    0.00    0.00   14.00     6  sync_slam_toolb

07:21:36      UID       PID  minflt/s  majflt/s     VSZ     RSS   %MEM  Command
07:21:37        0    144557      0.00      0.00 2690764   71996   0.46  sync_slam_toolb

07:21:37      UID       PID    %usr %system  %guest   %wait    %CPU   CPU  Command
07:21:38        0    144557   14.00    1.00    0.00    0.00   15.00     8  sync_slam_toolb

07:21:37      UID       PID  minflt/s  majflt/s     VSZ     RSS   %MEM  Command
07:21:38        0    144557      0.00      0.00 2690764   71996   0.46  sync_slam_toolb

07:21:38      UID       PID    %usr %system  %guest   %wait    %CPU   CPU  Command
07:21:39        0    144557   13.00    0.00    0.00    0.00   13.00     6  sync_slam_toolb

07:21:38      UID       PID  minflt/s  majflt/s     VSZ     RSS   %MEM  Command
07:21:39        0    144557      0.00      0.00 2690764   71996   0.46  sync_slam_toolb

07:21:39      UID       PID    %usr %system  %guest   %wait    %CPU   CPU  Command
07:21:40        0    144557   17.00    0.00    0.00    0.00   17.00     6  sync_slam_toolb

07:21:39      UID       PID  minflt/s  majflt/s     VSZ     RSS   %MEM  Command
07:21:40        0    144557      0.00      0.00 2690764   71996   0.46  sync_slam_toolb

07:21:40      UID       PID    %usr %system  %guest   %wait    %CPU   CPU  Command
07:21:41        0    144557   14.00    1.00    0.00    0.00   15.00    10  sync_slam_toolb

07:21:40      UID       PID  minflt/s  majflt/s     VSZ     RSS   %MEM  Command
07:21:41        0    144557      0.00      0.00 2690764   71996   0.46  sync_slam_toolb

07:21:41      UID       PID    %usr %system  %guest   %wait    %CPU   CPU  Command
07:21:42        0    144557   17.00    1.00    0.00    0.00   18.00    14  sync_slam_toolb

07:21:41      UID       PID  minflt/s  majflt/s     VSZ     RSS   %MEM  Command
07:21:42        0    144557      0.00      0.00 2690764   71996   0.46  sync_slam_toolb

07:21:42      UID       PID    %usr %system  %guest   %wait    %CPU   CPU  Command
07:21:43        0    144557   13.00    0.00    0.00    0.00   13.00     0  sync_slam_toolb

07:21:42      UID       PID  minflt/s  majflt/s     VSZ     RSS   %MEM  Command
07:21:43        0    144557      0.00      0.00 2690764   71996   0.46  sync_slam_toolb

07:21:43      UID       PID    %usr %system  %guest   %wait    %CPU   CPU  Command
07:21:44        0    144557   14.00    1.00    0.00    0.00   15.00     0  sync_slam_toolb

07:21:43      UID       PID  minflt/s  majflt/s     VSZ     RSS   %MEM  Command
07:21:44        0    144557      0.00      0.00 2690764   71996   0.46  sync_slam_toolb

07:21:44      UID       PID    %usr %system  %guest   %wait    %CPU   CPU  Command
07:21:45        0    144557   17.00    0.00    0.00    0.00   17.00     0  sync_slam_toolb

07:21:44      UID       PID  minflt/s  majflt/s     VSZ     RSS   %MEM  Command
07:21:45        0    144557      0.00      0.00 2690764   71996   0.46  sync_slam_toolb

07:21:45      UID       PID    %usr %system  %guest   %wait    %CPU   CPU  Command
07:21:46        0    144557   13.00    1.00    0.00    0.00   14.00    14  sync_slam_toolb

07:21:45      UID       PID  minflt/s  majflt/s     VSZ     RSS   %MEM  Command
07:21:46        0    144557      0.00      0.00 2690764   71996   0.46  sync_slam_toolb

07:21:46      UID       PID    %usr %system  %guest   %wait    %CPU   CPU  Command
07:21:47        0    144557   17.00    1.00    0.00    0.00   18.00     6  sync_slam_toolb

07:21:46      UID       PID  minflt/s  majflt/s     VSZ     RSS   %MEM  Command
07:21:47        0    144557      0.00      0.00 2690764   71996   0.46  sync_slam_toolb

07:21:47      UID       PID    %usr %system  %guest   %wait    %CPU   CPU  Command
07:21:48        0    144557   14.00    0.00    0.00    0.00   14.00     6  sync_slam_toolb

07:21:47      UID       PID  minflt/s  majflt/s     VSZ     RSS   %MEM  Command
07:21:48        0    144557      0.00      0.00 2690764   71996   0.46  sync_slam_toolb

07:21:48      UID       PID    %usr %system  %guest   %wait    %CPU   CPU  Command
07:21:49        0    144557   17.00    1.00    0.00    0.00   18.00     0  sync_slam_toolb

07:21:48      UID       PID  minflt/s  majflt/s     VSZ     RSS   %MEM  Command
07:21:49        0    144557      0.00      0.00 2690764   71996   0.46  sync_slam_toolb

07:21:49      UID       PID    %usr %system  %guest   %wait    %CPU   CPU  Command
07:21:50        0    144557   14.00    0.00    0.00    0.00   14.00     2  sync_slam_toolb

07:21:49      UID       PID  minflt/s  majflt/s     VSZ     RSS   %MEM  Command
07:21:50        0    144557      0.00      0.00 2690764   71996   0.46  sync_slam_toolb

07:21:50      UID       PID    %usr %system  %guest   %wait    %CPU   CPU  Command
07:21:51        0    144557   14.00    1.00    0.00    0.00   15.00    10  sync_slam_toolb

07:21:50      UID       PID  minflt/s  majflt/s     VSZ     RSS   %MEM  Command
07:21:51        0    144557      0.00      0.00 2690764   71996   0.46  sync_slam_toolb

07:21:51      UID       PID    %usr %system  %guest   %wait    %CPU   CPU  Command
07:21:52        0    144557   17.00    0.00    0.00    0.00   17.00    10  sync_slam_toolb

07:21:51      UID       PID  minflt/s  majflt/s     VSZ     RSS   %MEM  Command
07:21:52        0    144557      0.00      0.00 2690764   71996   0.46  sync_slam_toolb

07:21:52      UID       PID    %usr %system  %guest   %wait    %CPU   CPU  Command
07:21:53        0    144557   14.00    1.00    0.00    0.00   15.00     8  sync_slam_toolb

07:21:52      UID       PID  minflt/s  majflt/s     VSZ     RSS   %MEM  Command
07:21:53        0    144557      0.00      0.00 2690764   71996   0.46  sync_slam_toolb

07:21:53      UID       PID    %usr %system  %guest   %wait    %CPU   CPU  Command
07:21:54        0    144557   13.00    1.00    0.00    0.00   14.00     8  sync_slam_toolb

07:21:53      UID       PID  minflt/s  majflt/s     VSZ     RSS   %MEM  Command
07:21:54        0    144557      0.00      0.00 2690764   71996   0.46  sync_slam_toolb

07:21:54      UID       PID    %usr %system  %guest   %wait    %CPU   CPU  Command
07:21:55        0    144557   13.00    0.00    0.00    0.00   13.00     4  sync_slam_toolb

07:21:54      UID       PID  minflt/s  majflt/s     VSZ     RSS   %MEM  Command
07:21:55        0    144557      0.00      0.00 2690764   71996   0.46  sync_slam_toolb

07:21:55      UID       PID    %usr %system  %guest   %wait    %CPU   CPU  Command
07:21:56        0    144557   14.00    1.00    0.00    0.00   15.00     8  sync_slam_toolb

07:21:55      UID       PID  minflt/s  majflt/s     VSZ     RSS   %MEM  Command
07:21:56        0    144557      0.00      0.00 2690764   71996   0.46  sync_slam_toolb

07:21:56      UID       PID    %usr %system  %guest   %wait    %CPU   CPU  Command
07:21:57        0    144557   17.00    1.00    0.00    0.00   18.00     0  sync_slam_toolb

07:21:56      UID       PID  minflt/s  majflt/s     VSZ     RSS   %MEM  Command
07:21:57        0    144557      0.00      0.00 2690764   71996   0.46  sync_slam_toolb

07:21:57      UID       PID    %usr %system  %guest   %wait    %CPU   CPU  Command
07:21:58        0    144557   14.00    0.00    0.00    0.00   14.00     8  sync_slam_toolb

07:21:57      UID       PID  minflt/s  majflt/s     VSZ     RSS   %MEM  Command
07:21:58        0    144557      0.00      0.00 2690764   71996   0.46  sync_slam_toolb

07:21:58      UID       PID    %usr %system  %guest   %wait    %CPU   CPU  Command
07:21:59        0    144557   13.00    0.00    0.00    0.00   13.00     0  sync_slam_toolb

07:21:58      UID       PID  minflt/s  majflt/s     VSZ     RSS   %MEM  Command
07:21:59        0    144557      0.00      0.00 2690764   71996   0.46  sync_slam_toolb

07:21:59      UID       PID    %usr %system  %guest   %wait    %CPU   CPU  Command
07:22:00        0    144557   17.00    1.00    0.00    0.00   18.00     2  sync_slam_toolb

07:21:59      UID       PID  minflt/s  majflt/s     VSZ     RSS   %MEM  Command
07:22:00        0    144557      0.00      0.00 2690764   71996   0.46  sync_slam_toolb

07:22:00      UID       PID    %usr %system  %guest   %wait    %CPU   CPU  Command
07:22:01        0    144557   14.00    1.00    0.00    0.00   15.00     2  sync_slam_toolb

07:22:00      UID       PID  minflt/s  majflt/s     VSZ     RSS   %MEM  Command
07:22:01        0    144557      0.00      0.00 2690764   71996   0.46  sync_slam_toolb

07:22:01      UID       PID    %usr %system  %guest   %wait    %CPU   CPU  Command
07:22:02        0    144557   18.00    0.00    0.00    0.00   18.00     2  sync_slam_toolb

07:22:01      UID       PID  minflt/s  majflt/s     VSZ     RSS   %MEM  Command
07:22:02        0    144557      0.00      0.00 2690764   71996   0.46  sync_slam_toolb

07:22:02      UID       PID    %usr %system  %guest   %wait    %CPU   CPU  Command
07:22:03        0    144557   13.00    1.00    0.00    0.00   14.00     0  sync_slam_toolb

07:22:02      UID       PID  minflt/s  majflt/s     VSZ     RSS   %MEM  Command
07:22:03        0    144557      0.00      0.00 2690764   71996   0.46  sync_slam_toolb

07:22:03      UID       PID    %usr %system  %guest   %wait    %CPU   CPU  Command
07:22:04        0    144557   13.00    2.00    0.00    0.00   15.00     0  sync_slam_toolb

07:22:03      UID       PID  minflt/s  majflt/s     VSZ     RSS   %MEM  Command
07:22:04        0    144557      0.00      0.00 2690764   71996   0.46  sync_slam_toolb

07:22:04      UID       PID    %usr %system  %guest   %wait    %CPU   CPU  Command
07:22:05        0    144557   17.00    1.00    0.00    0.00   18.00     0  sync_slam_toolb

07:22:04      UID       PID  minflt/s  majflt/s     VSZ     RSS   %MEM  Command
07:22:05        0    144557      0.00      0.00 2690764   71996   0.46  sync_slam_toolb

07:22:05      UID       PID    %usr %system  %guest   %wait    %CPU   CPU  Command
07:22:06        0    144557   13.00    1.00    0.00    0.00   14.00     2  sync_slam_toolb

07:22:05      UID       PID  minflt/s  majflt/s     VSZ     RSS   %MEM  Command
07:22:06        0    144557      0.00      0.00 2690764   71996   0.46  sync_slam_toolb

07:22:06      UID       PID    %usr %system  %guest   %wait    %CPU   CPU  Command
07:22:07        0    144557   16.00    1.00    0.00    0.00   17.00     4  sync_slam_toolb

07:22:06      UID       PID  minflt/s  majflt/s     VSZ     RSS   %MEM  Command
07:22:07        0    144557      0.00      0.00 2690764   71996   0.46  sync_slam_toolb

07:22:07      UID       PID    %usr %system  %guest   %wait    %CPU   CPU  Command
07:22:08        0    144557   14.00    0.00    0.00    0.00   14.00     0  sync_slam_toolb

07:22:07      UID       PID  minflt/s  majflt/s     VSZ     RSS   %MEM  Command
07:22:08        0    144557      0.00      0.00 2690764   71996   0.46  sync_slam_toolb

07:22:08      UID       PID    %usr %system  %guest   %wait    %CPU   CPU  Command
07:22:09        0    144557   14.00    1.00    0.00    0.00   15.00     2  sync_slam_toolb

07:22:08      UID       PID  minflt/s  majflt/s     VSZ     RSS   %MEM  Command
07:22:09        0    144557      0.00      0.00 2690764   71996   0.46  sync_slam_toolb

07:22:09      UID       PID    %usr %system  %guest   %wait    %CPU   CPU  Command
07:22:10        0    144557   16.00    1.00    0.00    0.00   17.00    14  sync_slam_toolb

07:22:09      UID       PID  minflt/s  majflt/s     VSZ     RSS   %MEM  Command
07:22:10        0    144557      0.00      0.00 2690764   71996   0.46  sync_slam_toolb

07:22:10      UID       PID    %usr %system  %guest   %wait    %CPU   CPU  Command
07:22:11        0    144557   15.00    0.00    0.00    0.00   15.00    11  sync_slam_toolb

07:22:10      UID       PID  minflt/s  majflt/s     VSZ     RSS   %MEM  Command
07:22:11        0    144557      0.00      0.00 2690764   71996   0.46  sync_slam_toolb

07:22:11      UID       PID    %usr %system  %guest   %wait    %CPU   CPU  Command
07:22:12        0    144557   17.00    1.00    0.00    0.00   18.00    11  sync_slam_toolb

07:22:11      UID       PID  minflt/s  majflt/s     VSZ     RSS   %MEM  Command
07:22:12        0    144557      0.00      0.00 2690764   71996   0.46  sync_slam_toolb

07:22:12      UID       PID    %usr %system  %guest   %wait    %CPU   CPU  Command
07:22:13        0    144557   14.00    1.00    0.00    0.00   15.00     4  sync_slam_toolb

07:22:12      UID       PID  minflt/s  majflt/s     VSZ     RSS   %MEM  Command
07:22:13        0    144557      0.00      0.00 2690764   71996   0.46  sync_slam_toolb

07:22:13      UID       PID    %usr %system  %guest   %wait    %CPU   CPU  Command
07:22:14        0    144557   16.00    1.00    0.00    0.00   17.00    12  sync_slam_toolb

07:22:13      UID       PID  minflt/s  majflt/s     VSZ     RSS   %MEM  Command
07:22:14        0    144557      0.00      0.00 2690764   71996   0.46  sync_slam_toolb

07:22:14      UID       PID    %usr %system  %guest   %wait    %CPU   CPU  Command
07:22:15        0    144557   14.00    1.00    0.00    0.00   15.00     6  sync_slam_toolb

07:22:14      UID       PID  minflt/s  majflt/s     VSZ     RSS   %MEM  Command
07:22:15        0    144557      0.00      0.00 2690764   71996   0.46  sync_slam_toolb

07:22:15      UID       PID    %usr %system  %guest   %wait    %CPU   CPU  Command
07:22:16        0    144557   16.00    2.00    0.00    0.00   18.00     6  sync_slam_toolb

07:22:15      UID       PID  minflt/s  majflt/s     VSZ     RSS   %MEM  Command
07:22:16        0    144557      0.00      0.00 2690764   71996   0.46  sync_slam_toolb

07:22:16      UID       PID    %usr %system  %guest   %wait    %CPU   CPU  Command
07:22:17        0    144557   13.00    1.00    0.00    0.00   14.00     4  sync_slam_toolb

07:22:16      UID       PID  minflt/s  majflt/s     VSZ     RSS   %MEM  Command
07:22:17        0    144557      0.00      0.00 2690764   71996   0.46  sync_slam_toolb

07:22:17      UID       PID    %usr %system  %guest   %wait    %CPU   CPU  Command
07:22:18        0    144557   15.00    1.00    0.00    0.00   16.00     4  sync_slam_toolb

07:22:17      UID       PID  minflt/s  majflt/s     VSZ     RSS   %MEM  Command
07:22:18        0    144557      0.00      0.00 2690764   71996   0.46  sync_slam_toolb

07:22:18      UID       PID    %usr %system  %guest   %wait    %CPU   CPU  Command
07:22:19        0    144557   13.00    0.00    0.00    0.00   13.00     0  sync_slam_toolb

07:22:18      UID       PID  minflt/s  majflt/s     VSZ     RSS   %MEM  Command
07:22:19        0    144557      0.00      0.00 2690764   71996   0.46  sync_slam_toolb

07:22:19      UID       PID    %usr %system  %guest   %wait    %CPU   CPU  Command
07:22:20        0    144557   14.00    1.00    0.00    0.00   15.00     0  sync_slam_toolb

07:22:19      UID       PID  minflt/s  majflt/s     VSZ     RSS   %MEM  Command
07:22:20        0    144557      0.00      0.00 2690764   71996   0.46  sync_slam_toolb

07:22:20      UID       PID    %usr %system  %guest   %wait    %CPU   CPU  Command
07:22:21        0    144557   13.00    1.00    0.00    0.00   14.00     0  sync_slam_toolb

07:22:20      UID       PID  minflt/s  majflt/s     VSZ     RSS   %MEM  Command
07:22:21        0    144557      0.00      0.00 2690764   71996   0.46  sync_slam_toolb

07:22:21      UID       PID    %usr %system  %guest   %wait    %CPU   CPU  Command
07:22:22        0    144557   18.00    0.00    0.00    0.00   18.00    12  sync_slam_toolb

07:22:21      UID       PID  minflt/s  majflt/s     VSZ     RSS   %MEM  Command
07:22:22        0    144557      0.00      0.00 2690764   71996   0.46  sync_slam_toolb

07:22:22      UID       PID    %usr %system  %guest   %wait    %CPU   CPU  Command
07:22:23        0    144557   14.00    1.00    0.00    0.00   15.00    14  sync_slam_toolb

07:22:22      UID       PID  minflt/s  majflt/s     VSZ     RSS   %MEM  Command
07:22:23        0    144557      0.00      0.00 2690764   71996   0.46  sync_slam_toolb

07:22:23      UID       PID    %usr %system  %guest   %wait    %CPU   CPU  Command
07:22:24        0    144557   13.00    0.00    0.00    0.00   13.00     0  sync_slam_toolb

07:22:23      UID       PID  minflt/s  majflt/s     VSZ     RSS   %MEM  Command
07:22:24        0    144557      0.00      0.00 2690764   71996   0.46  sync_slam_toolb

07:22:24      UID       PID    %usr %system  %guest   %wait    %CPU   CPU  Command
07:22:25        0    144557   18.00    1.00    0.00    0.00   19.00    14  sync_slam_toolb

07:22:24      UID       PID  minflt/s  majflt/s     VSZ     RSS   %MEM  Command
07:22:25        0    144557      0.00      0.00 2690764   71996   0.46  sync_slam_toolb

07:22:25      UID       PID    %usr %system  %guest   %wait    %CPU   CPU  Command
07:22:26        0    144557   13.00    1.00    0.00    0.00   14.00     0  sync_slam_toolb

07:22:25      UID       PID  minflt/s  majflt/s     VSZ     RSS   %MEM  Command
07:22:26        0    144557      0.00      0.00 2690764   71996   0.46  sync_slam_toolb

07:22:26      UID       PID    %usr %system  %guest   %wait    %CPU   CPU  Command
07:22:27        0    144557   18.00    1.00    0.00    0.00   19.00     0  sync_slam_toolb

07:22:26      UID       PID  minflt/s  majflt/s     VSZ     RSS   %MEM  Command
07:22:27        0    144557      0.00      0.00 2690764   71996   0.46  sync_slam_toolb

07:22:27      UID       PID    %usr %system  %guest   %wait    %CPU   CPU  Command
07:22:28        0    144557   14.00    1.00    0.00    0.00   15.00    14  sync_slam_toolb

07:22:27      UID       PID  minflt/s  majflt/s     VSZ     RSS   %MEM  Command
07:22:28        0    144557      0.00      0.00 2690764   71996   0.46  sync_slam_toolb

07:22:28      UID       PID    %usr %system  %guest   %wait    %CPU   CPU  Command
07:22:29        0    144557   14.00    0.00    0.00    0.00   14.00    14  sync_slam_toolb

07:22:28      UID       PID  minflt/s  majflt/s     VSZ     RSS   %MEM  Command
07:22:29        0    144557      0.00      0.00 2690764   71996   0.46  sync_slam_toolb

07:22:29      UID       PID    %usr %system  %guest   %wait    %CPU   CPU  Command
07:22:30        0    144557   17.00    1.00    0.00    0.00   18.00     6  sync_slam_toolb

07:22:29      UID       PID  minflt/s  majflt/s     VSZ     RSS   %MEM  Command
07:22:30        0    144557      0.00      0.00 2690764   71996   0.46  sync_slam_toolb

07:22:30      UID       PID    %usr %system  %guest   %wait    %CPU   CPU  Command
07:22:31        0    144557   14.00    1.00    0.00    0.00   15.00     6  sync_slam_toolb

07:22:30      UID       PID  minflt/s  majflt/s     VSZ     RSS   %MEM  Command
07:22:31        0    144557      0.00      0.00 2690764   71996   0.46  sync_slam_toolb

07:22:31      UID       PID    %usr %system  %guest   %wait    %CPU   CPU  Command
07:22:32        0    144557   17.00    1.00    0.00    0.00   18.00     8  sync_slam_toolb

07:22:31      UID       PID  minflt/s  majflt/s     VSZ     RSS   %MEM  Command
07:22:32        0    144557      0.00      0.00 2690764   71996   0.46  sync_slam_toolb

07:22:32      UID       PID    %usr %system  %guest   %wait    %CPU   CPU  Command
07:22:33        0    144557   14.00    0.00    0.00    0.00   14.00     6  sync_slam_toolb

07:22:32      UID       PID  minflt/s  majflt/s     VSZ     RSS   %MEM  Command
07:22:33        0    144557      0.00      0.00 2690764   71996   0.46  sync_slam_toolb

07:22:33      UID       PID    %usr %system  %guest   %wait    %CPU   CPU  Command
07:22:34        0    144557   17.00    1.00    0.00    0.00   18.00     6  sync_slam_toolb

07:22:33      UID       PID  minflt/s  majflt/s     VSZ     RSS   %MEM  Command
07:22:34        0    144557      0.00      0.00 2690764   71996   0.46  sync_slam_toolb

07:22:34      UID       PID    %usr %system  %guest   %wait    %CPU   CPU  Command
07:22:35        0    144557   14.00    1.00    0.00    0.00   15.00     6  sync_slam_toolb

07:22:34      UID       PID  minflt/s  majflt/s     VSZ     RSS   %MEM  Command
07:22:35        0    144557      0.00      0.00 2690764   71996   0.46  sync_slam_toolb

07:22:35      UID       PID    %usr %system  %guest   %wait    %CPU   CPU  Command
07:22:36        0    144557   14.00    0.00    0.00    0.00   14.00     4  sync_slam_toolb

07:22:35      UID       PID  minflt/s  majflt/s     VSZ     RSS   %MEM  Command
07:22:36        0    144557      0.00      0.00 2690764   71996   0.46  sync_slam_toolb

07:22:36      UID       PID    %usr %system  %guest   %wait    %CPU   CPU  Command
07:22:37        0    144557   18.00    1.00    0.00    0.00   19.00     2  sync_slam_toolb

07:22:36      UID       PID  minflt/s  majflt/s     VSZ     RSS   %MEM  Command
07:22:37        0    144557      0.00      0.00 2690764   71996   0.46  sync_slam_toolb

07:22:37      UID       PID    %usr %system  %guest   %wait    %CPU   CPU  Command
07:22:38        0    144557   14.00    0.00    0.00    0.00   14.00     4  sync_slam_toolb

07:22:37      UID       PID  minflt/s  majflt/s     VSZ     RSS   %MEM  Command
07:22:38        0    144557      0.00      0.00 2690764   71996   0.46  sync_slam_toolb

07:22:38      UID       PID    %usr %system  %guest   %wait    %CPU   CPU  Command
07:22:39        0    144557   14.00    1.00    0.00    0.00   15.00     4  sync_slam_toolb

07:22:38      UID       PID  minflt/s  majflt/s     VSZ     RSS   %MEM  Command
07:22:39        0    144557      0.00      0.00 2690764   71996   0.46  sync_slam_toolb

07:22:39      UID       PID    %usr %system  %guest   %wait    %CPU   CPU  Command
07:22:40        0    144557   15.00    0.00    0.00    0.00   15.00     2  sync_slam_toolb

07:22:39      UID       PID  minflt/s  majflt/s     VSZ     RSS   %MEM  Command
07:22:40        0    144557      0.00      0.00 2690764   71996   0.46  sync_slam_toolb

07:22:40      UID       PID    %usr %system  %guest   %wait    %CPU   CPU  Command
07:22:41        0    144557   14.00    0.00    0.00    0.00   14.00     2  sync_slam_toolb

07:22:40      UID       PID  minflt/s  majflt/s     VSZ     RSS   %MEM  Command
07:22:41        0    144557      0.00      0.00 2690764   71996   0.46  sync_slam_toolb

07:22:41      UID       PID    %usr %system  %guest   %wait    %CPU   CPU  Command
07:22:42        0    144557   15.00    1.00    0.00    0.00   16.00     8  sync_slam_toolb

07:22:41      UID       PID  minflt/s  majflt/s     VSZ     RSS   %MEM  Command
07:22:42        0    144557      0.00      0.00 2690764   71996   0.46  sync_slam_toolb

07:22:42      UID       PID    %usr %system  %guest   %wait    %CPU   CPU  Command
07:22:43        0    144557   14.00    0.00    0.00    0.00   14.00     3  sync_slam_toolb

07:22:42      UID       PID  minflt/s  majflt/s     VSZ     RSS   %MEM  Command
07:22:43        0    144557      0.00      0.00 2690764   71996   0.46  sync_slam_toolb

07:22:43      UID       PID    %usr %system  %guest   %wait    %CPU   CPU  Command
07:22:44        0    144557   14.00    1.00    0.00    0.00   15.00     3  sync_slam_toolb

07:22:43      UID       PID  minflt/s  majflt/s     VSZ     RSS   %MEM  Command
07:22:44        0    144557      0.00      0.00 2690764   71996   0.46  sync_slam_toolb

07:22:44      UID       PID    %usr %system  %guest   %wait    %CPU   CPU  Command
07:22:45        0    144557   13.00    1.00    0.00    0.00   14.00     6  sync_slam_toolb

07:22:44      UID       PID  minflt/s  majflt/s     VSZ     RSS   %MEM  Command
07:22:45        0    144557      0.00      0.00 2690764   71996   0.46  sync_slam_toolb

07:22:45      UID       PID    %usr %system  %guest   %wait    %CPU   CPU  Command
07:22:46        0    144557   15.00    0.00    0.00    0.00   15.00     8  sync_slam_toolb

07:22:45      UID       PID  minflt/s  majflt/s     VSZ     RSS   %MEM  Command
07:22:46        0    144557      0.00      0.00 2690764   71996   0.46  sync_slam_toolb

07:22:46      UID       PID    %usr %system  %guest   %wait    %CPU   CPU  Command
07:22:47        0    144557   14.00    1.00    0.00    0.00   15.00     8  sync_slam_toolb

07:22:46      UID       PID  minflt/s  majflt/s     VSZ     RSS   %MEM  Command
07:22:47        0    144557      0.00      0.00 2690764   71996   0.46  sync_slam_toolb

07:22:47      UID       PID    %usr %system  %guest   %wait    %CPU   CPU  Command
07:22:48        0    144557   14.00    1.00    0.00    0.00   15.00    10  sync_slam_toolb

07:22:47      UID       PID  minflt/s  majflt/s     VSZ     RSS   %MEM  Command
07:22:48        0    144557      0.00      0.00 2690764   71996   0.46  sync_slam_toolb

07:22:48      UID       PID    %usr %system  %guest   %wait    %CPU   CPU  Command
07:22:49        0    144557   15.00    0.00    0.00    0.00   15.00     0  sync_slam_toolb

07:22:48      UID       PID  minflt/s  majflt/s     VSZ     RSS   %MEM  Command
07:22:49        0    144557      0.00      0.00 2690764   71996   0.46  sync_slam_toolb

07:22:49      UID       PID    %usr %system  %guest   %wait    %CPU   CPU  Command
07:22:50        0    144557   14.00    0.00    0.00    0.00   14.00     0  sync_slam_toolb

07:22:49      UID       PID  minflt/s  majflt/s     VSZ     RSS   %MEM  Command
07:22:50        0    144557      0.00      0.00 2690764   71996   0.46  sync_slam_toolb

07:22:50      UID       PID    %usr %system  %guest   %wait    %CPU   CPU  Command
07:22:51        0    144557   21.78    0.99    0.00    0.00   22.77     8  sync_slam_toolb

07:22:50      UID       PID  minflt/s  majflt/s     VSZ     RSS   %MEM  Command
07:22:51        0    144557    549.50      0.00 2690764   74300   0.48  sync_slam_toolb

07:22:51      UID       PID    %usr %system  %guest   %wait    %CPU   CPU  Command
07:22:52        0    144557   32.00    2.00    0.00    0.00   34.00     8  sync_slam_toolb

07:22:51      UID       PID  minflt/s  majflt/s     VSZ     RSS   %MEM  Command
07:22:52        0    144557     11.00      0.00 2690764   74556   0.48  sync_slam_toolb

07:22:52      UID       PID    %usr %system  %guest   %wait    %CPU   CPU  Command
07:22:53        0    144557   10.00    4.00    0.00    0.00   14.00     8  sync_slam_toolb

07:22:52      UID       PID  minflt/s  majflt/s     VSZ     RSS   %MEM  Command
07:22:53        0    144557      0.00      0.00 2690764   74556   0.48  sync_slam_toolb

07:22:53      UID       PID    %usr %system  %guest   %wait    %CPU   CPU  Command
07:22:54        0    144557   16.00    2.00    0.00    0.00   18.00    12  sync_slam_toolb

07:22:53      UID       PID  minflt/s  majflt/s     VSZ     RSS   %MEM  Command
07:22:54        0    144557      0.00      0.00 2690764   74556   0.48  sync_slam_toolb

07:22:54      UID       PID    %usr %system  %guest   %wait    %CPU   CPU  Command
07:22:55        0    144557   14.00    2.00    0.00    0.00   16.00    14  sync_slam_toolb

07:22:54      UID       PID  minflt/s  majflt/s     VSZ     RSS   %MEM  Command
07:22:55        0    144557      0.00      0.00 2690764   74556   0.48  sync_slam_toolb

07:22:55      UID       PID    %usr %system  %guest   %wait    %CPU   CPU  Command
07:22:56        0    144557   16.00    3.00    0.00    0.00   19.00     8  sync_slam_toolb

07:22:55      UID       PID  minflt/s  majflt/s     VSZ     RSS   %MEM  Command
07:22:56        0    144557      0.00      0.00 2690764   74556   0.48  sync_slam_toolb

07:22:56      UID       PID    %usr %system  %guest   %wait    %CPU   CPU  Command
07:22:57        0    144557   13.00    2.00    0.00    0.00   15.00     0  sync_slam_toolb

07:22:56      UID       PID  minflt/s  majflt/s     VSZ     RSS   %MEM  Command
07:22:57        0    144557      0.00      0.00 2690764   74556   0.48  sync_slam_toolb

07:22:57      UID       PID    %usr %system  %guest   %wait    %CPU   CPU  Command
07:22:58        0    144557   13.00    2.00    0.00    0.00   15.00     8  sync_slam_toolb

07:22:57      UID       PID  minflt/s  majflt/s     VSZ     RSS   %MEM  Command
07:22:58        0    144557      0.00      0.00 2690764   74556   0.48  sync_slam_toolb

07:22:58      UID       PID    %usr %system  %guest   %wait    %CPU   CPU  Command
07:22:59        0    144557   18.00    0.00    0.00    0.00   18.00     8  sync_slam_toolb

07:22:58      UID       PID  minflt/s  majflt/s     VSZ     RSS   %MEM  Command
07:22:59        0    144557      0.00      0.00 2690764   74556   0.48  sync_slam_toolb

07:22:59      UID       PID    %usr %system  %guest   %wait    %CPU   CPU  Command
07:23:00        0    144557   14.00    1.00    0.00    0.00   15.00     8  sync_slam_toolb

07:22:59      UID       PID  minflt/s  majflt/s     VSZ     RSS   %MEM  Command
07:23:00        0    144557      0.00      0.00 2690764   74556   0.48  sync_slam_toolb

07:23:00      UID       PID    %usr %system  %guest   %wait    %CPU   CPU  Command
07:23:01        0    144557   18.00    1.00    0.00    0.00   19.00     2  sync_slam_toolb

07:23:00      UID       PID  minflt/s  majflt/s     VSZ     RSS   %MEM  Command
07:23:01        0    144557      0.00      0.00 2690764   74556   0.48  sync_slam_toolb

07:23:01      UID       PID    %usr %system  %guest   %wait    %CPU   CPU  Command
07:23:02        0    144557   14.00    1.00    0.00    0.00   15.00    10  sync_slam_toolb

07:23:01      UID       PID  minflt/s  majflt/s     VSZ     RSS   %MEM  Command
07:23:02        0    144557      0.00      0.00 2690764   74556   0.48  sync_slam_toolb

07:23:02      UID       PID    %usr %system  %guest   %wait    %CPU   CPU  Command
07:23:03        0    144557   14.00    0.00    0.00    0.00   14.00     2  sync_slam_toolb

07:23:02      UID       PID  minflt/s  majflt/s     VSZ     RSS   %MEM  Command
07:23:03        0    144557      0.00      0.00 2690764   74556   0.48  sync_slam_toolb

07:23:03      UID       PID    %usr %system  %guest   %wait    %CPU   CPU  Command
07:23:04        0    144557   14.00    1.00    0.00    0.00   15.00     2  sync_slam_toolb

07:23:03      UID       PID  minflt/s  majflt/s     VSZ     RSS   %MEM  Command
07:23:04        0    144557      0.00      0.00 2690764   74556   0.48  sync_slam_toolb

07:23:04      UID       PID    %usr %system  %guest   %wait    %CPU   CPU  Command
07:23:05        0    144557   14.00    0.00    0.00    0.00   14.00     8  sync_slam_toolb

07:23:04      UID       PID  minflt/s  majflt/s     VSZ     RSS   %MEM  Command
07:23:05        0    144557      0.00      0.00 2690764   74556   0.48  sync_slam_toolb

07:23:05      UID       PID    %usr %system  %guest   %wait    %CPU   CPU  Command
07:23:06        0    144557   13.00    1.00    0.00    0.00   14.00     2  sync_slam_toolb

07:23:05      UID       PID  minflt/s  majflt/s     VSZ     RSS   %MEM  Command
07:23:06        0    144557      0.00      0.00 2690764   74556   0.48  sync_slam_toolb

07:23:06      UID       PID    %usr %system  %guest   %wait    %CPU   CPU  Command
07:23:07        0    144557   14.00    1.00    0.00    0.00   15.00    12  sync_slam_toolb

07:23:06      UID       PID  minflt/s  majflt/s     VSZ     RSS   %MEM  Command
07:23:07        0    144557      0.00      0.00 2690764   74556   0.48  sync_slam_toolb

07:23:07      UID       PID    %usr %system  %guest   %wait    %CPU   CPU  Command
07:23:08        0    144557   15.00    1.00    0.00    0.00   16.00    12  sync_slam_toolb

07:23:07      UID       PID  minflt/s  majflt/s     VSZ     RSS   %MEM  Command
07:23:08        0    144557      0.00      0.00 2690764   74556   0.48  sync_slam_toolb

07:23:08      UID       PID    %usr %system  %guest   %wait    %CPU   CPU  Command
07:23:09        0    144557   14.00    0.00    0.00    0.00   14.00     2  sync_slam_toolb

07:23:08      UID       PID  minflt/s  majflt/s     VSZ     RSS   %MEM  Command
07:23:09        0    144557      0.00      0.00 2690764   74556   0.48  sync_slam_toolb

07:23:09      UID       PID    %usr %system  %guest   %wait    %CPU   CPU  Command
07:23:10        0    144557   14.00    1.00    0.00    0.00   15.00     6  sync_slam_toolb

07:23:09      UID       PID  minflt/s  majflt/s     VSZ     RSS   %MEM  Command
07:23:10        0    144557      0.00      0.00 2690764   74556   0.48  sync_slam_toolb

07:23:10      UID       PID    %usr %system  %guest   %wait    %CPU   CPU  Command
07:23:11        0    144557   14.00    0.00    0.00    0.00   14.00     4  sync_slam_toolb

07:23:10      UID       PID  minflt/s  majflt/s     VSZ     RSS   %MEM  Command
07:23:11        0    144557      0.00      0.00 2690764   74556   0.48  sync_slam_toolb

07:23:11      UID       PID    %usr %system  %guest   %wait    %CPU   CPU  Command
07:23:12        0    144557   18.00    0.00    0.00    0.00   18.00     6  sync_slam_toolb

07:23:11      UID       PID  minflt/s  majflt/s     VSZ     RSS   %MEM  Command
07:23:12        0    144557      0.00      0.00 2690764   74556   0.48  sync_slam_toolb

07:23:12      UID       PID    %usr %system  %guest   %wait    %CPU   CPU  Command
07:23:13        0    144557   14.00    1.00    0.00    0.00   15.00     6  sync_slam_toolb

07:23:12      UID       PID  minflt/s  majflt/s     VSZ     RSS   %MEM  Command
07:23:13        0    144557      0.00      0.00 2690764   74556   0.48  sync_slam_toolb

07:23:13      UID       PID    %usr %system  %guest   %wait    %CPU   CPU  Command
07:23:14        0    144557   14.00    0.00    0.00    0.00   14.00    10  sync_slam_toolb

07:23:13      UID       PID  minflt/s  majflt/s     VSZ     RSS   %MEM  Command
07:23:14        0    144557      0.00      0.00 2690764   74556   0.48  sync_slam_toolb

07:23:14      UID       PID    %usr %system  %guest   %wait    %CPU   CPU  Command
07:23:15        0    144557   18.00    1.00    0.00    0.00   19.00    10  sync_slam_toolb

07:23:14      UID       PID  minflt/s  majflt/s     VSZ     RSS   %MEM  Command
07:23:15        0    144557      0.00      0.00 2690764   74556   0.48  sync_slam_toolb

07:23:15      UID       PID    %usr %system  %guest   %wait    %CPU   CPU  Command
07:23:16        0    144557   14.00    1.00    0.00    0.00   15.00     2  sync_slam_toolb

07:23:15      UID       PID  minflt/s  majflt/s     VSZ     RSS   %MEM  Command
07:23:16        0    144557      0.00      0.00 2690764   74556   0.48  sync_slam_toolb

07:23:16      UID       PID    %usr %system  %guest   %wait    %CPU   CPU  Command
07:23:17        0    144557   19.00    0.00    0.00    0.00   19.00     6  sync_slam_toolb

07:23:16      UID       PID  minflt/s  majflt/s     VSZ     RSS   %MEM  Command
07:23:17        0    144557      0.00      0.00 2690764   74556   0.48  sync_slam_toolb

07:23:17      UID       PID    %usr %system  %guest   %wait    %CPU   CPU  Command
07:23:18        0    144557   14.00    1.00    0.00    0.00   15.00     6  sync_slam_toolb

07:23:17      UID       PID  minflt/s  majflt/s     VSZ     RSS   %MEM  Command
07:23:18        0    144557      0.00      0.00 2690764   74556   0.48  sync_slam_toolb

07:23:18      UID       PID    %usr %system  %guest   %wait    %CPU   CPU  Command
07:23:19        0    144557   15.00    0.00    0.00    0.00   15.00     2  sync_slam_toolb

07:23:18      UID       PID  minflt/s  majflt/s     VSZ     RSS   %MEM  Command
07:23:19        0    144557      0.00      0.00 2690764   74556   0.48  sync_slam_toolb

07:23:19      UID       PID    %usr %system  %guest   %wait    %CPU   CPU  Command
07:23:20        0    144557   17.00    1.00    0.00    0.00   18.00     2  sync_slam_toolb

07:23:19      UID       PID  minflt/s  majflt/s     VSZ     RSS   %MEM  Command
07:23:20        0    144557      0.00      0.00 2690764   74556   0.48  sync_slam_toolb

07:23:20      UID       PID    %usr %system  %guest   %wait    %CPU   CPU  Command
07:23:21        0    144557   14.00    1.00    0.00    0.00   15.00     2  sync_slam_toolb

07:23:20      UID       PID  minflt/s  majflt/s     VSZ     RSS   %MEM  Command
07:23:21        0    144557      0.00      0.00 2690764   74556   0.48  sync_slam_toolb

07:23:21      UID       PID    %usr %system  %guest   %wait    %CPU   CPU  Command
07:23:22        0    144557   18.00    0.00    0.00    0.00   18.00     6  sync_slam_toolb

07:23:21      UID       PID  minflt/s  majflt/s     VSZ     RSS   %MEM  Command
07:23:22        0    144557      0.00      0.00 2690764   74556   0.48  sync_slam_toolb

07:23:22      UID       PID    %usr %system  %guest   %wait    %CPU   CPU  Command
07:23:23        0    144557   14.00    1.00    0.00    0.00   15.00     6  sync_slam_toolb

07:23:22      UID       PID  minflt/s  majflt/s     VSZ     RSS   %MEM  Command
07:23:23        0    144557      0.00      0.00 2690764   74556   0.48  sync_slam_toolb

07:23:23      UID       PID    %usr %system  %guest   %wait    %CPU   CPU  Command
07:23:24        0    144557   18.00    0.00    0.00    0.00   18.00     2  sync_slam_toolb

07:23:23      UID       PID  minflt/s  majflt/s     VSZ     RSS   %MEM  Command
07:23:24        0    144557      0.00      0.00 2690764   74556   0.48  sync_slam_toolb

07:23:24      UID       PID    %usr %system  %guest   %wait    %CPU   CPU  Command
07:23:25        0    144557   14.00    1.00    0.00    0.00   15.00     8  sync_slam_toolb

07:23:24      UID       PID  minflt/s  majflt/s     VSZ     RSS   %MEM  Command
07:23:25        0    144557      0.00      0.00 2690764   74556   0.48  sync_slam_toolb

07:23:25      UID       PID    %usr %system  %guest   %wait    %CPU   CPU  Command
07:23:26        0    144557   14.00    0.00    0.00    0.00   14.00     8  sync_slam_toolb

07:23:25      UID       PID  minflt/s  majflt/s     VSZ     RSS   %MEM  Command
07:23:26        0    144557      0.00      0.00 2690764   74556   0.48  sync_slam_toolb

07:23:26      UID       PID    %usr %system  %guest   %wait    %CPU   CPU  Command
07:23:27        0    144557   14.00    1.00    0.00    0.00   15.00     8  sync_slam_toolb

07:23:26      UID       PID  minflt/s  majflt/s     VSZ     RSS   %MEM  Command
07:23:27        0    144557      0.00      0.00 2690764   74556   0.48  sync_slam_toolb

07:23:27      UID       PID    %usr %system  %guest   %wait    %CPU   CPU  Command
07:23:28        0    144557   15.00    1.00    0.00    0.00   16.00     8  sync_slam_toolb

07:23:27      UID       PID  minflt/s  majflt/s     VSZ     RSS   %MEM  Command
07:23:28        0    144557      0.00      0.00 2690764   74556   0.48  sync_slam_toolb

07:23:28      UID       PID    %usr %system  %guest   %wait    %CPU   CPU  Command
07:23:29        0    144557   15.00    0.00    0.00    0.00   15.00    10  sync_slam_toolb

07:23:28      UID       PID  minflt/s  majflt/s     VSZ     RSS   %MEM  Command
07:23:29        0    144557      0.00      0.00 2690764   74556   0.48  sync_slam_toolb

07:23:29      UID       PID    %usr %system  %guest   %wait    %CPU   CPU  Command
07:23:30        0    144557   14.00    0.00    0.00    0.00   14.00    14  sync_slam_toolb

07:23:29      UID       PID  minflt/s  majflt/s     VSZ     RSS   %MEM  Command
07:23:30        0    144557      0.00      0.00 2690764   74556   0.48  sync_slam_toolb

07:23:30      UID       PID    %usr %system  %guest   %wait    %CPU   CPU  Command
07:23:31        0    144557   18.00    1.00    0.00    0.00   19.00    10  sync_slam_toolb

07:23:30      UID       PID  minflt/s  majflt/s     VSZ     RSS   %MEM  Command
07:23:31        0    144557      0.00      0.00 2690764   74556   0.48  sync_slam_toolb

07:23:31      UID       PID    %usr %system  %guest   %wait    %CPU   CPU  Command
07:23:32        0    144557   14.00    1.00    0.00    0.00   15.00     0  sync_slam_toolb

07:23:31      UID       PID  minflt/s  majflt/s     VSZ     RSS   %MEM  Command
07:23:32        0    144557      0.00      0.00 2690764   74556   0.48  sync_slam_toolb

07:23:32      UID       PID    %usr %system  %guest   %wait    %CPU   CPU  Command
07:23:33        0    144557   18.00    1.00    0.00    0.00   19.00     4  sync_slam_toolb

07:23:32      UID       PID  minflt/s  majflt/s     VSZ     RSS   %MEM  Command
07:23:33        0    144557      0.00      0.00 2690764   74556   0.48  sync_slam_toolb

07:23:33      UID       PID    %usr %system  %guest   %wait    %CPU   CPU  Command
07:23:34        0    144557   14.00    0.00    0.00    0.00   14.00     6  sync_slam_toolb

07:23:33      UID       PID  minflt/s  majflt/s     VSZ     RSS   %MEM  Command
07:23:34        0    144557      0.00      0.00 2690764   74556   0.48  sync_slam_toolb

07:23:34      UID       PID    %usr %system  %guest   %wait    %CPU   CPU  Command
07:23:35        0    144557   14.00    1.00    0.00    0.00   15.00     4  sync_slam_toolb

07:23:34      UID       PID  minflt/s  majflt/s     VSZ     RSS   %MEM  Command
07:23:35        0    144557      0.00      0.00 2690764   74556   0.48  sync_slam_toolb

07:23:35      UID       PID    %usr %system  %guest   %wait    %CPU   CPU  Command
07:23:36        0    144557   19.00    1.00    0.00    0.00   20.00     8  sync_slam_toolb

07:23:35      UID       PID  minflt/s  majflt/s     VSZ     RSS   %MEM  Command
07:23:36        0    144557      0.00      0.00 2690764   74556   0.48  sync_slam_toolb

07:23:36      UID       PID    %usr %system  %guest   %wait    %CPU   CPU  Command
07:23:37        0    144557   15.00    0.00    0.00    0.00   15.00     0  sync_slam_toolb

07:23:36      UID       PID  minflt/s  majflt/s     VSZ     RSS   %MEM  Command
07:23:37        0    144557      0.00      0.00 2690764   74556   0.48  sync_slam_toolb

07:23:37      UID       PID    %usr %system  %guest   %wait    %CPU   CPU  Command
07:23:38        0    144557   14.00    1.00    0.00    0.00   15.00     8  sync_slam_toolb

07:23:37      UID       PID  minflt/s  majflt/s     VSZ     RSS   %MEM  Command
07:23:38        0    144557      0.00      0.00 2690764   74556   0.48  sync_slam_toolb

07:23:38      UID       PID    %usr %system  %guest   %wait    %CPU   CPU  Command
07:23:39        0    144557   17.00    0.00    0.00    0.00   17.00    10  sync_slam_toolb

07:23:38      UID       PID  minflt/s  majflt/s     VSZ     RSS   %MEM  Command
07:23:39        0    144557      0.00      0.00 2690764   74556   0.48  sync_slam_toolb

07:23:39      UID       PID    %usr %system  %guest   %wait    %CPU   CPU  Command
07:23:40        0    144557   15.00    0.00    0.00    0.00   15.00    12  sync_slam_toolb

07:23:39      UID       PID  minflt/s  majflt/s     VSZ     RSS   %MEM  Command
07:23:40        0    144557      0.00      0.00 2690764   74556   0.48  sync_slam_toolb

07:23:40      UID       PID    %usr %system  %guest   %wait    %CPU   CPU  Command
07:23:41        0    144557   18.00    1.00    0.00    0.00   19.00     2  sync_slam_toolb

07:23:40      UID       PID  minflt/s  majflt/s     VSZ     RSS   %MEM  Command
07:23:41        0    144557      0.00      0.00 2690764   74556   0.48  sync_slam_toolb

07:23:41      UID       PID    %usr %system  %guest   %wait    %CPU   CPU  Command
07:23:42        0    144557   15.00    1.00    0.00    0.00   16.00     6  sync_slam_toolb

07:23:41      UID       PID  minflt/s  majflt/s     VSZ     RSS   %MEM  Command
07:23:42        0    144557      0.00      0.00 2690764   74556   0.48  sync_slam_toolb

07:23:42      UID       PID    %usr %system  %guest   %wait    %CPU   CPU  Command
07:23:43        0    144557   14.00    0.00    0.00    0.00   14.00     2  sync_slam_toolb

07:23:42      UID       PID  minflt/s  majflt/s     VSZ     RSS   %MEM  Command
07:23:43        0    144557      0.00      0.00 2690764   74556   0.48  sync_slam_toolb

07:23:43      UID       PID    %usr %system  %guest   %wait    %CPU   CPU  Command
07:23:44        0    144557   15.00    1.00    0.00    0.00   16.00     6  sync_slam_toolb

07:23:43      UID       PID  minflt/s  majflt/s     VSZ     RSS   %MEM  Command
07:23:44        0    144557      0.00      0.00 2690764   74556   0.48  sync_slam_toolb

07:23:44      UID       PID    %usr %system  %guest   %wait    %CPU   CPU  Command
07:23:45        0    144557   19.00    0.00    0.00    0.00   19.00     0  sync_slam_toolb

07:23:44      UID       PID  minflt/s  majflt/s     VSZ     RSS   %MEM  Command
07:23:45        0    144557      0.00      0.00 2690764   74556   0.48  sync_slam_toolb

07:23:45      UID       PID    %usr %system  %guest   %wait    %CPU   CPU  Command
07:23:46        0    144557   14.00    1.00    0.00    0.00   15.00     6  sync_slam_toolb

07:23:45      UID       PID  minflt/s  majflt/s     VSZ     RSS   %MEM  Command
07:23:46        0    144557      0.00      0.00 2690764   74556   0.48  sync_slam_toolb

07:23:46      UID       PID    %usr %system  %guest   %wait    %CPU   CPU  Command
07:23:47        0    144557   18.00    1.00    0.00    0.00   19.00     2  sync_slam_toolb

07:23:46      UID       PID  minflt/s  majflt/s     VSZ     RSS   %MEM  Command
07:23:47        0    144557      0.00      0.00 2690764   74556   0.48  sync_slam_toolb

07:23:47      UID       PID    %usr %system  %guest   %wait    %CPU   CPU  Command
07:23:48        0    144557   13.00    1.00    0.00    0.00   14.00     4  sync_slam_toolb

07:23:47      UID       PID  minflt/s  majflt/s     VSZ     RSS   %MEM  Command
07:23:48        0    144557      0.00      0.00 2690764   74556   0.48  sync_slam_toolb

07:23:48      UID       PID    %usr %system  %guest   %wait    %CPU   CPU  Command
07:23:49        0    144557   18.00    2.00    0.00    0.00   20.00     0  sync_slam_toolb

07:23:48      UID       PID  minflt/s  majflt/s     VSZ     RSS   %MEM  Command
07:23:49        0    144557      0.00      0.00 2690764   74556   0.48  sync_slam_toolb

07:23:49      UID       PID    %usr %system  %guest   %wait    %CPU   CPU  Command
07:23:50        0    144557   14.00    0.00    0.00    0.00   14.00     0  sync_slam_toolb

07:23:49      UID       PID  minflt/s  majflt/s     VSZ     RSS   %MEM  Command
07:23:50        0    144557      0.00      0.00 2690764   74556   0.48  sync_slam_toolb

07:23:50      UID       PID    %usr %system  %guest   %wait    %CPU   CPU  Command
07:23:51        0    144557   15.00    1.00    0.00    0.00   16.00     4  sync_slam_toolb

07:23:50      UID       PID  minflt/s  majflt/s     VSZ     RSS   %MEM  Command
07:23:51        0    144557      0.00      0.00 2690764   74556   0.48  sync_slam_toolb

07:23:51      UID       PID    %usr %system  %guest   %wait    %CPU   CPU  Command
07:23:52        0    144557   18.00    0.00    0.00    0.00   18.00     4  sync_slam_toolb

07:23:51      UID       PID  minflt/s  majflt/s     VSZ     RSS   %MEM  Command
07:23:52        0    144557      0.00      0.00 2690764   74556   0.48  sync_slam_toolb

07:23:52      UID       PID    %usr %system  %guest   %wait    %CPU   CPU  Command
07:23:53        0    144557   14.00    1.00    0.00    0.00   15.00     4  sync_slam_toolb

07:23:52      UID       PID  minflt/s  majflt/s     VSZ     RSS   %MEM  Command
07:23:53        0    144557      0.00      0.00 2690764   74556   0.48  sync_slam_toolb

07:23:53      UID       PID    %usr %system  %guest   %wait    %CPU   CPU  Command
07:23:54        0    144557   13.00    0.00    0.00    0.00   13.00     4  sync_slam_toolb

07:23:53      UID       PID  minflt/s  majflt/s     VSZ     RSS   %MEM  Command
07:23:54        0    144557      0.00      0.00 2690764   74556   0.48  sync_slam_toolb

07:23:54      UID       PID    %usr %system  %guest   %wait    %CPU   CPU  Command
07:23:55        0    144557   14.00    0.00    0.00    0.00   14.00     6  sync_slam_toolb

07:23:54      UID       PID  minflt/s  majflt/s     VSZ     RSS   %MEM  Command
07:23:55        0    144557      0.00      0.00 2690764   74556   0.48  sync_slam_toolb

07:23:55      UID       PID    %usr %system  %guest   %wait    %CPU   CPU  Command
07:23:56        0    144557   13.00    1.00    0.00    0.00   14.00     6  sync_slam_toolb

07:23:55      UID       PID  minflt/s  majflt/s     VSZ     RSS   %MEM  Command
07:23:56        0    144557      0.00      0.00 2690764   74556   0.48  sync_slam_toolb

07:23:56      UID       PID    %usr %system  %guest   %wait    %CPU   CPU  Command
07:23:57        0    144557   14.00    1.00    0.00    0.00   15.00    12  sync_slam_toolb

07:23:56      UID       PID  minflt/s  majflt/s     VSZ     RSS   %MEM  Command
07:23:57        0    144557      0.00      0.00 2690764   74556   0.48  sync_slam_toolb

07:23:57      UID       PID    %usr %system  %guest   %wait    %CPU   CPU  Command
07:23:58        0    144557   13.00    0.00    0.00    0.00   13.00     2  sync_slam_toolb

07:23:57      UID       PID  minflt/s  majflt/s     VSZ     RSS   %MEM  Command
07:23:58        0    144557      0.00      0.00 2690764   74556   0.48  sync_slam_toolb

07:23:58      UID       PID    %usr %system  %guest   %wait    %CPU   CPU  Command
07:23:59        0    144557   14.00    0.00    0.00    0.00   14.00     9  sync_slam_toolb

07:23:58      UID       PID  minflt/s  majflt/s     VSZ     RSS   %MEM  Command
07:23:59        0    144557      0.00      0.00 2690764   74556   0.48  sync_slam_toolb

07:23:59      UID       PID    %usr %system  %guest   %wait    %CPU   CPU  Command
07:24:00        0    144557   14.00    0.00    0.00    0.00   14.00    12  sync_slam_toolb

07:23:59      UID       PID  minflt/s  majflt/s     VSZ     RSS   %MEM  Command
07:24:00        0    144557      0.00      0.00 2690764   74556   0.48  sync_slam_toolb

07:24:00      UID       PID    %usr %system  %guest   %wait    %CPU   CPU  Command
07:24:01        0    144557   13.00    1.00    0.00    0.00   14.00     8  sync_slam_toolb

07:24:00      UID       PID  minflt/s  majflt/s     VSZ     RSS   %MEM  Command
07:24:01        0    144557      0.00      0.00 2690764   74556   0.48  sync_slam_toolb

07:24:01      UID       PID    %usr %system  %guest   %wait    %CPU   CPU  Command
07:24:02        0    144557   15.00    0.00    0.00    0.00   15.00     8  sync_slam_toolb

07:24:01      UID       PID  minflt/s  majflt/s     VSZ     RSS   %MEM  Command
07:24:02        0    144557      0.00      0.00 2690764   74556   0.48  sync_slam_toolb

07:24:02      UID       PID    %usr %system  %guest   %wait    %CPU   CPU  Command
07:24:03        0    144557   13.00    1.00    0.00    0.00   14.00     0  sync_slam_toolb

07:24:02      UID       PID  minflt/s  majflt/s     VSZ     RSS   %MEM  Command
07:24:03        0    144557      0.00      0.00 2690764   74556   0.48  sync_slam_toolb

07:24:03      UID       PID    %usr %system  %guest   %wait    %CPU   CPU  Command
07:24:04        0    144557   16.00    0.00    0.00    0.00   16.00    10  sync_slam_toolb

07:24:03      UID       PID  minflt/s  majflt/s     VSZ     RSS   %MEM  Command
07:24:04        0    144557      0.00      0.00 2690764   74556   0.48  sync_slam_toolb

07:24:04      UID       PID    %usr %system  %guest   %wait    %CPU   CPU  Command
07:24:05        0    144557   14.00    1.00    0.00    0.00   15.00     6  sync_slam_toolb

07:24:04      UID       PID  minflt/s  majflt/s     VSZ     RSS   %MEM  Command
07:24:05        0    144557      0.00      0.00 2690764   74556   0.48  sync_slam_toolb

07:24:05      UID       PID    %usr %system  %guest   %wait    %CPU   CPU  Command
07:24:06        0    144557   13.00    0.00    0.00    0.00   13.00    10  sync_slam_toolb

07:24:05      UID       PID  minflt/s  majflt/s     VSZ     RSS   %MEM  Command
07:24:06        0    144557      0.00      0.00 2690764   74556   0.48  sync_slam_toolb

07:24:06      UID       PID    %usr %system  %guest   %wait    %CPU   CPU  Command
07:24:07        0    144557   14.00    1.00    0.00    0.00   15.00     8  sync_slam_toolb

07:24:06      UID       PID  minflt/s  majflt/s     VSZ     RSS   %MEM  Command
07:24:07        0    144557      0.00      0.00 2690764   74556   0.48  sync_slam_toolb

07:24:07      UID       PID    %usr %system  %guest   %wait    %CPU   CPU  Command
07:24:08        0    144557   16.00    1.00    0.00    0.00   17.00    12  sync_slam_toolb

07:24:07      UID       PID  minflt/s  majflt/s     VSZ     RSS   %MEM  Command
07:24:08        0    144557      0.00      0.00 2690764   74556   0.48  sync_slam_toolb

07:24:08      UID       PID    %usr %system  %guest   %wait    %CPU   CPU  Command
07:24:09        0    144557   13.00    0.00    0.00    0.00   13.00     8  sync_slam_toolb

07:24:08      UID       PID  minflt/s  majflt/s     VSZ     RSS   %MEM  Command
07:24:09        0    144557      0.00      0.00 2690764   74556   0.48  sync_slam_toolb

07:24:09      UID       PID    %usr %system  %guest   %wait    %CPU   CPU  Command
07:24:10        0    144557   14.00    1.00    0.00    0.00   15.00     0  sync_slam_toolb

07:24:09      UID       PID  minflt/s  majflt/s     VSZ     RSS   %MEM  Command
07:24:10        0    144557      0.00      0.00 2690764   74556   0.48  sync_slam_toolb

07:24:10      UID       PID    %usr %system  %guest   %wait    %CPU   CPU  Command
07:24:11        0    144557   13.00    0.00    0.00    0.00   13.00     0  sync_slam_toolb

07:24:10      UID       PID  minflt/s  majflt/s     VSZ     RSS   %MEM  Command
07:24:11        0    144557      0.00      0.00 2690764   74556   0.48  sync_slam_toolb

07:24:11      UID       PID    %usr %system  %guest   %wait    %CPU   CPU  Command
07:24:12        0    144557   14.00    0.00    0.00    0.00   14.00     0  sync_slam_toolb

07:24:11      UID       PID  minflt/s  majflt/s     VSZ     RSS   %MEM  Command
07:24:12        0    144557      0.00      0.00 2690764   74556   0.48  sync_slam_toolb

07:24:12      UID       PID    %usr %system  %guest   %wait    %CPU   CPU  Command
07:24:13        0    144557   13.00    1.00    0.00    0.00   14.00     0  sync_slam_toolb

07:24:12      UID       PID  minflt/s  majflt/s     VSZ     RSS   %MEM  Command
07:24:13        0    144557      0.00      0.00 2690764   74556   0.48  sync_slam_toolb

07:24:13      UID       PID    %usr %system  %guest   %wait    %CPU   CPU  Command
07:24:14        0    144557   14.00    0.00    0.00    0.00   14.00     0  sync_slam_toolb

07:24:13      UID       PID  minflt/s  majflt/s     VSZ     RSS   %MEM  Command
07:24:14        0    144557      0.00      0.00 2690764   74556   0.48  sync_slam_toolb

07:24:14      UID       PID    %usr %system  %guest   %wait    %CPU   CPU  Command
07:24:15        0    144557   13.00    0.00    0.00    0.00   13.00     6  sync_slam_toolb

07:24:14      UID       PID  minflt/s  majflt/s     VSZ     RSS   %MEM  Command
07:24:15        0    144557      0.00      0.00 2690764   74556   0.48  sync_slam_toolb

07:24:15      UID       PID    %usr %system  %guest   %wait    %CPU   CPU  Command
07:24:16        0    144557   14.00    1.00    0.00    0.00   15.00     4  sync_slam_toolb

07:24:15      UID       PID  minflt/s  majflt/s     VSZ     RSS   %MEM  Command
07:24:16        0    144557      0.00      0.00 2690764   74556   0.48  sync_slam_toolb

07:24:16      UID       PID    %usr %system  %guest   %wait    %CPU   CPU  Command
07:24:17        0    144557   14.00    0.00    0.00    0.00   14.00     6  sync_slam_toolb

07:24:16      UID       PID  minflt/s  majflt/s     VSZ     RSS   %MEM  Command
07:24:17        0    144557      0.00      0.00 2690764   74556   0.48  sync_slam_toolb

07:24:17      UID       PID    %usr %system  %guest   %wait    %CPU   CPU  Command
07:24:18        0    144557   16.00    1.00    0.00    0.00   17.00     6  sync_slam_toolb

07:24:17      UID       PID  minflt/s  majflt/s     VSZ     RSS   %MEM  Command
07:24:18        0    144557      0.00      0.00 2690764   74556   0.48  sync_slam_toolb

07:24:18      UID       PID    %usr %system  %guest   %wait    %CPU   CPU  Command
07:24:19        0    144557   14.00    0.00    0.00    0.00   14.00     6  sync_slam_toolb

07:24:18      UID       PID  minflt/s  majflt/s     VSZ     RSS   %MEM  Command
07:24:19        0    144557      0.00      0.00 2690764   74556   0.48  sync_slam_toolb

07:24:19      UID       PID    %usr %system  %guest   %wait    %CPU   CPU  Command
07:24:20        0    144557   13.00    1.00    0.00    0.00   14.00     8  sync_slam_toolb

07:24:19      UID       PID  minflt/s  majflt/s     VSZ     RSS   %MEM  Command
07:24:20        0    144557      0.00      0.00 2690764   74556   0.48  sync_slam_toolb

07:24:20      UID       PID    %usr %system  %guest   %wait    %CPU   CPU  Command
07:24:21        0    144557   13.00    0.00    0.00    0.00   13.00     8  sync_slam_toolb

07:24:20      UID       PID  minflt/s  majflt/s     VSZ     RSS   %MEM  Command
07:24:21        0    144557      0.00      0.00 2690764   74556   0.48  sync_slam_toolb

07:24:21      UID       PID    %usr %system  %guest   %wait    %CPU   CPU  Command
07:24:22        0    144557   13.00    1.00    0.00    0.00   14.00    10  sync_slam_toolb

07:24:21      UID       PID  minflt/s  majflt/s     VSZ     RSS   %MEM  Command
07:24:22        0    144557      0.00      0.00 2690764   74556   0.48  sync_slam_toolb

07:24:22      UID       PID    %usr %system  %guest   %wait    %CPU   CPU  Command
07:24:23        0    144557   13.00    0.00    0.00    0.00   13.00    12  sync_slam_toolb

07:24:22      UID       PID  minflt/s  majflt/s     VSZ     RSS   %MEM  Command
07:24:23        0    144557      0.00      0.00 2690764   74556   0.48  sync_slam_toolb

07:24:23      UID       PID    %usr %system  %guest   %wait    %CPU   CPU  Command
07:24:24        0    144557   14.00    1.00    0.00    0.00   15.00     6  sync_slam_toolb

07:24:23      UID       PID  minflt/s  majflt/s     VSZ     RSS   %MEM  Command
07:24:24        0    144557      0.00      0.00 2690764   74556   0.48  sync_slam_toolb

07:24:24      UID       PID    %usr %system  %guest   %wait    %CPU   CPU  Command
07:24:25        0    144557   13.00    0.00    0.00    0.00   13.00    12  sync_slam_toolb

07:24:24      UID       PID  minflt/s  majflt/s     VSZ     RSS   %MEM  Command
07:24:25        0    144557      0.00      0.00 2690764   74556   0.48  sync_slam_toolb

07:24:25      UID       PID    %usr %system  %guest   %wait    %CPU   CPU  Command
07:24:26        0    144557   18.00    1.00    0.00    0.00   19.00    12  sync_slam_toolb

07:24:25      UID       PID  minflt/s  majflt/s     VSZ     RSS   %MEM  Command
07:24:26        0    144557      0.00      0.00 2690764   74556   0.48  sync_slam_toolb

07:24:26      UID       PID    %usr %system  %guest   %wait    %CPU   CPU  Command
07:24:27        0    144557   14.00    1.00    0.00    0.00   15.00     6  sync_slam_toolb

07:24:26      UID       PID  minflt/s  majflt/s     VSZ     RSS   %MEM  Command
07:24:27        0    144557      0.00      0.00 2690764   74556   0.48  sync_slam_toolb

07:24:27      UID       PID    %usr %system  %guest   %wait    %CPU   CPU  Command
07:24:28        0    144557   15.00    0.00    0.00    0.00   15.00     6  sync_slam_toolb

07:24:27      UID       PID  minflt/s  majflt/s     VSZ     RSS   %MEM  Command
07:24:28        0    144557      0.00      0.00 2690764   74556   0.48  sync_slam_toolb

07:24:28      UID       PID    %usr %system  %guest   %wait    %CPU   CPU  Command
07:24:29        0    144557   17.00    1.00    0.00    0.00   18.00     6  sync_slam_toolb

07:24:28      UID       PID  minflt/s  majflt/s     VSZ     RSS   %MEM  Command
07:24:29        0    144557      0.00      0.00 2690764   74556   0.48  sync_slam_toolb

07:24:29      UID       PID    %usr %system  %guest   %wait    %CPU   CPU  Command
07:24:30        0    144557   14.00    1.00    0.00    0.00   15.00     8  sync_slam_toolb

07:24:29      UID       PID  minflt/s  majflt/s     VSZ     RSS   %MEM  Command
07:24:30        0    144557      0.00      0.00 2690764   74556   0.48  sync_slam_toolb

07:24:30      UID       PID    %usr %system  %guest   %wait    %CPU   CPU  Command
07:24:31        0    144557   15.00    1.00    0.00    0.00   16.00     6  sync_slam_toolb

07:24:30      UID       PID  minflt/s  majflt/s     VSZ     RSS   %MEM  Command
07:24:31        0    144557      0.00      0.00 2690764   74556   0.48  sync_slam_toolb

07:24:31      UID       PID    %usr %system  %guest   %wait    %CPU   CPU  Command
07:24:32        0    144557   15.00    0.00    0.00    0.00   15.00     8  sync_slam_toolb

07:24:31      UID       PID  minflt/s  majflt/s     VSZ     RSS   %MEM  Command
07:24:32        0    144557      0.00      0.00 2690764   74556   0.48  sync_slam_toolb

07:24:32      UID       PID    %usr %system  %guest   %wait    %CPU   CPU  Command
07:24:33        0    144557   18.00    1.00    0.00    0.00   19.00     8  sync_slam_toolb

07:24:32      UID       PID  minflt/s  majflt/s     VSZ     RSS   %MEM  Command
07:24:33        0    144557      0.00      0.00 2690764   74556   0.48  sync_slam_toolb

07:24:33      UID       PID    %usr %system  %guest   %wait    %CPU   CPU  Command
07:24:34        0    144557   18.00    0.00    0.00    0.00   18.00     0  sync_slam_toolb

07:24:33      UID       PID  minflt/s  majflt/s     VSZ     RSS   %MEM  Command
07:24:34        0    144557      0.00      0.00 2690764   74556   0.48  sync_slam_toolb

07:24:34      UID       PID    %usr %system  %guest   %wait    %CPU   CPU  Command
07:24:35        0    144557   14.00    1.00    0.00    0.00   15.00     0  sync_slam_toolb

07:24:34      UID       PID  minflt/s  majflt/s     VSZ     RSS   %MEM  Command
07:24:35        0    144557      0.00      0.00 2690764   74556   0.48  sync_slam_toolb

07:24:35      UID       PID    %usr %system  %guest   %wait    %CPU   CPU  Command
07:24:36        0    144557   15.00    1.00    0.00    0.00   16.00     6  sync_slam_toolb

07:24:35      UID       PID  minflt/s  majflt/s     VSZ     RSS   %MEM  Command
07:24:36        0    144557      0.00      0.00 2690764   74556   0.48  sync_slam_toolb

07:24:36      UID       PID    %usr %system  %guest   %wait    %CPU   CPU  Command
07:24:37        0    144557   18.00    0.00    0.00    0.00   18.00     6  sync_slam_toolb

07:24:36      UID       PID  minflt/s  majflt/s     VSZ     RSS   %MEM  Command
07:24:37        0    144557      0.00      0.00 2690764   74556   0.48  sync_slam_toolb

07:24:37      UID       PID    %usr %system  %guest   %wait    %CPU   CPU  Command
07:24:38        0    144557   14.00    1.00    0.00    0.00   15.00     2  sync_slam_toolb

07:24:37      UID       PID  minflt/s  majflt/s     VSZ     RSS   %MEM  Command
07:24:38        0    144557      0.00      0.00 2690764   74556   0.48  sync_slam_toolb

07:24:38      UID       PID    %usr %system  %guest   %wait    %CPU   CPU  Command
07:24:39        0    144557   18.00    1.00    0.00    0.00   19.00    14  sync_slam_toolb

07:24:38      UID       PID  minflt/s  majflt/s     VSZ     RSS   %MEM  Command
07:24:39        0    144557      0.00      0.00 2690764   74556   0.48  sync_slam_toolb

07:24:39      UID       PID    %usr %system  %guest   %wait    %CPU   CPU  Command
07:24:40        0    144557   15.00    1.00    0.00    0.00   16.00     6  sync_slam_toolb

07:24:39      UID       PID  minflt/s  majflt/s     VSZ     RSS   %MEM  Command
07:24:40        0    144557      0.00      0.00 2690764   74556   0.48  sync_slam_toolb

07:24:40      UID       PID    %usr %system  %guest   %wait    %CPU   CPU  Command
07:24:41        0    144557   18.00    0.00    0.00    0.00   18.00     8  sync_slam_toolb

07:24:40      UID       PID  minflt/s  majflt/s     VSZ     RSS   %MEM  Command
07:24:41        0    144557      0.00      0.00 2690764   74556   0.48  sync_slam_toolb

07:24:41      UID       PID    %usr %system  %guest   %wait    %CPU   CPU  Command
07:24:42        0    144557   15.00    0.00    0.00    0.00   15.00     8  sync_slam_toolb

07:24:41      UID       PID  minflt/s  majflt/s     VSZ     RSS   %MEM  Command
07:24:42        0    144557      0.00      0.00 2690764   74556   0.48  sync_slam_toolb

07:24:42      UID       PID    %usr %system  %guest   %wait    %CPU   CPU  Command
07:24:43        0    144557   15.00    1.00    0.00    0.00   16.00     2  sync_slam_toolb

07:24:42      UID       PID  minflt/s  majflt/s     VSZ     RSS   %MEM  Command
07:24:43        0    144557      0.00      0.00 2690764   74556   0.48  sync_slam_toolb

07:24:43      UID       PID    %usr %system  %guest   %wait    %CPU   CPU  Command
07:24:44        0    144557   18.00    1.00    0.00    0.00   19.00     8  sync_slam_toolb

07:24:43      UID       PID  minflt/s  majflt/s     VSZ     RSS   %MEM  Command
07:24:44        0    144557      0.00      0.00 2690764   74556   0.48  sync_slam_toolb

07:24:44      UID       PID    %usr %system  %guest   %wait    %CPU   CPU  Command
07:24:45        0    144557   14.00    1.00    0.00    0.00   15.00    10  sync_slam_toolb

07:24:44      UID       PID  minflt/s  majflt/s     VSZ     RSS   %MEM  Command
07:24:45        0    144557      0.00      0.00 2690764   74556   0.48  sync_slam_toolb

07:24:45      UID       PID    %usr %system  %guest   %wait    %CPU   CPU  Command
07:24:46        0    144557   14.00    1.00    0.00    0.00   15.00     8  sync_slam_toolb

07:24:45      UID       PID  minflt/s  majflt/s     VSZ     RSS   %MEM  Command
07:24:46        0    144557      0.00      0.00 2690764   74556   0.48  sync_slam_toolb

07:24:46      UID       PID    %usr %system  %guest   %wait    %CPU   CPU  Command
07:24:47        0    144557   14.00    1.00    0.00    0.00   15.00    12  sync_slam_toolb

07:24:46      UID       PID  minflt/s  majflt/s     VSZ     RSS   %MEM  Command
07:24:47        0    144557      0.00      0.00 2690764   74556   0.48  sync_slam_toolb

07:24:47      UID       PID    %usr %system  %guest   %wait    %CPU   CPU  Command
07:24:48        0    144557   15.00    0.00    0.00    0.00   15.00    10  sync_slam_toolb

07:24:47      UID       PID  minflt/s  majflt/s     VSZ     RSS   %MEM  Command
07:24:48        0    144557      0.00      0.00 2690764   74556   0.48  sync_slam_toolb

07:24:48      UID       PID    %usr %system  %guest   %wait    %CPU   CPU  Command
07:24:49        0    144557   15.00    1.00    0.00    0.00   16.00     2  sync_slam_toolb

07:24:48      UID       PID  minflt/s  majflt/s     VSZ     RSS   %MEM  Command
07:24:49        0    144557      0.00      0.00 2690764   74556   0.48  sync_slam_toolb

07:24:49      UID       PID    %usr %system  %guest   %wait    %CPU   CPU  Command
07:24:50        0    144557   15.00    0.00    0.00    0.00   15.00     4  sync_slam_toolb

07:24:49      UID       PID  minflt/s  majflt/s     VSZ     RSS   %MEM  Command
07:24:50        0    144557      0.00      0.00 2690764   74556   0.48  sync_slam_toolb

07:24:50      UID       PID    %usr %system  %guest   %wait    %CPU   CPU  Command
07:24:51        0    144557   14.00    1.00    0.00    0.00   15.00     6  sync_slam_toolb

07:24:50      UID       PID  minflt/s  majflt/s     VSZ     RSS   %MEM  Command
07:24:51        0    144557      0.00      0.00 2690764   74556   0.48  sync_slam_toolb

07:24:51      UID       PID    %usr %system  %guest   %wait    %CPU   CPU  Command
07:24:52        0    144557   18.00    1.00    0.00    0.00   19.00    14  sync_slam_toolb

07:24:51      UID       PID  minflt/s  majflt/s     VSZ     RSS   %MEM  Command
07:24:52        0    144557      0.00      0.00 2690764   74556   0.48  sync_slam_toolb

07:24:52      UID       PID    %usr %system  %guest   %wait    %CPU   CPU  Command
07:24:53        0    144557   15.00    0.00    0.00    0.00   15.00     8  sync_slam_toolb

07:24:52      UID       PID  minflt/s  majflt/s     VSZ     RSS   %MEM  Command
07:24:53        0    144557      0.00      0.00 2690764   74556   0.48  sync_slam_toolb

07:24:53      UID       PID    %usr %system  %guest   %wait    %CPU   CPU  Command
07:24:54        0    144557   14.00    1.00    0.00    0.00   15.00     8  sync_slam_toolb

07:24:53      UID       PID  minflt/s  majflt/s     VSZ     RSS   %MEM  Command
07:24:54        0    144557      0.00      0.00 2690764   74556   0.48  sync_slam_toolb

07:24:54      UID       PID    %usr %system  %guest   %wait    %CPU   CPU  Command
07:24:55        0    144557   13.86    4.95    0.00    0.00   18.81    12  sync_slam_toolb

07:24:54      UID       PID  minflt/s  majflt/s     VSZ     RSS   %MEM  Command
07:24:55        0    144557      0.00      0.00 2690764   74556   0.48  sync_slam_toolb

07:24:55      UID       PID    %usr %system  %guest   %wait    %CPU   CPU  Command
07:24:56        0    144557   12.00    3.00    0.00    0.00   15.00     8  sync_slam_toolb

07:24:55      UID       PID  minflt/s  majflt/s     VSZ     RSS   %MEM  Command
07:24:56        0    144557      0.00      0.00 2690764   74556   0.48  sync_slam_toolb

07:24:56      UID       PID    %usr %system  %guest   %wait    %CPU   CPU  Command
07:24:57        0    144557   15.00    4.00    0.00    0.00   19.00     8  sync_slam_toolb

07:24:56      UID       PID  minflt/s  majflt/s     VSZ     RSS   %MEM  Command
07:24:57        0    144557      0.00      0.00 2690764   74556   0.48  sync_slam_toolb

07:24:57      UID       PID    %usr %system  %guest   %wait    %CPU   CPU  Command
07:24:58        0    144557   12.00    3.00    0.00    0.00   15.00     8  sync_slam_toolb

07:24:57      UID       PID  minflt/s  majflt/s     VSZ     RSS   %MEM  Command
07:24:58        0    144557      0.00      0.00 2690764   74556   0.48  sync_slam_toolb

07:24:58      UID       PID    %usr %system  %guest   %wait    %CPU   CPU  Command
07:24:59        0    144557   12.00    4.00    0.00    0.00   16.00     8  sync_slam_toolb

07:24:58      UID       PID  minflt/s  majflt/s     VSZ     RSS   %MEM  Command
07:24:59        0    144557      0.00      0.00 2690764   74556   0.48  sync_slam_toolb

07:24:59      UID       PID    %usr %system  %guest   %wait    %CPU   CPU  Command
07:25:00        0    144557   14.00    4.00    0.00    0.00   18.00     6  sync_slam_toolb

07:24:59      UID       PID  minflt/s  majflt/s     VSZ     RSS   %MEM  Command
07:25:00        0    144557      0.00      0.00 2690764   74556   0.48  sync_slam_toolb

07:25:00      UID       PID    %usr %system  %guest   %wait    %CPU   CPU  Command
07:25:01        0    144557   12.00    3.00    0.00    0.00   15.00    12  sync_slam_toolb

07:25:00      UID       PID  minflt/s  majflt/s     VSZ     RSS   %MEM  Command
07:25:01        0    144557      0.00      0.00 2690764   74556   0.48  sync_slam_toolb

07:25:01      UID       PID    %usr %system  %guest   %wait    %CPU   CPU  Command
07:25:02        0    144557   12.00    5.00    0.00    0.00   17.00    12  sync_slam_toolb

07:25:01      UID       PID  minflt/s  majflt/s     VSZ     RSS   %MEM  Command
07:25:02        0    144557      0.00      0.00 2690764   74556   0.48  sync_slam_toolb

07:25:02      UID       PID    %usr %system  %guest   %wait    %CPU   CPU  Command
07:25:03        0    144557   14.00    4.00    0.00    0.00   18.00     6  sync_slam_toolb

07:25:02      UID       PID  minflt/s  majflt/s     VSZ     RSS   %MEM  Command
07:25:03        0    144557      0.00      0.00 2690764   74556   0.48  sync_slam_toolb

07:25:03      UID       PID    %usr %system  %guest   %wait    %CPU   CPU  Command
07:25:04        0    144557   11.00    5.00    0.00    0.00   16.00     4  sync_slam_toolb

07:25:03      UID       PID  minflt/s  majflt/s     VSZ     RSS   %MEM  Command
07:25:04        0    144557      0.00      0.00 2690764   74556   0.48  sync_slam_toolb

07:25:04      UID       PID    %usr %system  %guest   %wait    %CPU   CPU  Command
07:25:05        0    144557   16.00    4.00    0.00    0.00   20.00     4  sync_slam_toolb

07:25:04      UID       PID  minflt/s  majflt/s     VSZ     RSS   %MEM  Command
07:25:05        0    144557      0.00      0.00 2690764   74556   0.48  sync_slam_toolb

07:25:05      UID       PID    %usr %system  %guest   %wait    %CPU   CPU  Command
07:25:06        0    144557   12.00    3.00    0.00    0.00   15.00    12  sync_slam_toolb

07:25:05      UID       PID  minflt/s  majflt/s     VSZ     RSS   %MEM  Command
07:25:06        0    144557      0.00      0.00 2690764   74556   0.48  sync_slam_toolb

07:25:06      UID       PID    %usr %system  %guest   %wait    %CPU   CPU  Command
07:25:07        0    144557   14.00    2.00    0.00    0.00   16.00    12  sync_slam_toolb

07:25:06      UID       PID  minflt/s  majflt/s     VSZ     RSS   %MEM  Command
07:25:07        0    144557      0.00      0.00 2690764   74556   0.48  sync_slam_toolb

07:25:07      UID       PID    %usr %system  %guest   %wait    %CPU   CPU  Command
07:25:08        0    144557   13.00    2.00    0.00    0.00   15.00    12  sync_slam_toolb

07:25:07      UID       PID  minflt/s  majflt/s     VSZ     RSS   %MEM  Command
07:25:08        0    144557      0.00      0.00 2690764   74556   0.48  sync_slam_toolb

07:25:08      UID       PID    %usr %system  %guest   %wait    %CPU   CPU  Command
07:25:09        0    144557   10.00    1.00    0.00    0.00   11.00     6  sync_slam_toolb

07:25:08      UID       PID  minflt/s  majflt/s     VSZ     RSS   %MEM  Command
07:25:09        0    144557      0.00      0.00 2690764   74556   0.48  sync_slam_toolb

07:25:09      UID       PID    %usr %system  %guest   %wait    %CPU   CPU  Command
07:25:10        0    144557   14.00    0.00    0.00    0.00   14.00     8  sync_slam_toolb

07:25:09      UID       PID  minflt/s  majflt/s     VSZ     RSS   %MEM  Command
07:25:10        0    144557      0.00      0.00 2690764   74556   0.48  sync_slam_toolb

07:25:10      UID       PID    %usr %system  %guest   %wait    %CPU   CPU  Command
07:25:11        0    144557   10.00    1.00    0.00    0.00   11.00     8  sync_slam_toolb

07:25:10      UID       PID  minflt/s  majflt/s     VSZ     RSS   %MEM  Command
07:25:11        0    144557      0.00      0.00 2690764   74556   0.48  sync_slam_toolb

07:25:11      UID       PID    %usr %system  %guest   %wait    %CPU   CPU  Command
07:25:12        0    144557   11.00    0.00    0.00    0.00   11.00     6  sync_slam_toolb

07:25:11      UID       PID  minflt/s  majflt/s     VSZ     RSS   %MEM  Command
07:25:12        0    144557      0.00      0.00 2690764   74556   0.48  sync_slam_toolb

07:25:12      UID       PID    %usr %system  %guest   %wait    %CPU   CPU  Command
07:25:13        0    144557   14.00    1.00    0.00    0.00   15.00    15  sync_slam_toolb

07:25:12      UID       PID  minflt/s  majflt/s     VSZ     RSS   %MEM  Command
07:25:13        0    144557      0.00      0.00 2690764   74556   0.48  sync_slam_toolb

07:25:13      UID       PID    %usr %system  %guest   %wait    %CPU   CPU  Command
07:25:14        0    144557   11.00    1.00    0.00    0.00   12.00    15  sync_slam_toolb

07:25:13      UID       PID  minflt/s  majflt/s     VSZ     RSS   %MEM  Command
07:25:14        0    144557      0.00      0.00 2690764   74556   0.48  sync_slam_toolb

07:25:14      UID       PID    %usr %system  %guest   %wait    %CPU   CPU  Command
07:25:15        0    144557   27.00    1.00    0.00    0.00   28.00     8  sync_slam_toolb

07:25:14      UID       PID  minflt/s  majflt/s     VSZ     RSS   %MEM  Command
07:25:15        0    144557    258.00      0.00 2690764   75580   0.48  sync_slam_toolb

07:25:15      UID       PID    %usr %system  %guest   %wait    %CPU   CPU  Command
07:25:16        0    144557   11.00    0.00    0.00    0.00   11.00     8  sync_slam_toolb

07:25:15      UID       PID  minflt/s  majflt/s     VSZ     RSS   %MEM  Command
07:25:16        0    144557      0.00      0.00 2690764   75580   0.48  sync_slam_toolb

07:25:16      UID       PID    %usr %system  %guest   %wait    %CPU   CPU  Command
07:25:17        0    144557   13.00    2.00    0.00    0.00   15.00     8  sync_slam_toolb

07:25:16      UID       PID  minflt/s  majflt/s     VSZ     RSS   %MEM  Command
07:25:17        0    144557      0.00      0.00 2690764   75580   0.48  sync_slam_toolb

07:25:17      UID       PID    %usr %system  %guest   %wait    %CPU   CPU  Command
07:25:18        0    144557   11.00    0.00    0.00    0.00   11.00     9  sync_slam_toolb

07:25:17      UID       PID  minflt/s  majflt/s     VSZ     RSS   %MEM  Command
07:25:18        0    144557      0.00      0.00 2690764   75580   0.48  sync_slam_toolb

07:25:18      UID       PID    %usr %system  %guest   %wait    %CPU   CPU  Command
07:25:19        0    144557   10.00    1.00    0.00    0.00   11.00     8  sync_slam_toolb

07:25:18      UID       PID  minflt/s  majflt/s     VSZ     RSS   %MEM  Command
07:25:19        0    144557      0.00      0.00 2690764   75580   0.48  sync_slam_toolb

07:25:19      UID       PID    %usr %system  %guest   %wait    %CPU   CPU  Command
07:25:20        0    144557   14.00    1.00    0.00    0.00   15.00     2  sync_slam_toolb

07:25:19      UID       PID  minflt/s  majflt/s     VSZ     RSS   %MEM  Command
07:25:20        0    144557      0.00      0.00 2690764   75580   0.48  sync_slam_toolb

07:25:20      UID       PID    %usr %system  %guest   %wait    %CPU   CPU  Command
07:25:21        0    144557   10.00    1.00    0.00    0.00   11.00     6  sync_slam_toolb

07:25:20      UID       PID  minflt/s  majflt/s     VSZ     RSS   %MEM  Command
07:25:21        0    144557      0.00      0.00 2690764   75580   0.48  sync_slam_toolb

07:25:21      UID       PID    %usr %system  %guest   %wait    %CPU   CPU  Command
07:25:22        0    144557   14.00    2.00    0.00    0.00   16.00     2  sync_slam_toolb

07:25:21      UID       PID  minflt/s  majflt/s     VSZ     RSS   %MEM  Command
07:25:22        0    144557      0.00      0.00 2690764   75580   0.48  sync_slam_toolb

07:25:22      UID       PID    %usr %system  %guest   %wait    %CPU   CPU  Command
07:25:23        0    144557   10.00    0.00    0.00    0.00   10.00     6  sync_slam_toolb

07:25:22      UID       PID  minflt/s  majflt/s     VSZ     RSS   %MEM  Command
07:25:23        0    144557      0.00      0.00 2690764   75580   0.48  sync_slam_toolb

07:25:23      UID       PID    %usr %system  %guest   %wait    %CPU   CPU  Command
07:25:24        0    144557   14.00    1.00    0.00    0.00   15.00     2  sync_slam_toolb

07:25:23      UID       PID  minflt/s  majflt/s     VSZ     RSS   %MEM  Command
07:25:24        0    144557      0.00      0.00 2690764   75580   0.48  sync_slam_toolb

07:25:24      UID       PID    %usr %system  %guest   %wait    %CPU   CPU  Command
07:25:25        0    144557   11.00    0.00    0.00    0.00   11.00     8  sync_slam_toolb

07:25:24      UID       PID  minflt/s  majflt/s     VSZ     RSS   %MEM  Command
07:25:25        0    144557      0.00      0.00 2690764   75580   0.48  sync_slam_toolb

07:25:25      UID       PID    %usr %system  %guest   %wait    %CPU   CPU  Command
07:25:26        0    144557   11.00    0.00    0.00    0.00   11.00     4  sync_slam_toolb

07:25:25      UID       PID  minflt/s  majflt/s     VSZ     RSS   %MEM  Command
07:25:26        0    144557      0.00      0.00 2690764   75580   0.48  sync_slam_toolb

07:25:26      UID       PID    %usr %system  %guest   %wait    %CPU   CPU  Command
07:25:27        0    144557   14.00    0.00    0.00    0.00   14.00     2  sync_slam_toolb

07:25:26      UID       PID  minflt/s  majflt/s     VSZ     RSS   %MEM  Command
07:25:27        0    144557      0.00      0.00 2690764   75580   0.48  sync_slam_toolb

07:25:27      UID       PID    %usr %system  %guest   %wait    %CPU   CPU  Command
07:25:28        0    144557   11.00    1.00    0.00    0.00   12.00     8  sync_slam_toolb

07:25:27      UID       PID  minflt/s  majflt/s     VSZ     RSS   %MEM  Command
07:25:28        0    144557      0.00      0.00 2690764   75580   0.48  sync_slam_toolb

07:25:28      UID       PID    %usr %system  %guest   %wait    %CPU   CPU  Command
07:25:29        0    144557   10.00    0.00    0.00    0.00   10.00     8  sync_slam_toolb

07:25:28      UID       PID  minflt/s  majflt/s     VSZ     RSS   %MEM  Command
07:25:29        0    144557      0.00      0.00 2690764   75580   0.48  sync_slam_toolb

07:25:29      UID       PID    %usr %system  %guest   %wait    %CPU   CPU  Command
07:25:30        0    144557   11.00    1.00    0.00    0.00   12.00     6  sync_slam_toolb

07:25:29      UID       PID  minflt/s  majflt/s     VSZ     RSS   %MEM  Command
07:25:30        0    144557      0.00      0.00 2690764   75580   0.48  sync_slam_toolb

07:25:30      UID       PID    %usr %system  %guest   %wait    %CPU   CPU  Command
07:25:31        0    144557   14.00    1.00    0.00    0.00   15.00    10  sync_slam_toolb

07:25:30      UID       PID  minflt/s  majflt/s     VSZ     RSS   %MEM  Command
07:25:31        0    144557      0.00      0.00 2690764   75580   0.48  sync_slam_toolb

07:25:31      UID       PID    %usr %system  %guest   %wait    %CPU   CPU  Command
07:25:32        0    144557   11.00    0.00    0.00    0.00   11.00     6  sync_slam_toolb

07:25:31      UID       PID  minflt/s  majflt/s     VSZ     RSS   %MEM  Command
07:25:32        0    144557      0.00      0.00 2690764   75580   0.48  sync_slam_toolb

07:25:32      UID       PID    %usr %system  %guest   %wait    %CPU   CPU  Command
07:25:33        0    144557   11.00    1.00    0.00    0.00   12.00    12  sync_slam_toolb

07:25:32      UID       PID  minflt/s  majflt/s     VSZ     RSS   %MEM  Command
07:25:33        0    144557      0.00      0.00 2690764   75580   0.48  sync_slam_toolb

07:25:33      UID       PID    %usr %system  %guest   %wait    %CPU   CPU  Command
07:25:34        0    144557   13.00    0.00    0.00    0.00   13.00    12  sync_slam_toolb

07:25:33      UID       PID  minflt/s  majflt/s     VSZ     RSS   %MEM  Command
07:25:34        0    144557      0.00      0.00 2690764   75580   0.48  sync_slam_toolb

07:25:34      UID       PID    %usr %system  %guest   %wait    %CPU   CPU  Command
07:25:35        0    144557   11.00    1.00    0.00    0.00   12.00     0  sync_slam_toolb

07:25:34      UID       PID  minflt/s  majflt/s     VSZ     RSS   %MEM  Command
07:25:35        0    144557      0.00      0.00 2690764   75580   0.48  sync_slam_toolb

07:25:35      UID       PID    %usr %system  %guest   %wait    %CPU   CPU  Command
07:25:36        0    144557   13.00    1.00    0.00    0.00   14.00     2  sync_slam_toolb

07:25:35      UID       PID  minflt/s  majflt/s     VSZ     RSS   %MEM  Command
07:25:36        0    144557      0.00      0.00 2690764   75580   0.48  sync_slam_toolb

07:25:36      UID       PID    %usr %system  %guest   %wait    %CPU   CPU  Command
07:25:37        0    144557   11.00    0.00    0.00    0.00   11.00     2  sync_slam_toolb

07:25:36      UID       PID  minflt/s  majflt/s     VSZ     RSS   %MEM  Command
07:25:37        0    144557      0.00      0.00 2690764   75580   0.48  sync_slam_toolb

07:25:37      UID       PID    %usr %system  %guest   %wait    %CPU   CPU  Command
07:25:38        0    144557   14.00    1.00    0.00    0.00   15.00    12  sync_slam_toolb

07:25:37      UID       PID  minflt/s  majflt/s     VSZ     RSS   %MEM  Command
07:25:38        0    144557      0.00      0.00 2690764   75580   0.48  sync_slam_toolb

07:25:38      UID       PID    %usr %system  %guest   %wait    %CPU   CPU  Command
07:25:39        0    144557   11.00    0.00    0.00    0.00   11.00    14  sync_slam_toolb

07:25:38      UID       PID  minflt/s  majflt/s     VSZ     RSS   %MEM  Command
07:25:39        0    144557      0.00      0.00 2690764   75580   0.48  sync_slam_toolb

07:25:39      UID       PID    %usr %system  %guest   %wait    %CPU   CPU  Command
07:25:40        0    144557   13.00    0.00    0.00    0.00   13.00     2  sync_slam_toolb

07:25:39      UID       PID  minflt/s  majflt/s     VSZ     RSS   %MEM  Command
07:25:40        0    144557      0.00      0.00 2690764   75580   0.48  sync_slam_toolb

07:25:40      UID       PID    %usr %system  %guest   %wait    %CPU   CPU  Command
07:25:41        0    144557   11.00    1.00    0.00    0.00   12.00     4  sync_slam_toolb

07:25:40      UID       PID  minflt/s  majflt/s     VSZ     RSS   %MEM  Command
07:25:41        0    144557      0.00      0.00 2690764   75580   0.48  sync_slam_toolb

07:25:41      UID       PID    %usr %system  %guest   %wait    %CPU   CPU  Command
07:25:42        0    144557   14.00    0.00    0.00    0.00   14.00    12  sync_slam_toolb

07:25:41      UID       PID  minflt/s  majflt/s     VSZ     RSS   %MEM  Command
07:25:42        0    144557      0.00      0.00 2690764   75580   0.48  sync_slam_toolb

07:25:42      UID       PID    %usr %system  %guest   %wait    %CPU   CPU  Command
07:25:43        0    144557   12.00    1.00    0.00    0.00   13.00    12  sync_slam_toolb

07:25:42      UID       PID  minflt/s  majflt/s     VSZ     RSS   %MEM  Command
07:25:43        0    144557      0.00      0.00 2690764   75580   0.48  sync_slam_toolb

07:25:43      UID       PID    %usr %system  %guest   %wait    %CPU   CPU  Command
07:25:44        0    144557   11.00    0.00    0.00    0.00   11.00    13  sync_slam_toolb

07:25:43      UID       PID  minflt/s  majflt/s     VSZ     RSS   %MEM  Command
07:25:44        0    144557      0.00      0.00 2690764   75580   0.48  sync_slam_toolb

07:25:44      UID       PID    %usr %system  %guest   %wait    %CPU   CPU  Command
07:25:45        0    144557   13.00    1.00    0.00    0.00   14.00    13  sync_slam_toolb

07:25:44      UID       PID  minflt/s  majflt/s     VSZ     RSS   %MEM  Command
07:25:45        0    144557      0.00      0.00 2690764   75580   0.48  sync_slam_toolb

07:25:45      UID       PID    %usr %system  %guest   %wait    %CPU   CPU  Command
07:25:46        0    144557   10.00    1.00    0.00    0.00   11.00     8  sync_slam_toolb

07:25:45      UID       PID  minflt/s  majflt/s     VSZ     RSS   %MEM  Command
07:25:46        0    144557      0.00      0.00 2690764   75580   0.48  sync_slam_toolb

07:25:46      UID       PID    %usr %system  %guest   %wait    %CPU   CPU  Command
07:25:47        0    144557   11.00    1.00    0.00    0.00   12.00    10  sync_slam_toolb

07:25:46      UID       PID  minflt/s  majflt/s     VSZ     RSS   %MEM  Command
07:25:47        0    144557      0.00      0.00 2690764   75580   0.48  sync_slam_toolb

07:25:47      UID       PID    %usr %system  %guest   %wait    %CPU   CPU  Command
07:25:48        0    144557   14.00    0.00    0.00    0.00   14.00     6  sync_slam_toolb

07:25:47      UID       PID  minflt/s  majflt/s     VSZ     RSS   %MEM  Command
07:25:48        0    144557      0.00      0.00 2690764   75580   0.48  sync_slam_toolb

07:25:48      UID       PID    %usr %system  %guest   %wait    %CPU   CPU  Command
07:25:49        0    144557   11.00    1.00    0.00    0.00   12.00     2  sync_slam_toolb

07:25:48      UID       PID  minflt/s  majflt/s     VSZ     RSS   %MEM  Command
07:25:49        0    144557      0.00      0.00 2690764   75580   0.48  sync_slam_toolb

07:25:49      UID       PID    %usr %system  %guest   %wait    %CPU   CPU  Command
07:25:50        0    144557   14.00    1.00    0.00    0.00   15.00     2  sync_slam_toolb

07:25:49      UID       PID  minflt/s  majflt/s     VSZ     RSS   %MEM  Command
07:25:50        0    144557      0.00      0.00 2690764   75580   0.48  sync_slam_toolb

07:25:50      UID       PID    %usr %system  %guest   %wait    %CPU   CPU  Command
07:25:51        0    144557   11.00    0.00    0.00    0.00   11.00     8  sync_slam_toolb

07:25:50      UID       PID  minflt/s  majflt/s     VSZ     RSS   %MEM  Command
07:25:51        0    144557      0.00      0.00 2690764   75580   0.48  sync_slam_toolb

07:25:51      UID       PID    %usr %system  %guest   %wait    %CPU   CPU  Command
07:25:52        0    144557   11.00    1.00    0.00    0.00   12.00     4  sync_slam_toolb

07:25:51      UID       PID  minflt/s  majflt/s     VSZ     RSS   %MEM  Command
07:25:52        0    144557      0.00      0.00 2690764   75580   0.48  sync_slam_toolb

07:25:52      UID       PID    %usr %system  %guest   %wait    %CPU   CPU  Command
07:25:53        0    144557   14.00    0.00    0.00    0.00   14.00    10  sync_slam_toolb

07:25:52      UID       PID  minflt/s  majflt/s     VSZ     RSS   %MEM  Command
07:25:53        0    144557      0.00      0.00 2690764   75580   0.48  sync_slam_toolb

07:25:53      UID       PID    %usr %system  %guest   %wait    %CPU   CPU  Command
07:25:54        0    144557   11.00    1.00    0.00    0.00   12.00     8  sync_slam_toolb

07:25:53      UID       PID  minflt/s  majflt/s     VSZ     RSS   %MEM  Command
07:25:54        0    144557      0.00      0.00 2690764   75580   0.48  sync_slam_toolb

07:25:54      UID       PID    %usr %system  %guest   %wait    %CPU   CPU  Command
07:25:55        0    144557   11.00    0.00    0.00    0.00   11.00     8  sync_slam_toolb

07:25:54      UID       PID  minflt/s  majflt/s     VSZ     RSS   %MEM  Command
07:25:55        0    144557      0.00      0.00 2690764   75580   0.48  sync_slam_toolb

07:25:55      UID       PID    %usr %system  %guest   %wait    %CPU   CPU  Command
07:25:56        0    144557   12.00    1.00    0.00    0.00   13.00    12  sync_slam_toolb

07:25:55      UID       PID  minflt/s  majflt/s     VSZ     RSS   %MEM  Command
07:25:56        0    144557      0.00      0.00 2690764   75580   0.48  sync_slam_toolb

07:25:56      UID       PID    %usr %system  %guest   %wait    %CPU   CPU  Command
07:25:57        0    144557   13.00    1.00    0.00    0.00   14.00     2  sync_slam_toolb

07:25:56      UID       PID  minflt/s  majflt/s     VSZ     RSS   %MEM  Command
07:25:57        0    144557      0.00      0.00 2690764   75580   0.48  sync_slam_toolb

07:25:57      UID       PID    %usr %system  %guest   %wait    %CPU   CPU  Command
07:25:58        0    144557   11.00    1.00    0.00    0.00   12.00     2  sync_slam_toolb

07:25:57      UID       PID  minflt/s  majflt/s     VSZ     RSS   %MEM  Command
07:25:58        0    144557      0.00      0.00 2690764   75580   0.48  sync_slam_toolb

07:25:58      UID       PID    %usr %system  %guest   %wait    %CPU   CPU  Command
07:25:59        0    144557   13.00    1.00    0.00    0.00   14.00     6  sync_slam_toolb

07:25:58      UID       PID  minflt/s  majflt/s     VSZ     RSS   %MEM  Command
07:25:59        0    144557      0.00      0.00 2690764   75580   0.48  sync_slam_toolb

07:25:59      UID       PID    %usr %system  %guest   %wait    %CPU   CPU  Command
07:26:00        0    144557   11.00    1.00    0.00    0.00   12.00     2  sync_slam_toolb

07:25:59      UID       PID  minflt/s  majflt/s     VSZ     RSS   %MEM  Command
07:26:00        0    144557      0.00      0.00 2690764   75580   0.48  sync_slam_toolb

07:26:00      UID       PID    %usr %system  %guest   %wait    %CPU   CPU  Command
07:26:01        0    144557   11.00    0.00    0.00    0.00   11.00     6  sync_slam_toolb

07:26:00      UID       PID  minflt/s  majflt/s     VSZ     RSS   %MEM  Command
07:26:01        0    144557      0.00      0.00 2690764   75580   0.48  sync_slam_toolb

07:26:01      UID       PID    %usr %system  %guest   %wait    %CPU   CPU  Command
07:26:02        0    144557   11.00    1.00    0.00    0.00   12.00     6  sync_slam_toolb

07:26:01      UID       PID  minflt/s  majflt/s     VSZ     RSS   %MEM  Command
07:26:02        0    144557      0.00      0.00 2690764   75580   0.48  sync_slam_toolb

07:26:02      UID       PID    %usr %system  %guest   %wait    %CPU   CPU  Command
07:26:03        0    144557   11.00    0.00    0.00    0.00   11.00    10  sync_slam_toolb

07:26:02      UID       PID  minflt/s  majflt/s     VSZ     RSS   %MEM  Command
07:26:03        0    144557      0.00      0.00 2690764   75580   0.48  sync_slam_toolb

07:26:03      UID       PID    %usr %system  %guest   %wait    %CPU   CPU  Command
07:26:04        0    144557   10.00    2.00    0.00    0.00   12.00     8  sync_slam_toolb

07:26:03      UID       PID  minflt/s  majflt/s     VSZ     RSS   %MEM  Command
07:26:04        0    144557      0.00      0.00 2690764   75580   0.48  sync_slam_toolb

07:26:04      UID       PID    %usr %system  %guest   %wait    %CPU   CPU  Command
07:26:05        0    144557   11.00    0.00    0.00    0.00   11.00     6  sync_slam_toolb

07:26:04      UID       PID  minflt/s  majflt/s     VSZ     RSS   %MEM  Command
07:26:05        0    144557      0.00      0.00 2690764   75580   0.48  sync_slam_toolb

07:26:05      UID       PID    %usr %system  %guest   %wait    %CPU   CPU  Command
07:26:06        0    144557   11.00    1.00    0.00    0.00   12.00     6  sync_slam_toolb

07:26:05      UID       PID  minflt/s  majflt/s     VSZ     RSS   %MEM  Command
07:26:06        0    144557      0.00      0.00 2690764   75580   0.48  sync_slam_toolb

07:26:06      UID       PID    %usr %system  %guest   %wait    %CPU   CPU  Command
07:26:07        0    144557   11.00    1.00    0.00    0.00   12.00     6  sync_slam_toolb

07:26:06      UID       PID  minflt/s  majflt/s     VSZ     RSS   %MEM  Command
07:26:07        0    144557      0.00      0.00 2690764   75580   0.48  sync_slam_toolb

07:26:07      UID       PID    %usr %system  %guest   %wait    %CPU   CPU  Command
07:26:08        0    144557   12.00    2.00    0.00    0.00   14.00     0  sync_slam_toolb

07:26:07      UID       PID  minflt/s  majflt/s     VSZ     RSS   %MEM  Command
07:26:08        0    144557      0.00      0.00 2690764   75580   0.48  sync_slam_toolb

07:26:08      UID       PID    %usr %system  %guest   %wait    %CPU   CPU  Command
07:26:09        0    144557   11.00    1.00    0.00    0.00   12.00     0  sync_slam_toolb

07:26:08      UID       PID  minflt/s  majflt/s     VSZ     RSS   %MEM  Command
07:26:09        0    144557      0.00      0.00 2690764   75580   0.48  sync_slam_toolb

07:26:09      UID       PID    %usr %system  %guest   %wait    %CPU   CPU  Command
07:26:10        0    144557   12.00    1.00    0.00    0.00   13.00     2  sync_slam_toolb

07:26:09      UID       PID  minflt/s  majflt/s     VSZ     RSS   %MEM  Command
07:26:10        0    144557      0.00      0.00 2690764   75580   0.48  sync_slam_toolb

07:26:10      UID       PID    %usr %system  %guest   %wait    %CPU   CPU  Command
07:26:11        0    144557   11.00    1.00    0.00    0.00   12.00     2  sync_slam_toolb

07:26:10      UID       PID  minflt/s  majflt/s     VSZ     RSS   %MEM  Command
07:26:11        0    144557      0.00      0.00 2690764   75580   0.48  sync_slam_toolb

07:26:11      UID       PID    %usr %system  %guest   %wait    %CPU   CPU  Command
07:26:12        0    144557   11.00    0.00    0.00    0.00   11.00     4  sync_slam_toolb

07:26:11      UID       PID  minflt/s  majflt/s     VSZ     RSS   %MEM  Command
07:26:12        0    144557      0.00      0.00 2690764   75580   0.48  sync_slam_toolb

07:26:12      UID       PID    %usr %system  %guest   %wait    %CPU   CPU  Command
07:26:13        0    144557   13.00    1.00    0.00    0.00   14.00     0  sync_slam_toolb

07:26:12      UID       PID  minflt/s  majflt/s     VSZ     RSS   %MEM  Command
07:26:13        0    144557      0.00      0.00 2690764   75580   0.48  sync_slam_toolb

07:26:13      UID       PID    %usr %system  %guest   %wait    %CPU   CPU  Command
07:26:14        0    144557   11.00    0.00    0.00    0.00   11.00     0  sync_slam_toolb

07:26:13      UID       PID  minflt/s  majflt/s     VSZ     RSS   %MEM  Command
07:26:14        0    144557      0.00      0.00 2690764   75580   0.48  sync_slam_toolb

07:26:14      UID       PID    %usr %system  %guest   %wait    %CPU   CPU  Command
07:26:15        0    144557   12.00    1.00    0.00    0.00   13.00     0  sync_slam_toolb

07:26:14      UID       PID  minflt/s  majflt/s     VSZ     RSS   %MEM  Command
07:26:15        0    144557      0.00      0.00 2690764   75580   0.48  sync_slam_toolb

07:26:15      UID       PID    %usr %system  %guest   %wait    %CPU   CPU  Command
07:26:16        0    144557   14.00    0.00    0.00    0.00   14.00     4  sync_slam_toolb

07:26:15      UID       PID  minflt/s  majflt/s     VSZ     RSS   %MEM  Command
07:26:16        0    144557      0.00      0.00 2690764   75580   0.48  sync_slam_toolb

07:26:16      UID       PID    %usr %system  %guest   %wait    %CPU   CPU  Command
07:26:17        0    144557   11.00    1.00    0.00    0.00   12.00     8  sync_slam_toolb

07:26:16      UID       PID  minflt/s  majflt/s     VSZ     RSS   %MEM  Command
07:26:17        0    144557      0.00      0.00 2690764   75580   0.48  sync_slam_toolb

07:26:17      UID       PID    %usr %system  %guest   %wait    %CPU   CPU  Command
07:26:18        0    144557   13.00    1.00    0.00    0.00   14.00    10  sync_slam_toolb

07:26:17      UID       PID  minflt/s  majflt/s     VSZ     RSS   %MEM  Command
07:26:18        0    144557      0.00      0.00 2690764   75580   0.48  sync_slam_toolb

07:26:18      UID       PID    %usr %system  %guest   %wait    %CPU   CPU  Command
07:26:19        0    144557   11.00    0.00    0.00    0.00   11.00    10  sync_slam_toolb

07:26:18      UID       PID  minflt/s  majflt/s     VSZ     RSS   %MEM  Command
07:26:19        0    144557      0.00      0.00 2690764   75580   0.48  sync_slam_toolb

07:26:19      UID       PID    %usr %system  %guest   %wait    %CPU   CPU  Command
07:26:20        0    144557   10.00    1.00    0.00    0.00   11.00     8  sync_slam_toolb

07:26:19      UID       PID  minflt/s  majflt/s     VSZ     RSS   %MEM  Command
07:26:20        0    144557      0.00      0.00 2690764   75580   0.48  sync_slam_toolb

07:26:20      UID       PID    %usr %system  %guest   %wait    %CPU   CPU  Command
07:26:21        0    144557   13.00    1.00    0.00    0.00   14.00     6  sync_slam_toolb

07:26:20      UID       PID  minflt/s  majflt/s     VSZ     RSS   %MEM  Command
07:26:21        0    144557      0.00      0.00 2690764   75580   0.48  sync_slam_toolb

07:26:21      UID       PID    %usr %system  %guest   %wait    %CPU   CPU  Command
07:26:22        0    144557   11.00    1.00    0.00    0.00   12.00     2  sync_slam_toolb

07:26:21      UID       PID  minflt/s  majflt/s     VSZ     RSS   %MEM  Command
07:26:22        0    144557      0.00      0.00 2690764   75580   0.48  sync_slam_toolb

07:26:22      UID       PID    %usr %system  %guest   %wait    %CPU   CPU  Command
07:26:23        0    144557    9.00    1.00    0.00    0.00   10.00     2  sync_slam_toolb

07:26:22      UID       PID  minflt/s  majflt/s     VSZ     RSS   %MEM  Command
07:26:23        0    144557      0.00      0.00 2690764   75580   0.48  sync_slam_toolb

07:26:23      UID       PID    %usr %system  %guest   %wait    %CPU   CPU  Command
07:26:24        0    144557   11.00    1.00    0.00    0.00   12.00     6  sync_slam_toolb

07:26:23      UID       PID  minflt/s  majflt/s     VSZ     RSS   %MEM  Command
07:26:24        0    144557      0.00      0.00 2690764   75580   0.48  sync_slam_toolb

07:26:24      UID       PID    %usr %system  %guest   %wait    %CPU   CPU  Command
07:26:25        0    144557   11.00    1.00    0.00    0.00   12.00    10  sync_slam_toolb

07:26:24      UID       PID  minflt/s  majflt/s     VSZ     RSS   %MEM  Command
07:26:25        0    144557      0.00      0.00 2690764   75580   0.48  sync_slam_toolb

07:26:25      UID       PID    %usr %system  %guest   %wait    %CPU   CPU  Command
07:26:26        0    144557   11.00    0.00    0.00    0.00   11.00    10  sync_slam_toolb

07:26:25      UID       PID  minflt/s  majflt/s     VSZ     RSS   %MEM  Command
07:26:26        0    144557      0.00      0.00 2690764   75580   0.48  sync_slam_toolb

07:26:26      UID       PID    %usr %system  %guest   %wait    %CPU   CPU  Command
07:26:27        0    144557   10.00    1.00    0.00    0.00   11.00     8  sync_slam_toolb

07:26:26      UID       PID  minflt/s  majflt/s     VSZ     RSS   %MEM  Command
07:26:27        0    144557      0.00      0.00 2690764   75580   0.48  sync_slam_toolb

07:26:27      UID       PID    %usr %system  %guest   %wait    %CPU   CPU  Command
07:26:28        0    144557   10.00    1.00    0.00    0.00   11.00     8  sync_slam_toolb

07:26:27      UID       PID  minflt/s  majflt/s     VSZ     RSS   %MEM  Command
07:26:28        0    144557      0.00      0.00 2690764   75580   0.48  sync_slam_toolb

07:26:28      UID       PID    %usr %system  %guest   %wait    %CPU   CPU  Command
07:26:29        0    144557   10.00    1.00    0.00    0.00   11.00     2  sync_slam_toolb

07:26:28      UID       PID  minflt/s  majflt/s     VSZ     RSS   %MEM  Command
07:26:29        0    144557      0.00      0.00 2690764   75580   0.48  sync_slam_toolb

07:26:29      UID       PID    %usr %system  %guest   %wait    %CPU   CPU  Command
07:26:30        0    144557   11.00    1.00    0.00    0.00   12.00     2  sync_slam_toolb

07:26:29      UID       PID  minflt/s  majflt/s     VSZ     RSS   %MEM  Command
07:26:30        0    144557      0.00      0.00 2690764   75580   0.48  sync_slam_toolb

07:26:30      UID       PID    %usr %system  %guest   %wait    %CPU   CPU  Command
07:26:31        0    144557   10.00    1.00    0.00    0.00   11.00     0  sync_slam_toolb

07:26:30      UID       PID  minflt/s  majflt/s     VSZ     RSS   %MEM  Command
07:26:31        0    144557      0.00      0.00 2690764   75580   0.48  sync_slam_toolb

07:26:31      UID       PID    %usr %system  %guest   %wait    %CPU   CPU  Command
07:26:32        0    144557   12.00    1.00    0.00    0.00   13.00     4  sync_slam_toolb

07:26:31      UID       PID  minflt/s  majflt/s     VSZ     RSS   %MEM  Command
07:26:32        0    144557      0.00      0.00 2690764   75580   0.48  sync_slam_toolb

07:26:32      UID       PID    %usr %system  %guest   %wait    %CPU   CPU  Command
07:26:33        0    144557   11.00    1.00    0.00    0.00   12.00     0  sync_slam_toolb

07:26:32      UID       PID  minflt/s  majflt/s     VSZ     RSS   %MEM  Command
07:26:33        0    144557      0.00      0.00 2690764   75580   0.48  sync_slam_toolb

07:26:33      UID       PID    %usr %system  %guest   %wait    %CPU   CPU  Command
07:26:34        0    144557   10.00    1.00    0.00    0.00   11.00     6  sync_slam_toolb

07:26:33      UID       PID  minflt/s  majflt/s     VSZ     RSS   %MEM  Command
07:26:34        0    144557      0.00      0.00 2690764   75580   0.48  sync_slam_toolb

07:26:34      UID       PID    %usr %system  %guest   %wait    %CPU   CPU  Command
07:26:35        0    144557   13.00    1.00    0.00    0.00   14.00     6  sync_slam_toolb

07:26:34      UID       PID  minflt/s  majflt/s     VSZ     RSS   %MEM  Command
07:26:35        0    144557      0.00      0.00 2690764   75580   0.48  sync_slam_toolb

07:26:35      UID       PID    %usr %system  %guest   %wait    %CPU   CPU  Command
07:26:36        0    144557   10.00    1.00    0.00    0.00   11.00    10  sync_slam_toolb

07:26:35      UID       PID  minflt/s  majflt/s     VSZ     RSS   %MEM  Command
07:26:36        0    144557      0.00      0.00 2690764   75580   0.48  sync_slam_toolb

07:26:36      UID       PID    %usr %system  %guest   %wait    %CPU   CPU  Command
07:26:37        0    144557   11.00    1.00    0.00    0.00   12.00     4  sync_slam_toolb

07:26:36      UID       PID  minflt/s  majflt/s     VSZ     RSS   %MEM  Command
07:26:37        0    144557      0.00      0.00 2690764   75580   0.48  sync_slam_toolb

07:26:37      UID       PID    %usr %system  %guest   %wait    %CPU   CPU  Command
07:26:38        0    144557   10.00    1.00    0.00    0.00   11.00    12  sync_slam_toolb

07:26:37      UID       PID  minflt/s  majflt/s     VSZ     RSS   %MEM  Command
07:26:38        0    144557      0.00      0.00 2690764   75580   0.48  sync_slam_toolb

07:26:38      UID       PID    %usr %system  %guest   %wait    %CPU   CPU  Command
07:26:39        0    144557   11.00    0.00    0.00    0.00   11.00     6  sync_slam_toolb

07:26:38      UID       PID  minflt/s  majflt/s     VSZ     RSS   %MEM  Command
07:26:39        0    144557      0.00      0.00 2690764   75580   0.48  sync_slam_toolb

07:26:39      UID       PID    %usr %system  %guest   %wait    %CPU   CPU  Command
07:26:40        0    144557   14.00    1.00    0.00    0.00   15.00     6  sync_slam_toolb

07:26:39      UID       PID  minflt/s  majflt/s     VSZ     RSS   %MEM  Command
07:26:40        0    144557      0.00      0.00 2690764   75580   0.48  sync_slam_toolb

07:26:40      UID       PID    %usr %system  %guest   %wait    %CPU   CPU  Command
07:26:41        0    144557   10.00    1.00    0.00    0.00   11.00     6  sync_slam_toolb

07:26:40      UID       PID  minflt/s  majflt/s     VSZ     RSS   %MEM  Command
07:26:41        0    144557      0.00      0.00 2690764   75580   0.48  sync_slam_toolb

07:26:41      UID       PID    %usr %system  %guest   %wait    %CPU   CPU  Command
07:26:42        0    144557   10.00    1.00    0.00    0.00   11.00     6  sync_slam_toolb

07:26:41      UID       PID  minflt/s  majflt/s     VSZ     RSS   %MEM  Command
07:26:42        0    144557      0.00      0.00 2690764   75580   0.48  sync_slam_toolb

07:26:42      UID       PID    %usr %system  %guest   %wait    %CPU   CPU  Command
07:26:43        0    144557   11.00    1.00    0.00    0.00   12.00     8  sync_slam_toolb

07:26:42      UID       PID  minflt/s  majflt/s     VSZ     RSS   %MEM  Command
07:26:43        0    144557      0.00      0.00 2690764   75580   0.48  sync_slam_toolb

07:26:43      UID       PID    %usr %system  %guest   %wait    %CPU   CPU  Command
07:26:44        0    144557   10.00    1.00    0.00    0.00   11.00     0  sync_slam_toolb

07:26:43      UID       PID  minflt/s  majflt/s     VSZ     RSS   %MEM  Command
07:26:44        0    144557      0.00      0.00 2690764   75580   0.48  sync_slam_toolb

07:26:44      UID       PID    %usr %system  %guest   %wait    %CPU   CPU  Command
07:26:45        0    144557   10.00    1.00    0.00    0.00   11.00     2  sync_slam_toolb

07:26:44      UID       PID  minflt/s  majflt/s     VSZ     RSS   %MEM  Command
07:26:45        0    144557      0.00      0.00 2690764   75580   0.48  sync_slam_toolb

07:26:45      UID       PID    %usr %system  %guest   %wait    %CPU   CPU  Command
07:26:46        0    144557   11.00    0.00    0.00    0.00   11.00     4  sync_slam_toolb

07:26:45      UID       PID  minflt/s  majflt/s     VSZ     RSS   %MEM  Command
07:26:46        0    144557      0.00      0.00 2690764   75580   0.48  sync_slam_toolb

07:26:46      UID       PID    %usr %system  %guest   %wait    %CPU   CPU  Command
07:26:47        0    144557   11.00    1.00    0.00    0.00   12.00     2  sync_slam_toolb

07:26:46      UID       PID  minflt/s  majflt/s     VSZ     RSS   %MEM  Command
07:26:47        0    144557      0.00      0.00 2690764   75580   0.48  sync_slam_toolb

07:26:47      UID       PID    %usr %system  %guest   %wait    %CPU   CPU  Command
07:26:48        0    144557   11.00    0.00    0.00    0.00   11.00    14  sync_slam_toolb

07:26:47      UID       PID  minflt/s  majflt/s     VSZ     RSS   %MEM  Command
07:26:48        0    144557      0.00      0.00 2690764   75580   0.48  sync_slam_toolb

07:26:48      UID       PID    %usr %system  %guest   %wait    %CPU   CPU  Command
07:26:49        0    144557   11.00    1.00    0.00    0.00   12.00     4  sync_slam_toolb

07:26:48      UID       PID  minflt/s  majflt/s     VSZ     RSS   %MEM  Command
07:26:49        0    144557      0.00      0.00 2690764   75580   0.48  sync_slam_toolb

07:26:49      UID       PID    %usr %system  %guest   %wait    %CPU   CPU  Command
07:26:50        0    144557   14.00    0.00    0.00    0.00   14.00     0  sync_slam_toolb

07:26:49      UID       PID  minflt/s  majflt/s     VSZ     RSS   %MEM  Command
07:26:50        0    144557      0.00      0.00 2690764   75580   0.48  sync_slam_toolb

07:26:50      UID       PID    %usr %system  %guest   %wait    %CPU   CPU  Command
07:26:51        0    144557   11.00    2.00    0.00    0.00   13.00     0  sync_slam_toolb

07:26:50      UID       PID  minflt/s  majflt/s     VSZ     RSS   %MEM  Command
07:26:51        0    144557      0.00      0.00 2690764   75580   0.48  sync_slam_toolb

07:26:51      UID       PID    %usr %system  %guest   %wait    %CPU   CPU  Command
07:26:52        0    144557   11.00    0.00    0.00    0.00   11.00     0  sync_slam_toolb

07:26:51      UID       PID  minflt/s  majflt/s     VSZ     RSS   %MEM  Command
07:26:52        0    144557      0.00      0.00 2690764   75580   0.48  sync_slam_toolb

07:26:52      UID       PID    %usr %system  %guest   %wait    %CPU   CPU  Command
07:26:53        0    144557   11.00    1.00    0.00    0.00   12.00     0  sync_slam_toolb

07:26:52      UID       PID  minflt/s  majflt/s     VSZ     RSS   %MEM  Command
07:26:53        0    144557      0.00      0.00 2690764   75580   0.48  sync_slam_toolb

07:26:53      UID       PID    %usr %system  %guest   %wait    %CPU   CPU  Command
07:26:54        0    144557   13.00    0.00    0.00    0.00   13.00     2  sync_slam_toolb

07:26:53      UID       PID  minflt/s  majflt/s     VSZ     RSS   %MEM  Command
07:26:54        0    144557      0.00      0.00 2690764   75580   0.48  sync_slam_toolb

07:26:54      UID       PID    %usr %system  %guest   %wait    %CPU   CPU  Command
07:26:55        0    144557   14.00    0.00    0.00    0.00   14.00     2  sync_slam_toolb

07:26:54      UID       PID  minflt/s  majflt/s     VSZ     RSS   %MEM  Command
07:26:55        0    144557      0.00      0.00 2690764   75580   0.48  sync_slam_toolb

07:26:55      UID       PID    %usr %system  %guest   %wait    %CPU   CPU  Command
07:26:56        0    144557   11.00    1.00    0.00    0.00   12.00     2  sync_slam_toolb

07:26:55      UID       PID  minflt/s  majflt/s     VSZ     RSS   %MEM  Command
07:26:56        0    144557      0.00      0.00 2690764   75580   0.48  sync_slam_toolb

07:26:56      UID       PID    %usr %system  %guest   %wait    %CPU   CPU  Command
07:26:57        0    144557   10.00    0.00    0.00    0.00   10.00    14  sync_slam_toolb

07:26:56      UID       PID  minflt/s  majflt/s     VSZ     RSS   %MEM  Command
07:26:57        0    144557      0.00      0.00 2690764   75580   0.48  sync_slam_toolb

07:26:57      UID       PID    %usr %system  %guest   %wait    %CPU   CPU  Command
07:26:58        0    144557   13.00    1.00    0.00    1.00   14.00     2  sync_slam_toolb

07:26:57      UID       PID  minflt/s  majflt/s     VSZ     RSS   %MEM  Command
07:26:58        0    144557      0.00      0.00 2690764   75580   0.48  sync_slam_toolb

07:26:58      UID       PID    %usr %system  %guest   %wait    %CPU   CPU  Command
07:26:59        0    144557   11.00    1.00    0.00    0.00   12.00    14  sync_slam_toolb

07:26:58      UID       PID  minflt/s  majflt/s     VSZ     RSS   %MEM  Command
07:26:59        0    144557      0.00      0.00 2690764   75580   0.48  sync_slam_toolb

07:26:59      UID       PID    %usr %system  %guest   %wait    %CPU   CPU  Command
07:27:00        0    144557   13.00    1.00    0.00    0.00   14.00    14  sync_slam_toolb

07:26:59      UID       PID  minflt/s  majflt/s     VSZ     RSS   %MEM  Command
07:27:00        0    144557      0.00      0.00 2690764   75580   0.48  sync_slam_toolb

07:27:00      UID       PID    %usr %system  %guest   %wait    %CPU   CPU  Command
07:27:01        0    144557   11.00    0.00    0.00    0.00   11.00    14  sync_slam_toolb

07:27:00      UID       PID  minflt/s  majflt/s     VSZ     RSS   %MEM  Command
07:27:01        0    144557      0.00      0.00 2690764   75580   0.48  sync_slam_toolb

07:27:01      UID       PID    %usr %system  %guest   %wait    %CPU   CPU  Command
07:27:02        0    144557   11.00    0.00    0.00    0.00   11.00     8  sync_slam_toolb

07:27:01      UID       PID  minflt/s  majflt/s     VSZ     RSS   %MEM  Command
07:27:02        0    144557      0.00      0.00 2690764   75580   0.48  sync_slam_toolb

07:27:02      UID       PID    %usr %system  %guest   %wait    %CPU   CPU  Command
07:27:03        0    144557   15.00    1.00    0.00    0.00   16.00    14  sync_slam_toolb

07:27:02      UID       PID  minflt/s  majflt/s     VSZ     RSS   %MEM  Command
07:27:03        0    144557      0.00      0.00 2690764   75580   0.48  sync_slam_toolb

07:27:03      UID       PID    %usr %system  %guest   %wait    %CPU   CPU  Command
07:27:04        0    144557   10.00    1.00    0.00    0.00   11.00     0  sync_slam_toolb

07:27:03      UID       PID  minflt/s  majflt/s     VSZ     RSS   %MEM  Command
07:27:04        0    144557      0.00      0.00 2690764   75580   0.48  sync_slam_toolb

07:27:04      UID       PID    %usr %system  %guest   %wait    %CPU   CPU  Command
07:27:05        0    144557   14.00    1.00    0.00    0.00   15.00     2  sync_slam_toolb

07:27:04      UID       PID  minflt/s  majflt/s     VSZ     RSS   %MEM  Command
07:27:05        0    144557      0.00      0.00 2690764   75580   0.48  sync_slam_toolb

07:27:05      UID       PID    %usr %system  %guest   %wait    %CPU   CPU  Command
07:27:06        0    144557   11.00    0.00    0.00    0.00   11.00     4  sync_slam_toolb

07:27:05      UID       PID  minflt/s  majflt/s     VSZ     RSS   %MEM  Command
07:27:06        0    144557      0.00      0.00 2690764   75580   0.48  sync_slam_toolb

07:27:06      UID       PID    %usr %system  %guest   %wait    %CPU   CPU  Command
07:27:07        0    144557   11.00    1.00    0.00    0.00   12.00     2  sync_slam_toolb

07:27:06      UID       PID  minflt/s  majflt/s     VSZ     RSS   %MEM  Command
07:27:07        0    144557      0.00      0.00 2690764   75580   0.48  sync_slam_toolb

07:27:07      UID       PID    %usr %system  %guest   %wait    %CPU   CPU  Command
07:27:08        0    144557   11.00    1.00    0.00    0.00   12.00     6  sync_slam_toolb

07:27:07      UID       PID  minflt/s  majflt/s     VSZ     RSS   %MEM  Command
07:27:08        0    144557      0.00      0.00 2690764   75580   0.48  sync_slam_toolb

07:27:08      UID       PID    %usr %system  %guest   %wait    %CPU   CPU  Command
07:27:09        0    144557   10.00    1.00    0.00    0.00   11.00     0  sync_slam_toolb

07:27:08      UID       PID  minflt/s  majflt/s     VSZ     RSS   %MEM  Command
07:27:09        0    144557      0.00      0.00 2690764   75580   0.48  sync_slam_toolb

07:27:09      UID       PID    %usr %system  %guest   %wait    %CPU   CPU  Command
07:27:10        0    144557   11.00    0.00    0.00    0.00   11.00     0  sync_slam_toolb

07:27:09      UID       PID  minflt/s  majflt/s     VSZ     RSS   %MEM  Command
07:27:10        0    144557      0.00      0.00 2690764   75580   0.48  sync_slam_toolb

07:27:10      UID       PID    %usr %system  %guest   %wait    %CPU   CPU  Command
07:27:11        0    144557   10.00    1.00    0.00    0.00   11.00     0  sync_slam_toolb

07:27:10      UID       PID  minflt/s  majflt/s     VSZ     RSS   %MEM  Command
07:27:11        0    144557      0.00      0.00 2690764   75580   0.48  sync_slam_toolb

07:27:11      UID       PID    %usr %system  %guest   %wait    %CPU   CPU  Command
07:27:12        0    144557   11.00    1.00    0.00    0.00   12.00     0  sync_slam_toolb

07:27:11      UID       PID  minflt/s  majflt/s     VSZ     RSS   %MEM  Command
07:27:12        0    144557      0.00      0.00 2690764   75580   0.48  sync_slam_toolb

07:27:12      UID       PID    %usr %system  %guest   %wait    %CPU   CPU  Command
07:27:13        0    144557   14.00    0.00    0.00    0.00   14.00     0  sync_slam_toolb

07:27:12      UID       PID  minflt/s  majflt/s     VSZ     RSS   %MEM  Command
07:27:13        0    144557      0.00      0.00 2690764   75580   0.48  sync_slam_toolb

07:27:13      UID       PID    %usr %system  %guest   %wait    %CPU   CPU  Command
07:27:14        0    144557   10.00    2.00    0.00    0.00   12.00     2  sync_slam_toolb

07:27:13      UID       PID  minflt/s  majflt/s     VSZ     RSS   %MEM  Command
07:27:14        0    144557      0.00      0.00 2690764   75580   0.48  sync_slam_toolb

07:27:14      UID       PID    %usr %system  %guest   %wait    %CPU   CPU  Command
07:27:15        0    144557   13.00    1.00    0.00    0.00   14.00    10  sync_slam_toolb

07:27:14      UID       PID  minflt/s  majflt/s     VSZ     RSS   %MEM  Command
07:27:15        0    144557      0.00      0.00 2690764   75580   0.48  sync_slam_toolb

07:27:15      UID       PID    %usr %system  %guest   %wait    %CPU   CPU  Command
07:27:16        0    144557   11.00    1.00    0.00    0.00   12.00     6  sync_slam_toolb

07:27:15      UID       PID  minflt/s  majflt/s     VSZ     RSS   %MEM  Command
07:27:16        0    144557      0.00      0.00 2690764   75580   0.48  sync_slam_toolb

07:27:16      UID       PID    %usr %system  %guest   %wait    %CPU   CPU  Command
07:27:17        0    144557   10.00    1.00    0.00    0.00   11.00     4  sync_slam_toolb

07:27:16      UID       PID  minflt/s  majflt/s     VSZ     RSS   %MEM  Command
07:27:17        0    144557      0.00      0.00 2690764   75580   0.48  sync_slam_toolb

07:27:17      UID       PID    %usr %system  %guest   %wait    %CPU   CPU  Command
07:27:18        0    144557   14.00    1.00    0.00    0.00   15.00     4  sync_slam_toolb

07:27:17      UID       PID  minflt/s  majflt/s     VSZ     RSS   %MEM  Command
07:27:18        0    144557      0.00      0.00 2690764   75580   0.48  sync_slam_toolb

07:27:18      UID       PID    %usr %system  %guest   %wait    %CPU   CPU  Command
07:27:19        0    144557   10.00    1.00    0.00    0.00   11.00     2  sync_slam_toolb

07:27:18      UID       PID  minflt/s  majflt/s     VSZ     RSS   %MEM  Command
07:27:19        0    144557      0.00      0.00 2690764   75580   0.48  sync_slam_toolb

07:27:19      UID       PID    %usr %system  %guest   %wait    %CPU   CPU  Command
07:27:20        0    144557   10.00    2.00    0.00    0.00   12.00     0  sync_slam_toolb

07:27:19      UID       PID  minflt/s  majflt/s     VSZ     RSS   %MEM  Command
07:27:20        0    144557      0.00      0.00 2690764   75580   0.48  sync_slam_toolb

07:27:20      UID       PID    %usr %system  %guest   %wait    %CPU   CPU  Command
07:27:21        0    144557   13.00    2.00    0.00    0.00   15.00     2  sync_slam_toolb

07:27:20      UID       PID  minflt/s  majflt/s     VSZ     RSS   %MEM  Command
07:27:21        0    144557      0.00      0.00 2690764   75580   0.48  sync_slam_toolb

07:27:21      UID       PID    %usr %system  %guest   %wait    %CPU   CPU  Command
07:27:22        0    144557   11.00    0.00    0.00    0.00   11.00     0  sync_slam_toolb

07:27:21      UID       PID  minflt/s  majflt/s     VSZ     RSS   %MEM  Command
07:27:22        0    144557      0.00      0.00 2690764   75580   0.48  sync_slam_toolb

07:27:22      UID       PID    %usr %system  %guest   %wait    %CPU   CPU  Command
07:27:23        0    144557   11.88    2.97    0.00    0.00   14.85     2  sync_slam_toolb

07:27:22      UID       PID  minflt/s  majflt/s     VSZ     RSS   %MEM  Command
07:27:23        0    144557      0.00      0.00 2690764   75580   0.48  sync_slam_toolb

07:27:23      UID       PID    %usr %system  %guest   %wait    %CPU   CPU  Command
07:27:24        0    144557   11.00    1.00    0.00    0.00   12.00     2  sync_slam_toolb

07:27:23      UID       PID  minflt/s  majflt/s     VSZ     RSS   %MEM  Command
07:27:24        0    144557      0.00      0.00 2690764   75580   0.48  sync_slam_toolb

07:27:24      UID       PID    %usr %system  %guest   %wait    %CPU   CPU  Command
07:27:25        0    144557   10.00    1.00    0.00    0.00   11.00     0  sync_slam_toolb

07:27:24      UID       PID  minflt/s  majflt/s     VSZ     RSS   %MEM  Command
07:27:25        0    144557      0.00      0.00 2690764   75580   0.48  sync_slam_toolb

07:27:25      UID       PID    %usr %system  %guest   %wait    %CPU   CPU  Command
07:27:26        0    144557   11.00    3.00    0.00    0.00   14.00     6  sync_slam_toolb

07:27:25      UID       PID  minflt/s  majflt/s     VSZ     RSS   %MEM  Command
07:27:26        0    144557      0.00      0.00 2690764   75580   0.48  sync_slam_toolb

07:27:26      UID       PID    %usr %system  %guest   %wait    %CPU   CPU  Command
07:27:27        0    144557   10.00    1.00    0.00    0.00   11.00     4  sync_slam_toolb

07:27:26      UID       PID  minflt/s  majflt/s     VSZ     RSS   %MEM  Command
07:27:27        0    144557      0.00      0.00 2690764   75580   0.48  sync_slam_toolb

07:27:27      UID       PID    %usr %system  %guest   %wait    %CPU   CPU  Command
07:27:28        0    144557   11.00    4.00    0.00    0.00   15.00     0  sync_slam_toolb

07:27:27      UID       PID  minflt/s  majflt/s     VSZ     RSS   %MEM  Command
07:27:28        0    144557      0.00      0.00 2690764   75580   0.48  sync_slam_toolb

07:27:28      UID       PID    %usr %system  %guest   %wait    %CPU   CPU  Command
07:27:29        0    144557   11.00    1.00    0.00    0.00   12.00     2  sync_slam_toolb

07:27:28      UID       PID  minflt/s  majflt/s     VSZ     RSS   %MEM  Command
07:27:29        0    144557      0.00      0.00 2690764   75580   0.48  sync_slam_toolb

07:27:29      UID       PID    %usr %system  %guest   %wait    %CPU   CPU  Command
07:27:30        0    144557   11.00    0.00    0.00    0.00   11.00     6  sync_slam_toolb

07:27:29      UID       PID  minflt/s  majflt/s     VSZ     RSS   %MEM  Command
07:27:30        0    144557      0.00      0.00 2690764   75580   0.48  sync_slam_toolb

07:27:30      UID       PID    %usr %system  %guest   %wait    %CPU   CPU  Command
07:27:31        0    144557   11.00    1.00    0.00    0.00   12.00     8  sync_slam_toolb

07:27:30      UID       PID  minflt/s  majflt/s     VSZ     RSS   %MEM  Command
07:27:31        0    144557      0.00      0.00 2690764   75580   0.48  sync_slam_toolb

07:27:31      UID       PID    %usr %system  %guest   %wait    %CPU   CPU  Command
07:27:32        0    144557   11.00    1.00    0.00    0.00   12.00     8  sync_slam_toolb

07:27:31      UID       PID  minflt/s  majflt/s     VSZ     RSS   %MEM  Command
07:27:32        0    144557      0.00      0.00 2690764   75580   0.48  sync_slam_toolb

07:27:32      UID       PID    %usr %system  %guest   %wait    %CPU   CPU  Command
07:27:33        0    144557   10.00    1.00    0.00    0.00   11.00     8  sync_slam_toolb

07:27:32      UID       PID  minflt/s  majflt/s     VSZ     RSS   %MEM  Command
07:27:33        0    144557      0.00      0.00 2690764   75580   0.48  sync_slam_toolb

07:27:33      UID       PID    %usr %system  %guest   %wait    %CPU   CPU  Command
07:27:34        0    144557   10.00    1.00    0.00    0.00   11.00     6  sync_slam_toolb

07:27:33      UID       PID  minflt/s  majflt/s     VSZ     RSS   %MEM  Command
07:27:34        0    144557      0.00      0.00 2690764   75580   0.48  sync_slam_toolb

07:27:34      UID       PID    %usr %system  %guest   %wait    %CPU   CPU  Command
07:27:35        0    144557   10.00    1.00    0.00    0.00   11.00    10  sync_slam_toolb

07:27:34      UID       PID  minflt/s  majflt/s     VSZ     RSS   %MEM  Command
07:27:35        0    144557      0.00      0.00 2690764   75580   0.48  sync_slam_toolb

07:27:35      UID       PID    %usr %system  %guest   %wait    %CPU   CPU  Command
07:27:36        0    144557   11.00    0.00    0.00    0.00   11.00     2  sync_slam_toolb

07:27:35      UID       PID  minflt/s  majflt/s     VSZ     RSS   %MEM  Command
07:27:36        0    144557      0.00      0.00 2690764   75580   0.48  sync_slam_toolb

07:27:36      UID       PID    %usr %system  %guest   %wait    %CPU   CPU  Command
07:27:37        0    144557   11.00    1.00    0.00    0.00   12.00     2  sync_slam_toolb

07:27:36      UID       PID  minflt/s  majflt/s     VSZ     RSS   %MEM  Command
07:27:37        0    144557      0.00      0.00 2690764   75580   0.48  sync_slam_toolb

07:27:37      UID       PID    %usr %system  %guest   %wait    %CPU   CPU  Command
07:27:38        0    144557   11.00    1.00    0.00    0.00   12.00     8  sync_slam_toolb

07:27:37      UID       PID  minflt/s  majflt/s     VSZ     RSS   %MEM  Command
07:27:38        0    144557      0.00      0.00 2690764   75580   0.48  sync_slam_toolb

07:27:38      UID       PID    %usr %system  %guest   %wait    %CPU   CPU  Command
07:27:39        0    144557   11.00    0.00    0.00    0.00   11.00     6  sync_slam_toolb

07:27:38      UID       PID  minflt/s  majflt/s     VSZ     RSS   %MEM  Command
07:27:39        0    144557      0.00      0.00 2690764   75580   0.48  sync_slam_toolb

07:27:39      UID       PID    %usr %system  %guest   %wait    %CPU   CPU  Command
07:27:40        0    144557   12.00    2.00    0.00    0.00   14.00     2  sync_slam_toolb

07:27:39      UID       PID  minflt/s  majflt/s     VSZ     RSS   %MEM  Command
07:27:40        0    144557      0.00      0.00 2690764   75580   0.48  sync_slam_toolb

07:27:40      UID       PID    %usr %system  %guest   %wait    %CPU   CPU  Command
07:27:41        0    144557   11.00    1.00    0.00    0.00   12.00     6  sync_slam_toolb

07:27:40      UID       PID  minflt/s  majflt/s     VSZ     RSS   %MEM  Command
07:27:41        0    144557      0.00      0.00 2690764   75580   0.48  sync_slam_toolb

07:27:41      UID       PID    %usr %system  %guest   %wait    %CPU   CPU  Command
07:27:42        0    144557   14.00    1.00    0.00    0.00   15.00     4  sync_slam_toolb

07:27:41      UID       PID  minflt/s  majflt/s     VSZ     RSS   %MEM  Command
07:27:42        0    144557      0.00      0.00 2690764   75580   0.48  sync_slam_toolb

07:27:42      UID       PID    %usr %system  %guest   %wait    %CPU   CPU  Command
07:27:43        0    144557   10.00    1.00    0.00    0.00   11.00    10  sync_slam_toolb

07:27:42      UID       PID  minflt/s  majflt/s     VSZ     RSS   %MEM  Command
07:27:43        0    144557      0.00      0.00 2690764   75580   0.48  sync_slam_toolb

07:27:43      UID       PID    %usr %system  %guest   %wait    %CPU   CPU  Command
07:27:44        0    144557   12.00    2.00    0.00    0.00   14.00     6  sync_slam_toolb

07:27:43      UID       PID  minflt/s  majflt/s     VSZ     RSS   %MEM  Command
07:27:44        0    144557      0.00      0.00 2690764   75580   0.48  sync_slam_toolb

07:27:44      UID       PID    %usr %system  %guest   %wait    %CPU   CPU  Command
07:27:45        0    144557   10.00    2.00    0.00    0.00   12.00     2  sync_slam_toolb

07:27:44      UID       PID  minflt/s  majflt/s     VSZ     RSS   %MEM  Command
07:27:45        0    144557      0.00      0.00 2690764   75580   0.48  sync_slam_toolb

07:27:45      UID       PID    %usr %system  %guest   %wait    %CPU   CPU  Command
07:27:46        0    144557   11.00    0.00    0.00    0.00   11.00     0  sync_slam_toolb

07:27:45      UID       PID  minflt/s  majflt/s     VSZ     RSS   %MEM  Command
07:27:46        0    144557      0.00      0.00 2690764   75580   0.48  sync_slam_toolb

07:27:46      UID       PID    %usr %system  %guest   %wait    %CPU   CPU  Command
07:27:47        0    144557   11.00    1.00    0.00    0.00   12.00     6  sync_slam_toolb

07:27:46      UID       PID  minflt/s  majflt/s     VSZ     RSS   %MEM  Command
07:27:47        0    144557      0.00      0.00 2690764   75580   0.48  sync_slam_toolb

07:27:47      UID       PID    %usr %system  %guest   %wait    %CPU   CPU  Command
07:27:48        0    144557   11.00    0.00    0.00    0.00   11.00    14  sync_slam_toolb

07:27:47      UID       PID  minflt/s  majflt/s     VSZ     RSS   %MEM  Command
07:27:48        0    144557      0.00      0.00 2690764   75580   0.48  sync_slam_toolb

07:27:48      UID       PID    %usr %system  %guest   %wait    %CPU   CPU  Command
07:27:49        0    144557   11.00    1.00    0.00    0.00   12.00     0  sync_slam_toolb

07:27:48      UID       PID  minflt/s  majflt/s     VSZ     RSS   %MEM  Command
07:27:49        0    144557      0.00      0.00 2690764   75580   0.48  sync_slam_toolb

07:27:49      UID       PID    %usr %system  %guest   %wait    %CPU   CPU  Command
07:27:50        0    144557   11.00    0.00    0.00    0.00   11.00     0  sync_slam_toolb

07:27:49      UID       PID  minflt/s  majflt/s     VSZ     RSS   %MEM  Command
07:27:50        0    144557      0.00      0.00 2690764   75580   0.48  sync_slam_toolb

07:27:50      UID       PID    %usr %system  %guest   %wait    %CPU   CPU  Command
07:27:51        0    144557   11.00    1.00    0.00    0.00   12.00     2  sync_slam_toolb

07:27:50      UID       PID  minflt/s  majflt/s     VSZ     RSS   %MEM  Command
07:27:51        0    144557      0.00      0.00 2690764   75580   0.48  sync_slam_toolb

07:27:51      UID       PID    %usr %system  %guest   %wait    %CPU   CPU  Command
07:27:52        0    144557   11.00    1.00    0.00    0.00   12.00     2  sync_slam_toolb

07:27:51      UID       PID  minflt/s  majflt/s     VSZ     RSS   %MEM  Command
07:27:52        0    144557      0.00      0.00 2690764   75580   0.48  sync_slam_toolb

07:27:52      UID       PID    %usr %system  %guest   %wait    %CPU   CPU  Command
07:27:53        0    144557   12.00    0.00    0.00    0.00   12.00     6  sync_slam_toolb

07:27:52      UID       PID  minflt/s  majflt/s     VSZ     RSS   %MEM  Command
07:27:53        0    144557      0.00      0.00 2690764   75580   0.48  sync_slam_toolb

07:27:53      UID       PID    %usr %system  %guest   %wait    %CPU   CPU  Command
07:27:54        0    144557   11.00    1.00    0.00    0.00   12.00     2  sync_slam_toolb

07:27:53      UID       PID  minflt/s  majflt/s     VSZ     RSS   %MEM  Command
07:27:54        0    144557      0.00      0.00 2690764   75580   0.48  sync_slam_toolb

07:27:54      UID       PID    %usr %system  %guest   %wait    %CPU   CPU  Command
07:27:55        0    144557   11.00    0.00    0.00    0.00   11.00     2  sync_slam_toolb

07:27:54      UID       PID  minflt/s  majflt/s     VSZ     RSS   %MEM  Command
07:27:55        0    144557      0.00      0.00 2690764   75580   0.48  sync_slam_toolb

07:27:55      UID       PID    %usr %system  %guest   %wait    %CPU   CPU  Command
07:27:56        0    144557   11.00    1.00    0.00    0.00   12.00     2  sync_slam_toolb

07:27:55      UID       PID  minflt/s  majflt/s     VSZ     RSS   %MEM  Command
07:27:56        0    144557      0.00      0.00 2690764   75580   0.48  sync_slam_toolb

07:27:56      UID       PID    %usr %system  %guest   %wait    %CPU   CPU  Command
07:27:57        0    144557   11.00    0.00    0.00    0.00   11.00     2  sync_slam_toolb

07:27:56      UID       PID  minflt/s  majflt/s     VSZ     RSS   %MEM  Command
07:27:57        0    144557      0.00      0.00 2690764   75580   0.48  sync_slam_toolb

07:27:57      UID       PID    %usr %system  %guest   %wait    %CPU   CPU  Command
07:27:58        0    144557   10.00    2.00    0.00    0.00   12.00     8  sync_slam_toolb

07:27:57      UID       PID  minflt/s  majflt/s     VSZ     RSS   %MEM  Command
07:27:58        0    144557      0.00      0.00 2690764   75580   0.48  sync_slam_toolb

07:27:58      UID       PID    %usr %system  %guest   %wait    %CPU   CPU  Command
07:27:59        0    144557   11.00    1.00    0.00    0.00   12.00     6  sync_slam_toolb

07:27:58      UID       PID  minflt/s  majflt/s     VSZ     RSS   %MEM  Command
07:27:59        0    144557      0.00      0.00 2690764   75580   0.48  sync_slam_toolb

07:27:59      UID       PID    %usr %system  %guest   %wait    %CPU   CPU  Command
07:28:00        0    144557   14.00    0.00    0.00    0.00   14.00     6  sync_slam_toolb

07:27:59      UID       PID  minflt/s  majflt/s     VSZ     RSS   %MEM  Command
07:28:00        0    144557      0.00      0.00 2690764   75580   0.48  sync_slam_toolb

07:28:00      UID       PID    %usr %system  %guest   %wait    %CPU   CPU  Command
07:28:01        0    144557   11.00    1.00    0.00    0.00   12.00     4  sync_slam_toolb

07:28:00      UID       PID  minflt/s  majflt/s     VSZ     RSS   %MEM  Command
07:28:01        0    144557      0.00      0.00 2690764   75580   0.48  sync_slam_toolb

07:28:01      UID       PID    %usr %system  %guest   %wait    %CPU   CPU  Command
07:28:02        0    144557   13.00    1.00    0.00    0.00   14.00     2  sync_slam_toolb

07:28:01      UID       PID  minflt/s  majflt/s     VSZ     RSS   %MEM  Command
07:28:02        0    144557      0.00      0.00 2690764   75580   0.48  sync_slam_toolb

07:28:02      UID       PID    %usr %system  %guest   %wait    %CPU   CPU  Command
07:28:03        0    144557   10.00    0.00    0.00    0.00   10.00     8  sync_slam_toolb

07:28:02      UID       PID  minflt/s  majflt/s     VSZ     RSS   %MEM  Command
07:28:03        0    144557      0.00      0.00 2690764   75580   0.48  sync_slam_toolb

07:28:03      UID       PID    %usr %system  %guest   %wait    %CPU   CPU  Command
07:28:04        0    144557   11.00    0.00    0.00    0.00   11.00     8  sync_slam_toolb

07:28:03      UID       PID  minflt/s  majflt/s     VSZ     RSS   %MEM  Command
07:28:04        0    144557      0.00      0.00 2690764   75580   0.48  sync_slam_toolb

07:28:04      UID       PID    %usr %system  %guest   %wait    %CPU   CPU  Command
07:28:05        0    144557   10.00    0.00    0.00    0.00   10.00     8  sync_slam_toolb

07:28:04      UID       PID  minflt/s  majflt/s     VSZ     RSS   %MEM  Command
07:28:05        0    144557      0.00      0.00 2690764   75580   0.48  sync_slam_toolb

07:28:05      UID       PID    %usr %system  %guest   %wait    %CPU   CPU  Command
07:28:06        0    144557   14.00    0.00    0.00    0.00   14.00     8  sync_slam_toolb

07:28:05      UID       PID  minflt/s  majflt/s     VSZ     RSS   %MEM  Command
07:28:06        0    144557      0.00      0.00 2690764   75580   0.48  sync_slam_toolb

07:28:06      UID       PID    %usr %system  %guest   %wait    %CPU   CPU  Command
07:28:07        0    144557   10.00    1.00    0.00    0.00   11.00     2  sync_slam_toolb

07:28:06      UID       PID  minflt/s  majflt/s     VSZ     RSS   %MEM  Command
07:28:07        0    144557      0.00      0.00 2690764   75580   0.48  sync_slam_toolb

07:28:07      UID       PID    %usr %system  %guest   %wait    %CPU   CPU  Command
07:28:08        0    144557    9.00    1.00    0.00    0.00   10.00     8  sync_slam_toolb

07:28:07      UID       PID  minflt/s  majflt/s     VSZ     RSS   %MEM  Command
07:28:08        0    144557      0.00      0.00 2690764   75580   0.48  sync_slam_toolb

07:28:08      UID       PID    %usr %system  %guest   %wait    %CPU   CPU  Command
07:28:09        0    144557   10.00    1.00    0.00    0.00   11.00     8  sync_slam_toolb

07:28:08      UID       PID  minflt/s  majflt/s     VSZ     RSS   %MEM  Command
07:28:09        0    144557      0.00      0.00 2690764   75580   0.48  sync_slam_toolb

07:28:09      UID       PID    %usr %system  %guest   %wait    %CPU   CPU  Command
07:28:10        0    144557   10.00    1.00    0.00    0.00   11.00     8  sync_slam_toolb

07:28:09      UID       PID  minflt/s  majflt/s     VSZ     RSS   %MEM  Command
07:28:10        0    144557      0.00      0.00 2690764   75580   0.48  sync_slam_toolb

07:28:10      UID       PID    %usr %system  %guest   %wait    %CPU   CPU  Command
07:28:11        0    144557   11.00    0.00    0.00    0.00   11.00    10  sync_slam_toolb

07:28:10      UID       PID  minflt/s  majflt/s     VSZ     RSS   %MEM  Command
07:28:11        0    144557      0.00      0.00 2690764   75580   0.48  sync_slam_toolb

07:28:11      UID       PID    %usr %system  %guest   %wait    %CPU   CPU  Command
07:28:12        0    144557   11.00    0.00    0.00    0.00   11.00     4  sync_slam_toolb

07:28:11      UID       PID  minflt/s  majflt/s     VSZ     RSS   %MEM  Command
07:28:12        0    144557      0.00      0.00 2690764   75580   0.48  sync_slam_toolb

07:28:12      UID       PID    %usr %system  %guest   %wait    %CPU   CPU  Command
07:28:13        0    144557   10.00    1.00    0.00    0.00   11.00     8  sync_slam_toolb

07:28:12      UID       PID  minflt/s  majflt/s     VSZ     RSS   %MEM  Command
07:28:13        0    144557      0.00      0.00 2690764   75580   0.48  sync_slam_toolb

07:28:13      UID       PID    %usr %system  %guest   %wait    %CPU   CPU  Command
07:28:14        0    144557   10.00    0.00    0.00    0.00   10.00     8  sync_slam_toolb

07:28:13      UID       PID  minflt/s  majflt/s     VSZ     RSS   %MEM  Command
07:28:14        0    144557      0.00      0.00 2690764   75580   0.48  sync_slam_toolb

07:28:14      UID       PID    %usr %system  %guest   %wait    %CPU   CPU  Command
07:28:15        0    144557   10.00    1.00    0.00    0.00   11.00     8  sync_slam_toolb

07:28:14      UID       PID  minflt/s  majflt/s     VSZ     RSS   %MEM  Command
07:28:15        0    144557      0.00      0.00 2690764   75580   0.48  sync_slam_toolb

07:28:15      UID       PID    %usr %system  %guest   %wait    %CPU   CPU  Command
07:28:16        0    144557   13.00    1.00    0.00    0.00   14.00    10  sync_slam_toolb

07:28:15      UID       PID  minflt/s  majflt/s     VSZ     RSS   %MEM  Command
07:28:16        0    144557      0.00      0.00 2690764   75580   0.48  sync_slam_toolb

07:28:16      UID       PID    %usr %system  %guest   %wait    %CPU   CPU  Command
07:28:17        0    144557   11.00    0.00    0.00    0.00   11.00    12  sync_slam_toolb

07:28:16      UID       PID  minflt/s  majflt/s     VSZ     RSS   %MEM  Command
07:28:17        0    144557      0.00      0.00 2690764   75580   0.48  sync_slam_toolb

07:28:17      UID       PID    %usr %system  %guest   %wait    %CPU   CPU  Command
07:28:18        0    144557   11.00    1.00    0.00    0.00   12.00    12  sync_slam_toolb

07:28:17      UID       PID  minflt/s  majflt/s     VSZ     RSS   %MEM  Command
07:28:18        0    144557      0.00      0.00 2690764   75580   0.48  sync_slam_toolb

07:28:18      UID       PID    %usr %system  %guest   %wait    %CPU   CPU  Command
07:28:19        0    144557   10.00    1.00    0.00    0.00   11.00    12  sync_slam_toolb

07:28:18      UID       PID  minflt/s  majflt/s     VSZ     RSS   %MEM  Command
07:28:19        0    144557      0.00      0.00 2690764   75580   0.48  sync_slam_toolb

07:28:19      UID       PID    %usr %system  %guest   %wait    %CPU   CPU  Command
07:28:20        0    144557   14.00    0.00    0.00    0.00   14.00    12  sync_slam_toolb

07:28:19      UID       PID  minflt/s  majflt/s     VSZ     RSS   %MEM  Command
07:28:20        0    144557      0.00      0.00 2690764   75580   0.48  sync_slam_toolb

07:28:20      UID       PID    %usr %system  %guest   %wait    %CPU   CPU  Command
07:28:21        0    144557   11.00    1.00    0.00    0.00   12.00     8  sync_slam_toolb

07:28:20      UID       PID  minflt/s  majflt/s     VSZ     RSS   %MEM  Command
07:28:21        0    144557      0.00      0.00 2690764   75580   0.48  sync_slam_toolb

07:28:21      UID       PID    %usr %system  %guest   %wait    %CPU   CPU  Command
07:28:22        0    144557   14.00    2.00    0.00    0.00   16.00     2  sync_slam_toolb

07:28:21      UID       PID  minflt/s  majflt/s     VSZ     RSS   %MEM  Command
07:28:22        0    144557      0.00      0.00 2690764   75580   0.48  sync_slam_toolb

07:28:22      UID       PID    %usr %system  %guest   %wait    %CPU   CPU  Command
07:28:23        0    144557   11.00    0.00    0.00    0.00   11.00     6  sync_slam_toolb

07:28:22      UID       PID  minflt/s  majflt/s     VSZ     RSS   %MEM  Command
07:28:23        0    144557      0.00      0.00 2690764   75580   0.48  sync_slam_toolb

07:28:23      UID       PID    %usr %system  %guest   %wait    %CPU   CPU  Command
07:28:24        0    144557   11.00    1.00    0.00    0.00   12.00     6  sync_slam_toolb

07:28:23      UID       PID  minflt/s  majflt/s     VSZ     RSS   %MEM  Command
07:28:24        0    144557      0.00      0.00 2690764   75580   0.48  sync_slam_toolb

07:28:24      UID       PID    %usr %system  %guest   %wait    %CPU   CPU  Command
07:28:25        0    144557   11.00    0.00    0.00    0.00   11.00     2  sync_slam_toolb

07:28:24      UID       PID  minflt/s  majflt/s     VSZ     RSS   %MEM  Command
07:28:25        0    144557      0.00      0.00 2690764   75580   0.48  sync_slam_toolb

07:28:25      UID       PID    %usr %system  %guest   %wait    %CPU   CPU  Command
07:28:26        0    144557   15.00    1.00    0.00    0.00   16.00    14  sync_slam_toolb

07:28:25      UID       PID  minflt/s  majflt/s     VSZ     RSS   %MEM  Command
07:28:26        0    144557      0.00      0.00 2690764   75580   0.48  sync_slam_toolb

07:28:26      UID       PID    %usr %system  %guest   %wait    %CPU   CPU  Command
07:28:27        0    144557   12.00    0.00    0.00    0.00   12.00     6  sync_slam_toolb

07:28:26      UID       PID  minflt/s  majflt/s     VSZ     RSS   %MEM  Command
07:28:27        0    144557      0.00      0.00 2690764   75580   0.48  sync_slam_toolb

07:28:27      UID       PID    %usr %system  %guest   %wait    %CPU   CPU  Command
07:28:28        0    144557   15.00    1.00    0.00    0.00   16.00     6  sync_slam_toolb

07:28:27      UID       PID  minflt/s  majflt/s     VSZ     RSS   %MEM  Command
07:28:28        0    144557      0.00      0.00 2690764   75580   0.48  sync_slam_toolb

07:28:28      UID       PID    %usr %system  %guest   %wait    %CPU   CPU  Command
07:28:29        0    144557   11.00    0.00    0.00    0.00   11.00     6  sync_slam_toolb

07:28:28      UID       PID  minflt/s  majflt/s     VSZ     RSS   %MEM  Command
07:28:29        0    144557      0.00      0.00 2690764   75580   0.48  sync_slam_toolb

07:28:29      UID       PID    %usr %system  %guest   %wait    %CPU   CPU  Command
07:28:30        0    144557   12.00    0.00    0.00    0.00   12.00     2  sync_slam_toolb

07:28:29      UID       PID  minflt/s  majflt/s     VSZ     RSS   %MEM  Command
07:28:30        0    144557      0.00      0.00 2690764   75580   0.48  sync_slam_toolb

07:28:30      UID       PID    %usr %system  %guest   %wait    %CPU   CPU  Command
07:28:31        0    144557   13.00    1.00    0.00    0.00   14.00     6  sync_slam_toolb

07:28:30      UID       PID  minflt/s  majflt/s     VSZ     RSS   %MEM  Command
07:28:31        0    144557      0.00      0.00 2690764   75580   0.48  sync_slam_toolb

07:28:31      UID       PID    %usr %system  %guest   %wait    %CPU   CPU  Command
07:28:32        0    144557   12.00    1.00    0.00    0.00   13.00     6  sync_slam_toolb

07:28:31      UID       PID  minflt/s  majflt/s     VSZ     RSS   %MEM  Command
07:28:32        0    144557      0.00      0.00 2690764   75580   0.48  sync_slam_toolb

07:28:32      UID       PID    %usr %system  %guest   %wait    %CPU   CPU  Command
07:28:33        0    144557   13.00    1.00    0.00    0.00   14.00     2  sync_slam_toolb

07:28:32      UID       PID  minflt/s  majflt/s     VSZ     RSS   %MEM  Command
07:28:33        0    144557      0.00      0.00 2690764   75580   0.48  sync_slam_toolb

07:28:33      UID       PID    %usr %system  %guest   %wait    %CPU   CPU  Command
07:28:34        0    144557   13.00    1.00    0.00    0.00   14.00     0  sync_slam_toolb

07:28:33      UID       PID  minflt/s  majflt/s     VSZ     RSS   %MEM  Command
07:28:34        0    144557      0.00      0.00 2690764   75580   0.48  sync_slam_toolb

07:28:34      UID       PID    %usr %system  %guest   %wait    %CPU   CPU  Command
07:28:35        0    144557   11.00    0.00    0.00    0.00   11.00     0  sync_slam_toolb

07:28:34      UID       PID  minflt/s  majflt/s     VSZ     RSS   %MEM  Command
07:28:35        0    144557      0.00      0.00 2690764   75580   0.48  sync_slam_toolb

07:28:35      UID       PID    %usr %system  %guest   %wait    %CPU   CPU  Command
07:28:36        0    144557   14.00    1.00    0.00    0.00   15.00     6  sync_slam_toolb

07:28:35      UID       PID  minflt/s  majflt/s     VSZ     RSS   %MEM  Command
07:28:36        0    144557      0.00      0.00 2690764   75580   0.48  sync_slam_toolb

07:28:36      UID       PID    %usr %system  %guest   %wait    %CPU   CPU  Command
07:28:37        0    144557   12.00    0.00    0.00    0.00   12.00     4  sync_slam_toolb

07:28:36      UID       PID  minflt/s  majflt/s     VSZ     RSS   %MEM  Command
07:28:37        0    144557      0.00      0.00 2690764   75580   0.48  sync_slam_toolb

07:28:37      UID       PID    %usr %system  %guest   %wait    %CPU   CPU  Command
07:28:38        0    144557   14.00    0.00    0.00    0.00   14.00     6  sync_slam_toolb

07:28:37      UID       PID  minflt/s  majflt/s     VSZ     RSS   %MEM  Command
07:28:38        0    144557      0.00      0.00 2690764   75580   0.48  sync_slam_toolb

07:28:38      UID       PID    %usr %system  %guest   %wait    %CPU   CPU  Command
07:28:39        0    144557   12.00    1.00    0.00    0.00   13.00     4  sync_slam_toolb

07:28:38      UID       PID  minflt/s  majflt/s     VSZ     RSS   %MEM  Command
07:28:39        0    144557      0.00      0.00 2690764   75580   0.48  sync_slam_toolb

07:28:39      UID       PID    %usr %system  %guest   %wait    %CPU   CPU  Command
07:28:40        0    144557   12.00    0.00    0.00    0.00   12.00     4  sync_slam_toolb

07:28:39      UID       PID  minflt/s  majflt/s     VSZ     RSS   %MEM  Command
07:28:40        0    144557      0.00      0.00 2690764   75580   0.48  sync_slam_toolb

07:28:40      UID       PID    %usr %system  %guest   %wait    %CPU   CPU  Command
07:28:41        0    144557   14.00    0.00    0.00    0.00   14.00     0  sync_slam_toolb

07:28:40      UID       PID  minflt/s  majflt/s     VSZ     RSS   %MEM  Command
07:28:41        0    144557      0.00      0.00 2690764   75580   0.48  sync_slam_toolb

07:28:41      UID       PID    %usr %system  %guest   %wait    %CPU   CPU  Command
07:28:42        0    144557   11.00    1.00    0.00    0.00   12.00     0  sync_slam_toolb

07:28:41      UID       PID  minflt/s  majflt/s     VSZ     RSS   %MEM  Command
07:28:42        0    144557      0.00      0.00 2690764   75580   0.48  sync_slam_toolb

07:28:42      UID       PID    %usr %system  %guest   %wait    %CPU   CPU  Command
07:28:43        0    144557   14.00    0.00    0.00    0.00   14.00     0  sync_slam_toolb

07:28:42      UID       PID  minflt/s  majflt/s     VSZ     RSS   %MEM  Command
07:28:43        0    144557      0.00      0.00 2690764   75580   0.48  sync_slam_toolb

07:28:43      UID       PID    %usr %system  %guest   %wait    %CPU   CPU  Command
07:28:44        0    144557   11.00    1.00    0.00    0.00   12.00     2  sync_slam_toolb

07:28:43      UID       PID  minflt/s  majflt/s     VSZ     RSS   %MEM  Command
07:28:44        0    144557      0.00      0.00 2690764   75580   0.48  sync_slam_toolb

07:28:44      UID       PID    %usr %system  %guest   %wait    %CPU   CPU  Command
07:28:45        0    144557   12.00    0.00    0.00    0.00   12.00    14  sync_slam_toolb

07:28:44      UID       PID  minflt/s  majflt/s     VSZ     RSS   %MEM  Command
07:28:45        0    144557      0.00      0.00 2690764   75580   0.48  sync_slam_toolb

07:28:45      UID       PID    %usr %system  %guest   %wait    %CPU   CPU  Command
07:28:46        0    144557   14.00    1.00    0.00    0.00   15.00    14  sync_slam_toolb

07:28:45      UID       PID  minflt/s  majflt/s     VSZ     RSS   %MEM  Command
07:28:46        0    144557      0.00      0.00 2690764   75580   0.48  sync_slam_toolb

07:28:46      UID       PID    %usr %system  %guest   %wait    %CPU   CPU  Command
07:28:47        0    144557   10.00    1.00    0.00    0.00   11.00     2  sync_slam_toolb

07:28:46      UID       PID  minflt/s  majflt/s     VSZ     RSS   %MEM  Command
07:28:47        0    144557      0.00      0.00 2690764   75580   0.48  sync_slam_toolb

07:28:47      UID       PID    %usr %system  %guest   %wait    %CPU   CPU  Command
07:28:48        0    144557   14.00    0.00    0.00    0.00   14.00    14  sync_slam_toolb

07:28:47      UID       PID  minflt/s  majflt/s     VSZ     RSS   %MEM  Command
07:28:48        0    144557      0.00      0.00 2690764   75580   0.48  sync_slam_toolb

07:28:48      UID       PID    %usr %system  %guest   %wait    %CPU   CPU  Command
07:28:49        0    144557   12.00    1.00    0.00    0.00   13.00    14  sync_slam_toolb

07:28:48      UID       PID  minflt/s  majflt/s     VSZ     RSS   %MEM  Command
07:28:49        0    144557      0.00      0.00 2690764   75580   0.48  sync_slam_toolb

07:28:49      UID       PID    %usr %system  %guest   %wait    %CPU   CPU  Command
07:28:50        0    144557   11.00    0.00    0.00    0.00   11.00    14  sync_slam_toolb

07:28:49      UID       PID  minflt/s  majflt/s     VSZ     RSS   %MEM  Command
07:28:50        0    144557      0.00      0.00 2690764   75580   0.48  sync_slam_toolb

07:28:50      UID       PID    %usr %system  %guest   %wait    %CPU   CPU  Command
07:28:51        0    144557   15.00    0.00    0.00    0.00   15.00     6  sync_slam_toolb

07:28:50      UID       PID  minflt/s  majflt/s     VSZ     RSS   %MEM  Command
07:28:51        0    144557      0.00      0.00 2690764   75580   0.48  sync_slam_toolb

07:28:51      UID       PID    %usr %system  %guest   %wait    %CPU   CPU  Command
07:28:52        0    144557   11.00    1.00    0.00    0.00   12.00     4  sync_slam_toolb

07:28:51      UID       PID  minflt/s  majflt/s     VSZ     RSS   %MEM  Command
07:28:52        0    144557      0.00      0.00 2690764   75580   0.48  sync_slam_toolb

07:28:52      UID       PID    %usr %system  %guest   %wait    %CPU   CPU  Command
07:28:53        0    144557   12.00    2.00    0.00    0.00   14.00     4  sync_slam_toolb

07:28:52      UID       PID  minflt/s  majflt/s     VSZ     RSS   %MEM  Command
07:28:53        0    144557      0.00      0.00 2690764   75580   0.48  sync_slam_toolb

07:28:53      UID       PID    %usr %system  %guest   %wait    %CPU   CPU  Command
07:28:54        0    144557   11.00    0.00    0.00    0.00   11.00     6  sync_slam_toolb

07:28:53      UID       PID  minflt/s  majflt/s     VSZ     RSS   %MEM  Command
07:28:54        0    144557      0.00      0.00 2690764   75580   0.48  sync_slam_toolb

07:28:54      UID       PID    %usr %system  %guest   %wait    %CPU   CPU  Command
07:28:55        0    144557   16.00    0.00    0.00    0.00   16.00     2  sync_slam_toolb

07:28:54      UID       PID  minflt/s  majflt/s     VSZ     RSS   %MEM  Command
07:28:55        0    144557      0.00      0.00 2690764   75580   0.48  sync_slam_toolb

07:28:55      UID       PID    %usr %system  %guest   %wait    %CPU   CPU  Command
07:28:56        0    144557   12.00    1.00    0.00    0.00   13.00    10  sync_slam_toolb

07:28:55      UID       PID  minflt/s  majflt/s     VSZ     RSS   %MEM  Command
07:28:56        0    144557      0.00      0.00 2690764   75580   0.48  sync_slam_toolb

07:28:56      UID       PID    %usr %system  %guest   %wait    %CPU   CPU  Command
07:28:57        0    144557   14.00    0.00    0.00    0.00   14.00     2  sync_slam_toolb

07:28:56      UID       PID  minflt/s  majflt/s     VSZ     RSS   %MEM  Command
07:28:57        0    144557      0.00      0.00 2690764   75580   0.48  sync_slam_toolb

07:28:57      UID       PID    %usr %system  %guest   %wait    %CPU   CPU  Command
07:28:58        0    144557   12.00    0.00    0.00    0.00   12.00    10  sync_slam_toolb

07:28:57      UID       PID  minflt/s  majflt/s     VSZ     RSS   %MEM  Command
07:28:58        0    144557      0.00      0.00 2690764   75580   0.48  sync_slam_toolb

07:28:58      UID       PID    %usr %system  %guest   %wait    %CPU   CPU  Command
07:28:59        0    144557   15.00    0.00    0.00    0.00   15.00     2  sync_slam_toolb

07:28:58      UID       PID  minflt/s  majflt/s     VSZ     RSS   %MEM  Command
07:28:59        0    144557      0.00      0.00 2690764   75580   0.48  sync_slam_toolb

07:28:59      UID       PID    %usr %system  %guest   %wait    %CPU   CPU  Command
07:29:00        0    144557   11.00    1.00    0.00    0.00   12.00     2  sync_slam_toolb

07:28:59      UID       PID  minflt/s  majflt/s     VSZ     RSS   %MEM  Command
07:29:00        0    144557      0.00      0.00 2690764   75580   0.48  sync_slam_toolb

07:29:00      UID       PID    %usr %system  %guest   %wait    %CPU   CPU  Command
07:29:01        0    144557   12.00    0.00    0.00    0.00   12.00     8  sync_slam_toolb

07:29:00      UID       PID  minflt/s  majflt/s     VSZ     RSS   %MEM  Command
07:29:01        0    144557      0.00      0.00 2690764   75580   0.48  sync_slam_toolb

07:29:01      UID       PID    %usr %system  %guest   %wait    %CPU   CPU  Command
07:29:02        0    144557   14.00    0.00    0.00    0.00   14.00     6  sync_slam_toolb

07:29:01      UID       PID  minflt/s  majflt/s     VSZ     RSS   %MEM  Command
07:29:02        0    144557      0.00      0.00 2690764   75580   0.48  sync_slam_toolb

07:29:02      UID       PID    %usr %system  %guest   %wait    %CPU   CPU  Command
07:29:03        0    144557   13.00    0.00    0.00    0.00   13.00     6  sync_slam_toolb

07:29:02      UID       PID  minflt/s  majflt/s     VSZ     RSS   %MEM  Command
07:29:03        0    144557      0.00      0.00 2690764   75580   0.48  sync_slam_toolb

07:29:03      UID       PID    %usr %system  %guest   %wait    %CPU   CPU  Command
07:29:04        0    144557   14.00    1.00    0.00    0.00   15.00     8  sync_slam_toolb

07:29:03      UID       PID  minflt/s  majflt/s     VSZ     RSS   %MEM  Command
07:29:04        0    144557      0.00      0.00 2690764   75580   0.48  sync_slam_toolb

07:29:04      UID       PID    %usr %system  %guest   %wait    %CPU   CPU  Command
07:29:05        0    144557   12.00    0.00    0.00    0.00   12.00     2  sync_slam_toolb

07:29:04      UID       PID  minflt/s  majflt/s     VSZ     RSS   %MEM  Command
07:29:05        0    144557      0.00      0.00 2690764   75580   0.48  sync_slam_toolb

07:29:05      UID       PID    %usr %system  %guest   %wait    %CPU   CPU  Command
07:29:06        0    144557   12.00    0.00    0.00    0.00   12.00     6  sync_slam_toolb

07:29:05      UID       PID  minflt/s  majflt/s     VSZ     RSS   %MEM  Command
07:29:06        0    144557      0.00      0.00 2690764   75580   0.48  sync_slam_toolb

07:29:06      UID       PID    %usr %system  %guest   %wait    %CPU   CPU  Command
07:29:07        0    144557   14.00    1.00    0.00    0.00   15.00    10  sync_slam_toolb

07:29:06      UID       PID  minflt/s  majflt/s     VSZ     RSS   %MEM  Command
07:29:07        0    144557      0.00      0.00 2690764   75580   0.48  sync_slam_toolb

07:29:07      UID       PID    %usr %system  %guest   %wait    %CPU   CPU  Command
07:29:08        0    144557   12.00    0.00    0.00    0.00   12.00     6  sync_slam_toolb

07:29:07      UID       PID  minflt/s  majflt/s     VSZ     RSS   %MEM  Command
07:29:08        0    144557      0.00      0.00 2690764   75580   0.48  sync_slam_toolb

07:29:08      UID       PID    %usr %system  %guest   %wait    %CPU   CPU  Command
07:29:09        0    144557   15.00    0.00    0.00    0.00   15.00     2  sync_slam_toolb

07:29:08      UID       PID  minflt/s  majflt/s     VSZ     RSS   %MEM  Command
07:29:09        0    144557      0.00      0.00 2690764   75580   0.48  sync_slam_toolb

07:29:09      UID       PID    %usr %system  %guest   %wait    %CPU   CPU  Command
07:29:10        0    144557   12.00    1.00    0.00    0.00   13.00     6  sync_slam_toolb

07:29:09      UID       PID  minflt/s  majflt/s     VSZ     RSS   %MEM  Command
07:29:10        0    144557      0.00      0.00 2690764   75580   0.48  sync_slam_toolb

07:29:10      UID       PID    %usr %system  %guest   %wait    %CPU   CPU  Command
07:29:11        0    144557   12.00    0.00    0.00    0.00   12.00     2  sync_slam_toolb

07:29:10      UID       PID  minflt/s  majflt/s     VSZ     RSS   %MEM  Command
07:29:11        0    144557      0.00      0.00 2690764   75580   0.48  sync_slam_toolb

07:29:11      UID       PID    %usr %system  %guest   %wait    %CPU   CPU  Command
07:29:12        0    144557   11.00    1.00    0.00    0.00   12.00     4  sync_slam_toolb

07:29:11      UID       PID  minflt/s  majflt/s     VSZ     RSS   %MEM  Command
07:29:12        0    144557      0.00      0.00 2690764   75580   0.48  sync_slam_toolb

07:29:12      UID       PID    %usr %system  %guest   %wait    %CPU   CPU  Command
07:29:13        0    144557   11.00    0.00    0.00    0.00   11.00     2  sync_slam_toolb

07:29:12      UID       PID  minflt/s  majflt/s     VSZ     RSS   %MEM  Command
07:29:13        0    144557      0.00      0.00 2690764   75580   0.48  sync_slam_toolb

07:29:13      UID       PID    %usr %system  %guest   %wait    %CPU   CPU  Command
07:29:14        0    144557   11.00    1.00    0.00    0.00   12.00     6  sync_slam_toolb

07:29:13      UID       PID  minflt/s  majflt/s     VSZ     RSS   %MEM  Command
07:29:14        0    144557      0.00      0.00 2690764   75580   0.48  sync_slam_toolb

07:29:14      UID       PID    %usr %system  %guest   %wait    %CPU   CPU  Command
07:29:15        0    144557   15.00    0.00    0.00    0.00   15.00     2  sync_slam_toolb

07:29:14      UID       PID  minflt/s  majflt/s     VSZ     RSS   %MEM  Command
07:29:15        0    144557      0.00      0.00 2690764   75580   0.48  sync_slam_toolb

07:29:15      UID       PID    %usr %system  %guest   %wait    %CPU   CPU  Command
07:29:16        0    144557   12.00    0.00    0.00    0.00   12.00     2  sync_slam_toolb

07:29:15      UID       PID  minflt/s  majflt/s     VSZ     RSS   %MEM  Command
07:29:16        0    144557      0.00      0.00 2690764   75580   0.48  sync_slam_toolb

07:29:16      UID       PID    %usr %system  %guest   %wait    %CPU   CPU  Command
07:29:17        0    144557   14.00    1.00    0.00    0.00   15.00     2  sync_slam_toolb

07:29:16      UID       PID  minflt/s  majflt/s     VSZ     RSS   %MEM  Command
07:29:17        0    144557      0.00      0.00 2690764   75580   0.48  sync_slam_toolb

07:29:17      UID       PID    %usr %system  %guest   %wait    %CPU   CPU  Command
07:29:18        0    144557   12.00    0.00    0.00    0.00   12.00     4  sync_slam_toolb

07:29:17      UID       PID  minflt/s  majflt/s     VSZ     RSS   %MEM  Command
07:29:18        0    144557      0.00      0.00 2690764   75580   0.48  sync_slam_toolb

07:29:18      UID       PID    %usr %system  %guest   %wait    %CPU   CPU  Command
07:29:19        0    144557   14.00    1.00    0.00    0.00   15.00     6  sync_slam_toolb

07:29:18      UID       PID  minflt/s  majflt/s     VSZ     RSS   %MEM  Command
07:29:19        0    144557      0.00      0.00 2690764   75580   0.48  sync_slam_toolb

07:29:19      UID       PID    %usr %system  %guest   %wait    %CPU   CPU  Command
07:29:20        0    144557   12.00    0.00    0.00    0.00   12.00     2  sync_slam_toolb

07:29:19      UID       PID  minflt/s  majflt/s     VSZ     RSS   %MEM  Command
07:29:20        0    144557      0.00      0.00 2690764   75580   0.48  sync_slam_toolb

07:29:20      UID       PID    %usr %system  %guest   %wait    %CPU   CPU  Command
07:29:21        0    144557   12.00    1.00    0.00    0.00   13.00     6  sync_slam_toolb

07:29:20      UID       PID  minflt/s  majflt/s     VSZ     RSS   %MEM  Command
07:29:21        0    144557      0.00      0.00 2690764   75580   0.48  sync_slam_toolb

07:29:21      UID       PID    %usr %system  %guest   %wait    %CPU   CPU  Command
07:29:22        0    144557   12.00    0.00    0.00    0.00   12.00     6  sync_slam_toolb

07:29:21      UID       PID  minflt/s  majflt/s     VSZ     RSS   %MEM  Command
07:29:22        0    144557      0.00      0.00 2690764   75580   0.48  sync_slam_toolb

07:29:22      UID       PID    %usr %system  %guest   %wait    %CPU   CPU  Command
07:29:23        0    144557   11.00    1.00    0.00    0.00   12.00     2  sync_slam_toolb

07:29:22      UID       PID  minflt/s  majflt/s     VSZ     RSS   %MEM  Command
07:29:23        0    144557      0.00      0.00 2690764   75580   0.48  sync_slam_toolb

07:29:23      UID       PID    %usr %system  %guest   %wait    %CPU   CPU  Command
07:29:24        0    144557   14.00    1.00    0.00    0.00   15.00     6  sync_slam_toolb

07:29:23      UID       PID  minflt/s  majflt/s     VSZ     RSS   %MEM  Command
07:29:24        0    144557      0.00      0.00 2690764   75580   0.48  sync_slam_toolb

07:29:24      UID       PID    %usr %system  %guest   %wait    %CPU   CPU  Command
07:29:25        0    144557   12.00    0.00    0.00    0.00   12.00     8  sync_slam_toolb

07:29:24      UID       PID  minflt/s  majflt/s     VSZ     RSS   %MEM  Command
07:29:25        0    144557      0.00      0.00 2690764   75580   0.48  sync_slam_toolb

07:29:25      UID       PID    %usr %system  %guest   %wait    %CPU   CPU  Command
07:29:26        0    144557   12.00    1.00    0.00    0.00   13.00     2  sync_slam_toolb

07:29:25      UID       PID  minflt/s  majflt/s     VSZ     RSS   %MEM  Command
07:29:26        0    144557      0.00      0.00 2690764   75580   0.48  sync_slam_toolb

07:29:26      UID       PID    %usr %system  %guest   %wait    %CPU   CPU  Command
07:29:27        0    144557   14.00    1.00    0.00    0.00   15.00    10  sync_slam_toolb

07:29:26      UID       PID  minflt/s  majflt/s     VSZ     RSS   %MEM  Command
07:29:27        0    144557      0.00      0.00 2690764   75580   0.48  sync_slam_toolb

07:29:27      UID       PID    %usr %system  %guest   %wait    %CPU   CPU  Command
07:29:28        0    144557   13.00    0.00    0.00    0.00   13.00     6  sync_slam_toolb

07:29:27      UID       PID  minflt/s  majflt/s     VSZ     RSS   %MEM  Command
07:29:28        0    144557      0.00      0.00 2690764   75580   0.48  sync_slam_toolb

07:29:28      UID       PID    %usr %system  %guest   %wait    %CPU   CPU  Command
07:29:29        0    144557   11.00    1.00    0.00    0.00   12.00     0  sync_slam_toolb

07:29:28      UID       PID  minflt/s  majflt/s     VSZ     RSS   %MEM  Command
07:29:29        0    144557      0.00      0.00 2690764   75580   0.48  sync_slam_toolb

07:29:29      UID       PID    %usr %system  %guest   %wait    %CPU   CPU  Command
07:29:30        0    144557   14.00    0.00    0.00    0.00   14.00     6  sync_slam_toolb

07:29:29      UID       PID  minflt/s  majflt/s     VSZ     RSS   %MEM  Command
07:29:30        0    144557      0.00      0.00 2690764   75580   0.48  sync_slam_toolb

07:29:30      UID       PID    %usr %system  %guest   %wait    %CPU   CPU  Command
07:29:31        0    144557   11.00    0.00    0.00    0.00   11.00    10  sync_slam_toolb

07:29:30      UID       PID  minflt/s  majflt/s     VSZ     RSS   %MEM  Command
07:29:31        0    144557      0.00      0.00 2690764   75580   0.48  sync_slam_toolb

07:29:31      UID       PID    %usr %system  %guest   %wait    %CPU   CPU  Command
07:29:32        0    144557   14.00    1.00    0.00    0.00   15.00     8  sync_slam_toolb

07:29:31      UID       PID  minflt/s  majflt/s     VSZ     RSS   %MEM  Command
07:29:32        0    144557      0.00      0.00 2690764   75580   0.48  sync_slam_toolb

07:29:32      UID       PID    %usr %system  %guest   %wait    %CPU   CPU  Command
07:29:33        0    144557   12.00    0.00    0.00    0.00   12.00     0  sync_slam_toolb

07:29:32      UID       PID  minflt/s  majflt/s     VSZ     RSS   %MEM  Command
07:29:33        0    144557      0.00      0.00 2690764   75580   0.48  sync_slam_toolb

07:29:33      UID       PID    %usr %system  %guest   %wait    %CPU   CPU  Command
07:29:34        0    144557   11.00    0.00    0.00    0.00   11.00     2  sync_slam_toolb

07:29:33      UID       PID  minflt/s  majflt/s     VSZ     RSS   %MEM  Command
07:29:34        0    144557      0.00      0.00 2690764   75580   0.48  sync_slam_toolb

07:29:34      UID       PID    %usr %system  %guest   %wait    %CPU   CPU  Command
07:29:35        0    144557   12.00    1.00    0.00    0.00   13.00     8  sync_slam_toolb

07:29:34      UID       PID  minflt/s  majflt/s     VSZ     RSS   %MEM  Command
07:29:35        0    144557      0.00      0.00 2690764   75580   0.48  sync_slam_toolb

07:29:35      UID       PID    %usr %system  %guest   %wait    %CPU   CPU  Command
07:29:36        0    144557   11.00    0.00    0.00    0.00   11.00     2  sync_slam_toolb

07:29:35      UID       PID  minflt/s  majflt/s     VSZ     RSS   %MEM  Command
07:29:36        0    144557      0.00      0.00 2690764   75580   0.48  sync_slam_toolb

07:29:36      UID       PID    %usr %system  %guest   %wait    %CPU   CPU  Command
07:29:37        0    144557   12.00    0.00    0.00    0.00   12.00     2  sync_slam_toolb

07:29:36      UID       PID  minflt/s  majflt/s     VSZ     RSS   %MEM  Command
07:29:37        0    144557      0.00      0.00 2690764   75580   0.48  sync_slam_toolb

07:29:37      UID       PID    %usr %system  %guest   %wait    %CPU   CPU  Command
07:29:38        0    144557   11.00    1.00    0.00    0.00   12.00     2  sync_slam_toolb

07:29:37      UID       PID  minflt/s  majflt/s     VSZ     RSS   %MEM  Command
07:29:38        0    144557      0.00      0.00 2690764   75580   0.48  sync_slam_toolb

07:29:38      UID       PID    %usr %system  %guest   %wait    %CPU   CPU  Command
07:29:39        0    144557   12.00    0.00    0.00    0.00   12.00     2  sync_slam_toolb

07:29:38      UID       PID  minflt/s  majflt/s     VSZ     RSS   %MEM  Command
07:29:39        0    144557      0.00      0.00 2690764   75580   0.48  sync_slam_toolb

07:29:39      UID       PID    %usr %system  %guest   %wait    %CPU   CPU  Command
07:29:40        0    144557   11.00    1.00    0.00    0.00   12.00     2  sync_slam_toolb

07:29:39      UID       PID  minflt/s  majflt/s     VSZ     RSS   %MEM  Command
07:29:40        0    144557      0.00      0.00 2690764   75580   0.48  sync_slam_toolb

07:29:40      UID       PID    %usr %system  %guest   %wait    %CPU   CPU  Command
07:29:41        0    144557   15.00    0.00    0.00    0.00   15.00     2  sync_slam_toolb

07:29:40      UID       PID  minflt/s  majflt/s     VSZ     RSS   %MEM  Command
07:29:41        0    144557      0.00      0.00 2690764   75580   0.48  sync_slam_toolb

07:29:41      UID       PID    %usr %system  %guest   %wait    %CPU   CPU  Command
07:29:42        0    144557   11.88    0.00    0.00    0.00   11.88     2  sync_slam_toolb

07:29:41      UID       PID  minflt/s  majflt/s     VSZ     RSS   %MEM  Command
07:29:42        0    144557      0.00      0.00 2690764   75580   0.48  sync_slam_toolb

07:29:42      UID       PID    %usr %system  %guest   %wait    %CPU   CPU  Command
07:29:43        0    144557   11.00    0.00    0.00    0.00   11.00     6  sync_slam_toolb

07:29:42      UID       PID  minflt/s  majflt/s     VSZ     RSS   %MEM  Command
07:29:43        0    144557      0.00      0.00 2690764   75580   0.48  sync_slam_toolb

07:29:43      UID       PID    %usr %system  %guest   %wait    %CPU   CPU  Command
07:29:44        0    144557   11.00    1.00    0.00    0.00   12.00     6  sync_slam_toolb

07:29:43      UID       PID  minflt/s  majflt/s     VSZ     RSS   %MEM  Command
07:29:44        0    144557      0.00      0.00 2690764   75580   0.48  sync_slam_toolb

07:29:44      UID       PID    %usr %system  %guest   %wait    %CPU   CPU  Command
07:29:45        0    144557   12.00    0.00    0.00    0.00   12.00     2  sync_slam_toolb

07:29:44      UID       PID  minflt/s  majflt/s     VSZ     RSS   %MEM  Command
07:29:45        0    144557      0.00      0.00 2690764   75580   0.48  sync_slam_toolb

07:29:45      UID       PID    %usr %system  %guest   %wait    %CPU   CPU  Command
07:29:46        0    144557   11.00    1.00    0.00    0.00   12.00     8  sync_slam_toolb

07:29:45      UID       PID  minflt/s  majflt/s     VSZ     RSS   %MEM  Command
07:29:46        0    144557      0.00      0.00 2690764   75580   0.48  sync_slam_toolb

07:29:46      UID       PID    %usr %system  %guest   %wait    %CPU   CPU  Command
07:29:47        0    144557   11.00    0.00    0.00    0.00   11.00     4  sync_slam_toolb

07:29:46      UID       PID  minflt/s  majflt/s     VSZ     RSS   %MEM  Command
07:29:47        0    144557      0.00      0.00 2690764   75580   0.48  sync_slam_toolb

07:29:47      UID       PID    %usr %system  %guest   %wait    %CPU   CPU  Command
07:29:48        0    144557   12.00    0.00    0.00    0.00   12.00     0  sync_slam_toolb

07:29:47      UID       PID  minflt/s  majflt/s     VSZ     RSS   %MEM  Command
07:29:48        0    144557      0.00      0.00 2690764   75580   0.48  sync_slam_toolb

07:29:48      UID       PID    %usr %system  %guest   %wait    %CPU   CPU  Command
07:29:49        0    144557   12.00    0.00    0.00    0.00   12.00     2  sync_slam_toolb

07:29:48      UID       PID  minflt/s  majflt/s     VSZ     RSS   %MEM  Command
07:29:49        0    144557      0.00      0.00 2690764   75580   0.48  sync_slam_toolb

07:29:49      UID       PID    %usr %system  %guest   %wait    %CPU   CPU  Command
07:29:50        0    144557   14.00    1.00    0.00    0.00   15.00     2  sync_slam_toolb

07:29:49      UID       PID  minflt/s  majflt/s     VSZ     RSS   %MEM  Command
07:29:50        0    144557      0.00      0.00 2690764   75580   0.48  sync_slam_toolb

07:29:50      UID       PID    %usr %system  %guest   %wait    %CPU   CPU  Command
07:29:51        0    144557   12.00    0.00    0.00    0.00   12.00    15  sync_slam_toolb

07:29:50      UID       PID  minflt/s  majflt/s     VSZ     RSS   %MEM  Command
07:29:51        0    144557      0.00      0.00 2690764   75580   0.48  sync_slam_toolb

07:29:51      UID       PID    %usr %system  %guest   %wait    %CPU   CPU  Command
07:29:52        0    144557   11.00    0.00    0.00    0.00   11.00    15  sync_slam_toolb

07:29:51      UID       PID  minflt/s  majflt/s     VSZ     RSS   %MEM  Command
07:29:52        0    144557      0.00      0.00 2690764   75580   0.48  sync_slam_toolb

07:29:52      UID       PID    %usr %system  %guest   %wait    %CPU   CPU  Command
07:29:53        0    144557   14.00    2.00    0.00    0.00   16.00    15  sync_slam_toolb

07:29:52      UID       PID  minflt/s  majflt/s     VSZ     RSS   %MEM  Command
07:29:53        0    144557      0.00      0.00 2690764   75580   0.48  sync_slam_toolb

07:29:53      UID       PID    %usr %system  %guest   %wait    %CPU   CPU  Command
07:29:54        0    144557   11.00    0.00    0.00    0.00   11.00     6  sync_slam_toolb

07:29:53      UID       PID  minflt/s  majflt/s     VSZ     RSS   %MEM  Command
07:29:54        0    144557      0.00      0.00 2690764   75580   0.48  sync_slam_toolb

07:29:54      UID       PID    %usr %system  %guest   %wait    %CPU   CPU  Command
07:29:55        0    144557   12.00    1.00    0.00    0.00   13.00    14  sync_slam_toolb

07:29:54      UID       PID  minflt/s  majflt/s     VSZ     RSS   %MEM  Command
07:29:55        0    144557      0.00      0.00 2690764   75580   0.48  sync_slam_toolb

07:29:55      UID       PID    %usr %system  %guest   %wait    %CPU   CPU  Command
07:29:56        0    144557   11.00    0.00    0.00    0.00   11.00     6  sync_slam_toolb

07:29:55      UID       PID  minflt/s  majflt/s     VSZ     RSS   %MEM  Command
07:29:56        0    144557      0.00      0.00 2690764   75580   0.48  sync_slam_toolb

07:29:56      UID       PID    %usr %system  %guest   %wait    %CPU   CPU  Command
07:29:57        0    144557   13.00    0.00    0.00    0.00   13.00    11  sync_slam_toolb

07:29:56      UID       PID  minflt/s  majflt/s     VSZ     RSS   %MEM  Command
07:29:57        0    144557      0.00      0.00 2690764   75580   0.48  sync_slam_toolb

07:29:57      UID       PID    %usr %system  %guest   %wait    %CPU   CPU  Command
07:29:58        0    144557   13.00    1.00    0.00    0.00   14.00     8  sync_slam_toolb

07:29:57      UID       PID  minflt/s  majflt/s     VSZ     RSS   %MEM  Command
07:29:58        0    144557      0.00      0.00 2690764   75580   0.48  sync_slam_toolb

07:29:58      UID       PID    %usr %system  %guest   %wait    %CPU   CPU  Command
07:29:59        0    144557   12.00    0.00    0.00    0.00   12.00     8  sync_slam_toolb

07:29:58      UID       PID  minflt/s  majflt/s     VSZ     RSS   %MEM  Command
07:29:59        0    144557      0.00      0.00 2690764   75580   0.48  sync_slam_toolb

07:29:59      UID       PID    %usr %system  %guest   %wait    %CPU   CPU  Command
07:30:00        0    144557   12.00    1.00    0.00    0.00   13.00     8  sync_slam_toolb

07:29:59      UID       PID  minflt/s  majflt/s     VSZ     RSS   %MEM  Command
07:30:00        0    144557      0.00      0.00 2690764   75580   0.48  sync_slam_toolb

07:30:00      UID       PID    %usr %system  %guest   %wait    %CPU   CPU  Command
07:30:01        0    144557   14.00    0.00    0.00    0.00   14.00     6  sync_slam_toolb

07:30:00      UID       PID  minflt/s  majflt/s     VSZ     RSS   %MEM  Command
07:30:01        0    144557      0.00      0.00 2690764   75580   0.48  sync_slam_toolb

07:30:01      UID       PID    %usr %system  %guest   %wait    %CPU   CPU  Command
07:30:02        0    144557   15.00    1.00    0.00    0.00   16.00     6  sync_slam_toolb

07:30:01      UID       PID  minflt/s  majflt/s     VSZ     RSS   %MEM  Command
07:30:02        0    144557      0.00      0.00 2690764   75580   0.48  sync_slam_toolb

07:30:02      UID       PID    %usr %system  %guest   %wait    %CPU   CPU  Command
07:30:03        0    144557   12.00    1.00    0.00    0.00   13.00     6  sync_slam_toolb

07:30:02      UID       PID  minflt/s  majflt/s     VSZ     RSS   %MEM  Command
07:30:03        0    144557      0.00      0.00 2690764   75580   0.48  sync_slam_toolb

07:30:03      UID       PID    %usr %system  %guest   %wait    %CPU   CPU  Command
07:30:04        0    144557   11.00    0.00    0.00    0.00   11.00     6  sync_slam_toolb

07:30:03      UID       PID  minflt/s  majflt/s     VSZ     RSS   %MEM  Command
07:30:04        0    144557      0.00      0.00 2690764   75580   0.48  sync_slam_toolb

07:30:04      UID       PID    %usr %system  %guest   %wait    %CPU   CPU  Command
07:30:05        0    144557   15.00    0.00    0.00    0.00   15.00     8  sync_slam_toolb

07:30:04      UID       PID  minflt/s  majflt/s     VSZ     RSS   %MEM  Command
07:30:05        0    144557      0.00      0.00 2690764   75580   0.48  sync_slam_toolb

07:30:05      UID       PID    %usr %system  %guest   %wait    %CPU   CPU  Command
07:30:06        0    144557   12.00    1.00    0.00    0.00   13.00     8  sync_slam_toolb

07:30:05      UID       PID  minflt/s  majflt/s     VSZ     RSS   %MEM  Command
07:30:06        0    144557      0.00      0.00 2690764   75580   0.48  sync_slam_toolb

07:30:06      UID       PID    %usr %system  %guest   %wait    %CPU   CPU  Command
07:30:07        0    144557   15.00    0.00    0.00    0.00   15.00     0  sync_slam_toolb

07:30:06      UID       PID  minflt/s  majflt/s     VSZ     RSS   %MEM  Command
07:30:07        0    144557      0.00      0.00 2690764   75580   0.48  sync_slam_toolb

07:30:07      UID       PID    %usr %system  %guest   %wait    %CPU   CPU  Command
07:30:08        0    144557   11.00    0.00    0.00    0.00   11.00     4  sync_slam_toolb

07:30:07      UID       PID  minflt/s  majflt/s     VSZ     RSS   %MEM  Command
07:30:08        0    144557      0.00      0.00 2690764   75580   0.48  sync_slam_toolb

07:30:08      UID       PID    %usr %system  %guest   %wait    %CPU   CPU  Command
07:30:09        0    144557   12.00    1.00    0.00    0.00   13.00     4  sync_slam_toolb

07:30:08      UID       PID  minflt/s  majflt/s     VSZ     RSS   %MEM  Command
07:30:09        0    144557      0.00      0.00 2690764   75580   0.48  sync_slam_toolb

07:30:09      UID       PID    %usr %system  %guest   %wait    %CPU   CPU  Command
07:30:10        0    144557   15.00    0.00    0.00    0.00   15.00     4  sync_slam_toolb

07:30:09      UID       PID  minflt/s  majflt/s     VSZ     RSS   %MEM  Command
07:30:10        0    144557      0.00      0.00 2690764   75580   0.48  sync_slam_toolb

07:30:10      UID       PID    %usr %system  %guest   %wait    %CPU   CPU  Command
07:30:11        0    144557   11.00    1.00    0.00    0.00   12.00    12  sync_slam_toolb

07:30:10      UID       PID  minflt/s  majflt/s     VSZ     RSS   %MEM  Command
07:30:11        0    144557      0.00      0.00 2690764   75580   0.48  sync_slam_toolb

07:30:11      UID       PID    %usr %system  %guest   %wait    %CPU   CPU  Command
07:30:12        0    144557   14.00    1.00    0.00    0.00   15.00     2  sync_slam_toolb

07:30:11      UID       PID  minflt/s  majflt/s     VSZ     RSS   %MEM  Command
07:30:12        0    144557      0.00      0.00 2690764   75580   0.48  sync_slam_toolb

07:30:12      UID       PID    %usr %system  %guest   %wait    %CPU   CPU  Command
07:30:13        0    144557   12.00    0.00    0.00    0.00   12.00     4  sync_slam_toolb

07:30:12      UID       PID  minflt/s  majflt/s     VSZ     RSS   %MEM  Command
07:30:13        0    144557      0.00      0.00 2690764   75580   0.48  sync_slam_toolb

07:30:13      UID       PID    %usr %system  %guest   %wait    %CPU   CPU  Command
07:30:14        0    144557   12.00    1.00    0.00    0.00   13.00     6  sync_slam_toolb

07:30:13      UID       PID  minflt/s  majflt/s     VSZ     RSS   %MEM  Command
07:30:14        0    144557      0.00      0.00 2690764   75580   0.48  sync_slam_toolb

07:30:14      UID       PID    %usr %system  %guest   %wait    %CPU   CPU  Command
07:30:15        0    144557   14.00    0.00    0.00    0.00   14.00    14  sync_slam_toolb

07:30:14      UID       PID  minflt/s  majflt/s     VSZ     RSS   %MEM  Command
07:30:15        0    144557      0.00      0.00 2690764   75580   0.48  sync_slam_toolb

07:30:15      UID       PID    %usr %system  %guest   %wait    %CPU   CPU  Command
07:30:16        0    144557   11.00    1.00    0.00    0.00   12.00    14  sync_slam_toolb

07:30:15      UID       PID  minflt/s  majflt/s     VSZ     RSS   %MEM  Command
07:30:16        0    144557      0.00      0.00 2690764   75580   0.48  sync_slam_toolb

07:30:16      UID       PID    %usr %system  %guest   %wait    %CPU   CPU  Command
07:30:17        0    144557   14.00    1.00    0.00    0.00   15.00    14  sync_slam_toolb

07:30:16      UID       PID  minflt/s  majflt/s     VSZ     RSS   %MEM  Command
07:30:17        0    144557      0.00      0.00 2690764   75580   0.48  sync_slam_toolb

07:30:17      UID       PID    %usr %system  %guest   %wait    %CPU   CPU  Command
07:30:18        0    144557   12.00    1.00    0.00    0.00   13.00     8  sync_slam_toolb

07:30:17      UID       PID  minflt/s  majflt/s     VSZ     RSS   %MEM  Command
07:30:18        0    144557      0.00      0.00 2690764   75580   0.48  sync_slam_toolb

07:30:18      UID       PID    %usr %system  %guest   %wait    %CPU   CPU  Command
07:30:19        0    144557   12.00    0.00    0.00    0.00   12.00     6  sync_slam_toolb

07:30:18      UID       PID  minflt/s  majflt/s     VSZ     RSS   %MEM  Command
07:30:19        0    144557      0.00      0.00 2690764   75580   0.48  sync_slam_toolb

07:30:19      UID       PID    %usr %system  %guest   %wait    %CPU   CPU  Command
07:30:20        0    144557   11.00    1.00    0.00    0.00   12.00     6  sync_slam_toolb

07:30:19      UID       PID  minflt/s  majflt/s     VSZ     RSS   %MEM  Command
07:30:20        0    144557      0.00      0.00 2690764   75580   0.48  sync_slam_toolb

07:30:20      UID       PID    %usr %system  %guest   %wait    %CPU   CPU  Command
07:30:21        0    144557   12.00    1.00    0.00    0.00   13.00     6  sync_slam_toolb

07:30:20      UID       PID  minflt/s  majflt/s     VSZ     RSS   %MEM  Command
07:30:21        0    144557      0.00      0.00 2690764   75580   0.48  sync_slam_toolb

07:30:21      UID       PID    %usr %system  %guest   %wait    %CPU   CPU  Command
07:30:22        0    144557   15.00    1.00    0.00    0.00   16.00     0  sync_slam_toolb

07:30:21      UID       PID  minflt/s  majflt/s     VSZ     RSS   %MEM  Command
07:30:22        0    144557      0.00      0.00 2690764   75580   0.48  sync_slam_toolb

07:30:22      UID       PID    %usr %system  %guest   %wait    %CPU   CPU  Command
07:30:23        0    144557   12.00    0.00    0.00    0.00   12.00     4  sync_slam_toolb

07:30:22      UID       PID  minflt/s  majflt/s     VSZ     RSS   %MEM  Command
07:30:23        0    144557      0.00      0.00 2690764   75580   0.48  sync_slam_toolb

07:30:23      UID       PID    %usr %system  %guest   %wait    %CPU   CPU  Command
07:30:24        0    144557   12.00    1.00    0.00    0.00   13.00     6  sync_slam_toolb

07:30:23      UID       PID  minflt/s  majflt/s     VSZ     RSS   %MEM  Command
07:30:24        0    144557      0.00      0.00 2690764   75580   0.48  sync_slam_toolb

07:30:24      UID       PID    %usr %system  %guest   %wait    %CPU   CPU  Command
07:30:25        0    144557   15.00    0.00    0.00    0.00   15.00     6  sync_slam_toolb

07:30:24      UID       PID  minflt/s  majflt/s     VSZ     RSS   %MEM  Command
07:30:25        0    144557      0.00      0.00 2690764   75580   0.48  sync_slam_toolb

07:30:25      UID       PID    %usr %system  %guest   %wait    %CPU   CPU  Command
07:30:26        0    144557   11.00    0.00    0.00    0.00   11.00     6  sync_slam_toolb

07:30:25      UID       PID  minflt/s  majflt/s     VSZ     RSS   %MEM  Command
07:30:26        0    144557      0.00      0.00 2690764   75580   0.48  sync_slam_toolb

07:30:26      UID       PID    %usr %system  %guest   %wait    %CPU   CPU  Command
07:30:27        0    144557   12.00    1.00    0.00    0.00   13.00     4  sync_slam_toolb

07:30:26      UID       PID  minflt/s  majflt/s     VSZ     RSS   %MEM  Command
07:30:27        0    144557      0.00      0.00 2690764   75580   0.48  sync_slam_toolb

07:30:27      UID       PID    %usr %system  %guest   %wait    %CPU   CPU  Command
07:30:28        0    144557   15.00    0.00    0.00    0.00   15.00     6  sync_slam_toolb

07:30:27      UID       PID  minflt/s  majflt/s     VSZ     RSS   %MEM  Command
07:30:28        0    144557      0.00      0.00 2690764   75580   0.48  sync_slam_toolb

07:30:28      UID       PID    %usr %system  %guest   %wait    %CPU   CPU  Command
07:30:29        0    144557   12.00    1.00    0.00    0.00   13.00     2  sync_slam_toolb

07:30:28      UID       PID  minflt/s  majflt/s     VSZ     RSS   %MEM  Command
07:30:29        0    144557      0.00      0.00 2690764   75580   0.48  sync_slam_toolb

07:30:29      UID       PID    %usr %system  %guest   %wait    %CPU   CPU  Command
07:30:30        0    144557   15.00    0.00    0.00    0.00   15.00     6  sync_slam_toolb

07:30:29      UID       PID  minflt/s  majflt/s     VSZ     RSS   %MEM  Command
07:30:30        0    144557      0.00      0.00 2690764   75580   0.48  sync_slam_toolb

07:30:30      UID       PID    %usr %system  %guest   %wait    %CPU   CPU  Command
07:30:31        0    144557   11.00    1.00    0.00    0.00   12.00     2  sync_slam_toolb

07:30:30      UID       PID  minflt/s  majflt/s     VSZ     RSS   %MEM  Command
07:30:31        0    144557      0.00      0.00 2690764   75580   0.48  sync_slam_toolb

07:30:31      UID       PID    %usr %system  %guest   %wait    %CPU   CPU  Command
07:30:32        0    144557   12.00    0.00    0.00    0.00   12.00    14  sync_slam_toolb

07:30:31      UID       PID  minflt/s  majflt/s     VSZ     RSS   %MEM  Command
07:30:32        0    144557      0.00      0.00 2690764   75580   0.48  sync_slam_toolb

07:30:32      UID       PID    %usr %system  %guest   %wait    %CPU   CPU  Command
07:30:33        0    144557   11.00    2.00    0.00    0.00   13.00     6  sync_slam_toolb

07:30:32      UID       PID  minflt/s  majflt/s     VSZ     RSS   %MEM  Command
07:30:33        0    144557      0.00      0.00 2690764   75580   0.48  sync_slam_toolb

07:30:33      UID       PID    %usr %system  %guest   %wait    %CPU   CPU  Command
07:30:34        0    144557   13.00    0.00    0.00    0.00   13.00     2  sync_slam_toolb

07:30:33      UID       PID  minflt/s  majflt/s     VSZ     RSS   %MEM  Command
07:30:34        0    144557      0.00      0.00 2690764   75580   0.48  sync_slam_toolb

07:30:34      UID       PID    %usr %system  %guest   %wait    %CPU   CPU  Command
07:30:35        0    144557   11.00    0.00    0.00    0.00   11.00     2  sync_slam_toolb

07:30:34      UID       PID  minflt/s  majflt/s     VSZ     RSS   %MEM  Command
07:30:35        0    144557      0.00      0.00 2690764   75580   0.48  sync_slam_toolb

07:30:35      UID       PID    %usr %system  %guest   %wait    %CPU   CPU  Command
07:30:36        0    144557   14.00    1.00    0.00    0.00   15.00     6  sync_slam_toolb

07:30:35      UID       PID  minflt/s  majflt/s     VSZ     RSS   %MEM  Command
07:30:36        0    144557      0.00      0.00 2690764   75580   0.48  sync_slam_toolb

07:30:36      UID       PID    %usr %system  %guest   %wait    %CPU   CPU  Command
07:30:37        0    144557   11.00    1.00    0.00    0.00   12.00     8  sync_slam_toolb

07:30:36      UID       PID  minflt/s  majflt/s     VSZ     RSS   %MEM  Command
07:30:37        0    144557      0.00      0.00 2690764   75580   0.48  sync_slam_toolb

07:30:37      UID       PID    %usr %system  %guest   %wait    %CPU   CPU  Command
07:30:38        0    144557   14.00    1.00    0.00    0.00   15.00     6  sync_slam_toolb

07:30:37      UID       PID  minflt/s  majflt/s     VSZ     RSS   %MEM  Command
07:30:38        0    144557      0.00      0.00 2690764   75580   0.48  sync_slam_toolb

07:30:38      UID       PID    %usr %system  %guest   %wait    %CPU   CPU  Command
07:30:39        0    144557   12.00    0.00    0.00    0.00   12.00     6  sync_slam_toolb

07:30:38      UID       PID  minflt/s  majflt/s     VSZ     RSS   %MEM  Command
07:30:39        0    144557      0.00      0.00 2690764   75580   0.48  sync_slam_toolb

07:30:39      UID       PID    %usr %system  %guest   %wait    %CPU   CPU  Command
07:30:40        0    144557   12.00    0.00    0.00    0.00   12.00     6  sync_slam_toolb

07:30:39      UID       PID  minflt/s  majflt/s     VSZ     RSS   %MEM  Command
07:30:40        0    144557      0.00      0.00 2690764   75580   0.48  sync_slam_toolb

07:30:40      UID       PID    %usr %system  %guest   %wait    %CPU   CPU  Command
07:30:41        0    144557   13.00    1.00    0.00    0.00   14.00    10  sync_slam_toolb

07:30:40      UID       PID  minflt/s  majflt/s     VSZ     RSS   %MEM  Command
07:30:41        0    144557      0.00      0.00 2690764   75580   0.48  sync_slam_toolb

07:30:41      UID       PID    %usr %system  %guest   %wait    %CPU   CPU  Command
07:30:42        0    144557   14.00    0.00    0.00    0.00   14.00     6  sync_slam_toolb

07:30:41      UID       PID  minflt/s  majflt/s     VSZ     RSS   %MEM  Command
07:30:42        0    144557      0.00      0.00 2690764   75580   0.48  sync_slam_toolb

07:30:42      UID       PID    %usr %system  %guest   %wait    %CPU   CPU  Command
07:30:43        0    144557   12.00    1.00    0.00    0.00   13.00     6  sync_slam_toolb

07:30:42      UID       PID  minflt/s  majflt/s     VSZ     RSS   %MEM  Command
07:30:43        0    144557      0.00      0.00 2690764   75580   0.48  sync_slam_toolb

07:30:43      UID       PID    %usr %system  %guest   %wait    %CPU   CPU  Command
07:30:44        0    144557   16.00    0.00    0.00    0.00   16.00     6  sync_slam_toolb

07:30:43      UID       PID  minflt/s  majflt/s     VSZ     RSS   %MEM  Command
07:30:44        0    144557      0.00      0.00 2690764   75580   0.48  sync_slam_toolb

07:30:44      UID       PID    %usr %system  %guest   %wait    %CPU   CPU  Command
07:30:45        0    144557   12.00    0.00    0.00    0.00   12.00     2  sync_slam_toolb

07:30:44      UID       PID  minflt/s  majflt/s     VSZ     RSS   %MEM  Command
07:30:45        0    144557      0.00      0.00 2690764   75580   0.48  sync_slam_toolb

07:30:45      UID       PID    %usr %system  %guest   %wait    %CPU   CPU  Command
07:30:46        0    144557   15.00    1.00    0.00    0.00   16.00     2  sync_slam_toolb

07:30:45      UID       PID  minflt/s  majflt/s     VSZ     RSS   %MEM  Command
07:30:46        0    144557      0.00      0.00 2690764   75580   0.48  sync_slam_toolb

07:30:46      UID       PID    %usr %system  %guest   %wait    %CPU   CPU  Command
07:30:47        0    144557   13.00    0.00    0.00    0.00   13.00     2  sync_slam_toolb

07:30:46      UID       PID  minflt/s  majflt/s     VSZ     RSS   %MEM  Command
07:30:47        0    144557      0.00      0.00 2690764   75580   0.48  sync_slam_toolb

07:30:47      UID       PID    %usr %system  %guest   %wait    %CPU   CPU  Command
07:30:48        0    144557   15.00    0.00    0.00    0.00   15.00     2  sync_slam_toolb

07:30:47      UID       PID  minflt/s  majflt/s     VSZ     RSS   %MEM  Command
07:30:48        0    144557      0.00      0.00 2690764   75580   0.48  sync_slam_toolb

07:30:48      UID       PID    %usr %system  %guest   %wait    %CPU   CPU  Command
07:30:49        0    144557   12.00    0.00    0.00    0.00   12.00     2  sync_slam_toolb

07:30:48      UID       PID  minflt/s  majflt/s     VSZ     RSS   %MEM  Command
07:30:49        0    144557      0.00      0.00 2690764   75580   0.48  sync_slam_toolb

07:30:49      UID       PID    %usr %system  %guest   %wait    %CPU   CPU  Command
07:30:50        0    144557   30.00    2.00    0.00    0.00   32.00     6  sync_slam_toolb

07:30:49      UID       PID  minflt/s  majflt/s     VSZ     RSS   %MEM  Command
07:30:50        0    144557    605.00      0.00 2690764   78012   0.50  sync_slam_toolb

07:30:50      UID       PID    %usr %system  %guest   %wait    %CPU   CPU  Command
07:30:51        0    144557   12.00    0.00    0.00    0.00   12.00    10  sync_slam_toolb

07:30:50      UID       PID  minflt/s  majflt/s     VSZ     RSS   %MEM  Command
07:30:51        0    144557      0.00      0.00 2690764   78012   0.50  sync_slam_toolb

07:30:51      UID       PID    %usr %system  %guest   %wait    %CPU   CPU  Command
07:30:52        0    144557   12.00    0.00    0.00    0.00   12.00    10  sync_slam_toolb

07:30:51      UID       PID  minflt/s  majflt/s     VSZ     RSS   %MEM  Command
07:30:52        0    144557      0.00      0.00 2690764   78012   0.50  sync_slam_toolb

07:30:52      UID       PID    %usr %system  %guest   %wait    %CPU   CPU  Command
07:30:53        0    144557   16.00    1.00    0.00    0.00   17.00     2  sync_slam_toolb

07:30:52      UID       PID  minflt/s  majflt/s     VSZ     RSS   %MEM  Command
07:30:53        0    144557      0.00      0.00 2690764   78012   0.50  sync_slam_toolb

07:30:53      UID       PID    %usr %system  %guest   %wait    %CPU   CPU  Command
07:30:54        0    144557   11.00    0.00    0.00    0.00   11.00     4  sync_slam_toolb

07:30:53      UID       PID  minflt/s  majflt/s     VSZ     RSS   %MEM  Command
07:30:54        0    144557      0.00      0.00 2690764   78012   0.50  sync_slam_toolb

07:30:54      UID       PID    %usr %system  %guest   %wait    %CPU   CPU  Command
07:30:55        0    144557   12.00    0.00    0.00    0.00   12.00     1  sync_slam_toolb

07:30:54      UID       PID  minflt/s  majflt/s     VSZ     RSS   %MEM  Command
07:30:55        0    144557      0.00      0.00 2690764   78012   0.50  sync_slam_toolb

07:30:55      UID       PID    %usr %system  %guest   %wait    %CPU   CPU  Command
07:30:56        0    144557   15.00    1.00    0.00    0.00   16.00     2  sync_slam_toolb

07:30:55      UID       PID  minflt/s  majflt/s     VSZ     RSS   %MEM  Command
07:30:56        0    144557      0.00      0.00 2690764   78012   0.50  sync_slam_toolb

07:30:56      UID       PID    %usr %system  %guest   %wait    %CPU   CPU  Command
07:30:57        0    144557   12.00    0.00    0.00    0.00   12.00     1  sync_slam_toolb

07:30:56      UID       PID  minflt/s  majflt/s     VSZ     RSS   %MEM  Command
07:30:57        0    144557      0.00      0.00 2690764   78012   0.50  sync_slam_toolb

07:30:57      UID       PID    %usr %system  %guest   %wait    %CPU   CPU  Command
07:30:58        0    144557   12.00    0.00    0.00    0.00   12.00     1  sync_slam_toolb

07:30:57      UID       PID  minflt/s  majflt/s     VSZ     RSS   %MEM  Command
07:30:58        0    144557      0.00      0.00 2690764   78012   0.50  sync_slam_toolb

07:30:58      UID       PID    %usr %system  %guest   %wait    %CPU   CPU  Command
07:30:59        0    144557   16.00    0.00    0.00    0.00   16.00     8  sync_slam_toolb

07:30:58      UID       PID  minflt/s  majflt/s     VSZ     RSS   %MEM  Command
07:30:59        0    144557      0.00      0.00 2690764   78012   0.50  sync_slam_toolb

07:30:59      UID       PID    %usr %system  %guest   %wait    %CPU   CPU  Command
07:31:00        0    144557   12.00    1.00    0.00    0.00   13.00     8  sync_slam_toolb

07:30:59      UID       PID  minflt/s  majflt/s     VSZ     RSS   %MEM  Command
07:31:00        0    144557      0.00      0.00 2690764   78012   0.50  sync_slam_toolb

07:31:00      UID       PID    %usr %system  %guest   %wait    %CPU   CPU  Command
07:31:01        0    144557   15.00    0.00    0.00    0.00   15.00    10  sync_slam_toolb

07:31:00      UID       PID  minflt/s  majflt/s     VSZ     RSS   %MEM  Command
07:31:01        0    144557      0.00      0.00 2690764   78012   0.50  sync_slam_toolb

07:31:01      UID       PID    %usr %system  %guest   %wait    %CPU   CPU  Command
07:31:02        0    144557   13.00    0.00    0.00    0.00   13.00     2  sync_slam_toolb

07:31:01      UID       PID  minflt/s  majflt/s     VSZ     RSS   %MEM  Command
07:31:02        0    144557      0.00      0.00 2690764   78012   0.50  sync_slam_toolb

07:31:02      UID       PID    %usr %system  %guest   %wait    %CPU   CPU  Command
07:31:03        0    144557   15.00    1.00    0.00    0.00   16.00     2  sync_slam_toolb

07:31:02      UID       PID  minflt/s  majflt/s     VSZ     RSS   %MEM  Command
07:31:03        0    144557      0.00      0.00 2690764   78012   0.50  sync_slam_toolb

07:31:03      UID       PID    %usr %system  %guest   %wait    %CPU   CPU  Command
07:31:04        0    144557   12.00    1.00    0.00    0.00   13.00     2  sync_slam_toolb

07:31:03      UID       PID  minflt/s  majflt/s     VSZ     RSS   %MEM  Command
07:31:04        0    144557      0.00      0.00 2690764   78012   0.50  sync_slam_toolb

07:31:04      UID       PID    %usr %system  %guest   %wait    %CPU   CPU  Command
07:31:05        0    144557   12.00    1.00    0.00    0.00   13.00    14  sync_slam_toolb

07:31:04      UID       PID  minflt/s  majflt/s     VSZ     RSS   %MEM  Command
07:31:05        0    144557      0.00      0.00 2690764   78012   0.50  sync_slam_toolb

07:31:05      UID       PID    %usr %system  %guest   %wait    %CPU   CPU  Command
07:31:06        0    144557   12.00    0.00    0.00    0.00   12.00     2  sync_slam_toolb

07:31:05      UID       PID  minflt/s  majflt/s     VSZ     RSS   %MEM  Command
07:31:06        0    144557      0.00      0.00 2690764   78012   0.50  sync_slam_toolb

07:31:06      UID       PID    %usr %system  %guest   %wait    %CPU   CPU  Command
07:31:07        0    144557   16.00    0.00    0.00    0.00   16.00     2  sync_slam_toolb

07:31:06      UID       PID  minflt/s  majflt/s     VSZ     RSS   %MEM  Command
07:31:07        0    144557      0.00      0.00 2690764   78012   0.50  sync_slam_toolb

07:31:07      UID       PID    %usr %system  %guest   %wait    %CPU   CPU  Command
07:31:08        0    144557   12.00    0.00    0.00    0.00   12.00     2  sync_slam_toolb

07:31:07      UID       PID  minflt/s  majflt/s     VSZ     RSS   %MEM  Command
07:31:08        0    144557      0.00      0.00 2690764   78012   0.50  sync_slam_toolb

07:31:08      UID       PID    %usr %system  %guest   %wait    %CPU   CPU  Command
07:31:09        0    144557   12.00    1.00    0.00    0.00   13.00     4  sync_slam_toolb

07:31:08      UID       PID  minflt/s  majflt/s     VSZ     RSS   %MEM  Command
07:31:09        0    144557      0.00      0.00 2690764   78012   0.50  sync_slam_toolb

07:31:09      UID       PID    %usr %system  %guest   %wait    %CPU   CPU  Command
07:31:10        0    144557   15.00    0.00    0.00    0.00   15.00     4  sync_slam_toolb

07:31:09      UID       PID  minflt/s  majflt/s     VSZ     RSS   %MEM  Command
07:31:10        0    144557      0.00      0.00 2690764   78012   0.50  sync_slam_toolb

07:31:10      UID       PID    %usr %system  %guest   %wait    %CPU   CPU  Command
07:31:11        0    144557   12.00    0.00    0.00    0.00   12.00     2  sync_slam_toolb

07:31:10      UID       PID  minflt/s  majflt/s     VSZ     RSS   %MEM  Command
07:31:11        0    144557      0.00      0.00 2690764   78012   0.50  sync_slam_toolb

07:31:11      UID       PID    %usr %system  %guest   %wait    %CPU   CPU  Command
07:31:12        0    144557   12.00    1.00    0.00    0.00   13.00     2  sync_slam_toolb

07:31:11      UID       PID  minflt/s  majflt/s     VSZ     RSS   %MEM  Command
07:31:12        0    144557      0.00      0.00 2690764   78012   0.50  sync_slam_toolb

07:31:12      UID       PID    %usr %system  %guest   %wait    %CPU   CPU  Command
07:31:13        0    144557   15.00    0.00    0.00    0.00   15.00     4  sync_slam_toolb

07:31:12      UID       PID  minflt/s  majflt/s     VSZ     RSS   %MEM  Command
07:31:13        0    144557      0.00      0.00 2690764   78012   0.50  sync_slam_toolb

07:31:13      UID       PID    %usr %system  %guest   %wait    %CPU   CPU  Command
07:31:14        0    144557   12.00    0.00    0.00    0.00   12.00    10  sync_slam_toolb

07:31:13      UID       PID  minflt/s  majflt/s     VSZ     RSS   %MEM  Command
07:31:14        0    144557      0.00      0.00 2690764   78012   0.50  sync_slam_toolb

07:31:14      UID       PID    %usr %system  %guest   %wait    %CPU   CPU  Command
07:31:15        0    144557   12.00    0.00    0.00    0.00   12.00     8  sync_slam_toolb

07:31:14      UID       PID  minflt/s  majflt/s     VSZ     RSS   %MEM  Command
07:31:15        0    144557      0.00      0.00 2690764   78012   0.50  sync_slam_toolb

07:31:15      UID       PID    %usr %system  %guest   %wait    %CPU   CPU  Command
07:31:16        0    144557   15.00    1.00    0.00    0.00   16.00    10  sync_slam_toolb

07:31:15      UID       PID  minflt/s  majflt/s     VSZ     RSS   %MEM  Command
07:31:16        0    144557      0.00      0.00 2690764   78012   0.50  sync_slam_toolb

07:31:16      UID       PID    %usr %system  %guest   %wait    %CPU   CPU  Command
07:31:17        0    144557   12.00    0.00    0.00    0.00   12.00    10  sync_slam_toolb

07:31:16      UID       PID  minflt/s  majflt/s     VSZ     RSS   %MEM  Command
07:31:17        0    144557      0.00      0.00 2690764   78012   0.50  sync_slam_toolb

07:31:17      UID       PID    %usr %system  %guest   %wait    %CPU   CPU  Command
07:31:18        0    144557   28.00    2.00    0.00    0.00   30.00    10  sync_slam_toolb

07:31:17      UID       PID  minflt/s  majflt/s     VSZ     RSS   %MEM  Command
07:31:18        0    144557    229.00      0.00 2690764   78908   0.51  sync_slam_toolb

07:31:18      UID       PID    %usr %system  %guest   %wait    %CPU   CPU  Command
07:31:19        0    144557   12.00    0.00    0.00    0.00   12.00     2  sync_slam_toolb

07:31:18      UID       PID  minflt/s  majflt/s     VSZ     RSS   %MEM  Command
07:31:19        0    144557      0.00      0.00 2690764   78908   0.51  sync_slam_toolb

07:31:19      UID       PID    %usr %system  %guest   %wait    %CPU   CPU  Command
07:31:20        0    144557   13.00    1.00    0.00    0.00   14.00     8  sync_slam_toolb

07:31:19      UID       PID  minflt/s  majflt/s     VSZ     RSS   %MEM  Command
07:31:20        0    144557      0.00      0.00 2690764   78908   0.51  sync_slam_toolb

07:31:20      UID       PID    %usr %system  %guest   %wait    %CPU   CPU  Command
07:31:21        0    144557   15.00    0.00    0.00    0.00   15.00     2  sync_slam_toolb

07:31:20      UID       PID  minflt/s  majflt/s     VSZ     RSS   %MEM  Command
07:31:21        0    144557      0.00      0.00 2690764   78908   0.51  sync_slam_toolb

07:31:21      UID       PID    %usr %system  %guest   %wait    %CPU   CPU  Command
07:31:22        0    144557   12.00    0.00    0.00    0.00   12.00     2  sync_slam_toolb

07:31:21      UID       PID  minflt/s  majflt/s     VSZ     RSS   %MEM  Command
07:31:22        0    144557      0.00      0.00 2690764   78908   0.51  sync_slam_toolb

07:31:22      UID       PID    %usr %system  %guest   %wait    %CPU   CPU  Command
07:31:23        0    144557   15.00    0.00    0.00    0.00   15.00     8  sync_slam_toolb

07:31:22      UID       PID  minflt/s  majflt/s     VSZ     RSS   %MEM  Command
07:31:23        0    144557      0.00      0.00 2690764   78908   0.51  sync_slam_toolb

07:31:23      UID       PID    %usr %system  %guest   %wait    %CPU   CPU  Command
07:31:24        0    144557   12.00    1.00    0.00    0.00   13.00     8  sync_slam_toolb

07:31:23      UID       PID  minflt/s  majflt/s     VSZ     RSS   %MEM  Command
07:31:24        0    144557      0.00      0.00 2690764   78908   0.51  sync_slam_toolb

07:31:24      UID       PID    %usr %system  %guest   %wait    %CPU   CPU  Command
07:31:25        0    144557   11.00    1.00    0.00    0.00   12.00     8  sync_slam_toolb

07:31:24      UID       PID  minflt/s  majflt/s     VSZ     RSS   %MEM  Command
07:31:25        0    144557      0.00      0.00 2690764   78908   0.51  sync_slam_toolb

07:31:25      UID       PID    %usr %system  %guest   %wait    %CPU   CPU  Command
07:31:26        0    144557   15.00    1.00    0.00    0.00   16.00    12  sync_slam_toolb

07:31:25      UID       PID  minflt/s  majflt/s     VSZ     RSS   %MEM  Command
07:31:26        0    144557      0.00      0.00 2690764   78908   0.51  sync_slam_toolb

07:31:26      UID       PID    %usr %system  %guest   %wait    %CPU   CPU  Command
07:31:27        0    144557   11.00    0.00    0.00    0.00   11.00     2  sync_slam_toolb

07:31:26      UID       PID  minflt/s  majflt/s     VSZ     RSS   %MEM  Command
07:31:27        0    144557      0.00      0.00 2690764   78908   0.51  sync_slam_toolb

07:31:27      UID       PID    %usr %system  %guest   %wait    %CPU   CPU  Command
07:31:28        0    144557   12.00    0.00    0.00    0.00   12.00     2  sync_slam_toolb

07:31:27      UID       PID  minflt/s  majflt/s     VSZ     RSS   %MEM  Command
07:31:28        0    144557      0.00      0.00 2690764   78908   0.51  sync_slam_toolb

07:31:28      UID       PID    %usr %system  %guest   %wait    %CPU   CPU  Command
07:31:29        0    144557   14.00    1.00    0.00    0.00   15.00     2  sync_slam_toolb

07:31:28      UID       PID  minflt/s  majflt/s     VSZ     RSS   %MEM  Command
07:31:29        0    144557      0.00      0.00 2690764   78908   0.51  sync_slam_toolb

07:31:29      UID       PID    %usr %system  %guest   %wait    %CPU   CPU  Command
07:31:30        0    144557   12.00    1.00    0.00    0.00   13.00    12  sync_slam_toolb

07:31:29      UID       PID  minflt/s  majflt/s     VSZ     RSS   %MEM  Command
07:31:30        0    144557      0.00      0.00 2690764   78908   0.51  sync_slam_toolb

07:31:30      UID       PID    %usr %system  %guest   %wait    %CPU   CPU  Command
07:31:31        0    144557   15.00    0.00    0.00    0.00   15.00     8  sync_slam_toolb

07:31:30      UID       PID  minflt/s  majflt/s     VSZ     RSS   %MEM  Command
07:31:31        0    144557      0.00      0.00 2690764   78908   0.51  sync_slam_toolb

07:31:31      UID       PID    %usr %system  %guest   %wait    %CPU   CPU  Command
07:31:32        0    144557   12.00    0.00    0.00    0.00   12.00     2  sync_slam_toolb

07:31:31      UID       PID  minflt/s  majflt/s     VSZ     RSS   %MEM  Command
07:31:32        0    144557      0.00      0.00 2690764   78908   0.51  sync_slam_toolb

07:31:32      UID       PID    %usr %system  %guest   %wait    %CPU   CPU  Command
07:31:33        0    144557   12.00    1.00    0.00    0.00   13.00    10  sync_slam_toolb

07:31:32      UID       PID  minflt/s  majflt/s     VSZ     RSS   %MEM  Command
07:31:33        0    144557      0.00      0.00 2690764   78908   0.51  sync_slam_toolb

07:31:33      UID       PID    %usr %system  %guest   %wait    %CPU   CPU  Command
07:31:34        0    144557   14.00    1.00    0.00    0.00   15.00    12  sync_slam_toolb

07:31:33      UID       PID  minflt/s  majflt/s     VSZ     RSS   %MEM  Command
07:31:34        0    144557      0.00      0.00 2690764   78908   0.51  sync_slam_toolb

07:31:34      UID       PID    %usr %system  %guest   %wait    %CPU   CPU  Command
07:31:35        0    144557   13.00    0.00    0.00    0.00   13.00     0  sync_slam_toolb

07:31:34      UID       PID  minflt/s  majflt/s     VSZ     RSS   %MEM  Command
07:31:35        0    144557      0.00      0.00 2690764   78908   0.51  sync_slam_toolb

07:31:35      UID       PID    %usr %system  %guest   %wait    %CPU   CPU  Command
07:31:36        0    144557   15.00    0.00    0.00    0.00   15.00     0  sync_slam_toolb

07:31:35      UID       PID  minflt/s  majflt/s     VSZ     RSS   %MEM  Command
07:31:36        0    144557      0.00      0.00 2690764   78908   0.51  sync_slam_toolb

07:31:36      UID       PID    %usr %system  %guest   %wait    %CPU   CPU  Command
07:31:37        0    144557   12.00    1.00    0.00    0.00   13.00     6  sync_slam_toolb

07:31:36      UID       PID  minflt/s  majflt/s     VSZ     RSS   %MEM  Command
07:31:37        0    144557      0.00      0.00 2690764   78908   0.51  sync_slam_toolb

07:31:37      UID       PID    %usr %system  %guest   %wait    %CPU   CPU  Command
07:31:38        0    144557   15.00    1.00    0.00    0.00   16.00     6  sync_slam_toolb

07:31:37      UID       PID  minflt/s  majflt/s     VSZ     RSS   %MEM  Command
07:31:38        0    144557      0.00      0.00 2690764   78908   0.51  sync_slam_toolb

07:31:38      UID       PID    %usr %system  %guest   %wait    %CPU   CPU  Command
07:31:39        0    144557   12.00    0.00    0.00    0.00   12.00     2  sync_slam_toolb

07:31:38      UID       PID  minflt/s  majflt/s     VSZ     RSS   %MEM  Command
07:31:39        0    144557      0.00      0.00 2690764   78908   0.51  sync_slam_toolb

07:31:39      UID       PID    %usr %system  %guest   %wait    %CPU   CPU  Command
07:31:40        0    144557   15.00    1.00    0.00    0.00   16.00     6  sync_slam_toolb

07:31:39      UID       PID  minflt/s  majflt/s     VSZ     RSS   %MEM  Command
07:31:40        0    144557      0.00      0.00 2690764   78908   0.51  sync_slam_toolb

07:31:40      UID       PID    %usr %system  %guest   %wait    %CPU   CPU  Command
07:31:41        0    144557   13.00    0.00    0.00    0.00   13.00     6  sync_slam_toolb

07:31:40      UID       PID  minflt/s  majflt/s     VSZ     RSS   %MEM  Command
07:31:41        0    144557      0.00      0.00 2690764   78908   0.51  sync_slam_toolb

07:31:41      UID       PID    %usr %system  %guest   %wait    %CPU   CPU  Command
07:31:42        0    144557   13.00    1.00    0.00    0.00   14.00     6  sync_slam_toolb

07:31:41      UID       PID  minflt/s  majflt/s     VSZ     RSS   %MEM  Command
07:31:42        0    144557      0.00      0.00 2690764   78908   0.51  sync_slam_toolb

07:31:42      UID       PID    %usr %system  %guest   %wait    %CPU   CPU  Command
07:31:43        0    144557   13.00    1.00    0.00    0.00   14.00     4  sync_slam_toolb

07:31:42      UID       PID  minflt/s  majflt/s     VSZ     RSS   %MEM  Command
07:31:43        0    144557      0.00      0.00 2690764   78908   0.51  sync_slam_toolb

07:31:43      UID       PID    %usr %system  %guest   %wait    %CPU   CPU  Command
07:31:44        0    144557   13.00    1.00    0.00    0.00   14.00     6  sync_slam_toolb

07:31:43      UID       PID  minflt/s  majflt/s     VSZ     RSS   %MEM  Command
07:31:44        0    144557      0.00      0.00 2690764   78908   0.51  sync_slam_toolb

07:31:44      UID       PID    %usr %system  %guest   %wait    %CPU   CPU  Command
07:31:45        0    144557   14.00    1.00    0.00    0.00   15.00     8  sync_slam_toolb

07:31:44      UID       PID  minflt/s  majflt/s     VSZ     RSS   %MEM  Command
07:31:45        0    144557      0.00      0.00 2690764   78908   0.51  sync_slam_toolb

07:31:45      UID       PID    %usr %system  %guest   %wait    %CPU   CPU  Command
07:31:46        0    144557   12.00    0.00    0.00    0.00   12.00     6  sync_slam_toolb

07:31:45      UID       PID  minflt/s  majflt/s     VSZ     RSS   %MEM  Command
07:31:46        0    144557      0.00      0.00 2690764   78908   0.51  sync_slam_toolb

07:31:46      UID       PID    %usr %system  %guest   %wait    %CPU   CPU  Command
07:31:47        0    144557   14.00    2.00    0.00    0.00   16.00     6  sync_slam_toolb

07:31:46      UID       PID  minflt/s  majflt/s     VSZ     RSS   %MEM  Command
07:31:47        0    144557      0.00      0.00 2690764   78908   0.51  sync_slam_toolb

07:31:47      UID       PID    %usr %system  %guest   %wait    %CPU   CPU  Command
07:31:48        0    144557   12.00    1.00    0.00    0.00   13.00     1  sync_slam_toolb

07:31:47      UID       PID  minflt/s  majflt/s     VSZ     RSS   %MEM  Command
07:31:48        0    144557      0.00      0.00 2690764   78908   0.51  sync_slam_toolb

07:31:48      UID       PID    %usr %system  %guest   %wait    %CPU   CPU  Command
07:31:49        0    144557   15.00    0.00    0.00    0.00   15.00     1  sync_slam_toolb

07:31:48      UID       PID  minflt/s  majflt/s     VSZ     RSS   %MEM  Command
07:31:49        0    144557      0.00      0.00 2690764   78908   0.51  sync_slam_toolb

07:31:49      UID       PID    %usr %system  %guest   %wait    %CPU   CPU  Command
07:31:50        0    144557   12.00    1.00    0.00    0.00   13.00     2  sync_slam_toolb

07:31:49      UID       PID  minflt/s  majflt/s     VSZ     RSS   %MEM  Command
07:31:50        0    144557      0.00      0.00 2690764   78908   0.51  sync_slam_toolb

07:31:50      UID       PID    %usr %system  %guest   %wait    %CPU   CPU  Command
07:31:51        0    144557   12.00    0.00    0.00    0.00   12.00     4  sync_slam_toolb

07:31:50      UID       PID  minflt/s  majflt/s     VSZ     RSS   %MEM  Command
07:31:51        0    144557      0.00      0.00 2690764   78908   0.51  sync_slam_toolb

07:31:51      UID       PID    %usr %system  %guest   %wait    %CPU   CPU  Command
07:31:52        0    144557   16.00    0.00    0.00    0.00   16.00     4  sync_slam_toolb

07:31:51      UID       PID  minflt/s  majflt/s     VSZ     RSS   %MEM  Command
07:31:52        0    144557      0.00      0.00 2690764   78908   0.51  sync_slam_toolb

07:31:52      UID       PID    %usr %system  %guest   %wait    %CPU   CPU  Command
07:31:53        0    144557   12.00    1.00    0.00    0.00   13.00     4  sync_slam_toolb

07:31:52      UID       PID  minflt/s  majflt/s     VSZ     RSS   %MEM  Command
07:31:53        0    144557      0.00      0.00 2690764   78908   0.51  sync_slam_toolb

07:31:53      UID       PID    %usr %system  %guest   %wait    %CPU   CPU  Command
07:31:54        0    144557   12.00    1.00    0.00    0.00   13.00     4  sync_slam_toolb

07:31:53      UID       PID  minflt/s  majflt/s     VSZ     RSS   %MEM  Command
07:31:54        0    144557      0.00      0.00 2690764   78908   0.51  sync_slam_toolb

07:31:54      UID       PID    %usr %system  %guest   %wait    %CPU   CPU  Command
07:31:55        0    144557   14.00    0.00    0.00    0.00   14.00     8  sync_slam_toolb

07:31:54      UID       PID  minflt/s  majflt/s     VSZ     RSS   %MEM  Command
07:31:55        0    144557      0.00      0.00 2690764   78908   0.51  sync_slam_toolb

07:31:55      UID       PID    %usr %system  %guest   %wait    %CPU   CPU  Command
07:31:56        0    144557   13.00    1.00    0.00    0.00   14.00     0  sync_slam_toolb

07:31:55      UID       PID  minflt/s  majflt/s     VSZ     RSS   %MEM  Command
07:31:56        0    144557      0.00      0.00 2690764   78908   0.51  sync_slam_toolb

07:31:56      UID       PID    %usr %system  %guest   %wait    %CPU   CPU  Command
07:31:57        0    144557   11.00    0.00    0.00    0.00   11.00     0  sync_slam_toolb

07:31:56      UID       PID  minflt/s  majflt/s     VSZ     RSS   %MEM  Command
07:31:57        0    144557      0.00      0.00 2690764   78908   0.51  sync_slam_toolb

07:31:57      UID       PID    %usr %system  %guest   %wait    %CPU   CPU  Command
07:31:58        0    144557   13.00    1.00    0.00    0.00   14.00     0  sync_slam_toolb

07:31:57      UID       PID  minflt/s  majflt/s     VSZ     RSS   %MEM  Command
07:31:58        0    144557      0.00      0.00 2690764   78908   0.51  sync_slam_toolb

07:31:58      UID       PID    %usr %system  %guest   %wait    %CPU   CPU  Command
07:31:59        0    144557   15.00    0.00    0.00    0.00   15.00     0  sync_slam_toolb

07:31:58      UID       PID  minflt/s  majflt/s     VSZ     RSS   %MEM  Command
07:31:59        0    144557      0.00      0.00 2690764   78908   0.51  sync_slam_toolb

07:31:59      UID       PID    %usr %system  %guest   %wait    %CPU   CPU  Command
07:32:00        0    144557   12.00    0.00    0.00    0.00   12.00     4  sync_slam_toolb

07:31:59      UID       PID  minflt/s  majflt/s     VSZ     RSS   %MEM  Command
07:32:00        0    144557      0.00      0.00 2690764   78908   0.51  sync_slam_toolb

07:32:00      UID       PID    %usr %system  %guest   %wait    %CPU   CPU  Command
07:32:01        0    144557   13.00    0.00    0.00    0.00   13.00     6  sync_slam_toolb

07:32:00      UID       PID  minflt/s  majflt/s     VSZ     RSS   %MEM  Command
07:32:01        0    144557      0.00      0.00 2690764   78908   0.51  sync_slam_toolb

07:32:01      UID       PID    %usr %system  %guest   %wait    %CPU   CPU  Command
07:32:02        0    144557   15.00    1.00    0.00    0.00   16.00     2  sync_slam_toolb

07:32:01      UID       PID  minflt/s  majflt/s     VSZ     RSS   %MEM  Command
07:32:02        0    144557      0.00      0.00 2690764   78908   0.51  sync_slam_toolb

07:32:02      UID       PID    %usr %system  %guest   %wait    %CPU   CPU  Command
07:32:03        0    144557   12.00    0.00    0.00    0.00   12.00     6  sync_slam_toolb

07:32:02      UID       PID  minflt/s  majflt/s     VSZ     RSS   %MEM  Command
07:32:03        0    144557      0.00      0.00 2690764   78908   0.51  sync_slam_toolb

07:32:03      UID       PID    %usr %system  %guest   %wait    %CPU   CPU  Command
07:32:04        0    144557   15.00    0.00    0.00    0.00   15.00     6  sync_slam_toolb

07:32:03      UID       PID  minflt/s  majflt/s     VSZ     RSS   %MEM  Command
07:32:04        0    144557      0.00      0.00 2690764   78908   0.51  sync_slam_toolb

07:32:04      UID       PID    %usr %system  %guest   %wait    %CPU   CPU  Command
07:32:05        0    144557   12.00    1.00    0.00    0.00   13.00     8  sync_slam_toolb

07:32:04      UID       PID  minflt/s  majflt/s     VSZ     RSS   %MEM  Command
07:32:05        0    144557      0.00      0.00 2690764   78908   0.51  sync_slam_toolb

07:32:05      UID       PID    %usr %system  %guest   %wait    %CPU   CPU  Command
07:32:06        0    144557   15.00    0.00    0.00    0.00   15.00     2  sync_slam_toolb

07:32:05      UID       PID  minflt/s  majflt/s     VSZ     RSS   %MEM  Command
07:32:06        0    144557      0.00      0.00 2690764   78908   0.51  sync_slam_toolb

07:32:06      UID       PID    %usr %system  %guest   %wait    %CPU   CPU  Command
07:32:07        0    144557   13.00    1.00    0.00    0.00   14.00     2  sync_slam_toolb

07:32:06      UID       PID  minflt/s  majflt/s     VSZ     RSS   %MEM  Command
07:32:07        0    144557      0.00      0.00 2690764   78908   0.51  sync_slam_toolb

07:32:07      UID       PID    %usr %system  %guest   %wait    %CPU   CPU  Command
07:32:08        0    144557   12.00    0.00    0.00    0.00   12.00     2  sync_slam_toolb

07:32:07      UID       PID  minflt/s  majflt/s     VSZ     RSS   %MEM  Command
07:32:08        0    144557      0.00      0.00 2690764   78908   0.51  sync_slam_toolb

07:32:08      UID       PID    %usr %system  %guest   %wait    %CPU   CPU  Command
07:32:09        0    144557   16.00    0.00    0.00    0.00   16.00     8  sync_slam_toolb

07:32:08      UID       PID  minflt/s  majflt/s     VSZ     RSS   %MEM  Command
07:32:09        0    144557      0.00      0.00 2690764   78908   0.51  sync_slam_toolb

07:32:09      UID       PID    %usr %system  %guest   %wait    %CPU   CPU  Command
07:32:10        0    144557   12.00    0.00    0.00    0.00   12.00     8  sync_slam_toolb

07:32:09      UID       PID  minflt/s  majflt/s     VSZ     RSS   %MEM  Command
07:32:10        0    144557      0.00      0.00 2690764   78908   0.51  sync_slam_toolb

07:32:10      UID       PID    %usr %system  %guest   %wait    %CPU   CPU  Command
07:32:11        0    144557   13.00    1.00    0.00    0.00   14.00     8  sync_slam_toolb

07:32:10      UID       PID  minflt/s  majflt/s     VSZ     RSS   %MEM  Command
07:32:11        0    144557      0.00      0.00 2690764   78908   0.51  sync_slam_toolb

07:32:11      UID       PID    %usr %system  %guest   %wait    %CPU   CPU  Command
07:32:12        0    144557   15.00    1.00    0.00    0.00   16.00     8  sync_slam_toolb

07:32:11      UID       PID  minflt/s  majflt/s     VSZ     RSS   %MEM  Command
07:32:12        0    144557      0.00      0.00 2690764   78908   0.51  sync_slam_toolb

07:32:12      UID       PID    %usr %system  %guest   %wait    %CPU   CPU  Command
07:32:13        0    144557   13.00    0.00    0.00    0.00   13.00     6  sync_slam_toolb

07:32:12      UID       PID  minflt/s  majflt/s     VSZ     RSS   %MEM  Command
07:32:13        0    144557      0.00      0.00 2690764   78908   0.51  sync_slam_toolb

07:32:13      UID       PID    %usr %system  %guest   %wait    %CPU   CPU  Command
07:32:14        0    144557   13.00    0.00    0.00    0.00   13.00    10  sync_slam_toolb

07:32:13      UID       PID  minflt/s  majflt/s     VSZ     RSS   %MEM  Command
07:32:14        0    144557      0.00      0.00 2690764   78908   0.51  sync_slam_toolb

07:32:14      UID       PID    %usr %system  %guest   %wait    %CPU   CPU  Command
07:32:15        0    144557   14.00    3.00    0.00    0.00   17.00    14  sync_slam_toolb

07:32:14      UID       PID  minflt/s  majflt/s     VSZ     RSS   %MEM  Command
07:32:15        0    144557      0.00      0.00 2690764   78908   0.51  sync_slam_toolb

07:32:15      UID       PID    %usr %system  %guest   %wait    %CPU   CPU  Command
07:32:16        0    144557   12.00    0.00    0.00    0.00   12.00     2  sync_slam_toolb

07:32:15      UID       PID  minflt/s  majflt/s     VSZ     RSS   %MEM  Command
07:32:16        0    144557      0.00      0.00 2690764   78908   0.51  sync_slam_toolb

07:32:16      UID       PID    %usr %system  %guest   %wait    %CPU   CPU  Command
07:32:17        0    144557   16.00    1.00    0.00    0.00   17.00     2  sync_slam_toolb

07:32:16      UID       PID  minflt/s  majflt/s     VSZ     RSS   %MEM  Command
07:32:17        0    144557      0.00      0.00 2690764   78908   0.51  sync_slam_toolb

07:32:17      UID       PID    %usr %system  %guest   %wait    %CPU   CPU  Command
07:32:18        0    144557   12.00    0.00    0.00    0.00   12.00     8  sync_slam_toolb

07:32:17      UID       PID  minflt/s  majflt/s     VSZ     RSS   %MEM  Command
07:32:18        0    144557      0.00      0.00 2690764   78908   0.51  sync_slam_toolb

07:32:18      UID       PID    %usr %system  %guest   %wait    %CPU   CPU  Command
07:32:19        0    144557   13.00    0.00    0.00    0.00   13.00     8  sync_slam_toolb

07:32:18      UID       PID  minflt/s  majflt/s     VSZ     RSS   %MEM  Command
07:32:19        0    144557      0.00      0.00 2690764   78908   0.51  sync_slam_toolb

07:32:19      UID       PID    %usr %system  %guest   %wait    %CPU   CPU  Command
07:32:20        0    144557   15.00    1.00    0.00    0.00   16.00     8  sync_slam_toolb

07:32:19      UID       PID  minflt/s  majflt/s     VSZ     RSS   %MEM  Command
07:32:20        0    144557      0.00      0.00 2690764   78908   0.51  sync_slam_toolb

07:32:20      UID       PID    %usr %system  %guest   %wait    %CPU   CPU  Command
07:32:21        0    144557   13.00    0.00    0.00    0.00   13.00     0  sync_slam_toolb

07:32:20      UID       PID  minflt/s  majflt/s     VSZ     RSS   %MEM  Command
07:32:21        0    144557      0.00      0.00 2690764   78908   0.51  sync_slam_toolb

07:32:21      UID       PID    %usr %system  %guest   %wait    %CPU   CPU  Command
07:32:22        0    144557   13.00    0.00    0.00    0.00   13.00     4  sync_slam_toolb

07:32:21      UID       PID  minflt/s  majflt/s     VSZ     RSS   %MEM  Command
07:32:22        0    144557      0.00      0.00 2690764   78908   0.51  sync_slam_toolb

07:32:22      UID       PID    %usr %system  %guest   %wait    %CPU   CPU  Command
07:32:23        0    144557   12.00    1.00    0.00    0.00   13.00     4  sync_slam_toolb

07:32:22      UID       PID  minflt/s  majflt/s     VSZ     RSS   %MEM  Command
07:32:23        0    144557      0.00      0.00 2690764   78908   0.51  sync_slam_toolb

07:32:23      UID       PID    %usr %system  %guest   %wait    %CPU   CPU  Command
07:32:24        0    144557   13.00    0.00    0.00    0.00   13.00     6  sync_slam_toolb

07:32:23      UID       PID  minflt/s  majflt/s     VSZ     RSS   %MEM  Command
07:32:24        0    144557      0.00      0.00 2690764   78908   0.51  sync_slam_toolb

07:32:24      UID       PID    %usr %system  %guest   %wait    %CPU   CPU  Command
07:32:25        0    144557   12.00    1.00    0.00    0.00   13.00     6  sync_slam_toolb

07:32:24      UID       PID  minflt/s  majflt/s     VSZ     RSS   %MEM  Command
07:32:25        0    144557      0.00      0.00 2690764   78908   0.51  sync_slam_toolb

07:32:25      UID       PID    %usr %system  %guest   %wait    %CPU   CPU  Command
07:32:26        0    144557   12.00    0.00    0.00    0.00   12.00     6  sync_slam_toolb

07:32:25      UID       PID  minflt/s  majflt/s     VSZ     RSS   %MEM  Command
07:32:26        0    144557      0.00      0.00 2690764   78908   0.51  sync_slam_toolb

07:32:26      UID       PID    %usr %system  %guest   %wait    %CPU   CPU  Command
07:32:27        0    144557   12.00    1.00    0.00    0.00   13.00     6  sync_slam_toolb

07:32:26      UID       PID  minflt/s  majflt/s     VSZ     RSS   %MEM  Command
07:32:27        0    144557      0.00      0.00 2690764   78908   0.51  sync_slam_toolb

07:32:27      UID       PID    %usr %system  %guest   %wait    %CPU   CPU  Command
07:32:28        0    144557   15.00    0.00    0.00    0.00   15.00     6  sync_slam_toolb

07:32:27      UID       PID  minflt/s  majflt/s     VSZ     RSS   %MEM  Command
07:32:28        0    144557      0.00      0.00 2690764   78908   0.51  sync_slam_toolb

07:32:28      UID       PID    %usr %system  %guest   %wait    %CPU   CPU  Command
07:32:29        0    144557   13.00    1.00    0.00    0.00   14.00     0  sync_slam_toolb

07:32:28      UID       PID  minflt/s  majflt/s     VSZ     RSS   %MEM  Command
07:32:29        0    144557      0.00      0.00 2690764   78908   0.51  sync_slam_toolb

07:32:29      UID       PID    %usr %system  %guest   %wait    %CPU   CPU  Command
07:32:30        0    144557   15.00    1.00    0.00    0.00   16.00     2  sync_slam_toolb

07:32:29      UID       PID  minflt/s  majflt/s     VSZ     RSS   %MEM  Command
07:32:30        0    144557      0.00      0.00 2690764   78908   0.51  sync_slam_toolb

07:32:30      UID       PID    %usr %system  %guest   %wait    %CPU   CPU  Command
07:32:31        0    144557   11.00    1.00    0.00    0.00   12.00     2  sync_slam_toolb

07:32:30      UID       PID  minflt/s  majflt/s     VSZ     RSS   %MEM  Command
07:32:31        0    144557      0.00      0.00 2690764   78908   0.51  sync_slam_toolb

07:32:31      UID       PID    %usr %system  %guest   %wait    %CPU   CPU  Command
07:32:32        0    144557   12.00    1.00    0.00    0.00   13.00     2  sync_slam_toolb

07:32:31      UID       PID  minflt/s  majflt/s     VSZ     RSS   %MEM  Command
07:32:32        0    144557      0.00      0.00 2690764   78908   0.51  sync_slam_toolb

07:32:32      UID       PID    %usr %system  %guest   %wait    %CPU   CPU  Command
07:32:33        0    144557   12.00    1.00    0.00    0.00   13.00     0  sync_slam_toolb

07:32:32      UID       PID  minflt/s  majflt/s     VSZ     RSS   %MEM  Command
07:32:33        0    144557      0.00      0.00 2690764   78908   0.51  sync_slam_toolb

07:32:33      UID       PID    %usr %system  %guest   %wait    %CPU   CPU  Command
07:32:34        0    144557   13.86    1.98    0.00    0.00   15.84     0  sync_slam_toolb

07:32:33      UID       PID  minflt/s  majflt/s     VSZ     RSS   %MEM  Command
07:32:34        0    144557      0.00      0.00 2690764   78908   0.51  sync_slam_toolb

07:32:34      UID       PID    %usr %system  %guest   %wait    %CPU   CPU  Command
07:32:35        0    144557   12.00    1.00    0.00    0.00   13.00     4  sync_slam_toolb

07:32:34      UID       PID  minflt/s  majflt/s     VSZ     RSS   %MEM  Command
07:32:35        0    144557      0.00      0.00 2690764   78908   0.51  sync_slam_toolb

07:32:35      UID       PID    %usr %system  %guest   %wait    %CPU   CPU  Command
07:32:36        0    144557   11.00    1.00    0.00    0.00   12.00     4  sync_slam_toolb

07:32:35      UID       PID  minflt/s  majflt/s     VSZ     RSS   %MEM  Command
07:32:36        0    144557      0.00      0.00 2690764   78908   0.51  sync_slam_toolb

07:32:36      UID       PID    %usr %system  %guest   %wait    %CPU   CPU  Command
07:32:37        0    144557   12.00    1.00    0.00    0.00   13.00     0  sync_slam_toolb

07:32:36      UID       PID  minflt/s  majflt/s     VSZ     RSS   %MEM  Command
07:32:37        0    144557      0.00      0.00 2690764   78908   0.51  sync_slam_toolb

07:32:37      UID       PID    %usr %system  %guest   %wait    %CPU   CPU  Command
07:32:38        0    144557   15.00    1.00    0.00    0.00   16.00     2  sync_slam_toolb

07:32:37      UID       PID  minflt/s  majflt/s     VSZ     RSS   %MEM  Command
07:32:38        0    144557      0.00      0.00 2690764   78908   0.51  sync_slam_toolb

07:32:38      UID       PID    %usr %system  %guest   %wait    %CPU   CPU  Command
07:32:39        0    144557   11.00    2.00    0.00    0.00   13.00     2  sync_slam_toolb

07:32:38      UID       PID  minflt/s  majflt/s     VSZ     RSS   %MEM  Command
07:32:39        0    144557      0.00      0.00 2690764   78908   0.51  sync_slam_toolb

07:32:39      UID       PID    %usr %system  %guest   %wait    %CPU   CPU  Command
07:32:40        0    144557   11.00    1.00    0.00    0.00   12.00     2  sync_slam_toolb

07:32:39      UID       PID  minflt/s  majflt/s     VSZ     RSS   %MEM  Command
07:32:40        0    144557      0.00      0.00 2690764   78908   0.51  sync_slam_toolb

07:32:40      UID       PID    %usr %system  %guest   %wait    %CPU   CPU  Command
07:32:41        0    144557   12.00    1.00    0.00    0.00   13.00     0  sync_slam_toolb

07:32:40      UID       PID  minflt/s  majflt/s     VSZ     RSS   %MEM  Command
07:32:41        0    144557      0.00      0.00 2690764   78908   0.51  sync_slam_toolb

07:32:41      UID       PID    %usr %system  %guest   %wait    %CPU   CPU  Command
07:32:42        0    144557   12.00    1.00    0.00    0.00   13.00     2  sync_slam_toolb

07:32:41      UID       PID  minflt/s  majflt/s     VSZ     RSS   %MEM  Command
07:32:42        0    144557      0.00      0.00 2690764   78908   0.51  sync_slam_toolb

07:32:42      UID       PID    %usr %system  %guest   %wait    %CPU   CPU  Command
07:32:43        0    144557   11.00    0.00    0.00    0.00   11.00     2  sync_slam_toolb

07:32:42      UID       PID  minflt/s  majflt/s     VSZ     RSS   %MEM  Command
07:32:43        0    144557      0.00      0.00 2690764   78908   0.51  sync_slam_toolb

07:32:43      UID       PID    %usr %system  %guest   %wait    %CPU   CPU  Command
07:32:44        0    144557   12.00    2.00    0.00    0.00   14.00     6  sync_slam_toolb

07:32:43      UID       PID  minflt/s  majflt/s     VSZ     RSS   %MEM  Command
07:32:44        0    144557      0.00      0.00 2690764   78908   0.51  sync_slam_toolb

07:32:44      UID       PID    %usr %system  %guest   %wait    %CPU   CPU  Command
07:32:45        0    144557   12.00    0.00    0.00    0.00   12.00     0  sync_slam_toolb

07:32:44      UID       PID  minflt/s  majflt/s     VSZ     RSS   %MEM  Command
07:32:45        0    144557      0.00      0.00 2690764   78908   0.51  sync_slam_toolb

07:32:45      UID       PID    %usr %system  %guest   %wait    %CPU   CPU  Command
07:32:46        0    144557   12.00    1.00    0.00    0.00   13.00     0  sync_slam_toolb

07:32:45      UID       PID  minflt/s  majflt/s     VSZ     RSS   %MEM  Command
07:32:46        0    144557      0.00      0.00 2690764   78908   0.51  sync_slam_toolb

07:32:46      UID       PID    %usr %system  %guest   %wait    %CPU   CPU  Command
07:32:47        0    144557   12.00    0.00    0.00    0.00   12.00     6  sync_slam_toolb

07:32:46      UID       PID  minflt/s  majflt/s     VSZ     RSS   %MEM  Command
07:32:47        0    144557      0.00      0.00 2690764   78908   0.51  sync_slam_toolb

07:32:47      UID       PID    %usr %system  %guest   %wait    %CPU   CPU  Command
07:32:48        0    144557   12.00    2.00    0.00    0.00   14.00     4  sync_slam_toolb

07:32:47      UID       PID  minflt/s  majflt/s     VSZ     RSS   %MEM  Command
07:32:48        0    144557      0.00      0.00 2690764   78908   0.51  sync_slam_toolb

07:32:48      UID       PID    %usr %system  %guest   %wait    %CPU   CPU  Command
07:32:49        0    144557   15.00    1.00    0.00    0.00   16.00     6  sync_slam_toolb

07:32:48      UID       PID  minflt/s  majflt/s     VSZ     RSS   %MEM  Command
07:32:49        0    144557      0.00      0.00 2690764   78908   0.51  sync_slam_toolb

07:32:49      UID       PID    %usr %system  %guest   %wait    %CPU   CPU  Command
07:32:50        0    144557   12.00    1.00    0.00    0.00   13.00     8  sync_slam_toolb

07:32:49      UID       PID  minflt/s  majflt/s     VSZ     RSS   %MEM  Command
07:32:50        0    144557      0.00      0.00 2690764   78908   0.51  sync_slam_toolb

07:32:50      UID       PID    %usr %system  %guest   %wait    %CPU   CPU  Command
07:32:51        0    144557   12.00    0.00    0.00    0.00   12.00    12  sync_slam_toolb

07:32:50      UID       PID  minflt/s  majflt/s     VSZ     RSS   %MEM  Command
07:32:51        0    144557      0.00      0.00 2690764   78908   0.51  sync_slam_toolb

07:32:51      UID       PID    %usr %system  %guest   %wait    %CPU   CPU  Command
07:32:52        0    144557   14.00    1.00    0.00    0.00   15.00     3  sync_slam_toolb

07:32:51      UID       PID  minflt/s  majflt/s     VSZ     RSS   %MEM  Command
07:32:52        0    144557      0.00      0.00 2690764   78908   0.51  sync_slam_toolb

07:32:52      UID       PID    %usr %system  %guest   %wait    %CPU   CPU  Command
07:32:53        0    144557   12.00    1.00    0.00    0.00   13.00     3  sync_slam_toolb

07:32:52      UID       PID  minflt/s  majflt/s     VSZ     RSS   %MEM  Command
07:32:53        0    144557      0.00      0.00 2690764   78908   0.51  sync_slam_toolb

07:32:53      UID       PID    %usr %system  %guest   %wait    %CPU   CPU  Command
07:32:54        0    144557   15.00    1.00    0.00    0.00   16.00     3  sync_slam_toolb

07:32:53      UID       PID  minflt/s  majflt/s     VSZ     RSS   %MEM  Command
07:32:54        0    144557      0.00      0.00 2690764   78908   0.51  sync_slam_toolb

07:32:54      UID       PID    %usr %system  %guest   %wait    %CPU   CPU  Command
07:32:55        0    144557   12.00    1.00    0.00    0.00   13.00     3  sync_slam_toolb

07:32:54      UID       PID  minflt/s  majflt/s     VSZ     RSS   %MEM  Command
07:32:55        0    144557      0.00      0.00 2690764   78908   0.51  sync_slam_toolb

07:32:55      UID       PID    %usr %system  %guest   %wait    %CPU   CPU  Command
07:32:56        0    144557   12.00    0.00    0.00    0.00   12.00     3  sync_slam_toolb

07:32:55      UID       PID  minflt/s  majflt/s     VSZ     RSS   %MEM  Command
07:32:56        0    144557      0.00      0.00 2690764   78908   0.51  sync_slam_toolb

07:32:56      UID       PID    %usr %system  %guest   %wait    %CPU   CPU  Command
07:32:57        0    144557   13.00    3.00    0.00    0.00   16.00     7  sync_slam_toolb

07:32:56      UID       PID  minflt/s  majflt/s     VSZ     RSS   %MEM  Command
07:32:57        0    144557      0.00      0.00 2690764   78908   0.51  sync_slam_toolb

07:32:57      UID       PID    %usr %system  %guest   %wait    %CPU   CPU  Command
07:32:58        0    144557   12.00    1.00    0.00    0.00   13.00     3  sync_slam_toolb

07:32:57      UID       PID  minflt/s  majflt/s     VSZ     RSS   %MEM  Command
07:32:58        0    144557      0.00      0.00 2690764   78908   0.51  sync_slam_toolb

07:32:58      UID       PID    %usr %system  %guest   %wait    %CPU   CPU  Command
07:32:59        0    144557   11.00    1.00    0.00    0.00   12.00     7  sync_slam_toolb

07:32:58      UID       PID  minflt/s  majflt/s     VSZ     RSS   %MEM  Command
07:32:59        0    144557      0.00      0.00 2690764   78908   0.51  sync_slam_toolb

07:32:59      UID       PID    %usr %system  %guest   %wait    %CPU   CPU  Command
07:33:00        0    144557   15.00    1.00    0.00    0.00   16.00     3  sync_slam_toolb

07:32:59      UID       PID  minflt/s  majflt/s     VSZ     RSS   %MEM  Command
07:33:00        0    144557      0.00      0.00 2690764   78908   0.51  sync_slam_toolb

07:33:00      UID       PID    %usr %system  %guest   %wait    %CPU   CPU  Command
07:33:01        0    144557   12.00    1.00    0.00    0.00   13.00     3  sync_slam_toolb

07:33:00      UID       PID  minflt/s  majflt/s     VSZ     RSS   %MEM  Command
07:33:01        0    144557      0.00      0.00 2690764   78908   0.51  sync_slam_toolb

07:33:01      UID       PID    %usr %system  %guest   %wait    %CPU   CPU  Command
07:33:02        0    144557   13.00    0.00    0.00    0.00   13.00     7  sync_slam_toolb

07:33:01      UID       PID  minflt/s  majflt/s     VSZ     RSS   %MEM  Command
07:33:02        0    144557      0.00      0.00 2690764   78908   0.51  sync_slam_toolb

07:33:02      UID       PID    %usr %system  %guest   %wait    %CPU   CPU  Command
07:33:03        0    144557   13.00    1.00    0.00    0.00   14.00     3  sync_slam_toolb

07:33:02      UID       PID  minflt/s  majflt/s     VSZ     RSS   %MEM  Command
07:33:03        0    144557      0.00      0.00 2690764   78908   0.51  sync_slam_toolb

07:33:03      UID       PID    %usr %system  %guest   %wait    %CPU   CPU  Command
07:33:04        0    144557   31.00    1.00    0.00    0.00   32.00     3  sync_slam_toolb

07:33:03      UID       PID  minflt/s  majflt/s     VSZ     RSS   %MEM  Command
07:33:04        0    144557     51.00      0.00 2690764   79036   0.51  sync_slam_toolb

07:33:04      UID       PID    %usr %system  %guest   %wait    %CPU   CPU  Command
07:33:05        0    144557   12.00    1.00    0.00    0.00   13.00     7  sync_slam_toolb

07:33:04      UID       PID  minflt/s  majflt/s     VSZ     RSS   %MEM  Command
07:33:05        0    144557      0.00      0.00 2690764   79036   0.51  sync_slam_toolb

07:33:05      UID       PID    %usr %system  %guest   %wait    %CPU   CPU  Command
07:33:06        0    144557   16.00    0.00    0.00    0.00   16.00     7  sync_slam_toolb

07:33:05      UID       PID  minflt/s  majflt/s     VSZ     RSS   %MEM  Command
07:33:06        0    144557      0.00      0.00 2690764   79036   0.51  sync_slam_toolb

07:33:06      UID       PID    %usr %system  %guest   %wait    %CPU   CPU  Command
07:33:07        0    144557   11.00    1.00    0.00    0.00   12.00     3  sync_slam_toolb

07:33:06      UID       PID  minflt/s  majflt/s     VSZ     RSS   %MEM  Command
07:33:07        0    144557      0.00      0.00 2690764   79036   0.51  sync_slam_toolb

07:33:07      UID       PID    %usr %system  %guest   %wait    %CPU   CPU  Command
07:33:08        0    144557   16.00    1.00    0.00    0.00   17.00     3  sync_slam_toolb

07:33:07      UID       PID  minflt/s  majflt/s     VSZ     RSS   %MEM  Command
07:33:08        0    144557      0.00      0.00 2690764   79036   0.51  sync_slam_toolb

07:33:08      UID       PID    %usr %system  %guest   %wait    %CPU   CPU  Command
07:33:09        0    144557   12.00    1.00    0.00    0.00   13.00     3  sync_slam_toolb

07:33:08      UID       PID  minflt/s  majflt/s     VSZ     RSS   %MEM  Command
07:33:09        0    144557      0.00      0.00 2690764   79036   0.51  sync_slam_toolb

07:33:09      UID       PID    %usr %system  %guest   %wait    %CPU   CPU  Command
07:33:10        0    144557   12.00    1.00    0.00    0.00   13.00     3  sync_slam_toolb

07:33:09      UID       PID  minflt/s  majflt/s     VSZ     RSS   %MEM  Command
07:33:10        0    144557      0.00      0.00 2690764   79036   0.51  sync_slam_toolb

07:33:10      UID       PID    %usr %system  %guest   %wait    %CPU   CPU  Command
07:33:11        0    144557   30.00    0.00    0.00    0.00   30.00     7  sync_slam_toolb

07:33:10      UID       PID  minflt/s  majflt/s     VSZ     RSS   %MEM  Command
07:33:11        0    144557    241.00      0.00 2690764   80060   0.51  sync_slam_toolb

07:33:11      UID       PID    %usr %system  %guest   %wait    %CPU   CPU  Command
07:33:12        0    144557   13.00    1.00    0.00    0.00   14.00     7  sync_slam_toolb

07:33:11      UID       PID  minflt/s  majflt/s     VSZ     RSS   %MEM  Command
07:33:12        0    144557      0.00      0.00 2690764   80060   0.51  sync_slam_toolb

07:33:12      UID       PID    %usr %system  %guest   %wait    %CPU   CPU  Command
07:33:13        0    144557   16.00    1.00    0.00    0.00   17.00     7  sync_slam_toolb

07:33:12      UID       PID  minflt/s  majflt/s     VSZ     RSS   %MEM  Command
07:33:13        0    144557      0.00      0.00 2690764   80060   0.51  sync_slam_toolb

07:33:13      UID       PID    %usr %system  %guest   %wait    %CPU   CPU  Command
07:33:14        0    144557   13.00    0.00    0.00    0.00   13.00     3  sync_slam_toolb

07:33:13      UID       PID  minflt/s  majflt/s     VSZ     RSS   %MEM  Command
07:33:14        0    144557      0.00      0.00 2690764   80060   0.51  sync_slam_toolb

07:33:14      UID       PID    %usr %system  %guest   %wait    %CPU   CPU  Command
07:33:15        0    144557   12.00    1.00    0.00    0.00   13.00     4  sync_slam_toolb

07:33:14      UID       PID  minflt/s  majflt/s     VSZ     RSS   %MEM  Command
07:33:15        0    144557      0.00      0.00 2690764   80060   0.51  sync_slam_toolb

07:33:15      UID       PID    %usr %system  %guest   %wait    %CPU   CPU  Command
07:33:16        0    144557   16.00    1.00    0.00    0.00   17.00     4  sync_slam_toolb

07:33:15      UID       PID  minflt/s  majflt/s     VSZ     RSS   %MEM  Command
07:33:16        0    144557      0.00      0.00 2690764   80060   0.51  sync_slam_toolb

07:33:16      UID       PID    %usr %system  %guest   %wait    %CPU   CPU  Command
07:33:17        0    144557   12.00    0.00    0.00    0.00   12.00     2  sync_slam_toolb

07:33:16      UID       PID  minflt/s  majflt/s     VSZ     RSS   %MEM  Command
07:33:17        0    144557      0.00      0.00 2690764   80060   0.51  sync_slam_toolb

07:33:17      UID       PID    %usr %system  %guest   %wait    %CPU   CPU  Command
07:33:18        0    144557   13.00    1.00    0.00    0.00   14.00    10  sync_slam_toolb

07:33:17      UID       PID  minflt/s  majflt/s     VSZ     RSS   %MEM  Command
07:33:18        0    144557      0.00      0.00 2690764   80060   0.51  sync_slam_toolb

07:33:18      UID       PID    %usr %system  %guest   %wait    %CPU   CPU  Command
07:33:19        0    144557   13.00    0.00    0.00    0.00   13.00     8  sync_slam_toolb

07:33:18      UID       PID  minflt/s  majflt/s     VSZ     RSS   %MEM  Command
07:33:19        0    144557      0.00      0.00 2690764   80060   0.51  sync_slam_toolb

07:33:19      UID       PID    %usr %system  %guest   %wait    %CPU   CPU  Command
07:33:20        0    144557   13.00    0.00    0.00    0.00   13.00     2  sync_slam_toolb

07:33:19      UID       PID  minflt/s  majflt/s     VSZ     RSS   %MEM  Command
07:33:20        0    144557      0.00      0.00 2690764   80060   0.51  sync_slam_toolb

07:33:20      UID       PID    %usr %system  %guest   %wait    %CPU   CPU  Command
07:33:21        0    144557   12.00    1.00    0.00    0.00   13.00     2  sync_slam_toolb

07:33:20      UID       PID  minflt/s  majflt/s     VSZ     RSS   %MEM  Command
07:33:21        0    144557      0.00      0.00 2690764   80060   0.51  sync_slam_toolb

07:33:21      UID       PID    %usr %system  %guest   %wait    %CPU   CPU  Command
07:33:22        0    144557   14.00    0.00    0.00    0.00   14.00     6  sync_slam_toolb

07:33:21      UID       PID  minflt/s  majflt/s     VSZ     RSS   %MEM  Command
07:33:22        0    144557      0.00      0.00 2690764   80060   0.51  sync_slam_toolb

07:33:22      UID       PID    %usr %system  %guest   %wait    %CPU   CPU  Command
07:33:23        0    144557   12.00    0.00    0.00    0.00   12.00    10  sync_slam_toolb

07:33:22      UID       PID  minflt/s  majflt/s     VSZ     RSS   %MEM  Command
07:33:23        0    144557      0.00      0.00 2690764   80060   0.51  sync_slam_toolb

07:33:23      UID       PID    %usr %system  %guest   %wait    %CPU   CPU  Command
07:33:24        0    144557   16.00    1.00    0.00    0.00   17.00     0  sync_slam_toolb

07:33:23      UID       PID  minflt/s  majflt/s     VSZ     RSS   %MEM  Command
07:33:24        0    144557      0.00      0.00 2690764   80060   0.51  sync_slam_toolb

07:33:24      UID       PID    %usr %system  %guest   %wait    %CPU   CPU  Command
07:33:25        0    144557   13.00    0.00    0.00    0.00   13.00     6  sync_slam_toolb

07:33:24      UID       PID  minflt/s  majflt/s     VSZ     RSS   %MEM  Command
07:33:25        0    144557      0.00      0.00 2690764   80060   0.51  sync_slam_toolb

07:33:25      UID       PID    %usr %system  %guest   %wait    %CPU   CPU  Command
07:33:26        0    144557   13.00    0.00    0.00    0.00   13.00     0  sync_slam_toolb

07:33:25      UID       PID  minflt/s  majflt/s     VSZ     RSS   %MEM  Command
07:33:26        0    144557      0.00      0.00 2690764   80060   0.51  sync_slam_toolb

07:33:26      UID       PID    %usr %system  %guest   %wait    %CPU   CPU  Command
07:33:27        0    144557   16.00    0.00    0.00    0.00   16.00    14  sync_slam_toolb

07:33:26      UID       PID  minflt/s  majflt/s     VSZ     RSS   %MEM  Command
07:33:27        0    144557      0.00      0.00 2690764   80060   0.51  sync_slam_toolb

07:33:27      UID       PID    %usr %system  %guest   %wait    %CPU   CPU  Command
07:33:28        0    144557   13.00    1.00    0.00    0.00   14.00    14  sync_slam_toolb

07:33:27      UID       PID  minflt/s  majflt/s     VSZ     RSS   %MEM  Command
07:33:28        0    144557      0.00      0.00 2690764   80060   0.51  sync_slam_toolb

07:33:28      UID       PID    %usr %system  %guest   %wait    %CPU   CPU  Command
07:33:29        0    144557   13.00    0.00    0.00    0.00   13.00     6  sync_slam_toolb

07:33:28      UID       PID  minflt/s  majflt/s     VSZ     RSS   %MEM  Command
07:33:29        0    144557      0.00      0.00 2690764   80060   0.51  sync_slam_toolb

07:33:29      UID       PID    %usr %system  %guest   %wait    %CPU   CPU  Command
07:33:30        0    144557   15.00    1.00    0.00    0.00   16.00    14  sync_slam_toolb

07:33:29      UID       PID  minflt/s  majflt/s     VSZ     RSS   %MEM  Command
07:33:30        0    144557      0.00      0.00 2690764   80060   0.51  sync_slam_toolb

07:33:30      UID       PID    %usr %system  %guest   %wait    %CPU   CPU  Command
07:33:31        0    144557   13.00    0.00    0.00    0.00   13.00     2  sync_slam_toolb

07:33:30      UID       PID  minflt/s  majflt/s     VSZ     RSS   %MEM  Command
07:33:31        0    144557      0.00      0.00 2690764   80060   0.51  sync_slam_toolb

07:33:31      UID       PID    %usr %system  %guest   %wait    %CPU   CPU  Command
07:33:32        0    144557   16.00    1.00    0.00    0.00   17.00    12  sync_slam_toolb

07:33:31      UID       PID  minflt/s  majflt/s     VSZ     RSS   %MEM  Command
07:33:32        0    144557      0.00      0.00 2690764   80060   0.51  sync_slam_toolb

07:33:32      UID       PID    %usr %system  %guest   %wait    %CPU   CPU  Command
07:33:33        0    144557   13.00    0.00    0.00    0.00   13.00     0  sync_slam_toolb

07:33:32      UID       PID  minflt/s  majflt/s     VSZ     RSS   %MEM  Command
07:33:33        0    144557      0.00      0.00 2690764   80060   0.51  sync_slam_toolb

07:33:33      UID       PID    %usr %system  %guest   %wait    %CPU   CPU  Command
07:33:34        0    144557   16.00    0.00    0.00    0.00   16.00     0  sync_slam_toolb

07:33:33      UID       PID  minflt/s  majflt/s     VSZ     RSS   %MEM  Command
07:33:34        0    144557      0.00      0.00 2690764   80060   0.51  sync_slam_toolb

07:33:34      UID       PID    %usr %system  %guest   %wait    %CPU   CPU  Command
07:33:35        0    144557   14.00    0.00    0.00    0.00   14.00     0  sync_slam_toolb

07:33:34      UID       PID  minflt/s  majflt/s     VSZ     RSS   %MEM  Command
07:33:35        0    144557      0.00      0.00 2690764   80060   0.51  sync_slam_toolb

07:33:35      UID       PID    %usr %system  %guest   %wait    %CPU   CPU  Command
07:33:36        0    144557   13.00    1.00    0.00    0.00   14.00     0  sync_slam_toolb

07:33:35      UID       PID  minflt/s  majflt/s     VSZ     RSS   %MEM  Command
07:33:36        0    144557      0.00      0.00 2690764   80060   0.51  sync_slam_toolb

07:33:36      UID       PID    %usr %system  %guest   %wait    %CPU   CPU  Command
07:33:37        0    144557   13.00    0.00    0.00    0.00   13.00    12  sync_slam_toolb

07:33:36      UID       PID  minflt/s  majflt/s     VSZ     RSS   %MEM  Command
07:33:37        0    144557      0.00      0.00 2690764   80060   0.51  sync_slam_toolb

07:33:37      UID       PID    %usr %system  %guest   %wait    %CPU   CPU  Command
07:33:38        0    144557   13.00    1.00    0.00    0.00   14.00     0  sync_slam_toolb

07:33:37      UID       PID  minflt/s  majflt/s     VSZ     RSS   %MEM  Command
07:33:38        0    144557      0.00      0.00 2690764   80060   0.51  sync_slam_toolb

07:33:38      UID       PID    %usr %system  %guest   %wait    %CPU   CPU  Command
07:33:39        0    144557   17.00    0.00    0.00    0.00   17.00     0  sync_slam_toolb

07:33:38      UID       PID  minflt/s  majflt/s     VSZ     RSS   %MEM  Command
07:33:39        0    144557      0.00      0.00 2690764   80060   0.51  sync_slam_toolb

07:33:39      UID       PID    %usr %system  %guest   %wait    %CPU   CPU  Command
07:33:40        0    144557   13.00    1.00    0.00    0.00   14.00     2  sync_slam_toolb

07:33:39      UID       PID  minflt/s  majflt/s     VSZ     RSS   %MEM  Command
07:33:40        0    144557      0.00      0.00 2690764   80060   0.51  sync_slam_toolb

07:33:40      UID       PID    %usr %system  %guest   %wait    %CPU   CPU  Command
07:33:41        0    144557   13.00    0.00    0.00    0.00   13.00     2  sync_slam_toolb

07:33:40      UID       PID  minflt/s  majflt/s     VSZ     RSS   %MEM  Command
07:33:41        0    144557      0.00      0.00 2690764   80060   0.51  sync_slam_toolb

07:33:41      UID       PID    %usr %system  %guest   %wait    %CPU   CPU  Command
07:33:42        0    144557   16.00    1.00    0.00    0.00   17.00     2  sync_slam_toolb

07:33:41      UID       PID  minflt/s  majflt/s     VSZ     RSS   %MEM  Command
07:33:42        0    144557      0.00      0.00 2690764   80060   0.51  sync_slam_toolb

07:33:42      UID       PID    %usr %system  %guest   %wait    %CPU   CPU  Command
07:33:43        0    144557   13.00    0.00    0.00    0.00   13.00    14  sync_slam_toolb

07:33:42      UID       PID  minflt/s  majflt/s     VSZ     RSS   %MEM  Command
07:33:43        0    144557      0.00      0.00 2690764   80060   0.51  sync_slam_toolb

07:33:43      UID       PID    %usr %system  %guest   %wait    %CPU   CPU  Command
07:33:44        0    144557   16.00    1.00    0.00    0.00   17.00     0  sync_slam_toolb

07:33:43      UID       PID  minflt/s  majflt/s     VSZ     RSS   %MEM  Command
07:33:44        0    144557      0.00      0.00 2690764   80060   0.51  sync_slam_toolb

07:33:44      UID       PID    %usr %system  %guest   %wait    %CPU   CPU  Command
07:33:45        0    144557   13.00    0.00    0.00    0.00   13.00    12  sync_slam_toolb

07:33:44      UID       PID  minflt/s  majflt/s     VSZ     RSS   %MEM  Command
07:33:45        0    144557      0.00      0.00 2690764   80060   0.51  sync_slam_toolb

07:33:45      UID       PID    %usr %system  %guest   %wait    %CPU   CPU  Command
07:33:46        0    144557   16.00    1.00    0.00    0.00   17.00     0  sync_slam_toolb

07:33:45      UID       PID  minflt/s  majflt/s     VSZ     RSS   %MEM  Command
07:33:46        0    144557      0.00      0.00 2690764   80060   0.51  sync_slam_toolb

07:33:46      UID       PID    %usr %system  %guest   %wait    %CPU   CPU  Command
07:33:47        0    144557   13.00    0.00    0.00    0.00   13.00     0  sync_slam_toolb

07:33:46      UID       PID  minflt/s  majflt/s     VSZ     RSS   %MEM  Command
07:33:47        0    144557      0.00      0.00 2690764   80060   0.51  sync_slam_toolb

07:33:47      UID       PID    %usr %system  %guest   %wait    %CPU   CPU  Command
07:33:48        0    144557   13.00    0.00    0.00    0.00   13.00     2  sync_slam_toolb

07:33:47      UID       PID  minflt/s  majflt/s     VSZ     RSS   %MEM  Command
07:33:48        0    144557      0.00      0.00 2690764   80060   0.51  sync_slam_toolb

07:33:48      UID       PID    %usr %system  %guest   %wait    %CPU   CPU  Command
07:33:49        0    144557   13.00    0.00    0.00    0.00   13.00     8  sync_slam_toolb

07:33:48      UID       PID  minflt/s  majflt/s     VSZ     RSS   %MEM  Command
07:33:49        0    144557      0.00      0.00 2690764   80060   0.51  sync_slam_toolb

07:33:49      UID       PID    %usr %system  %guest   %wait    %CPU   CPU  Command
07:33:50        0    144557   18.00    1.00    0.00    0.00   19.00     8  sync_slam_toolb

07:33:49      UID       PID  minflt/s  majflt/s     VSZ     RSS   %MEM  Command
07:33:50        0    144557      0.00      0.00 2690764   80060   0.51  sync_slam_toolb

07:33:50      UID       PID    %usr %system  %guest   %wait    %CPU   CPU  Command
07:33:51        0    144557   13.00    0.00    0.00    0.00   13.00     0  sync_slam_toolb

07:33:50      UID       PID  minflt/s  majflt/s     VSZ     RSS   %MEM  Command
07:33:51        0    144557      0.00      0.00 2690764   80060   0.51  sync_slam_toolb

07:33:51      UID       PID    %usr %system  %guest   %wait    %CPU   CPU  Command
07:33:52        0    144557   17.00    0.00    0.00    0.00   17.00     2  sync_slam_toolb

07:33:51      UID       PID  minflt/s  majflt/s     VSZ     RSS   %MEM  Command
07:33:52        0    144557      0.00      0.00 2690764   80060   0.51  sync_slam_toolb

07:33:52      UID       PID    %usr %system  %guest   %wait    %CPU   CPU  Command
07:33:53        0    144557   13.00    0.00    0.00    0.00   13.00     6  sync_slam_toolb

07:33:52      UID       PID  minflt/s  majflt/s     VSZ     RSS   %MEM  Command
07:33:53        0    144557      0.00      0.00 2690764   80060   0.51  sync_slam_toolb

07:33:53      UID       PID    %usr %system  %guest   %wait    %CPU   CPU  Command
07:33:54        0    144557   15.00    1.00    0.00    0.00   16.00     2  sync_slam_toolb

07:33:53      UID       PID  minflt/s  majflt/s     VSZ     RSS   %MEM  Command
07:33:54        0    144557      0.00      0.00 2690764   80060   0.51  sync_slam_toolb

07:33:54      UID       PID    %usr %system  %guest   %wait    %CPU   CPU  Command
07:33:55        0    144557   12.00    2.00    0.00    0.00   14.00     6  sync_slam_toolb

07:33:54      UID       PID  minflt/s  majflt/s     VSZ     RSS   %MEM  Command
07:33:55        0    144557      0.00      0.00 2690764   80060   0.51  sync_slam_toolb

07:33:55      UID       PID    %usr %system  %guest   %wait    %CPU   CPU  Command
07:33:56        0    144557   15.00    1.00    0.00    0.00   16.00     6  sync_slam_toolb

07:33:55      UID       PID  minflt/s  majflt/s     VSZ     RSS   %MEM  Command
07:33:56        0    144557      0.00      0.00 2690764   80060   0.51  sync_slam_toolb

07:33:56      UID       PID    %usr %system  %guest   %wait    %CPU   CPU  Command
07:33:57        0    144557   13.00    1.00    0.00    0.00   14.00     2  sync_slam_toolb

07:33:56      UID       PID  minflt/s  majflt/s     VSZ     RSS   %MEM  Command
07:33:57        0    144557      0.00      0.00 2690764   80060   0.51  sync_slam_toolb

07:33:57      UID       PID    %usr %system  %guest   %wait    %CPU   CPU  Command
07:33:58        0    144557   13.00    1.00    0.00    0.00   14.00    10  sync_slam_toolb

07:33:57      UID       PID  minflt/s  majflt/s     VSZ     RSS   %MEM  Command
07:33:58        0    144557      0.00      0.00 2690712   80060   0.51  sync_slam_toolb

07:33:58      UID       PID    %usr %system  %guest   %wait    %CPU   CPU  Command
07:33:59        0    144557   11.00    0.00    0.00    0.00   11.00    10  sync_slam_toolb

07:33:58      UID       PID  minflt/s  majflt/s     VSZ     RSS   %MEM  Command
07:33:59        0    144557      0.00      0.00 2690712   80060   0.51  sync_slam_toolb

07:33:59      UID       PID    %usr %system  %guest   %wait    %CPU   CPU  Command
07:34:00        0    144557   11.00    0.00    0.00    0.00   11.00    10  sync_slam_toolb

07:33:59      UID       PID  minflt/s  majflt/s     VSZ     RSS   %MEM  Command
07:34:00        0    144557      0.00      0.00 2690712   80060   0.51  sync_slam_toolb

07:34:00      UID       PID    %usr %system  %guest   %wait    %CPU   CPU  Command
07:34:01        0    144557   11.00    0.00    0.00    0.00   11.00    10  sync_slam_toolb

07:34:00      UID       PID  minflt/s  majflt/s     VSZ     RSS   %MEM  Command
07:34:01        0    144557      0.00      0.00 2690712   80060   0.51  sync_slam_toolb

07:34:01      UID       PID    %usr %system  %guest   %wait    %CPU   CPU  Command
07:34:02        0    144557   12.00    0.00    0.00    0.00   12.00     2  sync_slam_toolb

07:34:01      UID       PID  minflt/s  majflt/s     VSZ     RSS   %MEM  Command
07:34:02        0    144557      0.00      0.00 2690172   80060   0.51  sync_slam_toolb

07:34:02      UID       PID    %usr %system  %guest   %wait    %CPU   CPU  Command
07:34:03        0    144557   10.00    0.00    0.00    0.00   10.00     2  sync_slam_toolb

07:34:02      UID       PID  minflt/s  majflt/s     VSZ     RSS   %MEM  Command
07:34:03        0    144557      0.00      0.00 2690172   80060   0.51  sync_slam_toolb

07:34:03      UID       PID    %usr %system  %guest   %wait    %CPU   CPU  Command
07:34:04        0    144557   11.00    1.00    0.00    0.00   12.00    10  sync_slam_toolb

07:34:03      UID       PID  minflt/s  majflt/s     VSZ     RSS   %MEM  Command
07:34:04        0    144557      0.00      0.00 2690172   80060   0.51  sync_slam_toolb

07:34:04      UID       PID    %usr %system  %guest   %wait    %CPU   CPU  Command
07:34:05        0    144557   11.00    0.00    0.00    0.00   11.00     2  sync_slam_toolb

07:34:04      UID       PID  minflt/s  majflt/s     VSZ     RSS   %MEM  Command
07:34:05        0    144557      0.00      0.00 2690172   80060   0.51  sync_slam_toolb

07:34:05      UID       PID    %usr %system  %guest   %wait    %CPU   CPU  Command
07:34:06        0    144557   11.00    1.00    0.00    0.00   12.00    10  sync_slam_toolb

07:34:05      UID       PID  minflt/s  majflt/s     VSZ     RSS   %MEM  Command
07:34:06        0    144557      0.00      0.00 2690172   80060   0.51  sync_slam_toolb

07:34:06      UID       PID    %usr %system  %guest   %wait    %CPU   CPU  Command
07:34:07        0    144557   11.00    0.00    0.00    0.00   11.00     2  sync_slam_toolb

07:34:06      UID       PID  minflt/s  majflt/s     VSZ     RSS   %MEM  Command
07:34:07        0    144557      0.00      0.00 2690172   80060   0.51  sync_slam_toolb

07:34:07      UID       PID    %usr %system  %guest   %wait    %CPU   CPU  Command
07:34:08        0    144557   11.00    0.00    0.00    0.00   11.00     2  sync_slam_toolb

07:34:07      UID       PID  minflt/s  majflt/s     VSZ     RSS   %MEM  Command
07:34:08        0    144557      0.00      0.00 2690172   80060   0.51  sync_slam_toolb

07:34:08      UID       PID    %usr %system  %guest   %wait    %CPU   CPU  Command
07:34:09        0    144557   11.00    1.00    0.00    0.00   12.00     2  sync_slam_toolb

07:34:08      UID       PID  minflt/s  majflt/s     VSZ     RSS   %MEM  Command
07:34:09        0    144557      0.00      0.00 2690172   80060   0.51  sync_slam_toolb

07:34:09      UID       PID    %usr %system  %guest   %wait    %CPU   CPU  Command
07:34:10        0    144557   12.00    0.00    0.00    0.00   12.00     2  sync_slam_toolb

07:34:09      UID       PID  minflt/s  majflt/s     VSZ     RSS   %MEM  Command
07:34:10        0    144557      0.00      0.00 2690172   80060   0.51  sync_slam_toolb

07:34:10      UID       PID    %usr %system  %guest   %wait    %CPU   CPU  Command
07:34:11        0    144557   11.00    0.00    0.00    0.00   11.00     2  sync_slam_toolb

07:34:10      UID       PID  minflt/s  majflt/s     VSZ     RSS   %MEM  Command
07:34:11        0    144557      0.00      0.00 2690172   80060   0.51  sync_slam_toolb

07:34:11      UID       PID    %usr %system  %guest   %wait    %CPU   CPU  Command
07:34:12        0    144557   11.00    0.00    0.00    0.00   11.00    12  sync_slam_toolb

07:34:11      UID       PID  minflt/s  majflt/s     VSZ     RSS   %MEM  Command
07:34:12        0    144557      0.00      0.00 2690172   80060   0.51  sync_slam_toolb

07:34:12      UID       PID    %usr %system  %guest   %wait    %CPU   CPU  Command
07:34:13        0    144557   12.00    1.00    0.00    0.00   13.00    12  sync_slam_toolb

07:34:12      UID       PID  minflt/s  majflt/s     VSZ     RSS   %MEM  Command
07:34:13        0    144557      0.00      0.00 2690172   80060   0.51  sync_slam_toolb

07:34:13      UID       PID    %usr %system  %guest   %wait    %CPU   CPU  Command
07:34:14        0    144557   10.89    0.00    0.00    0.00   10.89    12  sync_slam_toolb

07:34:13      UID       PID  minflt/s  majflt/s     VSZ     RSS   %MEM  Command
07:34:14        0    144557      0.00      0.00 2690172   80060   0.51  sync_slam_toolb

07:34:14      UID       PID    %usr %system  %guest   %wait    %CPU   CPU  Command
07:34:15        0    144557   11.00    0.00    0.00    0.00   11.00    12  sync_slam_toolb

07:34:14      UID       PID  minflt/s  majflt/s     VSZ     RSS   %MEM  Command
07:34:15        0    144557      0.00      0.00 2690172   80060   0.51  sync_slam_toolb

07:34:15      UID       PID    %usr %system  %guest   %wait    %CPU   CPU  Command
07:34:16        0    144557   10.00    0.00    0.00    0.00   10.00    12  sync_slam_toolb

07:34:15      UID       PID  minflt/s  majflt/s     VSZ     RSS   %MEM  Command
07:34:16        0    144557      0.00      0.00 2690172   80060   0.51  sync_slam_toolb

07:34:16      UID       PID    %usr %system  %guest   %wait    %CPU   CPU  Command
07:34:17        0    144557   11.00    1.00    0.00    0.00   12.00    12  sync_slam_toolb

07:34:16      UID       PID  minflt/s  majflt/s     VSZ     RSS   %MEM  Command
07:34:17        0    144557      0.00      0.00 2690172   80060   0.51  sync_slam_toolb

07:34:17      UID       PID    %usr %system  %guest   %wait    %CPU   CPU  Command
07:34:18        0    144557   11.00    0.00    0.00    0.00   11.00     8  sync_slam_toolb

07:34:17      UID       PID  minflt/s  majflt/s     VSZ     RSS   %MEM  Command
07:34:18        0    144557      0.00      0.00 2690172   80060   0.51  sync_slam_toolb

07:34:18      UID       PID    %usr %system  %guest   %wait    %CPU   CPU  Command
07:34:19        0    144557   11.00    0.00    0.00    0.00   11.00     8  sync_slam_toolb

07:34:18      UID       PID  minflt/s  majflt/s     VSZ     RSS   %MEM  Command
07:34:19        0    144557      0.00      0.00 2690172   80060   0.51  sync_slam_toolb

07:34:19      UID       PID    %usr %system  %guest   %wait    %CPU   CPU  Command
07:34:20        0    144557   11.00    0.00    0.00    0.00   11.00     8  sync_slam_toolb

07:34:19      UID       PID  minflt/s  majflt/s     VSZ     RSS   %MEM  Command
07:34:20        0    144557      0.00      0.00 2690172   80060   0.51  sync_slam_toolb

07:34:20      UID       PID    %usr %system  %guest   %wait    %CPU   CPU  Command
07:34:21        0    144557   11.00    1.00    0.00    0.00   12.00     2  sync_slam_toolb

07:34:20      UID       PID  minflt/s  majflt/s     VSZ     RSS   %MEM  Command
07:34:21        0    144557      0.00      0.00 2690172   80060   0.51  sync_slam_toolb

07:34:21      UID       PID    %usr %system  %guest   %wait    %CPU   CPU  Command
07:34:22        0    144557   11.00    0.00    0.00    0.00   11.00     8  sync_slam_toolb

07:34:21      UID       PID  minflt/s  majflt/s     VSZ     RSS   %MEM  Command
07:34:22        0    144557      0.00      0.00 2690172   80060   0.51  sync_slam_toolb

07:34:22      UID       PID    %usr %system  %guest   %wait    %CPU   CPU  Command
07:34:23        0    144557   11.00    0.00    0.00    0.00   11.00     8  sync_slam_toolb

07:34:22      UID       PID  minflt/s  majflt/s     VSZ     RSS   %MEM  Command
07:34:23        0    144557      0.00      0.00 2690172   80060   0.51  sync_slam_toolb

07:34:23      UID       PID    %usr %system  %guest   %wait    %CPU   CPU  Command
07:34:24        0    144557   11.00    0.00    0.00    0.00   11.00     8  sync_slam_toolb

07:34:23      UID       PID  minflt/s  majflt/s     VSZ     RSS   %MEM  Command
07:34:24        0    144557      0.00      0.00 2690172   80060   0.51  sync_slam_toolb

07:34:24      UID       PID    %usr %system  %guest   %wait    %CPU   CPU  Command
07:34:25        0    144557   11.00    0.00    0.00    0.00   11.00     8  sync_slam_toolb

07:34:24      UID       PID  minflt/s  majflt/s     VSZ     RSS   %MEM  Command
07:34:25        0    144557      0.00      0.00 2690172   80060   0.51  sync_slam_toolb

07:34:25      UID       PID    %usr %system  %guest   %wait    %CPU   CPU  Command
07:34:26        0    144557   11.00    0.00    0.00    0.00   11.00     8  sync_slam_toolb

07:34:25      UID       PID  minflt/s  majflt/s     VSZ     RSS   %MEM  Command
07:34:26        0    144557      0.00      0.00 2690172   80060   0.51  sync_slam_toolb

07:34:26      UID       PID    %usr %system  %guest   %wait    %CPU   CPU  Command
07:34:27        0    144557   11.00    0.00    0.00    0.00   11.00     8  sync_slam_toolb

07:34:26      UID       PID  minflt/s  majflt/s     VSZ     RSS   %MEM  Command
07:34:27        0    144557      0.00      0.00 2690172   80060   0.51  sync_slam_toolb

07:34:27      UID       PID    %usr %system  %guest   %wait    %CPU   CPU  Command
07:34:28        0    144557   11.00    0.00    0.00    0.00   11.00     8  sync_slam_toolb

07:34:27      UID       PID  minflt/s  majflt/s     VSZ     RSS   %MEM  Command
07:34:28        0    144557      0.00      0.00 2690172   80060   0.51  sync_slam_toolb

07:34:28      UID       PID    %usr %system  %guest   %wait    %CPU   CPU  Command
07:34:29        0    144557   11.00    1.00    0.00    0.00   12.00     2  sync_slam_toolb

07:34:28      UID       PID  minflt/s  majflt/s     VSZ     RSS   %MEM  Command
07:34:29        0    144557      0.00      0.00 2690172   80060   0.51  sync_slam_toolb

07:34:29      UID       PID    %usr %system  %guest   %wait    %CPU   CPU  Command
07:34:30        0    144557   10.00    0.00    0.00    0.00   10.00     2  sync_slam_toolb

07:34:29      UID       PID  minflt/s  majflt/s     VSZ     RSS   %MEM  Command
07:34:30        0    144557      0.00      0.00 2690172   80060   0.51  sync_slam_toolb

07:34:30      UID       PID    %usr %system  %guest   %wait    %CPU   CPU  Command
07:34:31        0    144557   11.00    0.00    0.00    0.00   11.00     2  sync_slam_toolb

07:34:30      UID       PID  minflt/s  majflt/s     VSZ     RSS   %MEM  Command
07:34:31        0    144557      0.00      0.00 2690172   80060   0.51  sync_slam_toolb

07:34:31      UID       PID    %usr %system  %guest   %wait    %CPU   CPU  Command
07:34:32        0    144557   11.00    0.00    0.00    0.00   11.00     2  sync_slam_toolb

07:34:31      UID       PID  minflt/s  majflt/s     VSZ     RSS   %MEM  Command
07:34:32        0    144557      0.00      0.00 2690172   80060   0.51  sync_slam_toolb

07:34:32      UID       PID    %usr %system  %guest   %wait    %CPU   CPU  Command
07:34:33        0    144557   11.00    0.00    0.00    0.00   11.00     2  sync_slam_toolb

07:34:32      UID       PID  minflt/s  majflt/s     VSZ     RSS   %MEM  Command
07:34:33        0    144557      0.00      0.00 2690172   80060   0.51  sync_slam_toolb

07:34:33      UID       PID    %usr %system  %guest   %wait    %CPU   CPU  Command
07:34:34        0    144557   11.00    0.00    0.00    0.00   11.00     2  sync_slam_toolb

07:34:33      UID       PID  minflt/s  majflt/s     VSZ     RSS   %MEM  Command
07:34:34        0    144557      0.00      0.00 2690172   80060   0.51  sync_slam_toolb

07:34:34      UID       PID    %usr %system  %guest   %wait    %CPU   CPU  Command
07:34:35        0    144557   11.00    0.00    0.00    0.00   11.00     2  sync_slam_toolb

07:34:34      UID       PID  minflt/s  majflt/s     VSZ     RSS   %MEM  Command
07:34:35        0    144557      0.00      0.00 2690172   80060   0.51  sync_slam_toolb

07:34:35      UID       PID    %usr %system  %guest   %wait    %CPU   CPU  Command
07:34:36        0    144557   11.00    0.00    0.00    0.00   11.00     8  sync_slam_toolb

07:34:35      UID       PID  minflt/s  majflt/s     VSZ     RSS   %MEM  Command
07:34:36        0    144557      0.00      0.00 2690172   80060   0.51  sync_slam_toolb

07:34:36      UID       PID    %usr %system  %guest   %wait    %CPU   CPU  Command
07:34:37        0    144557   11.00    0.00    0.00    0.00   11.00     8  sync_slam_toolb

07:34:36      UID       PID  minflt/s  majflt/s     VSZ     RSS   %MEM  Command
07:34:37        0    144557      0.00      0.00 2690172   80060   0.51  sync_slam_toolb

07:34:37      UID       PID    %usr %system  %guest   %wait    %CPU   CPU  Command
07:34:38        0    144557   12.00    0.00    0.00    0.00   12.00     8  sync_slam_toolb

07:34:37      UID       PID  minflt/s  majflt/s     VSZ     RSS   %MEM  Command
07:34:38        0    144557      0.00      0.00 2690172   80060   0.51  sync_slam_toolb

07:34:38      UID       PID    %usr %system  %guest   %wait    %CPU   CPU  Command
07:34:39        0    144557   11.00    1.00    0.00    0.00   12.00     8  sync_slam_toolb

07:34:38      UID       PID  minflt/s  majflt/s     VSZ     RSS   %MEM  Command
07:34:39        0    144557      0.00      0.00 2690172   80060   0.51  sync_slam_toolb

07:34:39      UID       PID    %usr %system  %guest   %wait    %CPU   CPU  Command
07:34:40        0    144557   11.00    0.00    0.00    0.00   11.00     8  sync_slam_toolb

07:34:39      UID       PID  minflt/s  majflt/s     VSZ     RSS   %MEM  Command
07:34:40        0    144557      0.00      0.00 2690172   80060   0.51  sync_slam_toolb

07:34:40      UID       PID    %usr %system  %guest   %wait    %CPU   CPU  Command
07:34:41        0    144557   11.00    1.00    0.00    0.00   12.00     8  sync_slam_toolb

07:34:40      UID       PID  minflt/s  majflt/s     VSZ     RSS   %MEM  Command
07:34:41        0    144557      0.00      0.00 2690172   80060   0.51  sync_slam_toolb

07:34:41      UID       PID    %usr %system  %guest   %wait    %CPU   CPU  Command
07:34:42        0    144557   11.00    0.00    0.00    0.00   11.00    10  sync_slam_toolb

07:34:41      UID       PID  minflt/s  majflt/s     VSZ     RSS   %MEM  Command
07:34:42        0    144557      0.00      0.00 2690172   80060   0.51  sync_slam_toolb

07:34:42      UID       PID    %usr %system  %guest   %wait    %CPU   CPU  Command
07:34:43        0    144557   11.00    0.00    0.00    0.00   11.00    10  sync_slam_toolb

07:34:42      UID       PID  minflt/s  majflt/s     VSZ     RSS   %MEM  Command
07:34:43        0    144557      0.00      0.00 2690172   80060   0.51  sync_slam_toolb

07:34:43      UID       PID    %usr %system  %guest   %wait    %CPU   CPU  Command
07:34:44        0    144557   11.00    1.00    0.00    0.00   12.00     6  sync_slam_toolb

07:34:43      UID       PID  minflt/s  majflt/s     VSZ     RSS   %MEM  Command
07:34:44        0    144557      0.00      0.00 2690172   80060   0.51  sync_slam_toolb

07:34:44      UID       PID    %usr %system  %guest   %wait    %CPU   CPU  Command
07:34:45        0    144557   10.00    1.00    0.00    0.00   11.00     6  sync_slam_toolb

07:34:44      UID       PID  minflt/s  majflt/s     VSZ     RSS   %MEM  Command
07:34:45        0    144557      0.00      0.00 2690172   80060   0.51  sync_slam_toolb

07:34:45      UID       PID    %usr %system  %guest   %wait    %CPU   CPU  Command
07:34:46        0    144557   12.00    0.00    0.00    0.00   12.00     8  sync_slam_toolb

07:34:45      UID       PID  minflt/s  majflt/s     VSZ     RSS   %MEM  Command
07:34:46        0    144557      0.00      0.00 2690172   80060   0.51  sync_slam_toolb

07:34:46      UID       PID    %usr %system  %guest   %wait    %CPU   CPU  Command
07:34:47        0    144557   11.00    0.00    0.00    0.00   11.00     8  sync_slam_toolb

07:34:46      UID       PID  minflt/s  majflt/s     VSZ     RSS   %MEM  Command
07:34:47        0    144557      0.00      0.00 2690172   80060   0.51  sync_slam_toolb

07:34:47      UID       PID    %usr %system  %guest   %wait    %CPU   CPU  Command
07:34:48        0    144557   11.00    0.00    0.00    0.00   11.00     6  sync_slam_toolb

07:34:47      UID       PID  minflt/s  majflt/s     VSZ     RSS   %MEM  Command
07:34:48        0    144557      0.00      0.00 2690172   80060   0.51  sync_slam_toolb

07:34:48      UID       PID    %usr %system  %guest   %wait    %CPU   CPU  Command
07:34:49        0    144557   11.00    0.00    0.00    0.00   11.00     6  sync_slam_toolb

07:34:48      UID       PID  minflt/s  majflt/s     VSZ     RSS   %MEM  Command
07:34:49        0    144557      0.00      0.00 2690172   80060   0.51  sync_slam_toolb

07:34:49      UID       PID    %usr %system  %guest   %wait    %CPU   CPU  Command
07:34:50        0    144557   11.00    1.00    0.00    0.00   12.00     8  sync_slam_toolb

07:34:49      UID       PID  minflt/s  majflt/s     VSZ     RSS   %MEM  Command
07:34:50        0    144557      0.00      0.00 2690172   80060   0.51  sync_slam_toolb

07:34:50      UID       PID    %usr %system  %guest   %wait    %CPU   CPU  Command
07:34:51        0    144557   10.00    1.00    0.00    0.00   11.00     8  sync_slam_toolb

07:34:50      UID       PID  minflt/s  majflt/s     VSZ     RSS   %MEM  Command
07:34:51        0    144557      0.00      0.00 2690172   80060   0.51  sync_slam_toolb

07:34:51      UID       PID    %usr %system  %guest   %wait    %CPU   CPU  Command
07:34:52        0    144557   12.00    0.00    0.00    0.00   12.00     8  sync_slam_toolb

07:34:51      UID       PID  minflt/s  majflt/s     VSZ     RSS   %MEM  Command
07:34:52        0    144557      0.00      0.00 2690172   80060   0.51  sync_slam_toolb

07:34:52      UID       PID    %usr %system  %guest   %wait    %CPU   CPU  Command
07:34:53        0    144557   11.00    0.00    0.00    0.00   11.00     6  sync_slam_toolb

07:34:52      UID       PID  minflt/s  majflt/s     VSZ     RSS   %MEM  Command
07:34:53        0    144557      0.00      0.00 2690172   80060   0.51  sync_slam_toolb

07:34:53      UID       PID    %usr %system  %guest   %wait    %CPU   CPU  Command
07:34:54        0    144557   11.00    0.00    0.00    0.00   11.00     8  sync_slam_toolb

07:34:53      UID       PID  minflt/s  majflt/s     VSZ     RSS   %MEM  Command
07:34:54        0    144557      0.00      0.00 2690172   80060   0.51  sync_slam_toolb

07:34:54      UID       PID    %usr %system  %guest   %wait    %CPU   CPU  Command
07:34:55        0    144557   11.00    1.00    0.00    0.00   12.00     8  sync_slam_toolb

07:34:54      UID       PID  minflt/s  majflt/s     VSZ     RSS   %MEM  Command
07:34:55        0    144557      0.00      0.00 2690172   80060   0.51  sync_slam_toolb

07:34:55      UID       PID    %usr %system  %guest   %wait    %CPU   CPU  Command
07:34:56        0    144557   11.00    0.00    0.00    0.00   11.00     0  sync_slam_toolb

07:34:55      UID       PID  minflt/s  majflt/s     VSZ     RSS   %MEM  Command
07:34:56        0    144557      0.00      0.00 2690172   80060   0.51  sync_slam_toolb

07:34:56      UID       PID    %usr %system  %guest   %wait    %CPU   CPU  Command
07:34:57        0    144557   10.00    1.00    0.00    0.00   11.00     8  sync_slam_toolb

07:34:56      UID       PID  minflt/s  majflt/s     VSZ     RSS   %MEM  Command
07:34:57        0    144557      0.00      0.00 2690172   80060   0.51  sync_slam_toolb

07:34:57      UID       PID    %usr %system  %guest   %wait    %CPU   CPU  Command
07:34:58        0    144557   12.00    0.00    0.00    0.00   12.00     8  sync_slam_toolb

07:34:57      UID       PID  minflt/s  majflt/s     VSZ     RSS   %MEM  Command
07:34:58        0    144557      0.00      0.00 2690172   80060   0.51  sync_slam_toolb

07:34:58      UID       PID    %usr %system  %guest   %wait    %CPU   CPU  Command
07:34:59        0    144557   11.00    0.00    0.00    0.00   11.00     8  sync_slam_toolb

07:34:58      UID       PID  minflt/s  majflt/s     VSZ     RSS   %MEM  Command
07:34:59        0    144557      0.00      0.00 2690172   80060   0.51  sync_slam_toolb

07:34:59      UID       PID    %usr %system  %guest   %wait    %CPU   CPU  Command
07:35:00        0    144557   11.00    0.00    0.00    0.00   11.00     8  sync_slam_toolb

07:34:59      UID       PID  minflt/s  majflt/s     VSZ     RSS   %MEM  Command
07:35:00        0    144557      0.00      0.00 2690172   80060   0.51  sync_slam_toolb

07:35:00      UID       PID    %usr %system  %guest   %wait    %CPU   CPU  Command
07:35:01        0    144557   11.00    0.00    0.00    0.00   11.00     8  sync_slam_toolb

07:35:00      UID       PID  minflt/s  majflt/s     VSZ     RSS   %MEM  Command
07:35:01        0    144557      0.00      0.00 2690172   80060   0.51  sync_slam_toolb

07:35:01      UID       PID    %usr %system  %guest   %wait    %CPU   CPU  Command
07:35:02        0    144557   11.00    1.00    0.00    0.00   12.00     8  sync_slam_toolb

07:35:01      UID       PID  minflt/s  majflt/s     VSZ     RSS   %MEM  Command
07:35:02        0    144557      0.00      0.00 2690172   80060   0.51  sync_slam_toolb

07:35:02      UID       PID    %usr %system  %guest   %wait    %CPU   CPU  Command
07:35:03        0    144557   11.00    0.00    0.00    0.00   11.00     8  sync_slam_toolb

07:35:02      UID       PID  minflt/s  majflt/s     VSZ     RSS   %MEM  Command
07:35:03        0    144557      0.00      0.00 2690172   80060   0.51  sync_slam_toolb

07:35:03      UID       PID    %usr %system  %guest   %wait    %CPU   CPU  Command
07:35:04        0    144557   11.00    0.00    0.00    0.00   11.00     0  sync_slam_toolb

07:35:03      UID       PID  minflt/s  majflt/s     VSZ     RSS   %MEM  Command
07:35:04        0    144557      0.00      0.00 2690172   80060   0.51  sync_slam_toolb

07:35:04      UID       PID    %usr %system  %guest   %wait    %CPU   CPU  Command
07:35:05        0    144557   11.00    0.00    0.00    0.00   11.00     0  sync_slam_toolb

07:35:04      UID       PID  minflt/s  majflt/s     VSZ     RSS   %MEM  Command
07:35:05        0    144557      0.00      0.00 2690172   80060   0.51  sync_slam_toolb

07:35:05      UID       PID    %usr %system  %guest   %wait    %CPU   CPU  Command
07:35:06        0    144557   11.00    1.00    0.00    0.00   12.00     0  sync_slam_toolb

07:35:05      UID       PID  minflt/s  majflt/s     VSZ     RSS   %MEM  Command
07:35:06        0    144557      0.00      0.00 2690172   80060   0.51  sync_slam_toolb

07:35:06      UID       PID    %usr %system  %guest   %wait    %CPU   CPU  Command
07:35:07        0    144557   11.00    0.00    0.00    0.00   11.00     0  sync_slam_toolb

07:35:06      UID       PID  minflt/s  majflt/s     VSZ     RSS   %MEM  Command
07:35:07        0    144557      0.00      0.00 2690172   80060   0.51  sync_slam_toolb

07:35:07      UID       PID    %usr %system  %guest   %wait    %CPU   CPU  Command
07:35:08        0    144557   11.00    1.00    0.00    0.00   12.00     8  sync_slam_toolb

07:35:07      UID       PID  minflt/s  majflt/s     VSZ     RSS   %MEM  Command
07:35:08        0    144557      0.00      0.00 2690172   80060   0.51  sync_slam_toolb

07:35:08      UID       PID    %usr %system  %guest   %wait    %CPU   CPU  Command
07:35:09        0    144557   10.00    0.00    0.00    0.00   10.00     8  sync_slam_toolb

07:35:08      UID       PID  minflt/s  majflt/s     VSZ     RSS   %MEM  Command
07:35:09        0    144557      0.00      0.00 2690172   80060   0.51  sync_slam_toolb

07:35:09      UID       PID    %usr %system  %guest   %wait    %CPU   CPU  Command
07:35:10        0    144557   11.00    0.00    0.00    0.00   11.00     8  sync_slam_toolb

07:35:09      UID       PID  minflt/s  majflt/s     VSZ     RSS   %MEM  Command
07:35:10        0    144557      0.00      0.00 2690172   80060   0.51  sync_slam_toolb

07:35:10      UID       PID    %usr %system  %guest   %wait    %CPU   CPU  Command
07:35:11        0    144557   11.00    1.00    0.00    0.00   12.00     8  sync_slam_toolb

07:35:10      UID       PID  minflt/s  majflt/s     VSZ     RSS   %MEM  Command
07:35:11        0    144557      0.00      0.00 2690172   80060   0.51  sync_slam_toolb

07:35:11      UID       PID    %usr %system  %guest   %wait    %CPU   CPU  Command
07:35:12        0    144557   11.00    0.00    0.00    0.00   11.00     8  sync_slam_toolb

07:35:11      UID       PID  minflt/s  majflt/s     VSZ     RSS   %MEM  Command
07:35:12        0    144557      0.00      0.00 2690172   80060   0.51  sync_slam_toolb

07:35:12      UID       PID    %usr %system  %guest   %wait    %CPU   CPU  Command
07:35:13        0    144557   11.00    0.00    0.00    0.00   11.00     8  sync_slam_toolb

07:35:12      UID       PID  minflt/s  majflt/s     VSZ     RSS   %MEM  Command
07:35:13        0    144557      0.00      0.00 2690172   80060   0.51  sync_slam_toolb

07:35:13      UID       PID    %usr %system  %guest   %wait    %CPU   CPU  Command
07:35:14        0    144557   11.00    0.00    0.00    0.00   11.00     8  sync_slam_toolb

07:35:13      UID       PID  minflt/s  majflt/s     VSZ     RSS   %MEM  Command
07:35:14        0    144557      0.00      0.00 2690172   80060   0.51  sync_slam_toolb

07:35:14      UID       PID    %usr %system  %guest   %wait    %CPU   CPU  Command
07:35:15        0    144557   10.00    0.00    0.00    0.00   10.00     8  sync_slam_toolb

07:35:14      UID       PID  minflt/s  majflt/s     VSZ     RSS   %MEM  Command
07:35:15        0    144557      0.00      0.00 2690172   80060   0.51  sync_slam_toolb

07:35:15      UID       PID    %usr %system  %guest   %wait    %CPU   CPU  Command
07:35:16        0    144557   11.00    0.00    0.00    0.00   11.00     8  sync_slam_toolb

07:35:15      UID       PID  minflt/s  majflt/s     VSZ     RSS   %MEM  Command
07:35:16        0    144557      0.00      0.00 2690172   80060   0.51  sync_slam_toolb

07:35:16      UID       PID    %usr %system  %guest   %wait    %CPU   CPU  Command
07:35:17        0    144557   11.00    0.00    0.00    0.00   11.00     8  sync_slam_toolb

07:35:16      UID       PID  minflt/s  majflt/s     VSZ     RSS   %MEM  Command
07:35:17        0    144557      0.00      0.00 2690172   80060   0.51  sync_slam_toolb

07:35:17      UID       PID    %usr %system  %guest   %wait    %CPU   CPU  Command
07:35:18        0    144557   10.00    0.00    0.00    0.00   10.00     8  sync_slam_toolb

07:35:17      UID       PID  minflt/s  majflt/s     VSZ     RSS   %MEM  Command
07:35:18        0    144557      0.00      0.00 2690172   80060   0.51  sync_slam_toolb

07:35:18      UID       PID    %usr %system  %guest   %wait    %CPU   CPU  Command
07:35:19        0    144557   11.00    0.00    0.00    0.00   11.00     8  sync_slam_toolb

07:35:18      UID       PID  minflt/s  majflt/s     VSZ     RSS   %MEM  Command
07:35:19        0    144557      0.00      0.00 2690172   80060   0.51  sync_slam_toolb

07:35:19      UID       PID    %usr %system  %guest   %wait    %CPU   CPU  Command
07:35:20        0    144557   11.00    0.00    0.00    0.00   11.00     8  sync_slam_toolb

07:35:19      UID       PID  minflt/s  majflt/s     VSZ     RSS   %MEM  Command
07:35:20        0    144557      0.00      0.00 2690172   80060   0.51  sync_slam_toolb

07:35:20      UID       PID    %usr %system  %guest   %wait    %CPU   CPU  Command
07:35:21        0    144557   11.00    0.00    0.00    0.00   11.00     8  sync_slam_toolb

07:35:20      UID       PID  minflt/s  majflt/s     VSZ     RSS   %MEM  Command
07:35:21        0    144557      0.00      0.00 2690172   80060   0.51  sync_slam_toolb

07:35:21      UID       PID    %usr %system  %guest   %wait    %CPU   CPU  Command
07:35:22        0    144557   10.89    0.99    0.00    0.00   11.88     8  sync_slam_toolb

07:35:21      UID       PID  minflt/s  majflt/s     VSZ     RSS   %MEM  Command
07:35:22        0    144557      0.00      0.00 2690172   80060   0.51  sync_slam_toolb

07:35:22      UID       PID    %usr %system  %guest   %wait    %CPU   CPU  Command
07:35:23        0    144557   10.00    1.00    0.00    0.00   11.00     2  sync_slam_toolb

07:35:22      UID       PID  minflt/s  majflt/s     VSZ     RSS   %MEM  Command
07:35:23        0    144557      0.00      0.00 2690172   80060   0.51  sync_slam_toolb

07:35:23      UID       PID    %usr %system  %guest   %wait    %CPU   CPU  Command
07:35:24        0    144557   12.00    0.00    0.00    0.00   12.00     2  sync_slam_toolb

07:35:23      UID       PID  minflt/s  majflt/s     VSZ     RSS   %MEM  Command
07:35:24        0    144557      0.00      0.00 2690172   80060   0.51  sync_slam_toolb

07:35:24      UID       PID    %usr %system  %guest   %wait    %CPU   CPU  Command
07:35:25        0    144557   10.00    1.00    0.00    0.00   11.00     2  sync_slam_toolb

07:35:24      UID       PID  minflt/s  majflt/s     VSZ     RSS   %MEM  Command
07:35:25        0    144557      0.00      0.00 2690172   80060   0.51  sync_slam_toolb

07:35:25      UID       PID    %usr %system  %guest   %wait    %CPU   CPU  Command
07:35:26        0    144557   11.00    1.00    0.00    0.00   12.00     2  sync_slam_toolb

07:35:25      UID       PID  minflt/s  majflt/s     VSZ     RSS   %MEM  Command
07:35:26        0    144557      0.00      0.00 2690172   80060   0.51  sync_slam_toolb

07:35:26      UID       PID    %usr %system  %guest   %wait    %CPU   CPU  Command
07:35:27        0    144557   11.00    0.00    0.00    0.00   11.00     2  sync_slam_toolb

07:35:26      UID       PID  minflt/s  majflt/s     VSZ     RSS   %MEM  Command
07:35:27        0    144557      0.00      0.00 2690172   80060   0.51  sync_slam_toolb

07:35:27      UID       PID    %usr %system  %guest   %wait    %CPU   CPU  Command
07:35:28        0    144557   11.00    1.00    0.00    0.00   12.00     2  sync_slam_toolb

07:35:27      UID       PID  minflt/s  majflt/s     VSZ     RSS   %MEM  Command
07:35:28        0    144557      0.00      0.00 2690172   80060   0.51  sync_slam_toolb

07:35:28      UID       PID    %usr %system  %guest   %wait    %CPU   CPU  Command
07:35:29        0    144557   11.00    0.00    0.00    0.00   11.00     2  sync_slam_toolb

07:35:28      UID       PID  minflt/s  majflt/s     VSZ     RSS   %MEM  Command
07:35:29        0    144557      0.00      0.00 2690172   80060   0.51  sync_slam_toolb

07:35:29      UID       PID    %usr %system  %guest   %wait    %CPU   CPU  Command
07:35:30        0    144557   11.00    1.00    0.00    0.00   12.00     2  sync_slam_toolb

07:35:29      UID       PID  minflt/s  majflt/s     VSZ     RSS   %MEM  Command
07:35:30        0    144557      0.00      0.00 2690172   80060   0.51  sync_slam_toolb

07:35:30      UID       PID    %usr %system  %guest   %wait    %CPU   CPU  Command
07:35:31        0    144557   11.00    0.00    0.00    0.00   11.00     2  sync_slam_toolb

07:35:30      UID       PID  minflt/s  majflt/s     VSZ     RSS   %MEM  Command
07:35:31        0    144557      0.00      0.00 2690172   80060   0.51  sync_slam_toolb

07:35:31      UID       PID    %usr %system  %guest   %wait    %CPU   CPU  Command
07:35:32        0    144557   11.00    0.00    0.00    0.00   11.00    10  sync_slam_toolb

07:35:31      UID       PID  minflt/s  majflt/s     VSZ     RSS   %MEM  Command
07:35:32        0    144557      0.00      0.00 2690172   80060   0.51  sync_slam_toolb

07:35:32      UID       PID    %usr %system  %guest   %wait    %CPU   CPU  Command
07:35:33        0    144557   12.00    0.00    0.00    0.00   12.00    10  sync_slam_toolb

07:35:32      UID       PID  minflt/s  majflt/s     VSZ     RSS   %MEM  Command
07:35:33        0    144557      0.00      0.00 2690172   80060   0.51  sync_slam_toolb

07:35:33      UID       PID    %usr %system  %guest   %wait    %CPU   CPU  Command
07:35:34        0    144557   11.00    0.00    0.00    0.00   11.00    10  sync_slam_toolb

07:35:33      UID       PID  minflt/s  majflt/s     VSZ     RSS   %MEM  Command
07:35:34        0    144557      0.00      0.00 2690172   80060   0.51  sync_slam_toolb

07:35:34      UID       PID    %usr %system  %guest   %wait    %CPU   CPU  Command
07:35:35        0    144557   11.00    1.00    0.00    0.00   12.00    10  sync_slam_toolb

07:35:34      UID       PID  minflt/s  majflt/s     VSZ     RSS   %MEM  Command
07:35:35        0    144557      0.00      0.00 2690172   80060   0.51  sync_slam_toolb

07:35:35      UID       PID    %usr %system  %guest   %wait    %CPU   CPU  Command
07:35:36        0    144557   12.00    0.00    0.00    0.00   12.00     8  sync_slam_toolb

07:35:35      UID       PID  minflt/s  majflt/s     VSZ     RSS   %MEM  Command
07:35:36        0    144557      0.00      0.00 2690172   80060   0.51  sync_slam_toolb

07:35:36      UID       PID    %usr %system  %guest   %wait    %CPU   CPU  Command
07:35:37        0    144557   10.00    0.00    0.00    0.00   10.00    12  sync_slam_toolb

07:35:36      UID       PID  minflt/s  majflt/s     VSZ     RSS   %MEM  Command
07:35:37        0    144557      0.00      0.00 2690172   80060   0.51  sync_slam_toolb

07:35:37      UID       PID    %usr %system  %guest   %wait    %CPU   CPU  Command
07:35:38        0    144557   11.00    0.00    0.00    0.00   11.00     2  sync_slam_toolb

07:35:37      UID       PID  minflt/s  majflt/s     VSZ     RSS   %MEM  Command
07:35:38        0    144557      0.00      0.00 2690172   80060   0.51  sync_slam_toolb

07:35:38      UID       PID    %usr %system  %guest   %wait    %CPU   CPU  Command
07:35:39        0    144557   11.00    0.00    0.00    0.00   11.00     2  sync_slam_toolb

07:35:38      UID       PID  minflt/s  majflt/s     VSZ     RSS   %MEM  Command
07:35:39        0    144557      0.00      0.00 2690172   80060   0.51  sync_slam_toolb

07:35:39      UID       PID    %usr %system  %guest   %wait    %CPU   CPU  Command
07:35:40        0    144557   11.00    1.00    0.00    0.00   12.00    12  sync_slam_toolb

07:35:39      UID       PID  minflt/s  majflt/s     VSZ     RSS   %MEM  Command
07:35:40        0    144557      0.00      0.00 2690172   80060   0.51  sync_slam_toolb

07:35:40      UID       PID    %usr %system  %guest   %wait    %CPU   CPU  Command
07:35:41        0    144557   11.00    0.00    0.00    0.00   11.00    12  sync_slam_toolb

07:35:40      UID       PID  minflt/s  majflt/s     VSZ     RSS   %MEM  Command
07:35:41        0    144557      0.00      0.00 2690172   80060   0.51  sync_slam_toolb

07:35:41      UID       PID    %usr %system  %guest   %wait    %CPU   CPU  Command
07:35:42        0    144557   11.00    0.00    0.00    0.00   11.00    12  sync_slam_toolb

07:35:41      UID       PID  minflt/s  majflt/s     VSZ     RSS   %MEM  Command
07:35:42        0    144557      0.00      0.00 2690172   80060   0.51  sync_slam_toolb

07:35:42      UID       PID    %usr %system  %guest   %wait    %CPU   CPU  Command
07:35:43        0    144557   11.00    1.00    0.00    0.00   12.00     8  sync_slam_toolb

07:35:42      UID       PID  minflt/s  majflt/s     VSZ     RSS   %MEM  Command
07:35:43        0    144557      0.00      0.00 2690172   80060   0.51  sync_slam_toolb

07:35:43      UID       PID    %usr %system  %guest   %wait    %CPU   CPU  Command
07:35:44        0    144557   11.00    0.00    0.00    0.00   11.00     2  sync_slam_toolb

07:35:43      UID       PID  minflt/s  majflt/s     VSZ     RSS   %MEM  Command
07:35:44        0    144557      0.00      0.00 2690172   80060   0.51  sync_slam_toolb

07:35:44      UID       PID    %usr %system  %guest   %wait    %CPU   CPU  Command
07:35:45        0    144557   11.00    0.00    0.00    0.00   11.00     2  sync_slam_toolb

07:35:44      UID       PID  minflt/s  majflt/s     VSZ     RSS   %MEM  Command
07:35:45        0    144557      0.00      0.00 2690172   80060   0.51  sync_slam_toolb

07:35:45      UID       PID    %usr %system  %guest   %wait    %CPU   CPU  Command
07:35:46        0    144557   11.00    1.00    0.00    0.00   12.00     2  sync_slam_toolb

07:35:45      UID       PID  minflt/s  majflt/s     VSZ     RSS   %MEM  Command
07:35:46        0    144557      0.00      0.00 2690172   80060   0.51  sync_slam_toolb

07:35:46      UID       PID    %usr %system  %guest   %wait    %CPU   CPU  Command
07:35:47        0    144557   11.00    0.00    0.00    0.00   11.00     2  sync_slam_toolb

07:35:46      UID       PID  minflt/s  majflt/s     VSZ     RSS   %MEM  Command
07:35:47        0    144557      0.00      0.00 2690172   80060   0.51  sync_slam_toolb

07:35:47      UID       PID    %usr %system  %guest   %wait    %CPU   CPU  Command
07:35:48        0    144557   11.00    0.00    0.00    0.00   11.00     8  sync_slam_toolb

07:35:47      UID       PID  minflt/s  majflt/s     VSZ     RSS   %MEM  Command
07:35:48        0    144557      0.00      0.00 2690172   80060   0.51  sync_slam_toolb

07:35:48      UID       PID    %usr %system  %guest   %wait    %CPU   CPU  Command
07:35:49        0    144557   11.00    0.00    0.00    0.00   11.00     8  sync_slam_toolb

07:35:48      UID       PID  minflt/s  majflt/s     VSZ     RSS   %MEM  Command
07:35:49        0    144557      0.00      0.00 2690172   80060   0.51  sync_slam_toolb

07:35:49      UID       PID    %usr %system  %guest   %wait    %CPU   CPU  Command
07:35:50        0    144557   11.00    1.00    0.00    0.00   12.00     8  sync_slam_toolb

07:35:49      UID       PID  minflt/s  majflt/s     VSZ     RSS   %MEM  Command
07:35:50        0    144557      0.00      0.00 2690172   80060   0.51  sync_slam_toolb

07:35:50      UID       PID    %usr %system  %guest   %wait    %CPU   CPU  Command
07:35:51        0    144557   11.00    0.00    0.00    0.00   11.00     2  sync_slam_toolb

07:35:50      UID       PID  minflt/s  majflt/s     VSZ     RSS   %MEM  Command
07:35:51        0    144557      0.00      0.00 2690172   80060   0.51  sync_slam_toolb

07:35:51      UID       PID    %usr %system  %guest   %wait    %CPU   CPU  Command
07:35:52        0    144557   10.00    1.00    0.00    0.00   11.00     2  sync_slam_toolb

07:35:51      UID       PID  minflt/s  majflt/s     VSZ     RSS   %MEM  Command
07:35:52        0    144557      0.00      0.00 2690172   80060   0.51  sync_slam_toolb

07:35:52      UID       PID    %usr %system  %guest   %wait    %CPU   CPU  Command
07:35:53        0    144557   11.00    0.00    0.00    0.00   11.00    14  sync_slam_toolb

07:35:52      UID       PID  minflt/s  majflt/s     VSZ     RSS   %MEM  Command
07:35:53        0    144557      0.00      0.00 2690172   80060   0.51  sync_slam_toolb

07:35:53      UID       PID    %usr %system  %guest   %wait    %CPU   CPU  Command
07:35:54        0    144557   11.00    0.00    0.00    0.00   11.00    14  sync_slam_toolb

07:35:53      UID       PID  minflt/s  majflt/s     VSZ     RSS   %MEM  Command
07:35:54        0    144557      0.00      0.00 2690172   80060   0.51  sync_slam_toolb

07:35:54      UID       PID    %usr %system  %guest   %wait    %CPU   CPU  Command
07:35:55        0    144557   11.00    1.00    0.00    0.00   12.00    14  sync_slam_toolb

07:35:54      UID       PID  minflt/s  majflt/s     VSZ     RSS   %MEM  Command
07:35:55        0    144557      0.00      0.00 2690172   80060   0.51  sync_slam_toolb

07:35:55      UID       PID    %usr %system  %guest   %wait    %CPU   CPU  Command
07:35:56        0    144557   11.00    0.00    0.00    0.00   11.00    14  sync_slam_toolb

07:35:55      UID       PID  minflt/s  majflt/s     VSZ     RSS   %MEM  Command
07:35:56        0    144557      0.00      0.00 2690172   80060   0.51  sync_slam_toolb

07:35:56      UID       PID    %usr %system  %guest   %wait    %CPU   CPU  Command
07:35:57        0    144557   11.00    1.00    0.00    0.00   12.00     0  sync_slam_toolb

07:35:56      UID       PID  minflt/s  majflt/s     VSZ     RSS   %MEM  Command
07:35:57        0    144557      0.00      0.00 2690172   80060   0.51  sync_slam_toolb

07:35:57      UID       PID    %usr %system  %guest   %wait    %CPU   CPU  Command
07:35:58        0    144557   12.00    0.00    0.00    0.00   12.00    14  sync_slam_toolb

07:35:57      UID       PID  minflt/s  majflt/s     VSZ     RSS   %MEM  Command
07:35:58        0    144557      0.00      0.00 2690172   80060   0.51  sync_slam_toolb

07:35:58      UID       PID    %usr %system  %guest   %wait    %CPU   CPU  Command
07:35:59        0    144557   11.00    0.00    0.00    0.00   11.00    14  sync_slam_toolb

07:35:58      UID       PID  minflt/s  majflt/s     VSZ     RSS   %MEM  Command
07:35:59        0    144557      0.00      0.00 2690172   80060   0.51  sync_slam_toolb

07:35:59      UID       PID    %usr %system  %guest   %wait    %CPU   CPU  Command
07:36:00        0    144557   11.00    0.00    0.00    0.00   11.00    14  sync_slam_toolb

07:35:59      UID       PID  minflt/s  majflt/s     VSZ     RSS   %MEM  Command
07:36:00        0    144557      0.00      0.00 2690172   80060   0.51  sync_slam_toolb

07:36:00      UID       PID    %usr %system  %guest   %wait    %CPU   CPU  Command
07:36:01        0    144557   11.00    1.00    0.00    0.00   12.00    14  sync_slam_toolb

07:36:00      UID       PID  minflt/s  majflt/s     VSZ     RSS   %MEM  Command
07:36:01        0    144557      0.00      0.00 2690172   80060   0.51  sync_slam_toolb

07:36:01      UID       PID    %usr %system  %guest   %wait    %CPU   CPU  Command
07:36:02        0    144557   11.00    0.00    0.00    0.00   11.00    14  sync_slam_toolb

07:36:01      UID       PID  minflt/s  majflt/s     VSZ     RSS   %MEM  Command
07:36:02        0    144557      0.00      0.00 2690172   80060   0.51  sync_slam_toolb

07:36:02      UID       PID    %usr %system  %guest   %wait    %CPU   CPU  Command
07:36:03        0    144557   11.00    1.00    0.00    0.00   12.00    14  sync_slam_toolb

07:36:02      UID       PID  minflt/s  majflt/s     VSZ     RSS   %MEM  Command
07:36:03        0    144557      0.00      0.00 2690172   80060   0.51  sync_slam_toolb

07:36:03      UID       PID    %usr %system  %guest   %wait    %CPU   CPU  Command
07:36:04        0    144557   11.00    0.00    0.00    0.00   11.00    14  sync_slam_toolb

07:36:03      UID       PID  minflt/s  majflt/s     VSZ     RSS   %MEM  Command
07:36:04        0    144557      0.00      0.00 2690172   80060   0.51  sync_slam_toolb

07:36:04      UID       PID    %usr %system  %guest   %wait    %CPU   CPU  Command
07:36:05        0    144557   10.89    0.99    0.00    0.00   11.88     0  sync_slam_toolb

07:36:04      UID       PID  minflt/s  majflt/s     VSZ     RSS   %MEM  Command
07:36:05        0    144557      0.00      0.00 2690172   80060   0.51  sync_slam_toolb

07:36:05      UID       PID    %usr %system  %guest   %wait    %CPU   CPU  Command
07:36:06        0    144557   10.00    1.00    0.00    0.00   11.00     0  sync_slam_toolb

07:36:05      UID       PID  minflt/s  majflt/s     VSZ     RSS   %MEM  Command
07:36:06        0    144557      0.00      0.00 2690172   80060   0.51  sync_slam_toolb

07:36:06      UID       PID    %usr %system  %guest   %wait    %CPU   CPU  Command
07:36:07        0    144557   11.00    1.00    0.00    0.00   12.00    14  sync_slam_toolb

07:36:06      UID       PID  minflt/s  majflt/s     VSZ     RSS   %MEM  Command
07:36:07        0    144557      0.00      0.00 2690172   80060   0.51  sync_slam_toolb

07:36:07      UID       PID    %usr %system  %guest   %wait    %CPU   CPU  Command
07:36:08        0    144557   11.00    0.00    0.00    0.00   11.00    14  sync_slam_toolb

07:36:07      UID       PID  minflt/s  majflt/s     VSZ     RSS   %MEM  Command
07:36:08        0    144557      0.00      0.00 2690172   80060   0.51  sync_slam_toolb

07:36:08      UID       PID    %usr %system  %guest   %wait    %CPU   CPU  Command
07:36:09        0    144557   11.00    0.00    0.00    0.00   11.00    14  sync_slam_toolb

07:36:08      UID       PID  minflt/s  majflt/s     VSZ     RSS   %MEM  Command
07:36:09        0    144557      0.00      0.00 2690172   80060   0.51  sync_slam_toolb

07:36:09      UID       PID    %usr %system  %guest   %wait    %CPU   CPU  Command
07:36:10        0    144557   11.00    1.00    0.00    0.00   12.00     6  sync_slam_toolb

07:36:09      UID       PID  minflt/s  majflt/s     VSZ     RSS   %MEM  Command
07:36:10        0    144557      0.00      0.00 2690172   80060   0.51  sync_slam_toolb

07:36:10      UID       PID    %usr %system  %guest   %wait    %CPU   CPU  Command
07:36:11        0    144557   10.00    0.00    0.00    0.00   10.00     6  sync_slam_toolb

07:36:10      UID       PID  minflt/s  majflt/s     VSZ     RSS   %MEM  Command
07:36:11        0    144557      0.00      0.00 2690172   80060   0.51  sync_slam_toolb

07:36:11      UID       PID    %usr %system  %guest   %wait    %CPU   CPU  Command
07:36:12        0    144557   12.00    0.00    0.00    0.00   12.00     6  sync_slam_toolb

07:36:11      UID       PID  minflt/s  majflt/s     VSZ     RSS   %MEM  Command
07:36:12        0    144557      0.00      0.00 2690172   80060   0.51  sync_slam_toolb

07:36:12      UID       PID    %usr %system  %guest   %wait    %CPU   CPU  Command
07:36:13        0    144557   12.00    1.00    0.00    0.00   13.00     6  sync_slam_toolb

07:36:12      UID       PID  minflt/s  majflt/s     VSZ     RSS   %MEM  Command
07:36:13        0    144557      0.00      0.00 2690172   80060   0.51  sync_slam_toolb

07:36:13      UID       PID    %usr %system  %guest   %wait    %CPU   CPU  Command
07:36:14        0    144557   10.00    0.00    0.00    0.00   10.00    14  sync_slam_toolb

07:36:13      UID       PID  minflt/s  majflt/s     VSZ     RSS   %MEM  Command
07:36:14        0    144557      0.00      0.00 2690172   80060   0.51  sync_slam_toolb

07:36:14      UID       PID    %usr %system  %guest   %wait    %CPU   CPU  Command
07:36:15        0    144557   11.00    0.00    0.00    0.00   11.00    14  sync_slam_toolb

07:36:14      UID       PID  minflt/s  majflt/s     VSZ     RSS   %MEM  Command
07:36:15        0    144557      0.00      0.00 2690172   80060   0.51  sync_slam_toolb

07:36:15      UID       PID    %usr %system  %guest   %wait    %CPU   CPU  Command
07:36:16        0    144557   11.00    1.00    0.00    0.00   12.00    14  sync_slam_toolb

07:36:15      UID       PID  minflt/s  majflt/s     VSZ     RSS   %MEM  Command
07:36:16        0    144557      0.00      0.00 2690172   80060   0.51  sync_slam_toolb

07:36:16      UID       PID    %usr %system  %guest   %wait    %CPU   CPU  Command
07:36:17        0    144557   12.00    0.00    0.00    0.00   12.00     6  sync_slam_toolb

07:36:16      UID       PID  minflt/s  majflt/s     VSZ     RSS   %MEM  Command
07:36:17        0    144557      0.00      0.00 2690172   80060   0.51  sync_slam_toolb

07:36:17      UID       PID    %usr %system  %guest   %wait    %CPU   CPU  Command
07:36:18        0    144557   11.00    0.00    0.00    0.00   11.00     6  sync_slam_toolb

07:36:17      UID       PID  minflt/s  majflt/s     VSZ     RSS   %MEM  Command
07:36:18        0    144557      0.00      0.00 2690172   80060   0.51  sync_slam_toolb

07:36:18      UID       PID    %usr %system  %guest   %wait    %CPU   CPU  Command
07:36:19        0    144557   11.00    0.00    0.00    0.00   11.00    14  sync_slam_toolb

07:36:18      UID       PID  minflt/s  majflt/s     VSZ     RSS   %MEM  Command
07:36:19        0    144557      0.00      0.00 2690172   80060   0.51  sync_slam_toolb

07:36:19      UID       PID    %usr %system  %guest   %wait    %CPU   CPU  Command
07:36:20        0    144557   11.00    0.00    0.00    0.00   11.00    14  sync_slam_toolb

07:36:19      UID       PID  minflt/s  majflt/s     VSZ     RSS   %MEM  Command
07:36:20        0    144557      0.00      0.00 2690172   80060   0.51  sync_slam_toolb

07:36:20      UID       PID    %usr %system  %guest   %wait    %CPU   CPU  Command
07:36:21        0    144557   11.00    1.00    0.00    0.00   12.00    14  sync_slam_toolb

07:36:20      UID       PID  minflt/s  majflt/s     VSZ     RSS   %MEM  Command
07:36:21        0    144557      0.00      0.00 2690172   80060   0.51  sync_slam_toolb

07:36:21      UID       PID    %usr %system  %guest   %wait    %CPU   CPU  Command
07:36:22        0    144557   11.00    0.00    0.00    0.00   11.00    14  sync_slam_toolb

07:36:21      UID       PID  minflt/s  majflt/s     VSZ     RSS   %MEM  Command
07:36:22        0    144557      0.00      0.00 2690172   80060   0.51  sync_slam_toolb

07:36:22      UID       PID    %usr %system  %guest   %wait    %CPU   CPU  Command
07:36:23        0    144557   11.00    0.00    0.00    0.00   11.00    14  sync_slam_toolb

07:36:22      UID       PID  minflt/s  majflt/s     VSZ     RSS   %MEM  Command
07:36:23        0    144557      0.00      0.00 2690172   80060   0.51  sync_slam_toolb

07:36:23      UID       PID    %usr %system  %guest   %wait    %CPU   CPU  Command
07:36:24        0    144557   11.00    0.00    0.00    0.00   11.00    14  sync_slam_toolb

07:36:23      UID       PID  minflt/s  majflt/s     VSZ     RSS   %MEM  Command
07:36:24        0    144557      0.00      0.00 2690172   80060   0.51  sync_slam_toolb

07:36:24      UID       PID    %usr %system  %guest   %wait    %CPU   CPU  Command
07:36:25        0    144557   11.00    1.00    0.00    0.00   12.00     6  sync_slam_toolb

07:36:24      UID       PID  minflt/s  majflt/s     VSZ     RSS   %MEM  Command
07:36:25        0    144557      0.00      0.00 2690172   80060   0.51  sync_slam_toolb


Average:      UID       PID    %usr %system  %guest   %wait    %CPU   CPU  Command
Average:        0    144557   10.93    0.80    0.00    0.00   11.73     -  sync_slam_toolb

Average:      UID       PID  minflt/s  majflt/s     VSZ     RSS   %MEM  Command
Average:        0    144557     50.32      0.00 2505762   67469   0.43  sync_slam_toolb
