Linux 6.17.0-23-generic (admin1-ASUS-TUF-Gaming-A15-FA507NU-FA507NU) 	05/11/26 	_x86_64_	(16 CPU)

06:01:23      UID       PID    %usr %system  %guest   %wait    %CPU   CPU  Command
06:01:24        0    115575    6.00    1.00    0.00    0.00    7.00     4  hector_mapping_

06:01:23      UID       PID  minflt/s  majflt/s     VSZ     RSS   %MEM  Command
06:01:24        0    115575      0.00      0.00 1075116  451088   2.89  hector_mapping_

06:01:24      UID       PID    %usr %system  %guest   %wait    %CPU   CPU  Command
06:01:25        0    115575    6.00    0.00    0.00    0.00    6.00     6  hector_mapping_

06:01:24      UID       PID  minflt/s  majflt/s     VSZ     RSS   %MEM  Command
06:01:25        0    115575      0.00      0.00 1075116  451088   2.89  hector_mapping_

06:01:25      UID       PID    %usr %system  %guest   %wait    %CPU   CPU  Command
06:01:26        0    115575    6.00    0.00    0.00    0.00    6.00    12  hector_mapping_

06:01:25      UID       PID  minflt/s  majflt/s     VSZ     RSS   %MEM  Command
06:01:26        0    115575      0.00      0.00 1075116  451088   2.89  hector_mapping_

06:01:26      UID       PID    %usr %system  %guest   %wait    %CPU   CPU  Command
06:01:27        0    115575    6.00    1.00    0.00    0.00    7.00     2  hector_mapping_

06:01:26      UID       PID  minflt/s  majflt/s     VSZ     RSS   %MEM  Command
06:01:27        0    115575      0.00      0.00 1075116  451088   2.89  hector_mapping_

06:01:27      UID       PID    %usr %system  %guest   %wait    %CPU   CPU  Command
06:01:28        0    115575    6.00    0.00    0.00    0.00    6.00     4  hector_mapping_

06:01:27      UID       PID  minflt/s  majflt/s     VSZ     RSS   %MEM  Command
06:01:28        0    115575      0.00      0.00 1075116  451088   2.89  hector_mapping_

06:01:28      UID       PID    %usr %system  %guest   %wait    %CPU   CPU  Command
06:01:29        0    115575    6.00    1.00    0.00    0.00    7.00     3  hector_mapping_

06:01:28      UID       PID  minflt/s  majflt/s     VSZ     RSS   %MEM  Command
06:01:29        0    115575      0.00      0.00 1075116  451088   2.89  hector_mapping_

06:01:29      UID       PID    %usr %system  %guest   %wait    %CPU   CPU  Command
06:01:30        0    115575    6.00    0.00    0.00    0.00    6.00     3  hector_mapping_

06:01:29      UID       PID  minflt/s  majflt/s     VSZ     RSS   %MEM  Command
06:01:30        0    115575      0.00      0.00 1075116  451088   2.89  hector_mapping_

06:01:30      UID       PID    %usr %system  %guest   %wait    %CPU   CPU  Command
06:01:31        0    115575    6.00    1.00    0.00    0.00    7.00     3  hector_mapping_

06:01:30      UID       PID  minflt/s  majflt/s     VSZ     RSS   %MEM  Command
06:01:31        0    115575      0.00      0.00 1075116  451088   2.89  hector_mapping_

06:01:31      UID       PID    %usr %system  %guest   %wait    %CPU   CPU  Command
06:01:32        0    115575    6.00    1.00    0.00    0.00    7.00     6  hector_mapping_

06:01:31      UID       PID  minflt/s  majflt/s     VSZ     RSS   %MEM  Command
06:01:32        0    115575      0.00      0.00 1075116  451088   2.89  hector_mapping_

06:01:32      UID       PID    %usr %system  %guest   %wait    %CPU   CPU  Command
06:01:33        0    115575    5.00    0.00    0.00    0.00    5.00     3  hector_mapping_

06:01:32      UID       PID  minflt/s  majflt/s     VSZ     RSS   %MEM  Command
06:01:33        0    115575      0.00      0.00 1075116  451088   2.89  hector_mapping_

06:01:33      UID       PID    %usr %system  %guest   %wait    %CPU   CPU  Command
06:01:34        0    115575    7.00    0.00    0.00    0.00    7.00     3  hector_mapping_

06:01:33      UID       PID  minflt/s  majflt/s     VSZ     RSS   %MEM  Command
06:01:34        0    115575      0.00      0.00 1075116  451088   2.89  hector_mapping_

06:01:34      UID       PID    %usr %system  %guest   %wait    %CPU   CPU  Command
06:01:35        0    115575    6.00    1.00    0.00    0.00    7.00     3  hector_mapping_

06:01:34      UID       PID  minflt/s  majflt/s     VSZ     RSS   %MEM  Command
06:01:35        0    115575      0.00      0.00 1075116  451088   2.89  hector_mapping_

06:01:35      UID       PID    %usr %system  %guest   %wait    %CPU   CPU  Command
06:01:36        0    115575    6.00    0.00    0.00    0.00    6.00     3  hector_mapping_

06:01:35      UID       PID  minflt/s  majflt/s     VSZ     RSS   %MEM  Command
06:01:36        0    115575      0.00      0.00 1075116  451088   2.89  hector_mapping_

06:01:36      UID       PID    %usr %system  %guest   %wait    %CPU   CPU  Command
06:01:37        0    115575    7.00    1.00    0.00    0.00    8.00     8  hector_mapping_

06:01:36      UID       PID  minflt/s  majflt/s     VSZ     RSS   %MEM  Command
06:01:37        0    115575      0.00      0.00 1075116  451088   2.89  hector_mapping_

06:01:37      UID       PID    %usr %system  %guest   %wait    %CPU   CPU  Command
06:01:38        0    115575    6.00    0.00    0.00    0.00    6.00     2  hector_mapping_

06:01:37      UID       PID  minflt/s  majflt/s     VSZ     RSS   %MEM  Command
06:01:38        0    115575      0.00      0.00 1075116  451088   2.89  hector_mapping_

06:01:38      UID       PID    %usr %system  %guest   %wait    %CPU   CPU  Command
06:01:39        0    115575    6.00    1.00    0.00    0.00    7.00     6  hector_mapping_

06:01:38      UID       PID  minflt/s  majflt/s     VSZ     RSS   %MEM  Command
06:01:39        0    115575      0.00      0.00 1075116  451088   2.89  hector_mapping_

06:01:39      UID       PID    %usr %system  %guest   %wait    %CPU   CPU  Command
06:01:40        0    115575    6.00    0.00    0.00    0.00    6.00     6  hector_mapping_

06:01:39      UID       PID  minflt/s  majflt/s     VSZ     RSS   %MEM  Command
06:01:40        0    115575      0.00      0.00 1075116  451088   2.89  hector_mapping_

06:01:40      UID       PID    %usr %system  %guest   %wait    %CPU   CPU  Command
06:01:41        0    115575    6.00    0.00    0.00    0.00    6.00     6  hector_mapping_

06:01:40      UID       PID  minflt/s  majflt/s     VSZ     RSS   %MEM  Command
06:01:41        0    115575      0.00      0.00 1075116  451088   2.89  hector_mapping_

06:01:41      UID       PID    %usr %system  %guest   %wait    %CPU   CPU  Command
06:01:42        0    115575    6.00    1.00    0.00    0.00    7.00    12  hector_mapping_

06:01:41      UID       PID  minflt/s  majflt/s     VSZ     RSS   %MEM  Command
06:01:42        0    115575      0.00      0.00 1075116  451088   2.89  hector_mapping_

06:01:42      UID       PID    %usr %system  %guest   %wait    %CPU   CPU  Command
06:01:43        0    115575    6.00    1.00    0.00    0.00    7.00     2  hector_mapping_

06:01:42      UID       PID  minflt/s  majflt/s     VSZ     RSS   %MEM  Command
06:01:43        0    115575      0.00      0.00 1075116  451088   2.89  hector_mapping_

06:01:43      UID       PID    %usr %system  %guest   %wait    %CPU   CPU  Command
06:01:44        0    115575    6.00    0.00    0.00    0.00    6.00     7  hector_mapping_

06:01:43      UID       PID  minflt/s  majflt/s     VSZ     RSS   %MEM  Command
06:01:44        0    115575      0.00      0.00 1075116  451088   2.89  hector_mapping_

06:01:44      UID       PID    %usr %system  %guest   %wait    %CPU   CPU  Command
06:01:45        0    115575    5.00    0.00    0.00    0.00    5.00     7  hector_mapping_

06:01:44      UID       PID  minflt/s  majflt/s     VSZ     RSS   %MEM  Command
06:01:45        0    115575      0.00      0.00 1075116  451088   2.89  hector_mapping_

06:01:45      UID       PID    %usr %system  %guest   %wait    %CPU   CPU  Command
06:01:46        0    115575    5.00    1.00    0.00    0.00    6.00     2  hector_mapping_

06:01:45      UID       PID  minflt/s  majflt/s     VSZ     RSS   %MEM  Command
06:01:46        0    115575      0.00      0.00 1075116  451088   2.89  hector_mapping_

06:01:46      UID       PID    %usr %system  %guest   %wait    %CPU   CPU  Command
06:01:47        0    115575    5.00    0.00    0.00    0.00    5.00     7  hector_mapping_

06:01:46      UID       PID  minflt/s  majflt/s     VSZ     RSS   %MEM  Command
06:01:47        0    115575      0.00      0.00 1075116  451088   2.89  hector_mapping_

06:01:47      UID       PID    %usr %system  %guest   %wait    %CPU   CPU  Command
06:01:48        0    115575    6.00    1.00    0.00    0.00    7.00     7  hector_mapping_

06:01:47      UID       PID  minflt/s  majflt/s     VSZ     RSS   %MEM  Command
06:01:48        0    115575      0.00      0.00 1075116  451088   2.89  hector_mapping_

06:01:48      UID       PID    %usr %system  %guest   %wait    %CPU   CPU  Command
06:01:49        0    115575    6.00    1.00    0.00    0.00    7.00     2  hector_mapping_

06:01:48      UID       PID  minflt/s  majflt/s     VSZ     RSS   %MEM  Command
06:01:49        0    115575      0.00      0.00 1075116  451088   2.89  hector_mapping_

06:01:49      UID       PID    %usr %system  %guest   %wait    %CPU   CPU  Command
06:01:50        0    115575    6.00    0.00    0.00    0.00    6.00    10  hector_mapping_

06:01:49      UID       PID  minflt/s  majflt/s     VSZ     RSS   %MEM  Command
06:01:50        0    115575      0.00      0.00 1075116  451088   2.89  hector_mapping_

06:01:50      UID       PID    %usr %system  %guest   %wait    %CPU   CPU  Command
06:01:51        0    115575    5.94    0.99    0.00    0.00    6.93     4  hector_mapping_

06:01:50      UID       PID  minflt/s  majflt/s     VSZ     RSS   %MEM  Command
06:01:51        0    115575      0.00      0.00 1075116  451088   2.89  hector_mapping_

06:01:51      UID       PID    %usr %system  %guest   %wait    %CPU   CPU  Command
06:01:52        0    115575    6.00    1.00    0.00    0.00    7.00     2  hector_mapping_

06:01:51      UID       PID  minflt/s  majflt/s     VSZ     RSS   %MEM  Command
06:01:52        0    115575      0.00      0.00 1075116  451088   2.89  hector_mapping_

06:01:52      UID       PID    %usr %system  %guest   %wait    %CPU   CPU  Command
06:01:53        0    115575    5.00    1.00    0.00    0.00    6.00     6  hector_mapping_

06:01:52      UID       PID  minflt/s  majflt/s     VSZ     RSS   %MEM  Command
06:01:53        0    115575      0.00      0.00 1075116  451088   2.89  hector_mapping_

06:01:53      UID       PID    %usr %system  %guest   %wait    %CPU   CPU  Command
06:01:54        0    115575    6.00    1.00    0.00    0.00    7.00     6  hector_mapping_

06:01:53      UID       PID  minflt/s  majflt/s     VSZ     RSS   %MEM  Command
06:01:54        0    115575      0.00      0.00 1075116  451088   2.89  hector_mapping_

06:01:54      UID       PID    %usr %system  %guest   %wait    %CPU   CPU  Command
06:01:55        0    115575    6.00    0.00    0.00    0.00    6.00     6  hector_mapping_

06:01:54      UID       PID  minflt/s  majflt/s     VSZ     RSS   %MEM  Command
06:01:55        0    115575      0.00      0.00 1075116  451088   2.89  hector_mapping_

06:01:55      UID       PID    %usr %system  %guest   %wait    %CPU   CPU  Command
06:01:56        0    115575    6.00    1.00    0.00    0.00    7.00     6  hector_mapping_

06:01:55      UID       PID  minflt/s  majflt/s     VSZ     RSS   %MEM  Command
06:01:56        0    115575      0.00      0.00 1075116  451088   2.89  hector_mapping_

06:01:56      UID       PID    %usr %system  %guest   %wait    %CPU   CPU  Command
06:01:57        0    115575    7.00    0.00    0.00    0.00    7.00     6  hector_mapping_

06:01:56      UID       PID  minflt/s  majflt/s     VSZ     RSS   %MEM  Command
06:01:57        0    115575      0.00      0.00 1075116  451088   2.89  hector_mapping_

06:01:57      UID       PID    %usr %system  %guest   %wait    %CPU   CPU  Command
06:01:58        0    115575    5.00    1.00    0.00    0.00    6.00     6  hector_mapping_

06:01:57      UID       PID  minflt/s  majflt/s     VSZ     RSS   %MEM  Command
06:01:58        0    115575      0.00      0.00 1075116  451088   2.89  hector_mapping_

06:01:58      UID       PID    %usr %system  %guest   %wait    %CPU   CPU  Command
06:01:59        0    115575    7.00    1.00    0.00    0.00    8.00     8  hector_mapping_

06:01:58      UID       PID  minflt/s  majflt/s     VSZ     RSS   %MEM  Command
06:01:59        0    115575      0.00      0.00 1075116  451088   2.89  hector_mapping_

06:01:59      UID       PID    %usr %system  %guest   %wait    %CPU   CPU  Command
06:02:00        0    115575    6.00    0.00    0.00    0.00    6.00     4  hector_mapping_

06:01:59      UID       PID  minflt/s  majflt/s     VSZ     RSS   %MEM  Command
06:02:00        0    115575      0.00      0.00 1075116  451088   2.89  hector_mapping_

06:02:00      UID       PID    %usr %system  %guest   %wait    %CPU   CPU  Command
06:02:01        0    115575    5.00    1.00    0.00    0.00    6.00     2  hector_mapping_

06:02:00      UID       PID  minflt/s  majflt/s     VSZ     RSS   %MEM  Command
06:02:01        0    115575      0.00      0.00 1075116  451088   2.89  hector_mapping_

06:02:01      UID       PID    %usr %system  %guest   %wait    %CPU   CPU  Command
06:02:02        0    115575    6.00    1.00    0.00    0.00    7.00     6  hector_mapping_

06:02:01      UID       PID  minflt/s  majflt/s     VSZ     RSS   %MEM  Command
06:02:02        0    115575      0.00      0.00 1075116  451088   2.89  hector_mapping_

06:02:02      UID       PID    %usr %system  %guest   %wait    %CPU   CPU  Command
06:02:03        0    115575    6.00    1.00    0.00    0.00    7.00     2  hector_mapping_

06:02:02      UID       PID  minflt/s  majflt/s     VSZ     RSS   %MEM  Command
06:02:03        0    115575      0.00      0.00 1075116  451088   2.89  hector_mapping_

06:02:03      UID       PID    %usr %system  %guest   %wait    %CPU   CPU  Command
06:02:04        0    115575    7.00    0.00    0.00    0.00    7.00     2  hector_mapping_

06:02:03      UID       PID  minflt/s  majflt/s     VSZ     RSS   %MEM  Command
06:02:04        0    115575      0.00      0.00 1075116  451088   2.89  hector_mapping_

06:02:04      UID       PID    %usr %system  %guest   %wait    %CPU   CPU  Command
06:02:05        0    115575    6.00    0.00    0.00    0.00    6.00     6  hector_mapping_

06:02:04      UID       PID  minflt/s  majflt/s     VSZ     RSS   %MEM  Command
06:02:05        0    115575      0.00      0.00 1075116  451088   2.89  hector_mapping_

06:02:05      UID       PID    %usr %system  %guest   %wait    %CPU   CPU  Command
06:02:06        0    115575    6.00    1.00    0.00    0.00    7.00     6  hector_mapping_

06:02:05      UID       PID  minflt/s  majflt/s     VSZ     RSS   %MEM  Command
06:02:06        0    115575      0.00      0.00 1075116  451088   2.89  hector_mapping_

06:02:06      UID       PID    %usr %system  %guest   %wait    %CPU   CPU  Command
06:02:07        0    115575    6.00    0.00    0.00    0.00    6.00     7  hector_mapping_

06:02:06      UID       PID  minflt/s  majflt/s     VSZ     RSS   %MEM  Command
06:02:07        0    115575      0.00      0.00 1075116  451088   2.89  hector_mapping_

06:02:07      UID       PID    %usr %system  %guest   %wait    %CPU   CPU  Command
06:02:08        0    115575    7.00    1.00    0.00    0.00    8.00     6  hector_mapping_

06:02:07      UID       PID  minflt/s  majflt/s     VSZ     RSS   %MEM  Command
06:02:08        0    115575      0.00      0.00 1075116  451088   2.89  hector_mapping_

06:02:08      UID       PID    %usr %system  %guest   %wait    %CPU   CPU  Command
06:02:09        0    115575    6.00    0.00    0.00    0.00    6.00     1  hector_mapping_

06:02:08      UID       PID  minflt/s  majflt/s     VSZ     RSS   %MEM  Command
06:02:09        0    115575      0.00      0.00 1075116  451088   2.89  hector_mapping_

06:02:09      UID       PID    %usr %system  %guest   %wait    %CPU   CPU  Command
06:02:10        0    115575    6.00    1.00    0.00    0.00    7.00     6  hector_mapping_

06:02:09      UID       PID  minflt/s  majflt/s     VSZ     RSS   %MEM  Command
06:02:10        0    115575      0.00      0.00 1075116  451088   2.89  hector_mapping_

06:02:10      UID       PID    %usr %system  %guest   %wait    %CPU   CPU  Command
06:02:11        0    115575    5.00    1.00    0.00    0.00    6.00     2  hector_mapping_

06:02:10      UID       PID  minflt/s  majflt/s     VSZ     RSS   %MEM  Command
06:02:11        0    115575      0.00      0.00 1075116  451088   2.89  hector_mapping_

06:02:11      UID       PID    %usr %system  %guest   %wait    %CPU   CPU  Command
06:02:12        0    115575    7.00    1.00    0.00    0.00    8.00     2  hector_mapping_

06:02:11      UID       PID  minflt/s  majflt/s     VSZ     RSS   %MEM  Command
06:02:12        0    115575      0.00      0.00 1075116  451088   2.89  hector_mapping_

06:02:12      UID       PID    %usr %system  %guest   %wait    %CPU   CPU  Command
06:02:13        0    115575    6.00    0.00    0.00    0.00    6.00     2  hector_mapping_

06:02:12      UID       PID  minflt/s  majflt/s     VSZ     RSS   %MEM  Command
06:02:13        0    115575      0.00      0.00 1075116  451088   2.89  hector_mapping_

06:02:13      UID       PID    %usr %system  %guest   %wait    %CPU   CPU  Command
06:02:14        0    115575    6.00    1.00    0.00    0.00    7.00     2  hector_mapping_

06:02:13      UID       PID  minflt/s  majflt/s     VSZ     RSS   %MEM  Command
06:02:14        0    115575      0.00      0.00 1075116  451088   2.89  hector_mapping_

06:02:14      UID       PID    %usr %system  %guest   %wait    %CPU   CPU  Command
06:02:15        0    115575    6.00    1.00    0.00    0.00    7.00     6  hector_mapping_

06:02:14      UID       PID  minflt/s  majflt/s     VSZ     RSS   %MEM  Command
06:02:15        0    115575      0.00      0.00 1075116  451088   2.89  hector_mapping_

06:02:15      UID       PID    %usr %system  %guest   %wait    %CPU   CPU  Command
06:02:16        0    115575    6.00    0.00    0.00    0.00    6.00     2  hector_mapping_

06:02:15      UID       PID  minflt/s  majflt/s     VSZ     RSS   %MEM  Command
06:02:16        0    115575      0.00      0.00 1075116  451088   2.89  hector_mapping_

06:02:16      UID       PID    %usr %system  %guest   %wait    %CPU   CPU  Command
06:02:17        0    115575    6.00    1.00    0.00    0.00    7.00     1  hector_mapping_

06:02:16      UID       PID  minflt/s  majflt/s     VSZ     RSS   %MEM  Command
06:02:17        0    115575      0.00      0.00 1075116  451088   2.89  hector_mapping_

06:02:17      UID       PID    %usr %system  %guest   %wait    %CPU   CPU  Command
06:02:18        0    115575    5.00    1.00    0.00    0.00    6.00     6  hector_mapping_

06:02:17      UID       PID  minflt/s  majflt/s     VSZ     RSS   %MEM  Command
06:02:18        0    115575      0.00      0.00 1075116  451088   2.89  hector_mapping_

06:02:18      UID       PID    %usr %system  %guest   %wait    %CPU   CPU  Command
06:02:19        0    115575    7.00    0.00    0.00    0.00    7.00     2  hector_mapping_

06:02:18      UID       PID  minflt/s  majflt/s     VSZ     RSS   %MEM  Command
06:02:19        0    115575      0.00      0.00 1075116  451088   2.89  hector_mapping_

06:02:19      UID       PID    %usr %system  %guest   %wait    %CPU   CPU  Command
06:02:20        0    115575    6.00    1.00    0.00    0.00    7.00     2  hector_mapping_

06:02:19      UID       PID  minflt/s  majflt/s     VSZ     RSS   %MEM  Command
06:02:20        0    115575      0.00      0.00 1075116  451088   2.89  hector_mapping_

06:02:20      UID       PID    %usr %system  %guest   %wait    %CPU   CPU  Command
06:02:21        0    115575    6.00    0.00    0.00    0.00    6.00     4  hector_mapping_

06:02:20      UID       PID  minflt/s  majflt/s     VSZ     RSS   %MEM  Command
06:02:21        0    115575      0.00      0.00 1075116  451088   2.89  hector_mapping_

06:02:21      UID       PID    %usr %system  %guest   %wait    %CPU   CPU  Command
06:02:22        0    115575    6.00    1.00    0.00    0.00    7.00     2  hector_mapping_

06:02:21      UID       PID  minflt/s  majflt/s     VSZ     RSS   %MEM  Command
06:02:22        0    115575      0.00      0.00 1075116  451088   2.89  hector_mapping_

06:02:22      UID       PID    %usr %system  %guest   %wait    %CPU   CPU  Command
06:02:23        0    115575    6.00    1.00    0.00    0.00    7.00     0  hector_mapping_

06:02:22      UID       PID  minflt/s  majflt/s     VSZ     RSS   %MEM  Command
06:02:23        0    115575      0.00      0.00 1075116  451088   2.89  hector_mapping_

06:02:23      UID       PID    %usr %system  %guest   %wait    %CPU   CPU  Command
06:02:24        0    115575    5.00    1.00    0.00    0.00    6.00     2  hector_mapping_

06:02:23      UID       PID  minflt/s  majflt/s     VSZ     RSS   %MEM  Command
06:02:24        0    115575      0.00      0.00 1075116  451088   2.89  hector_mapping_

06:02:24      UID       PID    %usr %system  %guest   %wait    %CPU   CPU  Command
06:02:25        0    115575    6.00    1.00    0.00    0.00    7.00     8  hector_mapping_

06:02:24      UID       PID  minflt/s  majflt/s     VSZ     RSS   %MEM  Command
06:02:25        0    115575      0.00      0.00 1075116  451088   2.89  hector_mapping_

06:02:25      UID       PID    %usr %system  %guest   %wait    %CPU   CPU  Command
06:02:26        0    115575    6.00    1.00    0.00    0.00    7.00     2  hector_mapping_

06:02:25      UID       PID  minflt/s  majflt/s     VSZ     RSS   %MEM  Command
06:02:26        0    115575      0.00      0.00 1075116  451088   2.89  hector_mapping_

06:02:26      UID       PID    %usr %system  %guest   %wait    %CPU   CPU  Command
06:02:27        0    115575    6.00    0.00    0.00    0.00    6.00     2  hector_mapping_

06:02:26      UID       PID  minflt/s  majflt/s     VSZ     RSS   %MEM  Command
06:02:27        0    115575      0.00      0.00 1075116  451088   2.89  hector_mapping_

06:02:27      UID       PID    %usr %system  %guest   %wait    %CPU   CPU  Command
06:02:28        0    115575    6.00    1.00    0.00    0.00    7.00     2  hector_mapping_

06:02:27      UID       PID  minflt/s  majflt/s     VSZ     RSS   %MEM  Command
06:02:28        0    115575      0.00      0.00 1075116  451088   2.89  hector_mapping_

06:02:28      UID       PID    %usr %system  %guest   %wait    %CPU   CPU  Command
06:02:29        0    115575    6.00    1.00    0.00    0.00    7.00     6  hector_mapping_

06:02:28      UID       PID  minflt/s  majflt/s     VSZ     RSS   %MEM  Command
06:02:29        0    115575      0.00      0.00 1075116  451088   2.89  hector_mapping_

06:02:29      UID       PID    %usr %system  %guest   %wait    %CPU   CPU  Command
06:02:30        0    115575    5.00    1.00    0.00    0.00    6.00     0  hector_mapping_

06:02:29      UID       PID  minflt/s  majflt/s     VSZ     RSS   %MEM  Command
06:02:30        0    115575      0.00      0.00 1075116  451088   2.89  hector_mapping_

06:02:30      UID       PID    %usr %system  %guest   %wait    %CPU   CPU  Command
06:02:31        0    115575    6.00    0.00    0.00    0.00    6.00     6  hector_mapping_

06:02:30      UID       PID  minflt/s  majflt/s     VSZ     RSS   %MEM  Command
06:02:31        0    115575      0.00      0.00 1075116  451088   2.89  hector_mapping_

06:02:31      UID       PID    %usr %system  %guest   %wait    %CPU   CPU  Command
06:02:32        0    115575    7.00    1.00    0.00    0.00    8.00     6  hector_mapping_

06:02:31      UID       PID  minflt/s  majflt/s     VSZ     RSS   %MEM  Command
06:02:32        0    115575      0.00      0.00 1075116  451088   2.89  hector_mapping_

06:02:32      UID       PID    %usr %system  %guest   %wait    %CPU   CPU  Command
06:02:33        0    115575    5.00    1.00    0.00    0.00    6.00     6  hector_mapping_

06:02:32      UID       PID  minflt/s  majflt/s     VSZ     RSS   %MEM  Command
06:02:33        0    115575      0.00      0.00 1075116  451088   2.89  hector_mapping_

06:02:33      UID       PID    %usr %system  %guest   %wait    %CPU   CPU  Command
06:02:34        0    115575    6.00    0.00    0.00    0.00    6.00     8  hector_mapping_

06:02:33      UID       PID  minflt/s  majflt/s     VSZ     RSS   %MEM  Command
06:02:34        0    115575      0.00      0.00 1075116  451088   2.89  hector_mapping_

06:02:34      UID       PID    %usr %system  %guest   %wait    %CPU   CPU  Command
06:02:35        0    115575    7.00    1.00    0.00    0.00    8.00     6  hector_mapping_

06:02:34      UID       PID  minflt/s  majflt/s     VSZ     RSS   %MEM  Command
06:02:35        0    115575      0.00      0.00 1075116  451088   2.89  hector_mapping_

06:02:35      UID       PID    %usr %system  %guest   %wait    %CPU   CPU  Command
06:02:36        0    115575    6.00    0.00    0.00    0.00    6.00     3  hector_mapping_

06:02:35      UID       PID  minflt/s  majflt/s     VSZ     RSS   %MEM  Command
06:02:36        0    115575      0.00      0.00 1075116  451088   2.89  hector_mapping_

06:02:36      UID       PID    %usr %system  %guest   %wait    %CPU   CPU  Command
06:02:37        0    115575    6.00    1.00    0.00    0.00    7.00     6  hector_mapping_

06:02:36      UID       PID  minflt/s  majflt/s     VSZ     RSS   %MEM  Command
06:02:37        0    115575      0.00      0.00 1075116  451088   2.89  hector_mapping_

06:02:37      UID       PID    %usr %system  %guest   %wait    %CPU   CPU  Command
06:02:38        0    115575    6.00    0.00    0.00    0.00    6.00     3  hector_mapping_

06:02:37      UID       PID  minflt/s  majflt/s     VSZ     RSS   %MEM  Command
06:02:38        0    115575      0.00      0.00 1075116  451088   2.89  hector_mapping_

06:02:38      UID       PID    %usr %system  %guest   %wait    %CPU   CPU  Command
06:02:39        0    115575    5.00    1.00    0.00    0.00    6.00     6  hector_mapping_

06:02:38      UID       PID  minflt/s  majflt/s     VSZ     RSS   %MEM  Command
06:02:39        0    115575      0.00      0.00 1075116  451088   2.89  hector_mapping_

06:02:39      UID       PID    %usr %system  %guest   %wait    %CPU   CPU  Command
06:02:40        0    115575    6.00    1.00    0.00    0.00    7.00     0  hector_mapping_

06:02:39      UID       PID  minflt/s  majflt/s     VSZ     RSS   %MEM  Command
06:02:40        0    115575      0.00      0.00 1075116  451088   2.89  hector_mapping_

06:02:40      UID       PID    %usr %system  %guest   %wait    %CPU   CPU  Command
06:02:41        0    115575    6.00    1.00    0.00    0.00    7.00     2  hector_mapping_

06:02:40      UID       PID  minflt/s  majflt/s     VSZ     RSS   %MEM  Command
06:02:41        0    115575      0.00      0.00 1075116  451088   2.89  hector_mapping_

06:02:41      UID       PID    %usr %system  %guest   %wait    %CPU   CPU  Command
06:02:42        0    115575    6.00    0.00    0.00    0.00    6.00     6  hector_mapping_

06:02:41      UID       PID  minflt/s  majflt/s     VSZ     RSS   %MEM  Command
06:02:42        0    115575      0.00      0.00 1075116  451088   2.89  hector_mapping_

06:02:42      UID       PID    %usr %system  %guest   %wait    %CPU   CPU  Command
06:02:43        0    115575    6.00    1.00    0.00    0.00    7.00     2  hector_mapping_

06:02:42      UID       PID  minflt/s  majflt/s     VSZ     RSS   %MEM  Command
06:02:43        0    115575      0.00      0.00 1075116  451088   2.89  hector_mapping_

06:02:43      UID       PID    %usr %system  %guest   %wait    %CPU   CPU  Command
06:02:44        0    115575    5.00    1.00    0.00    0.00    6.00     2  hector_mapping_

06:02:43      UID       PID  minflt/s  majflt/s     VSZ     RSS   %MEM  Command
06:02:44        0    115575      0.00      0.00 1075116  451088   2.89  hector_mapping_

06:02:44      UID       PID    %usr %system  %guest   %wait    %CPU   CPU  Command
06:02:45        0    115575    6.00    0.00    0.00    0.00    6.00     2  hector_mapping_

06:02:44      UID       PID  minflt/s  majflt/s     VSZ     RSS   %MEM  Command
06:02:45        0    115575      0.00      0.00 1075116  451088   2.89  hector_mapping_

06:02:45      UID       PID    %usr %system  %guest   %wait    %CPU   CPU  Command
06:02:46        0    115575    7.00    0.00    0.00    0.00    7.00     8  hector_mapping_

06:02:45      UID       PID  minflt/s  majflt/s     VSZ     RSS   %MEM  Command
06:02:46        0    115575      0.00      0.00 1075116  451088   2.89  hector_mapping_

06:02:46      UID       PID    %usr %system  %guest   %wait    %CPU   CPU  Command
06:02:47        0    115575    6.00    1.00    0.00    0.00    7.00     2  hector_mapping_

06:02:46      UID       PID  minflt/s  majflt/s     VSZ     RSS   %MEM  Command
06:02:47        0    115575      0.00      0.00 1075116  451088   2.89  hector_mapping_

06:02:47      UID       PID    %usr %system  %guest   %wait    %CPU   CPU  Command
06:02:48        0    115575    6.00    0.00    0.00    0.00    6.00     0  hector_mapping_

06:02:47      UID       PID  minflt/s  majflt/s     VSZ     RSS   %MEM  Command
06:02:48        0    115575      0.00      0.00 1075116  451088   2.89  hector_mapping_

06:02:48      UID       PID    %usr %system  %guest   %wait    %CPU   CPU  Command
06:02:49        0    115575    6.00    1.00    0.00    0.00    7.00     3  hector_mapping_

06:02:48      UID       PID  minflt/s  majflt/s     VSZ     RSS   %MEM  Command
06:02:49        0    115575      0.00      0.00 1075116  451088   2.89  hector_mapping_

06:02:49      UID       PID    %usr %system  %guest   %wait    %CPU   CPU  Command
06:02:50        0    115575    6.00    0.00    0.00    0.00    6.00     6  hector_mapping_

06:02:49      UID       PID  minflt/s  majflt/s     VSZ     RSS   %MEM  Command
06:02:50        0    115575      0.00      0.00 1075116  451088   2.89  hector_mapping_

06:02:50      UID       PID    %usr %system  %guest   %wait    %CPU   CPU  Command
06:02:51        0    115575    6.00    1.00    0.00    0.00    7.00     8  hector_mapping_

06:02:50      UID       PID  minflt/s  majflt/s     VSZ     RSS   %MEM  Command
06:02:51        0    115575      0.00      0.00 1075116  451088   2.89  hector_mapping_

06:02:51      UID       PID    %usr %system  %guest   %wait    %CPU   CPU  Command
06:02:52        0    115575    6.00    0.00    0.00    0.00    6.00     6  hector_mapping_

06:02:51      UID       PID  minflt/s  majflt/s     VSZ     RSS   %MEM  Command
06:02:52        0    115575      0.00      0.00 1075116  451088   2.89  hector_mapping_

06:02:52      UID       PID    %usr %system  %guest   %wait    %CPU   CPU  Command
06:02:53        0    115575    6.00    1.00    0.00    0.00    7.00    14  hector_mapping_

06:02:52      UID       PID  minflt/s  majflt/s     VSZ     RSS   %MEM  Command
06:02:53        0    115575      0.00      0.00 1075116  451088   2.89  hector_mapping_

06:02:53      UID       PID    %usr %system  %guest   %wait    %CPU   CPU  Command
06:02:54        0    115575    6.00    0.00    0.00    0.00    6.00     6  hector_mapping_

06:02:53      UID       PID  minflt/s  majflt/s     VSZ     RSS   %MEM  Command
06:02:54        0    115575      0.00      0.00 1075116  451088   2.89  hector_mapping_

06:02:54      UID       PID    %usr %system  %guest   %wait    %CPU   CPU  Command
06:02:55        0    115575    6.00    1.00    0.00    0.00    7.00     2  hector_mapping_

06:02:54      UID       PID  minflt/s  majflt/s     VSZ     RSS   %MEM  Command
06:02:55        0    115575      0.00      0.00 1075116  451088   2.89  hector_mapping_

06:02:55      UID       PID    %usr %system  %guest   %wait    %CPU   CPU  Command
06:02:56        0    115575    6.00    1.00    0.00    0.00    7.00     2  hector_mapping_

06:02:55      UID       PID  minflt/s  majflt/s     VSZ     RSS   %MEM  Command
06:02:56        0    115575      0.00      0.00 1075116  451088   2.89  hector_mapping_

06:02:56      UID       PID    %usr %system  %guest   %wait    %CPU   CPU  Command
06:02:57        0    115575    6.00    1.00    0.00    0.00    7.00     0  hector_mapping_

06:02:56      UID       PID  minflt/s  majflt/s     VSZ     RSS   %MEM  Command
06:02:57        0    115575      0.00      0.00 1075116  451088   2.89  hector_mapping_

06:02:57      UID       PID    %usr %system  %guest   %wait    %CPU   CPU  Command
06:02:58        0    115575    6.00    0.00    0.00    0.00    6.00     2  hector_mapping_

06:02:57      UID       PID  minflt/s  majflt/s     VSZ     RSS   %MEM  Command
06:02:58        0    115575      0.00      0.00 1075116  451088   2.89  hector_mapping_

06:02:58      UID       PID    %usr %system  %guest   %wait    %CPU   CPU  Command
06:02:59        0    115575    6.00    0.00    0.00    0.00    6.00     6  hector_mapping_

06:02:58      UID       PID  minflt/s  majflt/s     VSZ     RSS   %MEM  Command
06:02:59        0    115575      0.00      0.00 1075116  451088   2.89  hector_mapping_

06:02:59      UID       PID    %usr %system  %guest   %wait    %CPU   CPU  Command
06:03:00        0    115575    6.00    1.00    0.00    0.00    7.00     4  hector_mapping_

06:02:59      UID       PID  minflt/s  majflt/s     VSZ     RSS   %MEM  Command
06:03:00        0    115575      0.00      0.00 1075116  451088   2.89  hector_mapping_

06:03:00      UID       PID    %usr %system  %guest   %wait    %CPU   CPU  Command
06:03:01        0    115575    7.00    0.00    0.00    0.00    7.00     2  hector_mapping_

06:03:00      UID       PID  minflt/s  majflt/s     VSZ     RSS   %MEM  Command
06:03:01        0    115575      0.00      0.00 1075116  451088   2.89  hector_mapping_

06:03:01      UID       PID    %usr %system  %guest   %wait    %CPU   CPU  Command
06:03:02        0    115575    6.00    0.00    0.00    0.00    6.00     2  hector_mapping_

06:03:01      UID       PID  minflt/s  majflt/s     VSZ     RSS   %MEM  Command
06:03:02        0    115575      0.00      0.00 1075116  451088   2.89  hector_mapping_

06:03:02      UID       PID    %usr %system  %guest   %wait    %CPU   CPU  Command
06:03:03        0    115575    5.00    1.00    0.00    0.00    6.00     2  hector_mapping_

06:03:02      UID       PID  minflt/s  majflt/s     VSZ     RSS   %MEM  Command
06:03:03        0    115575      0.00      0.00 1075116  451088   2.89  hector_mapping_

06:03:03      UID       PID    %usr %system  %guest   %wait    %CPU   CPU  Command
06:03:04        0    115575    7.00    0.00    0.00    0.00    7.00     2  hector_mapping_

06:03:03      UID       PID  minflt/s  majflt/s     VSZ     RSS   %MEM  Command
06:03:04        0    115575      0.00      0.00 1075116  451088   2.89  hector_mapping_

06:03:04      UID       PID    %usr %system  %guest   %wait    %CPU   CPU  Command
06:03:05        0    115575    6.00    0.00    0.00    0.00    6.00     2  hector_mapping_

06:03:04      UID       PID  minflt/s  majflt/s     VSZ     RSS   %MEM  Command
06:03:05        0    115575      0.00      0.00 1075116  451088   2.89  hector_mapping_

06:03:05      UID       PID    %usr %system  %guest   %wait    %CPU   CPU  Command
06:03:06        0    115575    6.00    1.00    0.00    0.00    7.00     6  hector_mapping_

06:03:05      UID       PID  minflt/s  majflt/s     VSZ     RSS   %MEM  Command
06:03:06        0    115575      0.00      0.00 1075116  451088   2.89  hector_mapping_

06:03:06      UID       PID    %usr %system  %guest   %wait    %CPU   CPU  Command
06:03:07        0    115575    6.00    0.00    0.00    0.00    6.00    12  hector_mapping_

06:03:06      UID       PID  minflt/s  majflt/s     VSZ     RSS   %MEM  Command
06:03:07        0    115575      0.00      0.00 1075116  451088   2.89  hector_mapping_

06:03:07      UID       PID    %usr %system  %guest   %wait    %CPU   CPU  Command
06:03:08        0    115575    6.00    1.00    0.00    0.00    7.00    12  hector_mapping_

06:03:07      UID       PID  minflt/s  majflt/s     VSZ     RSS   %MEM  Command
06:03:08        0    115575      0.00      0.00 1075116  451088   2.89  hector_mapping_

06:03:08      UID       PID    %usr %system  %guest   %wait    %CPU   CPU  Command
06:03:09        0    115575    5.00    1.00    0.00    0.00    6.00     7  hector_mapping_

06:03:08      UID       PID  minflt/s  majflt/s     VSZ     RSS   %MEM  Command
06:03:09        0    115575      0.00      0.00 1075116  451088   2.89  hector_mapping_

06:03:09      UID       PID    %usr %system  %guest   %wait    %CPU   CPU  Command
06:03:10        0    115575    6.00    0.00    0.00    0.00    6.00     2  hector_mapping_

06:03:09      UID       PID  minflt/s  majflt/s     VSZ     RSS   %MEM  Command
06:03:10        0    115575      0.00      0.00 1075116  451088   2.89  hector_mapping_

06:03:10      UID       PID    %usr %system  %guest   %wait    %CPU   CPU  Command
06:03:11        0    115575    6.00    1.00    0.00    0.00    7.00     2  hector_mapping_

06:03:10      UID       PID  minflt/s  majflt/s     VSZ     RSS   %MEM  Command
06:03:11        0    115575      0.00      0.00 1075116  451088   2.89  hector_mapping_

06:03:11      UID       PID    %usr %system  %guest   %wait    %CPU   CPU  Command
06:03:12        0    115575    6.00    0.00    0.00    0.00    6.00     6  hector_mapping_

06:03:11      UID       PID  minflt/s  majflt/s     VSZ     RSS   %MEM  Command
06:03:12        0    115575      0.00      0.00 1075116  451088   2.89  hector_mapping_

06:03:12      UID       PID    %usr %system  %guest   %wait    %CPU   CPU  Command
06:03:13        0    115575    6.00    1.00    0.00    0.00    7.00     6  hector_mapping_

06:03:12      UID       PID  minflt/s  majflt/s     VSZ     RSS   %MEM  Command
06:03:13        0    115575      0.00      0.00 1075116  451088   2.89  hector_mapping_

06:03:13      UID       PID    %usr %system  %guest   %wait    %CPU   CPU  Command
06:03:14        0    115575    6.00    1.00    0.00    0.00    7.00     6  hector_mapping_

06:03:13      UID       PID  minflt/s  majflt/s     VSZ     RSS   %MEM  Command
06:03:14        0    115575      0.00      0.00 1075116  451088   2.89  hector_mapping_

06:03:14      UID       PID    %usr %system  %guest   %wait    %CPU   CPU  Command
06:03:15        0    115575    6.00    0.00    0.00    0.00    6.00    14  hector_mapping_

06:03:14      UID       PID  minflt/s  majflt/s     VSZ     RSS   %MEM  Command
06:03:15        0    115575      0.00      0.00 1075116  451088   2.89  hector_mapping_

06:03:15      UID       PID    %usr %system  %guest   %wait    %CPU   CPU  Command
06:03:16        0    115575    6.00    1.00    0.00    0.00    7.00     3  hector_mapping_

06:03:15      UID       PID  minflt/s  majflt/s     VSZ     RSS   %MEM  Command
06:03:16        0    115575      0.00      0.00 1075116  451088   2.89  hector_mapping_

06:03:16      UID       PID    %usr %system  %guest   %wait    %CPU   CPU  Command
06:03:17        0    115575    6.00    0.00    0.00    0.00    6.00     2  hector_mapping_

06:03:16      UID       PID  minflt/s  majflt/s     VSZ     RSS   %MEM  Command
06:03:17        0    115575      0.00      0.00 1075116  451088   2.89  hector_mapping_

06:03:17      UID       PID    %usr %system  %guest   %wait    %CPU   CPU  Command
06:03:18        0    115575    6.00    1.00    0.00    0.00    7.00     6  hector_mapping_

06:03:17      UID       PID  minflt/s  majflt/s     VSZ     RSS   %MEM  Command
06:03:18        0    115575      0.00      0.00 1075116  451088   2.89  hector_mapping_

06:03:18      UID       PID    %usr %system  %guest   %wait    %CPU   CPU  Command
06:03:19        0    115575    6.00    1.00    0.00    0.00    7.00     0  hector_mapping_

06:03:18      UID       PID  minflt/s  majflt/s     VSZ     RSS   %MEM  Command
06:03:19        0    115575      0.00      0.00 1075116  451088   2.89  hector_mapping_

06:03:19      UID       PID    %usr %system  %guest   %wait    %CPU   CPU  Command
06:03:20        0    115575    7.00    0.00    0.00    0.00    7.00     6  hector_mapping_

06:03:19      UID       PID  minflt/s  majflt/s     VSZ     RSS   %MEM  Command
06:03:20        0    115575      0.00      0.00 1075116  451088   2.89  hector_mapping_

06:03:20      UID       PID    %usr %system  %guest   %wait    %CPU   CPU  Command
06:03:21        0    115575    6.00    0.00    0.00    0.00    6.00     2  hector_mapping_

06:03:20      UID       PID  minflt/s  majflt/s     VSZ     RSS   %MEM  Command
06:03:21        0    115575      0.00      0.00 1075116  451088   2.89  hector_mapping_

06:03:21      UID       PID    %usr %system  %guest   %wait    %CPU   CPU  Command
06:03:22        0    115575    6.00    1.00    0.00    0.00    7.00     0  hector_mapping_

06:03:21      UID       PID  minflt/s  majflt/s     VSZ     RSS   %MEM  Command
06:03:22        0    115575      0.00      0.00 1075116  451088   2.89  hector_mapping_

06:03:22      UID       PID    %usr %system  %guest   %wait    %CPU   CPU  Command
06:03:23        0    115575    6.00    0.00    0.00    0.00    6.00     6  hector_mapping_

06:03:22      UID       PID  minflt/s  majflt/s     VSZ     RSS   %MEM  Command
06:03:23        0    115575      0.00      0.00 1075116  451088   2.89  hector_mapping_

06:03:23      UID       PID    %usr %system  %guest   %wait    %CPU   CPU  Command
06:03:24        0    115575    6.00    1.00    0.00    0.00    7.00    14  hector_mapping_

06:03:23      UID       PID  minflt/s  majflt/s     VSZ     RSS   %MEM  Command
06:03:24        0    115575      0.00      0.00 1075116  451088   2.89  hector_mapping_

06:03:24      UID       PID    %usr %system  %guest   %wait    %CPU   CPU  Command
06:03:25        0    115575    6.00    1.00    0.00    0.00    7.00     2  hector_mapping_

06:03:24      UID       PID  minflt/s  majflt/s     VSZ     RSS   %MEM  Command
06:03:25        0    115575      0.00      0.00 1075116  451088   2.89  hector_mapping_

06:03:25      UID       PID    %usr %system  %guest   %wait    %CPU   CPU  Command
06:03:26        0    115575    5.00    1.00    0.00    0.00    6.00     6  hector_mapping_

06:03:25      UID       PID  minflt/s  majflt/s     VSZ     RSS   %MEM  Command
06:03:26        0    115575      0.00      0.00 1075116  451088   2.89  hector_mapping_

06:03:26      UID       PID    %usr %system  %guest   %wait    %CPU   CPU  Command
06:03:27        0    115575    6.00    1.00    0.00    0.00    7.00     6  hector_mapping_

06:03:26      UID       PID  minflt/s  majflt/s     VSZ     RSS   %MEM  Command
06:03:27        0    115575      0.00      0.00 1075116  451088   2.89  hector_mapping_

06:03:27      UID       PID    %usr %system  %guest   %wait    %CPU   CPU  Command
06:03:28        0    115575    6.00    0.00    0.00    0.00    6.00     6  hector_mapping_

06:03:27      UID       PID  minflt/s  majflt/s     VSZ     RSS   %MEM  Command
06:03:28        0    115575      0.00      0.00 1075116  451088   2.89  hector_mapping_

06:03:28      UID       PID    %usr %system  %guest   %wait    %CPU   CPU  Command
06:03:29        0    115575    6.00    1.00    0.00    0.00    7.00     9  hector_mapping_

06:03:28      UID       PID  minflt/s  majflt/s     VSZ     RSS   %MEM  Command
06:03:29        0    115575      0.00      0.00 1075116  451088   2.89  hector_mapping_

06:03:29      UID       PID    %usr %system  %guest   %wait    %CPU   CPU  Command
06:03:30        0    115575    6.00    1.00    0.00    0.00    7.00     6  hector_mapping_

06:03:29      UID       PID  minflt/s  majflt/s     VSZ     RSS   %MEM  Command
06:03:30        0    115575      0.00      0.00 1075116  451088   2.89  hector_mapping_

06:03:30      UID       PID    %usr %system  %guest   %wait    %CPU   CPU  Command
06:03:31        0    115575    6.00    1.00    0.00    0.00    7.00     6  hector_mapping_

06:03:30      UID       PID  minflt/s  majflt/s     VSZ     RSS   %MEM  Command
06:03:31        0    115575      0.00      0.00 1075116  451088   2.89  hector_mapping_

06:03:31      UID       PID    %usr %system  %guest   %wait    %CPU   CPU  Command
06:03:32        0    115575    6.00    0.00    0.00    0.00    6.00     6  hector_mapping_

06:03:31      UID       PID  minflt/s  majflt/s     VSZ     RSS   %MEM  Command
06:03:32        0    115575      0.00      0.00 1075116  451088   2.89  hector_mapping_

06:03:32      UID       PID    %usr %system  %guest   %wait    %CPU   CPU  Command
06:03:33        0    115575    6.00    1.00    0.00    0.00    7.00     2  hector_mapping_

06:03:32      UID       PID  minflt/s  majflt/s     VSZ     RSS   %MEM  Command
06:03:33        0    115575      0.00      0.00 1075116  451088   2.89  hector_mapping_

06:03:33      UID       PID    %usr %system  %guest   %wait    %CPU   CPU  Command
06:03:34        0    115575    7.00    0.00    0.00    0.00    7.00     2  hector_mapping_

06:03:33      UID       PID  minflt/s  majflt/s     VSZ     RSS   %MEM  Command
06:03:34        0    115575      0.00      0.00 1075116  451088   2.89  hector_mapping_

06:03:34      UID       PID    %usr %system  %guest   %wait    %CPU   CPU  Command
06:03:35        0    115575    5.00    1.00    0.00    0.00    6.00     2  hector_mapping_

06:03:34      UID       PID  minflt/s  majflt/s     VSZ     RSS   %MEM  Command
06:03:35        0    115575      0.00      0.00 1075116  451088   2.89  hector_mapping_

06:03:35      UID       PID    %usr %system  %guest   %wait    %CPU   CPU  Command
06:03:36        0    115575    6.00    0.00    0.00    0.00    6.00     2  hector_mapping_

06:03:35      UID       PID  minflt/s  majflt/s     VSZ     RSS   %MEM  Command
06:03:36        0    115575      0.00      0.00 1075116  451088   2.89  hector_mapping_

06:03:36      UID       PID    %usr %system  %guest   %wait    %CPU   CPU  Command
06:03:37        0    115575    7.00    1.00    0.00    0.00    8.00     3  hector_mapping_

06:03:36      UID       PID  minflt/s  majflt/s     VSZ     RSS   %MEM  Command
06:03:37        0    115575      0.00      0.00 1075116  451088   2.89  hector_mapping_

06:03:37      UID       PID    %usr %system  %guest   %wait    %CPU   CPU  Command
06:03:38        0    115575    6.00    1.00    0.00    0.00    7.00     3  hector_mapping_

06:03:37      UID       PID  minflt/s  majflt/s     VSZ     RSS   %MEM  Command
06:03:38        0    115575      0.00      0.00 1075116  451088   2.89  hector_mapping_

06:03:38      UID       PID    %usr %system  %guest   %wait    %CPU   CPU  Command
06:03:39        0    115575    6.00    0.00    0.00    0.00    6.00     4  hector_mapping_

06:03:38      UID       PID  minflt/s  majflt/s     VSZ     RSS   %MEM  Command
06:03:39        0    115575      0.00      0.00 1075116  451088   2.89  hector_mapping_

06:03:39      UID       PID    %usr %system  %guest   %wait    %CPU   CPU  Command
06:03:40        0    115575    6.00    0.00    0.00    0.00    6.00     2  hector_mapping_

06:03:39      UID       PID  minflt/s  majflt/s     VSZ     RSS   %MEM  Command
06:03:40        0    115575      0.00      0.00 1075116  451088   2.89  hector_mapping_

06:03:40      UID       PID    %usr %system  %guest   %wait    %CPU   CPU  Command
06:03:41        0    115575    7.00    1.00    0.00    0.00    8.00     6  hector_mapping_

06:03:40      UID       PID  minflt/s  majflt/s     VSZ     RSS   %MEM  Command
06:03:41        0    115575      0.00      0.00 1075116  451088   2.89  hector_mapping_

06:03:41      UID       PID    %usr %system  %guest   %wait    %CPU   CPU  Command
06:03:42        0    115575    6.00    0.00    0.00    0.00    6.00     6  hector_mapping_

06:03:41      UID       PID  minflt/s  majflt/s     VSZ     RSS   %MEM  Command
06:03:42        0    115575      0.00      0.00 1075116  451088   2.89  hector_mapping_

06:03:42      UID       PID    %usr %system  %guest   %wait    %CPU   CPU  Command
06:03:43        0    115575    6.00    1.00    0.00    0.00    7.00     6  hector_mapping_

06:03:42      UID       PID  minflt/s  majflt/s     VSZ     RSS   %MEM  Command
06:03:43        0    115575      0.00      0.00 1075116  451088   2.89  hector_mapping_

06:03:43      UID       PID    %usr %system  %guest   %wait    %CPU   CPU  Command
06:03:44        0    115575    6.00    1.00    0.00    0.00    7.00     2  hector_mapping_

06:03:43      UID       PID  minflt/s  majflt/s     VSZ     RSS   %MEM  Command
06:03:44        0    115575      0.00      0.00 1075116  451088   2.89  hector_mapping_

06:03:44      UID       PID    %usr %system  %guest   %wait    %CPU   CPU  Command
06:03:45        0    115575    6.00    0.00    0.00    0.00    6.00     2  hector_mapping_

06:03:44      UID       PID  minflt/s  majflt/s     VSZ     RSS   %MEM  Command
06:03:45        0    115575      0.00      0.00 1075116  451088   2.89  hector_mapping_

06:03:45      UID       PID    %usr %system  %guest   %wait    %CPU   CPU  Command
06:03:46        0    115575    6.00    1.00    0.00    0.00    7.00     7  hector_mapping_

06:03:45      UID       PID  minflt/s  majflt/s     VSZ     RSS   %MEM  Command
06:03:46        0    115575      0.00      0.00 1075116  451088   2.89  hector_mapping_

06:03:46      UID       PID    %usr %system  %guest   %wait    %CPU   CPU  Command
06:03:47        0    115575    6.00    0.00    0.00    0.00    6.00     7  hector_mapping_

06:03:46      UID       PID  minflt/s  majflt/s     VSZ     RSS   %MEM  Command
06:03:47        0    115575      0.00      0.00 1075116  451088   2.89  hector_mapping_

06:03:47      UID       PID    %usr %system  %guest   %wait    %CPU   CPU  Command
06:03:48        0    115575    6.00    1.00    0.00    0.00    7.00     7  hector_mapping_

06:03:47      UID       PID  minflt/s  majflt/s     VSZ     RSS   %MEM  Command
06:03:48        0    115575      0.00      0.00 1075116  451088   2.89  hector_mapping_

06:03:48      UID       PID    %usr %system  %guest   %wait    %CPU   CPU  Command
06:03:49        0    115575    6.00    0.00    0.00    0.00    6.00     7  hector_mapping_

06:03:48      UID       PID  minflt/s  majflt/s     VSZ     RSS   %MEM  Command
06:03:49        0    115575      0.00      0.00 1075116  451088   2.89  hector_mapping_

06:03:49      UID       PID    %usr %system  %guest   %wait    %CPU   CPU  Command
06:03:50        0    115575    6.00    1.00    0.00    0.00    7.00     7  hector_mapping_

06:03:49      UID       PID  minflt/s  majflt/s     VSZ     RSS   %MEM  Command
06:03:50        0    115575      0.00      0.00 1075116  451088   2.89  hector_mapping_

06:03:50      UID       PID    %usr %system  %guest   %wait    %CPU   CPU  Command
06:03:51        0    115575    7.00    0.00    0.00    0.00    7.00     7  hector_mapping_

06:03:50      UID       PID  minflt/s  majflt/s     VSZ     RSS   %MEM  Command
06:03:51        0    115575      0.00      0.00 1075116  451088   2.89  hector_mapping_

06:03:51      UID       PID    %usr %system  %guest   %wait    %CPU   CPU  Command
06:03:52        0    115575    6.00    1.00    0.00    0.00    7.00     2  hector_mapping_

06:03:51      UID       PID  minflt/s  majflt/s     VSZ     RSS   %MEM  Command
06:03:52        0    115575      0.00      0.00 1075116  451088   2.89  hector_mapping_

06:03:52      UID       PID    %usr %system  %guest   %wait    %CPU   CPU  Command
06:03:53        0    115575    6.00    0.00    0.00    0.00    6.00     7  hector_mapping_

06:03:52      UID       PID  minflt/s  majflt/s     VSZ     RSS   %MEM  Command
06:03:53        0    115575      0.00      0.00 1075116  451088   2.89  hector_mapping_

06:03:53      UID       PID    %usr %system  %guest   %wait    %CPU   CPU  Command
06:03:54        0    115575    6.00    0.00    0.00    0.00    6.00     2  hector_mapping_

06:03:53      UID       PID  minflt/s  majflt/s     VSZ     RSS   %MEM  Command
06:03:54        0    115575      0.00      0.00 1075116  451088   2.89  hector_mapping_

06:03:54      UID       PID    %usr %system  %guest   %wait    %CPU   CPU  Command
06:03:55        0    115575    5.00    1.00    0.00    0.00    6.00     2  hector_mapping_

06:03:54      UID       PID  minflt/s  majflt/s     VSZ     RSS   %MEM  Command
06:03:55        0    115575      0.00      0.00 1075116  451088   2.89  hector_mapping_

06:03:55      UID       PID    %usr %system  %guest   %wait    %CPU   CPU  Command
06:03:56        0    115575    6.00    1.00    0.00    0.00    7.00     6  hector_mapping_

06:03:55      UID       PID  minflt/s  majflt/s     VSZ     RSS   %MEM  Command
06:03:56        0    115575      0.00      0.00 1075116  451088   2.89  hector_mapping_

06:03:56      UID       PID    %usr %system  %guest   %wait    %CPU   CPU  Command
06:03:57        0    115575    6.00    0.00    0.00    0.00    6.00    12  hector_mapping_

06:03:56      UID       PID  minflt/s  majflt/s     VSZ     RSS   %MEM  Command
06:03:57        0    115575      0.00      0.00 1075116  451088   2.89  hector_mapping_

06:03:57      UID       PID    %usr %system  %guest   %wait    %CPU   CPU  Command
06:03:58        0    115575    6.00    0.00    0.00    0.00    6.00     3  hector_mapping_

06:03:57      UID       PID  minflt/s  majflt/s     VSZ     RSS   %MEM  Command
06:03:58        0    115575      0.00      0.00 1075116  451088   2.89  hector_mapping_

06:03:58      UID       PID    %usr %system  %guest   %wait    %CPU   CPU  Command
06:03:59        0    115575    6.00    1.00    0.00    0.00    7.00     3  hector_mapping_

06:03:58      UID       PID  minflt/s  majflt/s     VSZ     RSS   %MEM  Command
06:03:59        0    115575      0.00      0.00 1075116  451088   2.89  hector_mapping_

06:03:59      UID       PID    %usr %system  %guest   %wait    %CPU   CPU  Command
06:04:00        0    115575    7.00    0.00    0.00    0.00    7.00     4  hector_mapping_

06:03:59      UID       PID  minflt/s  majflt/s     VSZ     RSS   %MEM  Command
06:04:00        0    115575      0.00      0.00 1075116  451088   2.89  hector_mapping_

06:04:00      UID       PID    %usr %system  %guest   %wait    %CPU   CPU  Command
06:04:01        0    115575    5.00    1.00    0.00    0.00    6.00     6  hector_mapping_

06:04:00      UID       PID  minflt/s  majflt/s     VSZ     RSS   %MEM  Command
06:04:01        0    115575      0.00      0.00 1075116  451088   2.89  hector_mapping_

06:04:01      UID       PID    %usr %system  %guest   %wait    %CPU   CPU  Command
06:04:02        0    115575    6.00    1.00    0.00    0.00    7.00     3  hector_mapping_

06:04:01      UID       PID  minflt/s  majflt/s     VSZ     RSS   %MEM  Command
06:04:02        0    115575      0.00      0.00 1075116  451088   2.89  hector_mapping_

06:04:02      UID       PID    %usr %system  %guest   %wait    %CPU   CPU  Command
06:04:03        0    115575    7.00    0.00    0.00    0.00    7.00    14  hector_mapping_

06:04:02      UID       PID  minflt/s  majflt/s     VSZ     RSS   %MEM  Command
06:04:03        0    115575      0.00      0.00 1075116  451088   2.89  hector_mapping_

06:04:03      UID       PID    %usr %system  %guest   %wait    %CPU   CPU  Command
06:04:04        0    115575    6.00    0.00    0.00    0.00    6.00     6  hector_mapping_

06:04:03      UID       PID  minflt/s  majflt/s     VSZ     RSS   %MEM  Command
06:04:04        0    115575      0.00      0.00 1075116  451088   2.89  hector_mapping_

06:04:04      UID       PID    %usr %system  %guest   %wait    %CPU   CPU  Command
06:04:05        0    115575    6.00    1.00    0.00    0.00    7.00     6  hector_mapping_

06:04:04      UID       PID  minflt/s  majflt/s     VSZ     RSS   %MEM  Command
06:04:05        0    115575      0.00      0.00 1075116  451088   2.89  hector_mapping_

06:04:05      UID       PID    %usr %system  %guest   %wait    %CPU   CPU  Command
06:04:06        0    115575    6.00    0.00    0.00    0.00    6.00    10  hector_mapping_

06:04:05      UID       PID  minflt/s  majflt/s     VSZ     RSS   %MEM  Command
06:04:06        0    115575      0.00      0.00 1075116  451088   2.89  hector_mapping_

06:04:06      UID       PID    %usr %system  %guest   %wait    %CPU   CPU  Command
06:04:07        0    115575    6.00    1.00    0.00    0.00    7.00     6  hector_mapping_

06:04:06      UID       PID  minflt/s  majflt/s     VSZ     RSS   %MEM  Command
06:04:07        0    115575      0.00      0.00 1075116  451088   2.89  hector_mapping_

06:04:07      UID       PID    %usr %system  %guest   %wait    %CPU   CPU  Command
06:04:08        0    115575    6.00    1.00    0.00    0.00    7.00     6  hector_mapping_

06:04:07      UID       PID  minflt/s  majflt/s     VSZ     RSS   %MEM  Command
06:04:08        0    115575      0.00      0.00 1075116  451088   2.89  hector_mapping_

06:04:08      UID       PID    %usr %system  %guest   %wait    %CPU   CPU  Command
06:04:09        0    115575    6.00    1.00    0.00    0.00    7.00     6  hector_mapping_

06:04:08      UID       PID  minflt/s  majflt/s     VSZ     RSS   %MEM  Command
06:04:09        0    115575      0.00      0.00 1075116  451088   2.89  hector_mapping_

06:04:09      UID       PID    %usr %system  %guest   %wait    %CPU   CPU  Command
06:04:10        0    115575    6.00    1.00    0.00    0.00    7.00     7  hector_mapping_

06:04:09      UID       PID  minflt/s  majflt/s     VSZ     RSS   %MEM  Command
06:04:10        0    115575      0.00      0.00 1075116  451088   2.89  hector_mapping_

06:04:10      UID       PID    %usr %system  %guest   %wait    %CPU   CPU  Command
06:04:11        0    115575    6.00    0.00    0.00    0.00    6.00     6  hector_mapping_

06:04:10      UID       PID  minflt/s  majflt/s     VSZ     RSS   %MEM  Command
06:04:11        0    115575      0.00      0.00 1075116  451088   2.89  hector_mapping_

06:04:11      UID       PID    %usr %system  %guest   %wait    %CPU   CPU  Command
06:04:12        0    115575    5.94    0.99    0.00    0.00    6.93     7  hector_mapping_

06:04:11      UID       PID  minflt/s  majflt/s     VSZ     RSS   %MEM  Command
06:04:12        0    115575      0.00      0.00 1075116  451088   2.89  hector_mapping_

06:04:12      UID       PID    %usr %system  %guest   %wait    %CPU   CPU  Command
06:04:13        0    115575    7.00    0.00    0.00    0.00    7.00     2  hector_mapping_

06:04:12      UID       PID  minflt/s  majflt/s     VSZ     RSS   %MEM  Command
06:04:13        0    115575      0.00      0.00 1075116  451088   2.89  hector_mapping_

06:04:13      UID       PID    %usr %system  %guest   %wait    %CPU   CPU  Command
06:04:14        0    115575    6.00    1.00    0.00    0.00    7.00     4  hector_mapping_

06:04:13      UID       PID  minflt/s  majflt/s     VSZ     RSS   %MEM  Command
06:04:14        0    115575      0.00      0.00 1075116  451088   2.89  hector_mapping_

06:04:14      UID       PID    %usr %system  %guest   %wait    %CPU   CPU  Command
06:04:15        0    115575    6.00    0.00    0.00    0.00    6.00    10  hector_mapping_

06:04:14      UID       PID  minflt/s  majflt/s     VSZ     RSS   %MEM  Command
06:04:15        0    115575      0.00      0.00 1075116  451088   2.89  hector_mapping_

06:04:15      UID       PID    %usr %system  %guest   %wait    %CPU   CPU  Command
06:04:16        0    115575    6.00    1.00    0.00    0.00    7.00     6  hector_mapping_

06:04:15      UID       PID  minflt/s  majflt/s     VSZ     RSS   %MEM  Command
06:04:16        0    115575      0.00      0.00 1075116  451088   2.89  hector_mapping_

06:04:16      UID       PID    %usr %system  %guest   %wait    %CPU   CPU  Command
06:04:17        0    115575    6.00    1.00    0.00    0.00    7.00     6  hector_mapping_

06:04:16      UID       PID  minflt/s  majflt/s     VSZ     RSS   %MEM  Command
06:04:17        0    115575      0.00      0.00 1075116  451088   2.89  hector_mapping_

06:04:17      UID       PID    %usr %system  %guest   %wait    %CPU   CPU  Command
06:04:18        0    115575    6.00    0.00    0.00    0.00    6.00     2  hector_mapping_

06:04:17      UID       PID  minflt/s  majflt/s     VSZ     RSS   %MEM  Command
06:04:18        0    115575      0.00      0.00 1075116  451088   2.89  hector_mapping_

06:04:18      UID       PID    %usr %system  %guest   %wait    %CPU   CPU  Command
06:04:19        0    115575    5.00    1.00    0.00    0.00    6.00    10  hector_mapping_

06:04:18      UID       PID  minflt/s  majflt/s     VSZ     RSS   %MEM  Command
06:04:19        0    115575      0.00      0.00 1075116  451088   2.89  hector_mapping_

06:04:19      UID       PID    %usr %system  %guest   %wait    %CPU   CPU  Command
06:04:20        0    115575    6.00    1.00    0.00    0.00    7.00     6  hector_mapping_

06:04:19      UID       PID  minflt/s  majflt/s     VSZ     RSS   %MEM  Command
06:04:20        0    115575      0.00      0.00 1075116  451088   2.89  hector_mapping_

06:04:20      UID       PID    %usr %system  %guest   %wait    %CPU   CPU  Command
06:04:21        0    115575    6.00    0.00    0.00    0.00    6.00     6  hector_mapping_

06:04:20      UID       PID  minflt/s  majflt/s     VSZ     RSS   %MEM  Command
06:04:21        0    115575      0.00      0.00 1075116  451088   2.89  hector_mapping_

06:04:21      UID       PID    %usr %system  %guest   %wait    %CPU   CPU  Command
06:04:22        0    115575    6.00    1.00    0.00    0.00    7.00     2  hector_mapping_

06:04:21      UID       PID  minflt/s  majflt/s     VSZ     RSS   %MEM  Command
06:04:22        0    115575      0.00      0.00 1075116  451088   2.89  hector_mapping_

06:04:22      UID       PID    %usr %system  %guest   %wait    %CPU   CPU  Command
06:04:23        0    115575    6.00    0.00    0.00    0.00    6.00     6  hector_mapping_

06:04:22      UID       PID  minflt/s  majflt/s     VSZ     RSS   %MEM  Command
06:04:23        0    115575      0.00      0.00 1075116  451088   2.89  hector_mapping_

06:04:23      UID       PID    %usr %system  %guest   %wait    %CPU   CPU  Command
06:04:24        0    115575    5.00    1.00    0.00    0.00    6.00     6  hector_mapping_

06:04:23      UID       PID  minflt/s  majflt/s     VSZ     RSS   %MEM  Command
06:04:24        0    115575      0.00      0.00 1075116  451088   2.89  hector_mapping_

06:04:24      UID       PID    %usr %system  %guest   %wait    %CPU   CPU  Command
06:04:25        0    115575    6.00    1.00    0.00    0.00    7.00    14  hector_mapping_

06:04:24      UID       PID  minflt/s  majflt/s     VSZ     RSS   %MEM  Command
06:04:25        0    115575      0.00      0.00 1075116  451088   2.89  hector_mapping_

06:04:25      UID       PID    %usr %system  %guest   %wait    %CPU   CPU  Command
06:04:26        0    115575    6.00    1.00    0.00    0.00    7.00     6  hector_mapping_

06:04:25      UID       PID  minflt/s  majflt/s     VSZ     RSS   %MEM  Command
06:04:26        0    115575      0.00      0.00 1075116  451088   2.89  hector_mapping_

06:04:26      UID       PID    %usr %system  %guest   %wait    %CPU   CPU  Command
06:04:27        0    115575    6.00    0.00    0.00    0.00    6.00     3  hector_mapping_

06:04:26      UID       PID  minflt/s  majflt/s     VSZ     RSS   %MEM  Command
06:04:27        0    115575      0.00      0.00 1075116  451088   2.89  hector_mapping_

06:04:27      UID       PID    %usr %system  %guest   %wait    %CPU   CPU  Command
06:04:28        0    115575    6.00    0.00    0.00    0.00    6.00     3  hector_mapping_

06:04:27      UID       PID  minflt/s  majflt/s     VSZ     RSS   %MEM  Command
06:04:28        0    115575      0.00      0.00 1075116  451088   2.89  hector_mapping_

06:04:28      UID       PID    %usr %system  %guest   %wait    %CPU   CPU  Command
06:04:29        0    115575    6.00    1.00    0.00    0.00    7.00     6  hector_mapping_

06:04:28      UID       PID  minflt/s  majflt/s     VSZ     RSS   %MEM  Command
06:04:29        0    115575      0.00      0.00 1075116  451088   2.89  hector_mapping_

06:04:29      UID       PID    %usr %system  %guest   %wait    %CPU   CPU  Command
06:04:30        0    115575    7.00    0.00    0.00    0.00    7.00     6  hector_mapping_

06:04:29      UID       PID  minflt/s  majflt/s     VSZ     RSS   %MEM  Command
06:04:30        0    115575      0.00      0.00 1075116  451088   2.89  hector_mapping_

06:04:30      UID       PID    %usr %system  %guest   %wait    %CPU   CPU  Command
06:04:31        0    115575    6.00    1.00    0.00    0.00    7.00     8  hector_mapping_

06:04:30      UID       PID  minflt/s  majflt/s     VSZ     RSS   %MEM  Command
06:04:31        0    115575      0.00      0.00 1075116  451088   2.89  hector_mapping_

06:04:31      UID       PID    %usr %system  %guest   %wait    %CPU   CPU  Command
06:04:32        0    115575    6.00    0.00    0.00    0.00    6.00     3  hector_mapping_

06:04:31      UID       PID  minflt/s  majflt/s     VSZ     RSS   %MEM  Command
06:04:32        0    115575      0.00      0.00 1075116  451088   2.89  hector_mapping_

06:04:32      UID       PID    %usr %system  %guest   %wait    %CPU   CPU  Command
06:04:33        0    115575    6.00    1.00    0.00    0.00    7.00     3  hector_mapping_

06:04:32      UID       PID  minflt/s  majflt/s     VSZ     RSS   %MEM  Command
06:04:33        0    115575      0.00      0.00 1075116  451088   2.89  hector_mapping_

06:04:33      UID       PID    %usr %system  %guest   %wait    %CPU   CPU  Command
06:04:34        0    115575    7.00    0.00    0.00    0.00    7.00     0  hector_mapping_

06:04:33      UID       PID  minflt/s  majflt/s     VSZ     RSS   %MEM  Command
06:04:34        0    115575      0.00      0.00 1075116  451088   2.89  hector_mapping_

06:04:34      UID       PID    %usr %system  %guest   %wait    %CPU   CPU  Command
06:04:35        0    115575    6.00    1.00    0.00    0.00    7.00     6  hector_mapping_

06:04:34      UID       PID  minflt/s  majflt/s     VSZ     RSS   %MEM  Command
06:04:35        0    115575      0.00      0.00 1075116  451088   2.89  hector_mapping_

06:04:35      UID       PID    %usr %system  %guest   %wait    %CPU   CPU  Command
06:04:36        0    115575    6.00    0.00    0.00    0.00    6.00     3  hector_mapping_

06:04:35      UID       PID  minflt/s  majflt/s     VSZ     RSS   %MEM  Command
06:04:36        0    115575      0.00      0.00 1075116  451088   2.89  hector_mapping_

06:04:36      UID       PID    %usr %system  %guest   %wait    %CPU   CPU  Command
06:04:37        0    115575    5.00    1.00    0.00    0.00    6.00     3  hector_mapping_

06:04:36      UID       PID  minflt/s  majflt/s     VSZ     RSS   %MEM  Command
06:04:37        0    115575      0.00      0.00 1075116  451088   2.89  hector_mapping_

06:04:37      UID       PID    %usr %system  %guest   %wait    %CPU   CPU  Command
06:04:38        0    115575    6.00    1.00    0.00    0.00    7.00     3  hector_mapping_

06:04:37      UID       PID  minflt/s  majflt/s     VSZ     RSS   %MEM  Command
06:04:38        0    115575      0.00      0.00 1075116  451088   2.89  hector_mapping_

06:04:38      UID       PID    %usr %system  %guest   %wait    %CPU   CPU  Command
06:04:39        0    115575    7.00    0.00    0.00    0.00    7.00     3  hector_mapping_

06:04:38      UID       PID  minflt/s  majflt/s     VSZ     RSS   %MEM  Command
06:04:39        0    115575      0.00      0.00 1075116  451088   2.89  hector_mapping_

06:04:39      UID       PID    %usr %system  %guest   %wait    %CPU   CPU  Command
06:04:40        0    115575    6.00    0.00    0.00    0.00    6.00     6  hector_mapping_

06:04:39      UID       PID  minflt/s  majflt/s     VSZ     RSS   %MEM  Command
06:04:40        0    115575      0.00      0.00 1075116  451088   2.89  hector_mapping_

06:04:40      UID       PID    %usr %system  %guest   %wait    %CPU   CPU  Command
06:04:41        0    115575    6.00    1.00    0.00    0.00    7.00     6  hector_mapping_

06:04:40      UID       PID  minflt/s  majflt/s     VSZ     RSS   %MEM  Command
06:04:41        0    115575      0.00      0.00 1075116  451088   2.89  hector_mapping_

06:04:41      UID       PID    %usr %system  %guest   %wait    %CPU   CPU  Command
06:04:42        0    115575    6.00    1.00    0.00    0.00    7.00     6  hector_mapping_

06:04:41      UID       PID  minflt/s  majflt/s     VSZ     RSS   %MEM  Command
06:04:42        0    115575      0.00      0.00 1075116  451088   2.89  hector_mapping_

06:04:42      UID       PID    %usr %system  %guest   %wait    %CPU   CPU  Command
06:04:43        0    115575    5.00    1.00    0.00    0.00    6.00     2  hector_mapping_

06:04:42      UID       PID  minflt/s  majflt/s     VSZ     RSS   %MEM  Command
06:04:43        0    115575      0.00      0.00 1075116  451088   2.89  hector_mapping_

06:04:43      UID       PID    %usr %system  %guest   %wait    %CPU   CPU  Command
06:04:44        0    115575    6.00    1.00    0.00    0.00    7.00     2  hector_mapping_

06:04:43      UID       PID  minflt/s  majflt/s     VSZ     RSS   %MEM  Command
06:04:44        0    115575      0.00      0.00 1075116  451088   2.89  hector_mapping_

06:04:44      UID       PID    %usr %system  %guest   %wait    %CPU   CPU  Command
06:04:45        0    115575    5.00    1.00    0.00    0.00    6.00     2  hector_mapping_

06:04:44      UID       PID  minflt/s  majflt/s     VSZ     RSS   %MEM  Command
06:04:45        0    115575      0.00      0.00 1075116  451088   2.89  hector_mapping_

06:04:45      UID       PID    %usr %system  %guest   %wait    %CPU   CPU  Command
06:04:46        0    115575    6.00    0.00    0.00    0.00    6.00     2  hector_mapping_

06:04:45      UID       PID  minflt/s  majflt/s     VSZ     RSS   %MEM  Command
06:04:46        0    115575      0.00      0.00 1075116  451088   2.89  hector_mapping_

06:04:46      UID       PID    %usr %system  %guest   %wait    %CPU   CPU  Command
06:04:47        0    115575    6.00    1.00    0.00    0.00    7.00     2  hector_mapping_

06:04:46      UID       PID  minflt/s  majflt/s     VSZ     RSS   %MEM  Command
06:04:47        0    115575      0.00      0.00 1075116  451088   2.89  hector_mapping_

06:04:47      UID       PID    %usr %system  %guest   %wait    %CPU   CPU  Command
06:04:48        0    115575    6.00    1.00    0.00    0.00    7.00     4  hector_mapping_

06:04:47      UID       PID  minflt/s  majflt/s     VSZ     RSS   %MEM  Command
06:04:48        0    115575      0.00      0.00 1075116  451088   2.89  hector_mapping_

06:04:48      UID       PID    %usr %system  %guest   %wait    %CPU   CPU  Command
06:04:49        0    115575    6.00    0.00    0.00    1.00    6.00     0  hector_mapping_

06:04:48      UID       PID  minflt/s  majflt/s     VSZ     RSS   %MEM  Command
06:04:49        0    115575      0.00      0.00 1075116  451088   2.89  hector_mapping_

06:04:49      UID       PID    %usr %system  %guest   %wait    %CPU   CPU  Command
06:04:50        0    115575    6.00    0.00    0.00    0.00    6.00     0  hector_mapping_

06:04:49      UID       PID  minflt/s  majflt/s     VSZ     RSS   %MEM  Command
06:04:50        0    115575      0.00      0.00 1075116  451088   2.89  hector_mapping_

06:04:50      UID       PID    %usr %system  %guest   %wait    %CPU   CPU  Command
06:04:51        0    115575    6.00    1.00    0.00    0.00    7.00    14  hector_mapping_

06:04:50      UID       PID  minflt/s  majflt/s     VSZ     RSS   %MEM  Command
06:04:51        0    115575      0.00      0.00 1075116  451088   2.89  hector_mapping_

06:04:51      UID       PID    %usr %system  %guest   %wait    %CPU   CPU  Command
06:04:52        0    115575    6.00    0.00    0.00    0.00    6.00     6  hector_mapping_

06:04:51      UID       PID  minflt/s  majflt/s     VSZ     RSS   %MEM  Command
06:04:52        0    115575      0.00      0.00 1075116  451088   2.89  hector_mapping_

06:04:52      UID       PID    %usr %system  %guest   %wait    %CPU   CPU  Command
06:04:53        0    115575    6.00    1.00    0.00    0.00    7.00     6  hector_mapping_

06:04:52      UID       PID  minflt/s  majflt/s     VSZ     RSS   %MEM  Command
06:04:53        0    115575      0.00      0.00 1075116  451088   2.89  hector_mapping_

06:04:53      UID       PID    %usr %system  %guest   %wait    %CPU   CPU  Command
06:04:54        0    115575    5.00    0.00    0.00    0.00    5.00     2  hector_mapping_

06:04:53      UID       PID  minflt/s  majflt/s     VSZ     RSS   %MEM  Command
06:04:54        0    115575      0.00      0.00 1075116  451088   2.89  hector_mapping_

06:04:54      UID       PID    %usr %system  %guest   %wait    %CPU   CPU  Command
06:04:55        0    115575    6.00    1.00    0.00    0.00    7.00     2  hector_mapping_

06:04:54      UID       PID  minflt/s  majflt/s     VSZ     RSS   %MEM  Command
06:04:55        0    115575      0.00      0.00 1075116  451088   2.89  hector_mapping_

06:04:55      UID       PID    %usr %system  %guest   %wait    %CPU   CPU  Command
06:04:56        0    115575    6.00    1.00    0.00    0.00    7.00     2  hector_mapping_

06:04:55      UID       PID  minflt/s  majflt/s     VSZ     RSS   %MEM  Command
06:04:56        0    115575      0.00      0.00 1075116  451088   2.89  hector_mapping_

06:04:56      UID       PID    %usr %system  %guest   %wait    %CPU   CPU  Command
06:04:57        0    115575    6.00    0.00    0.00    0.00    6.00     2  hector_mapping_

06:04:56      UID       PID  minflt/s  majflt/s     VSZ     RSS   %MEM  Command
06:04:57        0    115575      0.00      0.00 1075116  451088   2.89  hector_mapping_

06:04:57      UID       PID    %usr %system  %guest   %wait    %CPU   CPU  Command
06:04:58        0    115575    6.00    1.00    0.00    0.00    7.00     2  hector_mapping_

06:04:57      UID       PID  minflt/s  majflt/s     VSZ     RSS   %MEM  Command
06:04:58        0    115575      0.00      0.00 1075116  451088   2.89  hector_mapping_

06:04:58      UID       PID    %usr %system  %guest   %wait    %CPU   CPU  Command
06:04:59        0    115575    6.00    0.00    0.00    0.00    6.00    14  hector_mapping_

06:04:58      UID       PID  minflt/s  majflt/s     VSZ     RSS   %MEM  Command
06:04:59        0    115575      0.00      0.00 1075116  451088   2.89  hector_mapping_

06:04:59      UID       PID    %usr %system  %guest   %wait    %CPU   CPU  Command
06:05:00        0    115575    6.00    1.00    0.00    0.00    7.00    12  hector_mapping_

06:04:59      UID       PID  minflt/s  majflt/s     VSZ     RSS   %MEM  Command
06:05:00        0    115575      0.00      0.00 1075116  451088   2.89  hector_mapping_

06:05:00      UID       PID    %usr %system  %guest   %wait    %CPU   CPU  Command
06:05:01        0    115575    7.00    0.00    0.00    0.00    7.00     8  hector_mapping_

06:05:00      UID       PID  minflt/s  majflt/s     VSZ     RSS   %MEM  Command
06:05:01        0    115575      0.00      0.00 1075116  451088   2.89  hector_mapping_

06:05:01      UID       PID    %usr %system  %guest   %wait    %CPU   CPU  Command
06:05:02        0    115575    6.00    1.00    0.00    0.00    7.00    14  hector_mapping_

06:05:01      UID       PID  minflt/s  majflt/s     VSZ     RSS   %MEM  Command
06:05:02        0    115575      0.00      0.00 1075116  451088   2.89  hector_mapping_

06:05:02      UID       PID    %usr %system  %guest   %wait    %CPU   CPU  Command
06:05:03        0    115575    6.00    1.00    0.00    0.00    7.00     6  hector_mapping_

06:05:02      UID       PID  minflt/s  majflt/s     VSZ     RSS   %MEM  Command
06:05:03        0    115575      0.00      0.00 1075116  451088   2.89  hector_mapping_

06:05:03      UID       PID    %usr %system  %guest   %wait    %CPU   CPU  Command
06:05:04        0    115575    6.00    0.00    0.00    0.00    6.00    11  hector_mapping_

06:05:03      UID       PID  minflt/s  majflt/s     VSZ     RSS   %MEM  Command
06:05:04        0    115575      0.00      0.00 1075116  451088   2.89  hector_mapping_

06:05:04      UID       PID    %usr %system  %guest   %wait    %CPU   CPU  Command
06:05:05        0    115575    6.00    1.00    0.00    0.00    7.00     2  hector_mapping_

06:05:04      UID       PID  minflt/s  majflt/s     VSZ     RSS   %MEM  Command
06:05:05        0    115575      0.00      0.00 1075116  451088   2.89  hector_mapping_

06:05:05      UID       PID    %usr %system  %guest   %wait    %CPU   CPU  Command
06:05:06        0    115575    6.00    0.00    0.00    0.00    6.00     2  hector_mapping_

06:05:05      UID       PID  minflt/s  majflt/s     VSZ     RSS   %MEM  Command
06:05:06        0    115575      0.00      0.00 1075116  451088   2.89  hector_mapping_

06:05:06      UID       PID    %usr %system  %guest   %wait    %CPU   CPU  Command
06:05:07        0    115575    6.00    1.00    0.00    0.00    7.00     0  hector_mapping_

06:05:06      UID       PID  minflt/s  majflt/s     VSZ     RSS   %MEM  Command
06:05:07        0    115575      0.00      0.00 1075116  451088   2.89  hector_mapping_

06:05:07      UID       PID    %usr %system  %guest   %wait    %CPU   CPU  Command
06:05:08        0    115575    6.00    0.00    0.00    0.00    6.00     6  hector_mapping_

06:05:07      UID       PID  minflt/s  majflt/s     VSZ     RSS   %MEM  Command
06:05:08        0    115575      0.00      0.00 1075116  451088   2.89  hector_mapping_

06:05:08      UID       PID    %usr %system  %guest   %wait    %CPU   CPU  Command
06:05:09        0    115575    6.00    0.00    0.00    0.00    6.00     6  hector_mapping_

06:05:08      UID       PID  minflt/s  majflt/s     VSZ     RSS   %MEM  Command
06:05:09        0    115575      0.00      0.00 1075116  451088   2.89  hector_mapping_

06:05:09      UID       PID    %usr %system  %guest   %wait    %CPU   CPU  Command
06:05:10        0    115575    7.00    0.00    0.00    0.00    7.00     2  hector_mapping_

06:05:09      UID       PID  minflt/s  majflt/s     VSZ     RSS   %MEM  Command
06:05:10        0    115575      0.00      0.00 1075116  451088   2.89  hector_mapping_

06:05:10      UID       PID    %usr %system  %guest   %wait    %CPU   CPU  Command
06:05:11        0    115575    5.00    1.00    0.00    0.00    6.00     6  hector_mapping_

06:05:10      UID       PID  minflt/s  majflt/s     VSZ     RSS   %MEM  Command
06:05:11        0    115575      0.00      0.00 1075116  451088   2.89  hector_mapping_

06:05:11      UID       PID    %usr %system  %guest   %wait    %CPU   CPU  Command
06:05:12        0    115575    7.00    0.00    0.00    0.00    7.00     0  hector_mapping_

06:05:11      UID       PID  minflt/s  majflt/s     VSZ     RSS   %MEM  Command
06:05:12        0    115575      0.00      0.00 1075116  451088   2.89  hector_mapping_

06:05:12      UID       PID    %usr %system  %guest   %wait    %CPU   CPU  Command
06:05:13        0    115575    6.00    1.00    0.00    0.00    7.00     2  hector_mapping_

06:05:12      UID       PID  minflt/s  majflt/s     VSZ     RSS   %MEM  Command
06:05:13        0    115575      0.00      0.00 1075116  451088   2.89  hector_mapping_

06:05:13      UID       PID    %usr %system  %guest   %wait    %CPU   CPU  Command
06:05:14        0    115575    7.00    0.00    0.00    0.00    7.00     2  hector_mapping_

06:05:13      UID       PID  minflt/s  majflt/s     VSZ     RSS   %MEM  Command
06:05:14        0    115575      0.00      0.00 1075116  451088   2.89  hector_mapping_

06:05:14      UID       PID    %usr %system  %guest   %wait    %CPU   CPU  Command
06:05:15        0    115575    6.00    1.00    0.00    0.00    7.00     8  hector_mapping_

06:05:14      UID       PID  minflt/s  majflt/s     VSZ     RSS   %MEM  Command
06:05:15        0    115575      0.00      0.00 1075116  451088   2.89  hector_mapping_

06:05:15      UID       PID    %usr %system  %guest   %wait    %CPU   CPU  Command
06:05:16        0    115575    6.00    0.00    0.00    0.00    6.00     6  hector_mapping_

06:05:15      UID       PID  minflt/s  majflt/s     VSZ     RSS   %MEM  Command
06:05:16        0    115575      0.00      0.00 1075116  451088   2.89  hector_mapping_

06:05:16      UID       PID    %usr %system  %guest   %wait    %CPU   CPU  Command
06:05:17        0    115575    6.00    0.00    0.00    0.00    6.00     2  hector_mapping_

06:05:16      UID       PID  minflt/s  majflt/s     VSZ     RSS   %MEM  Command
06:05:17        0    115575      0.00      0.00 1075116  451088   2.89  hector_mapping_

06:05:17      UID       PID    %usr %system  %guest   %wait    %CPU   CPU  Command
06:05:18        0    115575    5.00    2.00    0.00    0.00    7.00     6  hector_mapping_

06:05:17      UID       PID  minflt/s  majflt/s     VSZ     RSS   %MEM  Command
06:05:18        0    115575      0.00      0.00 1075116  451088   2.89  hector_mapping_

06:05:18      UID       PID    %usr %system  %guest   %wait    %CPU   CPU  Command
06:05:19        0    115575    7.00    0.00    0.00    0.00    7.00     2  hector_mapping_

06:05:18      UID       PID  minflt/s  majflt/s     VSZ     RSS   %MEM  Command
06:05:19        0    115575      0.00      0.00 1075116  451088   2.89  hector_mapping_

06:05:19      UID       PID    %usr %system  %guest   %wait    %CPU   CPU  Command
06:05:20        0    115575    6.00    1.00    0.00    0.00    7.00     6  hector_mapping_

06:05:19      UID       PID  minflt/s  majflt/s     VSZ     RSS   %MEM  Command
06:05:20        0    115575      0.00      0.00 1075116  451088   2.89  hector_mapping_

06:05:20      UID       PID    %usr %system  %guest   %wait    %CPU   CPU  Command
06:05:21        0    115575    6.00    0.00    0.00    0.00    6.00     2  hector_mapping_

06:05:20      UID       PID  minflt/s  majflt/s     VSZ     RSS   %MEM  Command
06:05:21        0    115575      0.00      0.00 1075116  451088   2.89  hector_mapping_

06:05:21      UID       PID    %usr %system  %guest   %wait    %CPU   CPU  Command
06:05:22        0    115575    6.00    1.00    0.00    0.00    7.00     2  hector_mapping_

06:05:21      UID       PID  minflt/s  majflt/s     VSZ     RSS   %MEM  Command
06:05:22        0    115575      0.00      0.00 1075116  451088   2.89  hector_mapping_

06:05:22      UID       PID    %usr %system  %guest   %wait    %CPU   CPU  Command
06:05:23        0    115575    6.00    1.00    0.00    0.00    7.00     6  hector_mapping_

06:05:22      UID       PID  minflt/s  majflt/s     VSZ     RSS   %MEM  Command
06:05:23        0    115575      0.00      0.00 1075116  451088   2.89  hector_mapping_

06:05:23      UID       PID    %usr %system  %guest   %wait    %CPU   CPU  Command
06:05:24        0    115575    6.00    1.00    0.00    0.00    7.00     2  hector_mapping_

06:05:23      UID       PID  minflt/s  majflt/s     VSZ     RSS   %MEM  Command
06:05:24        0    115575      0.00      0.00 1075116  451088   2.89  hector_mapping_

06:05:24      UID       PID    %usr %system  %guest   %wait    %CPU   CPU  Command
06:05:25        0    115575    6.00    0.00    0.00    0.00    6.00     2  hector_mapping_

06:05:24      UID       PID  minflt/s  majflt/s     VSZ     RSS   %MEM  Command
06:05:25        0    115575      0.00      0.00 1075116  451088   2.89  hector_mapping_

06:05:25      UID       PID    %usr %system  %guest   %wait    %CPU   CPU  Command
06:05:26        0    115575    6.00    1.00    0.00    0.00    7.00     8  hector_mapping_

06:05:25      UID       PID  minflt/s  majflt/s     VSZ     RSS   %MEM  Command
06:05:26        0    115575      0.00      0.00 1075116  451088   2.89  hector_mapping_

06:05:26      UID       PID    %usr %system  %guest   %wait    %CPU   CPU  Command
06:05:27        0    115575    6.00    1.00    0.00    0.00    7.00     4  hector_mapping_

06:05:26      UID       PID  minflt/s  majflt/s     VSZ     RSS   %MEM  Command
06:05:27        0    115575      0.00      0.00 1075116  451088   2.89  hector_mapping_

06:05:27      UID       PID    %usr %system  %guest   %wait    %CPU   CPU  Command
06:05:28        0    115575    6.00    1.00    0.00    0.00    7.00     2  hector_mapping_

06:05:27      UID       PID  minflt/s  majflt/s     VSZ     RSS   %MEM  Command
06:05:28        0    115575      0.00      0.00 1075116  451088   2.89  hector_mapping_

06:05:28      UID       PID    %usr %system  %guest   %wait    %CPU   CPU  Command
06:05:29        0    115575    6.00    0.00    0.00    0.00    6.00     2  hector_mapping_

06:05:28      UID       PID  minflt/s  majflt/s     VSZ     RSS   %MEM  Command
06:05:29        0    115575      0.00      0.00 1075116  451088   2.89  hector_mapping_

06:05:29      UID       PID    %usr %system  %guest   %wait    %CPU   CPU  Command
06:05:30        0    115575    5.00    2.00    0.00    0.00    7.00     6  hector_mapping_

06:05:29      UID       PID  minflt/s  majflt/s     VSZ     RSS   %MEM  Command
06:05:30        0    115575      0.00      0.00 1075116  451088   2.89  hector_mapping_

06:05:30      UID       PID    %usr %system  %guest   %wait    %CPU   CPU  Command
06:05:31        0    115575    6.00    0.00    0.00    0.00    6.00     7  hector_mapping_

06:05:30      UID       PID  minflt/s  majflt/s     VSZ     RSS   %MEM  Command
06:05:31        0    115575      0.00      0.00 1075116  451088   2.89  hector_mapping_

06:05:31      UID       PID    %usr %system  %guest   %wait    %CPU   CPU  Command
06:05:32        0    115575    7.00    1.00    0.00    0.00    8.00     6  hector_mapping_

06:05:31      UID       PID  minflt/s  majflt/s     VSZ     RSS   %MEM  Command
06:05:32        0    115575      0.00      0.00 1075116  451088   2.89  hector_mapping_

06:05:32      UID       PID    %usr %system  %guest   %wait    %CPU   CPU  Command
06:05:33        0    115575    6.00    0.00    0.00    0.00    6.00     2  hector_mapping_

06:05:32      UID       PID  minflt/s  majflt/s     VSZ     RSS   %MEM  Command
06:05:33        0    115575      0.00      0.00 1075116  451088   2.89  hector_mapping_

06:05:33      UID       PID    %usr %system  %guest   %wait    %CPU   CPU  Command
06:05:34        0    115575    6.00    1.00    0.00    0.00    7.00     2  hector_mapping_

06:05:33      UID       PID  minflt/s  majflt/s     VSZ     RSS   %MEM  Command
06:05:34        0    115575      0.00      0.00 1075116  451088   2.89  hector_mapping_

06:05:34      UID       PID    %usr %system  %guest   %wait    %CPU   CPU  Command
06:05:35        0    115575    6.00    1.00    0.00    0.00    7.00     2  hector_mapping_

06:05:34      UID       PID  minflt/s  majflt/s     VSZ     RSS   %MEM  Command
06:05:35        0    115575      0.00      0.00 1075116  451088   2.89  hector_mapping_

06:05:35      UID       PID    %usr %system  %guest   %wait    %CPU   CPU  Command
06:05:36        0    115575    6.00    0.00    0.00    0.00    6.00     2  hector_mapping_

06:05:35      UID       PID  minflt/s  majflt/s     VSZ     RSS   %MEM  Command
06:05:36        0    115575      0.00      0.00 1075116  451088   2.89  hector_mapping_

06:05:36      UID       PID    %usr %system  %guest   %wait    %CPU   CPU  Command
06:05:37        0    115575    6.00    1.00    0.00    0.00    7.00     6  hector_mapping_

06:05:36      UID       PID  minflt/s  majflt/s     VSZ     RSS   %MEM  Command
06:05:37        0    115575      0.00      0.00 1075116  451088   2.89  hector_mapping_

06:05:37      UID       PID    %usr %system  %guest   %wait    %CPU   CPU  Command
06:05:38        0    115575    6.00    0.00    0.00    0.00    6.00     6  hector_mapping_

06:05:37      UID       PID  minflt/s  majflt/s     VSZ     RSS   %MEM  Command
06:05:38        0    115575      0.00      0.00 1075116  451088   2.89  hector_mapping_

06:05:38      UID       PID    %usr %system  %guest   %wait    %CPU   CPU  Command
06:05:39        0    115575    7.00    0.00    0.00    0.00    7.00    12  hector_mapping_

06:05:38      UID       PID  minflt/s  majflt/s     VSZ     RSS   %MEM  Command
06:05:39        0    115575      0.00      0.00 1075116  451088   2.89  hector_mapping_

06:05:39      UID       PID    %usr %system  %guest   %wait    %CPU   CPU  Command
06:05:40        0    115575    6.00    1.00    0.00    0.00    7.00     6  hector_mapping_

06:05:39      UID       PID  minflt/s  majflt/s     VSZ     RSS   %MEM  Command
06:05:40        0    115575      0.00      0.00 1075116  451088   2.89  hector_mapping_

06:05:40      UID       PID    %usr %system  %guest   %wait    %CPU   CPU  Command
06:05:41        0    115575    6.00    1.00    0.00    0.00    7.00     4  hector_mapping_

06:05:40      UID       PID  minflt/s  majflt/s     VSZ     RSS   %MEM  Command
06:05:41        0    115575      0.00      0.00 1075116  451088   2.89  hector_mapping_

06:05:41      UID       PID    %usr %system  %guest   %wait    %CPU   CPU  Command
06:05:42        0    115575    5.00    0.00    0.00    0.00    5.00     8  hector_mapping_

06:05:41      UID       PID  minflt/s  majflt/s     VSZ     RSS   %MEM  Command
06:05:42        0    115575      0.00      0.00 1075116  451088   2.89  hector_mapping_

06:05:42      UID       PID    %usr %system  %guest   %wait    %CPU   CPU  Command
06:05:43        0    115575    6.00    1.00    0.00    0.00    7.00     8  hector_mapping_

06:05:42      UID       PID  minflt/s  majflt/s     VSZ     RSS   %MEM  Command
06:05:43        0    115575      0.00      0.00 1075116  451088   2.89  hector_mapping_

06:05:43      UID       PID    %usr %system  %guest   %wait    %CPU   CPU  Command
06:05:44        0    115575    6.00    0.00    0.00    0.00    6.00     6  hector_mapping_

06:05:43      UID       PID  minflt/s  majflt/s     VSZ     RSS   %MEM  Command
06:05:44        0    115575      0.00      0.00 1075116  451088   2.89  hector_mapping_

06:05:44      UID       PID    %usr %system  %guest   %wait    %CPU   CPU  Command
06:05:45        0    115575    7.00    1.00    0.00    0.00    8.00     6  hector_mapping_

06:05:44      UID       PID  minflt/s  majflt/s     VSZ     RSS   %MEM  Command
06:05:45        0    115575      0.00      0.00 1075116  451088   2.89  hector_mapping_

06:05:45      UID       PID    %usr %system  %guest   %wait    %CPU   CPU  Command
06:05:46        0    115575    6.00    0.00    0.00    0.00    6.00     6  hector_mapping_

06:05:45      UID       PID  minflt/s  majflt/s     VSZ     RSS   %MEM  Command
06:05:46        0    115575      0.00      0.00 1075116  451088   2.89  hector_mapping_

06:05:46      UID       PID    %usr %system  %guest   %wait    %CPU   CPU  Command
06:05:47        0    115575    6.00    0.00    0.00    0.00    6.00    12  hector_mapping_

06:05:46      UID       PID  minflt/s  majflt/s     VSZ     RSS   %MEM  Command
06:05:47        0    115575      0.00      0.00 1075116  451088   2.89  hector_mapping_

06:05:47      UID       PID    %usr %system  %guest   %wait    %CPU   CPU  Command
06:05:48        0    115575    6.00    1.00    0.00    0.00    7.00     3  hector_mapping_

06:05:47      UID       PID  minflt/s  majflt/s     VSZ     RSS   %MEM  Command
06:05:48        0    115575      0.00      0.00 1075116  451088   2.89  hector_mapping_

06:05:48      UID       PID    %usr %system  %guest   %wait    %CPU   CPU  Command
06:05:49        0    115575    6.00    0.00    0.00    0.00    6.00     3  hector_mapping_

06:05:48      UID       PID  minflt/s  majflt/s     VSZ     RSS   %MEM  Command
06:05:49        0    115575      0.00      0.00 1075116  451088   2.89  hector_mapping_

06:05:49      UID       PID    %usr %system  %guest   %wait    %CPU   CPU  Command
06:05:50        0    115575    6.00    1.00    0.00    0.00    7.00     8  hector_mapping_

06:05:49      UID       PID  minflt/s  majflt/s     VSZ     RSS   %MEM  Command
06:05:50        0    115575      0.00      0.00 1075116  451088   2.89  hector_mapping_

06:05:50      UID       PID    %usr %system  %guest   %wait    %CPU   CPU  Command
06:05:51        0    115575    6.00    0.00    0.00    0.00    6.00     2  hector_mapping_

06:05:50      UID       PID  minflt/s  majflt/s     VSZ     RSS   %MEM  Command
06:05:51        0    115575      0.00      0.00 1075116  451088   2.89  hector_mapping_

06:05:51      UID       PID    %usr %system  %guest   %wait    %CPU   CPU  Command
06:05:52        0    115575    6.00    1.00    0.00    0.00    7.00     2  hector_mapping_

06:05:51      UID       PID  minflt/s  majflt/s     VSZ     RSS   %MEM  Command
06:05:52        0    115575      0.00      0.00 1075116  451088   2.89  hector_mapping_

06:05:52      UID       PID    %usr %system  %guest   %wait    %CPU   CPU  Command
06:05:53        0    115575    6.00    0.00    0.00    0.00    6.00     6  hector_mapping_

06:05:52      UID       PID  minflt/s  majflt/s     VSZ     RSS   %MEM  Command
06:05:53        0    115575      0.00      0.00 1075116  451088   2.89  hector_mapping_

06:05:53      UID       PID    %usr %system  %guest   %wait    %CPU   CPU  Command
06:05:54        0    115575    6.00    0.00    0.00    0.00    6.00     2  hector_mapping_

06:05:53      UID       PID  minflt/s  majflt/s     VSZ     RSS   %MEM  Command
06:05:54        0    115575      0.00      0.00 1075116  451088   2.89  hector_mapping_

06:05:54      UID       PID    %usr %system  %guest   %wait    %CPU   CPU  Command
06:05:55        0    115575    6.00    1.00    0.00    0.00    7.00     2  hector_mapping_

06:05:54      UID       PID  minflt/s  majflt/s     VSZ     RSS   %MEM  Command
06:05:55        0    115575      0.00      0.00 1075116  451088   2.89  hector_mapping_

06:05:55      UID       PID    %usr %system  %guest   %wait    %CPU   CPU  Command
06:05:56        0    115575    6.00    0.00    0.00    0.00    6.00     6  hector_mapping_

06:05:55      UID       PID  minflt/s  majflt/s     VSZ     RSS   %MEM  Command
06:05:56        0    115575      0.00      0.00 1075116  451088   2.89  hector_mapping_

06:05:56      UID       PID    %usr %system  %guest   %wait    %CPU   CPU  Command
06:05:57        0    115575    6.00    0.00    0.00    0.00    6.00     6  hector_mapping_

06:05:56      UID       PID  minflt/s  majflt/s     VSZ     RSS   %MEM  Command
06:05:57        0    115575      0.00      0.00 1075116  451088   2.89  hector_mapping_

06:05:57      UID       PID    %usr %system  %guest   %wait    %CPU   CPU  Command
06:05:58        0    115575    6.00    1.00    0.00    0.00    7.00     6  hector_mapping_

06:05:57      UID       PID  minflt/s  majflt/s     VSZ     RSS   %MEM  Command
06:05:58        0    115575      0.00      0.00 1075116  451088   2.89  hector_mapping_

06:05:58      UID       PID    %usr %system  %guest   %wait    %CPU   CPU  Command
06:05:59        0    115575    6.00    0.00    0.00    0.00    6.00     6  hector_mapping_

06:05:58      UID       PID  minflt/s  majflt/s     VSZ     RSS   %MEM  Command
06:05:59        0    115575      0.00      0.00 1075116  451088   2.89  hector_mapping_

06:05:59      UID       PID    %usr %system  %guest   %wait    %CPU   CPU  Command
06:06:00        0    115575    6.00    1.00    0.00    0.00    7.00     6  hector_mapping_

06:05:59      UID       PID  minflt/s  majflt/s     VSZ     RSS   %MEM  Command
06:06:00        0    115575      0.00      0.00 1075116  451088   2.89  hector_mapping_

06:06:00      UID       PID    %usr %system  %guest   %wait    %CPU   CPU  Command
06:06:01        0    115575    6.00    1.00    0.00    0.00    7.00     0  hector_mapping_

06:06:00      UID       PID  minflt/s  majflt/s     VSZ     RSS   %MEM  Command
06:06:01        0    115575      0.00      0.00 1075116  451088   2.89  hector_mapping_

06:06:01      UID       PID    %usr %system  %guest   %wait    %CPU   CPU  Command
06:06:02        0    115575    6.00    1.00    0.00    0.00    7.00     0  hector_mapping_

06:06:01      UID       PID  minflt/s  majflt/s     VSZ     RSS   %MEM  Command
06:06:02        0    115575      0.00      0.00 1075116  451088   2.89  hector_mapping_

06:06:02      UID       PID    %usr %system  %guest   %wait    %CPU   CPU  Command
06:06:03        0    115575    6.00    0.00    0.00    0.00    6.00     6  hector_mapping_

06:06:02      UID       PID  minflt/s  majflt/s     VSZ     RSS   %MEM  Command
06:06:03        0    115575      0.00      0.00 1075116  451088   2.89  hector_mapping_

06:06:03      UID       PID    %usr %system  %guest   %wait    %CPU   CPU  Command
06:06:04        0    115575    6.00    1.00    0.00    0.00    7.00     6  hector_mapping_

06:06:03      UID       PID  minflt/s  majflt/s     VSZ     RSS   %MEM  Command
06:06:04        0    115575      0.00      0.00 1075116  451088   2.89  hector_mapping_

06:06:04      UID       PID    %usr %system  %guest   %wait    %CPU   CPU  Command
06:06:05        0    115575    6.00    0.00    0.00    0.00    6.00     0  hector_mapping_

06:06:04      UID       PID  minflt/s  majflt/s     VSZ     RSS   %MEM  Command
06:06:05        0    115575      0.00      0.00 1075116  451088   2.89  hector_mapping_

06:06:05      UID       PID    %usr %system  %guest   %wait    %CPU   CPU  Command
06:06:06        0    115575    6.00    1.00    0.00    0.00    7.00     2  hector_mapping_

06:06:05      UID       PID  minflt/s  majflt/s     VSZ     RSS   %MEM  Command
06:06:06        0    115575      0.00      0.00 1075116  451088   2.89  hector_mapping_

06:06:06      UID       PID    %usr %system  %guest   %wait    %CPU   CPU  Command
06:06:07        0    115575    6.00    1.00    0.00    0.00    7.00     2  hector_mapping_

06:06:06      UID       PID  minflt/s  majflt/s     VSZ     RSS   %MEM  Command
06:06:07        0    115575      0.00      0.00 1075116  451088   2.89  hector_mapping_

06:06:07      UID       PID    %usr %system  %guest   %wait    %CPU   CPU  Command
06:06:08        0    115575    7.00    0.00    0.00    0.00    7.00     2  hector_mapping_

06:06:07      UID       PID  minflt/s  majflt/s     VSZ     RSS   %MEM  Command
06:06:08        0    115575      0.00      0.00 1075116  451088   2.89  hector_mapping_

06:06:08      UID       PID    %usr %system  %guest   %wait    %CPU   CPU  Command
06:06:09        0    115575    6.00    0.00    0.00    0.00    6.00     0  hector_mapping_

06:06:08      UID       PID  minflt/s  majflt/s     VSZ     RSS   %MEM  Command
06:06:09        0    115575      0.00      0.00 1075116  451088   2.89  hector_mapping_

06:06:09      UID       PID    %usr %system  %guest   %wait    %CPU   CPU  Command
06:06:10        0    115575    6.00    1.00    0.00    0.00    7.00     6  hector_mapping_

06:06:09      UID       PID  minflt/s  majflt/s     VSZ     RSS   %MEM  Command
06:06:10        0    115575      0.00      0.00 1075116  451088   2.89  hector_mapping_

06:06:10      UID       PID    %usr %system  %guest   %wait    %CPU   CPU  Command
06:06:11        0    115575    6.00    1.00    0.00    0.00    7.00     0  hector_mapping_

06:06:10      UID       PID  minflt/s  majflt/s     VSZ     RSS   %MEM  Command
06:06:11        0    115575      0.00      0.00 1075116  451088   2.89  hector_mapping_

06:06:11      UID       PID    %usr %system  %guest   %wait    %CPU   CPU  Command
06:06:12        0    115575    7.00    0.00    0.00    0.00    7.00     4  hector_mapping_

06:06:11      UID       PID  minflt/s  majflt/s     VSZ     RSS   %MEM  Command
06:06:12        0    115575      0.00      0.00 1075116  451088   2.89  hector_mapping_

06:06:12      UID       PID    %usr %system  %guest   %wait    %CPU   CPU  Command
06:06:13        0    115575    5.00    1.00    0.00    0.00    6.00     6  hector_mapping_

06:06:12      UID       PID  minflt/s  majflt/s     VSZ     RSS   %MEM  Command
06:06:13        0    115575      0.00      0.00 1075116  451088   2.89  hector_mapping_

06:06:13      UID       PID    %usr %system  %guest   %wait    %CPU   CPU  Command
06:06:14        0    115575    7.00    0.00    0.00    0.00    7.00     2  hector_mapping_

06:06:13      UID       PID  minflt/s  majflt/s     VSZ     RSS   %MEM  Command
06:06:14        0    115575      0.00      0.00 1075116  451088   2.89  hector_mapping_

06:06:14      UID       PID    %usr %system  %guest   %wait    %CPU   CPU  Command
06:06:15        0    115575    6.00    1.00    0.00    0.00    7.00     2  hector_mapping_

06:06:14      UID       PID  minflt/s  majflt/s     VSZ     RSS   %MEM  Command
06:06:15        0    115575      0.00      0.00 1075116  451088   2.89  hector_mapping_

06:06:15      UID       PID    %usr %system  %guest   %wait    %CPU   CPU  Command
06:06:16        0    115575    6.00    1.00    0.00    0.00    7.00     6  hector_mapping_

06:06:15      UID       PID  minflt/s  majflt/s     VSZ     RSS   %MEM  Command
06:06:16        0    115575      0.00      0.00 1075116  451088   2.89  hector_mapping_

06:06:16      UID       PID    %usr %system  %guest   %wait    %CPU   CPU  Command
06:06:17        0    115575    6.00    0.00    0.00    0.00    6.00     0  hector_mapping_

06:06:16      UID       PID  minflt/s  majflt/s     VSZ     RSS   %MEM  Command
06:06:17        0    115575      0.00      0.00 1075116  451088   2.89  hector_mapping_

06:06:17      UID       PID    %usr %system  %guest   %wait    %CPU   CPU  Command
06:06:18        0    115575    7.00    1.00    0.00    0.00    8.00     6  hector_mapping_

06:06:17      UID       PID  minflt/s  majflt/s     VSZ     RSS   %MEM  Command
06:06:18        0    115575      0.00      0.00 1075116  451088   2.89  hector_mapping_

06:06:18      UID       PID    %usr %system  %guest   %wait    %CPU   CPU  Command
06:06:19        0    115575    5.00    1.00    0.00    0.00    6.00     2  hector_mapping_

06:06:18      UID       PID  minflt/s  majflt/s     VSZ     RSS   %MEM  Command
06:06:19        0    115575      0.00      0.00 1075116  451088   2.89  hector_mapping_

06:06:19      UID       PID    %usr %system  %guest   %wait    %CPU   CPU  Command
06:06:20        0    115575    7.00    0.00    0.00    0.00    7.00     6  hector_mapping_

06:06:19      UID       PID  minflt/s  majflt/s     VSZ     RSS   %MEM  Command
06:06:20        0    115575      0.00      0.00 1075116  451088   2.89  hector_mapping_

06:06:20      UID       PID    %usr %system  %guest   %wait    %CPU   CPU  Command
06:06:21        0    115575    6.00    1.00    0.00    0.00    7.00     0  hector_mapping_

06:06:20      UID       PID  minflt/s  majflt/s     VSZ     RSS   %MEM  Command
06:06:21        0    115575      0.00      0.00 1075116  451088   2.89  hector_mapping_

06:06:21      UID       PID    %usr %system  %guest   %wait    %CPU   CPU  Command
06:06:22        0    115575    6.00    0.00    0.00    0.00    6.00     6  hector_mapping_

06:06:21      UID       PID  minflt/s  majflt/s     VSZ     RSS   %MEM  Command
06:06:22        0    115575      0.00      0.00 1075116  451088   2.89  hector_mapping_

06:06:22      UID       PID    %usr %system  %guest   %wait    %CPU   CPU  Command
06:06:23        0    115575    6.00    1.00    0.00    0.00    7.00     7  hector_mapping_

06:06:22      UID       PID  minflt/s  majflt/s     VSZ     RSS   %MEM  Command
06:06:23        0    115575      0.00      0.00 1075116  451088   2.89  hector_mapping_

06:06:23      UID       PID    %usr %system  %guest   %wait    %CPU   CPU  Command
06:06:24        0    115575    5.94    0.99    0.00    0.00    6.93     8  hector_mapping_

06:06:23      UID       PID  minflt/s  majflt/s     VSZ     RSS   %MEM  Command
06:06:24        0    115575      0.00      0.00 1075116  451088   2.89  hector_mapping_

06:06:24      UID       PID    %usr %system  %guest   %wait    %CPU   CPU  Command
06:06:25        0    115575    6.00    0.00    0.00    0.00    6.00     7  hector_mapping_

06:06:24      UID       PID  minflt/s  majflt/s     VSZ     RSS   %MEM  Command
06:06:25        0    115575      0.00      0.00 1075116  451088   2.89  hector_mapping_

06:06:25      UID       PID    %usr %system  %guest   %wait    %CPU   CPU  Command
06:06:26        0    115575    6.00    1.00    0.00    0.00    7.00     8  hector_mapping_

06:06:25      UID       PID  minflt/s  majflt/s     VSZ     RSS   %MEM  Command
06:06:26        0    115575      0.00      0.00 1075116  451088   2.89  hector_mapping_

06:06:26      UID       PID    %usr %system  %guest   %wait    %CPU   CPU  Command
06:06:27        0    115575    7.00    0.00    0.00    0.00    7.00     4  hector_mapping_

06:06:26      UID       PID  minflt/s  majflt/s     VSZ     RSS   %MEM  Command
06:06:27        0    115575      0.00      0.00 1075116  451088   2.89  hector_mapping_

06:06:27      UID       PID    %usr %system  %guest   %wait    %CPU   CPU  Command
06:06:28        0    115575    6.00    0.00    0.00    0.00    6.00     2  hector_mapping_

06:06:27      UID       PID  minflt/s  majflt/s     VSZ     RSS   %MEM  Command
06:06:28        0    115575      0.00      0.00 1075116  451088   2.89  hector_mapping_

06:06:28      UID       PID    %usr %system  %guest   %wait    %CPU   CPU  Command
06:06:29        0    115575    6.00    1.00    0.00    0.00    7.00     2  hector_mapping_

06:06:28      UID       PID  minflt/s  majflt/s     VSZ     RSS   %MEM  Command
06:06:29        0    115575      0.00      0.00 1075116  451088   2.89  hector_mapping_

06:06:29      UID       PID    %usr %system  %guest   %wait    %CPU   CPU  Command
06:06:30        0    115575    5.00    1.00    0.00    0.00    6.00     4  hector_mapping_

06:06:29      UID       PID  minflt/s  majflt/s     VSZ     RSS   %MEM  Command
06:06:30        0    115575      0.00      0.00 1075116  451088   2.89  hector_mapping_

06:06:30      UID       PID    %usr %system  %guest   %wait    %CPU   CPU  Command
06:06:31        0    115575    7.00    0.00    0.00    0.00    7.00     6  hector_mapping_

06:06:30      UID       PID  minflt/s  majflt/s     VSZ     RSS   %MEM  Command
06:06:31        0    115575      0.00      0.00 1075116  451088   2.89  hector_mapping_

06:06:31      UID       PID    %usr %system  %guest   %wait    %CPU   CPU  Command
06:06:32        0    115575    6.00    1.00    0.00    0.00    7.00     2  hector_mapping_

06:06:31      UID       PID  minflt/s  majflt/s     VSZ     RSS   %MEM  Command
06:06:32        0    115575      0.00      0.00 1075116  451088   2.89  hector_mapping_

06:06:32      UID       PID    %usr %system  %guest   %wait    %CPU   CPU  Command
06:06:33        0    115575    6.00    1.00    0.00    0.00    7.00     2  hector_mapping_

06:06:32      UID       PID  minflt/s  majflt/s     VSZ     RSS   %MEM  Command
06:06:33        0    115575      0.00      0.00 1075116  451088   2.89  hector_mapping_

06:06:33      UID       PID    %usr %system  %guest   %wait    %CPU   CPU  Command
06:06:34        0    115575    6.00    0.00    0.00    0.00    6.00     2  hector_mapping_

06:06:33      UID       PID  minflt/s  majflt/s     VSZ     RSS   %MEM  Command
06:06:34        0    115575      0.00      0.00 1075116  451088   2.89  hector_mapping_

06:06:34      UID       PID    %usr %system  %guest   %wait    %CPU   CPU  Command
06:06:35        0    115575    7.00    0.00    0.00    0.00    7.00     6  hector_mapping_

06:06:34      UID       PID  minflt/s  majflt/s     VSZ     RSS   %MEM  Command
06:06:35        0    115575      0.00      0.00 1075116  451088   2.89  hector_mapping_

06:06:35      UID       PID    %usr %system  %guest   %wait    %CPU   CPU  Command
06:06:36        0    115575    5.00    1.00    0.00    0.00    6.00     6  hector_mapping_

06:06:35      UID       PID  minflt/s  majflt/s     VSZ     RSS   %MEM  Command
06:06:36        0    115575      0.00      0.00 1075116  451088   2.89  hector_mapping_

06:06:36      UID       PID    %usr %system  %guest   %wait    %CPU   CPU  Command
06:06:37        0    115575    7.00    1.00    0.00    0.00    8.00     6  hector_mapping_

06:06:36      UID       PID  minflt/s  majflt/s     VSZ     RSS   %MEM  Command
06:06:37        0    115575      0.00      0.00 1075116  451088   2.89  hector_mapping_

06:06:37      UID       PID    %usr %system  %guest   %wait    %CPU   CPU  Command
06:06:38        0    115575    6.00    0.00    0.00    0.00    6.00     6  hector_mapping_

06:06:37      UID       PID  minflt/s  majflt/s     VSZ     RSS   %MEM  Command
06:06:38        0    115575      0.00      0.00 1075116  451088   2.89  hector_mapping_

06:06:38      UID       PID    %usr %system  %guest   %wait    %CPU   CPU  Command
06:06:39        0    115575    6.00    1.00    0.00    0.00    7.00     2  hector_mapping_

06:06:38      UID       PID  minflt/s  majflt/s     VSZ     RSS   %MEM  Command
06:06:39        0    115575      0.00      0.00 1075116  451088   2.89  hector_mapping_

06:06:39      UID       PID    %usr %system  %guest   %wait    %CPU   CPU  Command
06:06:40        0    115575    6.00    0.00    0.00    0.00    6.00     2  hector_mapping_

06:06:39      UID       PID  minflt/s  majflt/s     VSZ     RSS   %MEM  Command
06:06:40        0    115575      0.00      0.00 1075116  451088   2.89  hector_mapping_

06:06:40      UID       PID    %usr %system  %guest   %wait    %CPU   CPU  Command
06:06:41        0    115575    6.00    1.00    0.00    0.00    7.00     2  hector_mapping_

06:06:40      UID       PID  minflt/s  majflt/s     VSZ     RSS   %MEM  Command
06:06:41        0    115575      0.00      0.00 1075116  451088   2.89  hector_mapping_

06:06:41      UID       PID    %usr %system  %guest   %wait    %CPU   CPU  Command
06:06:42        0    115575    6.00    1.00    0.00    0.00    7.00     8  hector_mapping_

06:06:41      UID       PID  minflt/s  majflt/s     VSZ     RSS   %MEM  Command
06:06:42        0    115575      0.00      0.00 1075116  451088   2.89  hector_mapping_

06:06:42      UID       PID    %usr %system  %guest   %wait    %CPU   CPU  Command
06:06:43        0    115575    7.00    0.00    0.00    0.00    7.00     3  hector_mapping_

06:06:42      UID       PID  minflt/s  majflt/s     VSZ     RSS   %MEM  Command
06:06:43        0    115575      0.00      0.00 1075116  451088   2.89  hector_mapping_

06:06:43      UID       PID    %usr %system  %guest   %wait    %CPU   CPU  Command
06:06:44        0    115575    6.00    0.00    0.00    0.00    6.00     3  hector_mapping_

06:06:43      UID       PID  minflt/s  majflt/s     VSZ     RSS   %MEM  Command
06:06:44        0    115575      0.00      0.00 1075116  451088   2.89  hector_mapping_

06:06:44      UID       PID    %usr %system  %guest   %wait    %CPU   CPU  Command
06:06:45        0    115575    7.00    1.00    0.00    0.00    8.00     3  hector_mapping_

06:06:44      UID       PID  minflt/s  majflt/s     VSZ     RSS   %MEM  Command
06:06:45        0    115575      0.00      0.00 1075116  451088   2.89  hector_mapping_

06:06:45      UID       PID    %usr %system  %guest   %wait    %CPU   CPU  Command
06:06:46        0    115575    6.00    1.00    0.00    0.00    7.00     0  hector_mapping_

06:06:45      UID       PID  minflt/s  majflt/s     VSZ     RSS   %MEM  Command
06:06:46        0    115575      0.00      0.00 1075116  451088   2.89  hector_mapping_

06:06:46      UID       PID    %usr %system  %guest   %wait    %CPU   CPU  Command
06:06:47        0    115575    6.00    0.00    0.00    0.00    6.00     2  hector_mapping_

06:06:46      UID       PID  minflt/s  majflt/s     VSZ     RSS   %MEM  Command
06:06:47        0    115575      0.00      0.00 1075116  451088   2.89  hector_mapping_

06:06:47      UID       PID    %usr %system  %guest   %wait    %CPU   CPU  Command
06:06:48        0    115575    7.00    1.00    0.00    0.00    8.00     2  hector_mapping_

06:06:47      UID       PID  minflt/s  majflt/s     VSZ     RSS   %MEM  Command
06:06:48        0    115575      0.00      0.00 1075116  451088   2.89  hector_mapping_

06:06:48      UID       PID    %usr %system  %guest   %wait    %CPU   CPU  Command
06:06:49        0    115575    5.00    1.00    0.00    0.00    6.00     2  hector_mapping_

06:06:48      UID       PID  minflt/s  majflt/s     VSZ     RSS   %MEM  Command
06:06:49        0    115575      0.00      0.00 1075116  451088   2.89  hector_mapping_

06:06:49      UID       PID    %usr %system  %guest   %wait    %CPU   CPU  Command
06:06:50        0    115575    6.00    1.00    0.00    0.00    7.00     7  hector_mapping_

06:06:49      UID       PID  minflt/s  majflt/s     VSZ     RSS   %MEM  Command
06:06:50        0    115575      0.00      0.00 1075116  451088   2.89  hector_mapping_

06:06:50      UID       PID    %usr %system  %guest   %wait    %CPU   CPU  Command
06:06:51        0    115575    6.00    0.00    0.00    0.00    6.00     2  hector_mapping_

06:06:50      UID       PID  minflt/s  majflt/s     VSZ     RSS   %MEM  Command
06:06:51        0    115575      0.00      0.00 1075116  451088   2.89  hector_mapping_

06:06:51      UID       PID    %usr %system  %guest   %wait    %CPU   CPU  Command
06:06:52        0    115575    6.00    0.00    0.00    0.00    6.00     7  hector_mapping_

06:06:51      UID       PID  minflt/s  majflt/s     VSZ     RSS   %MEM  Command
06:06:52        0    115575      0.00      0.00 1075116  451088   2.89  hector_mapping_

06:06:52      UID       PID    %usr %system  %guest   %wait    %CPU   CPU  Command
06:06:53        0    115575    6.00    1.00    0.00    0.00    7.00     7  hector_mapping_

06:06:52      UID       PID  minflt/s  majflt/s     VSZ     RSS   %MEM  Command
06:06:53        0    115575      0.00      0.00 1075116  451088   2.89  hector_mapping_

06:06:53      UID       PID    %usr %system  %guest   %wait    %CPU   CPU  Command
06:06:54        0    115575    6.00    1.00    0.00    0.00    7.00     7  hector_mapping_

06:06:53      UID       PID  minflt/s  majflt/s     VSZ     RSS   %MEM  Command
06:06:54        0    115575      0.00      0.00 1075116  451088   2.89  hector_mapping_

06:06:54      UID       PID    %usr %system  %guest   %wait    %CPU   CPU  Command
06:06:55        0    115575    6.00    1.00    0.00    0.00    7.00     7  hector_mapping_

06:06:54      UID       PID  minflt/s  majflt/s     VSZ     RSS   %MEM  Command
06:06:55        0    115575      0.00      0.00 1075116  451088   2.89  hector_mapping_

06:06:55      UID       PID    %usr %system  %guest   %wait    %CPU   CPU  Command
06:06:56        0    115575    6.00    0.00    0.00    0.00    6.00     7  hector_mapping_

06:06:55      UID       PID  minflt/s  majflt/s     VSZ     RSS   %MEM  Command
06:06:56        0    115575      0.00      0.00 1075116  451088   2.89  hector_mapping_

06:06:56      UID       PID    %usr %system  %guest   %wait    %CPU   CPU  Command
06:06:57        0    115575    6.00    1.00    0.00    0.00    7.00     7  hector_mapping_

06:06:56      UID       PID  minflt/s  majflt/s     VSZ     RSS   %MEM  Command
06:06:57        0    115575      0.00      0.00 1075116  451088   2.89  hector_mapping_

06:06:57      UID       PID    %usr %system  %guest   %wait    %CPU   CPU  Command
06:06:58        0    115575    6.00    1.00    0.00    0.00    7.00     7  hector_mapping_

06:06:57      UID       PID  minflt/s  majflt/s     VSZ     RSS   %MEM  Command
06:06:58        0    115575      0.00      0.00 1075116  451088   2.89  hector_mapping_

06:06:58      UID       PID    %usr %system  %guest   %wait    %CPU   CPU  Command
06:06:59        0    115575    6.00    1.00    0.00    0.00    7.00     7  hector_mapping_

06:06:58      UID       PID  minflt/s  majflt/s     VSZ     RSS   %MEM  Command
06:06:59        0    115575      0.00      0.00 1075116  451088   2.89  hector_mapping_

06:06:59      UID       PID    %usr %system  %guest   %wait    %CPU   CPU  Command
06:07:00        0    115575    5.00    1.00    0.00    0.00    6.00     7  hector_mapping_

06:06:59      UID       PID  minflt/s  majflt/s     VSZ     RSS   %MEM  Command
06:07:00        0    115575      0.00      0.00 1075116  451088   2.89  hector_mapping_

06:07:00      UID       PID    %usr %system  %guest   %wait    %CPU   CPU  Command
06:07:01        0    115575    6.00    0.00    0.00    0.00    6.00     7  hector_mapping_

06:07:00      UID       PID  minflt/s  majflt/s     VSZ     RSS   %MEM  Command
06:07:01        0    115575      0.00      0.00 1075116  451088   2.89  hector_mapping_

06:07:01      UID       PID    %usr %system  %guest   %wait    %CPU   CPU  Command
06:07:02        0    115575    7.00    0.00    0.00    0.00    7.00     7  hector_mapping_

06:07:01      UID       PID  minflt/s  majflt/s     VSZ     RSS   %MEM  Command
06:07:02        0    115575      0.00      0.00 1075116  451088   2.89  hector_mapping_

06:07:02      UID       PID    %usr %system  %guest   %wait    %CPU   CPU  Command
06:07:03        0    115575    6.00    1.00    0.00    0.00    7.00     7  hector_mapping_

06:07:02      UID       PID  minflt/s  majflt/s     VSZ     RSS   %MEM  Command
06:07:03        0    115575      0.00      0.00 1075116  451088   2.89  hector_mapping_

06:07:03      UID       PID    %usr %system  %guest   %wait    %CPU   CPU  Command
06:07:04        0    115575    6.00    0.00    0.00    0.00    6.00     7  hector_mapping_

06:07:03      UID       PID  minflt/s  majflt/s     VSZ     RSS   %MEM  Command
06:07:04        0    115575      0.00      0.00 1075116  451088   2.89  hector_mapping_

06:07:04      UID       PID    %usr %system  %guest   %wait    %CPU   CPU  Command
06:07:05        0    115575    6.00    1.00    0.00    0.00    7.00     7  hector_mapping_

06:07:04      UID       PID  minflt/s  majflt/s     VSZ     RSS   %MEM  Command
06:07:05        0    115575      0.00      0.00 1075116  451088   2.89  hector_mapping_

06:07:05      UID       PID    %usr %system  %guest   %wait    %CPU   CPU  Command
06:07:06        0    115575    6.00    1.00    0.00    0.00    7.00     7  hector_mapping_

06:07:05      UID       PID  minflt/s  majflt/s     VSZ     RSS   %MEM  Command
06:07:06        0    115575      0.00      0.00 1075116  451088   2.89  hector_mapping_

06:07:06      UID       PID    %usr %system  %guest   %wait    %CPU   CPU  Command
06:07:07        0    115575    7.00    0.00    0.00    0.00    7.00     7  hector_mapping_

06:07:06      UID       PID  minflt/s  majflt/s     VSZ     RSS   %MEM  Command
06:07:07        0    115575      0.00      0.00 1075116  451088   2.89  hector_mapping_

06:07:07      UID       PID    %usr %system  %guest   %wait    %CPU   CPU  Command
06:07:08        0    115575    6.00    1.00    0.00    0.00    7.00     7  hector_mapping_

06:07:07      UID       PID  minflt/s  majflt/s     VSZ     RSS   %MEM  Command
06:07:08        0    115575      0.00      0.00 1075116  451088   2.89  hector_mapping_

06:07:08      UID       PID    %usr %system  %guest   %wait    %CPU   CPU  Command
06:07:09        0    115575    6.00    1.00    0.00    0.00    7.00     7  hector_mapping_

06:07:08      UID       PID  minflt/s  majflt/s     VSZ     RSS   %MEM  Command
06:07:09        0    115575      0.00      0.00 1075116  451088   2.89  hector_mapping_

06:07:09      UID       PID    %usr %system  %guest   %wait    %CPU   CPU  Command
06:07:10        0    115575    5.00    0.00    0.00    0.00    5.00     2  hector_mapping_

06:07:09      UID       PID  minflt/s  majflt/s     VSZ     RSS   %MEM  Command
06:07:10        0    115575      0.00      0.00 1075116  451088   2.89  hector_mapping_

06:07:10      UID       PID    %usr %system  %guest   %wait    %CPU   CPU  Command
06:07:11        0    115575    6.00    0.00    0.00    0.00    6.00     7  hector_mapping_

06:07:10      UID       PID  minflt/s  majflt/s     VSZ     RSS   %MEM  Command
06:07:11        0    115575      0.00      0.00 1075116  451088   2.89  hector_mapping_

06:07:11      UID       PID    %usr %system  %guest   %wait    %CPU   CPU  Command
06:07:12        0    115575    5.00    0.00    0.00    0.00    5.00     0  hector_mapping_

06:07:11      UID       PID  minflt/s  majflt/s     VSZ     RSS   %MEM  Command
06:07:12        0    115575      0.00      0.00 1075116  451088   2.89  hector_mapping_

06:07:12      UID       PID    %usr %system  %guest   %wait    %CPU   CPU  Command
06:07:13        0    115575    6.00    1.00    0.00    0.00    7.00     2  hector_mapping_

06:07:12      UID       PID  minflt/s  majflt/s     VSZ     RSS   %MEM  Command
06:07:13        0    115575      0.00      0.00 1075116  451088   2.89  hector_mapping_

06:07:13      UID       PID    %usr %system  %guest   %wait    %CPU   CPU  Command
06:07:14        0    115575    5.00    0.00    0.00    0.00    5.00     2  hector_mapping_

06:07:13      UID       PID  minflt/s  majflt/s     VSZ     RSS   %MEM  Command
06:07:14        0    115575      0.00      0.00 1075116  451088   2.89  hector_mapping_

06:07:14      UID       PID    %usr %system  %guest   %wait    %CPU   CPU  Command
06:07:15        0    115575    6.00    0.00    0.00    0.00    6.00     4  hector_mapping_

06:07:14      UID       PID  minflt/s  majflt/s     VSZ     RSS   %MEM  Command
06:07:15        0    115575      0.00      0.00 1075116  451088   2.89  hector_mapping_

06:07:15      UID       PID    %usr %system  %guest   %wait    %CPU   CPU  Command
06:07:16        0    115575    5.00    1.00    0.00    0.00    6.00     6  hector_mapping_

06:07:15      UID       PID  minflt/s  majflt/s     VSZ     RSS   %MEM  Command
06:07:16        0    115575      0.00      0.00 1075116  451088   2.89  hector_mapping_

06:07:16      UID       PID    %usr %system  %guest   %wait    %CPU   CPU  Command
06:07:17        0    115575    5.00    0.00    0.00    0.00    5.00     6  hector_mapping_

06:07:16      UID       PID  minflt/s  majflt/s     VSZ     RSS   %MEM  Command
06:07:17        0    115575      0.00      0.00 1075116  451088   2.89  hector_mapping_

06:07:17      UID       PID    %usr %system  %guest   %wait    %CPU   CPU  Command
06:07:18        0    115575    5.00    1.00    0.00    0.00    6.00     7  hector_mapping_

06:07:17      UID       PID  minflt/s  majflt/s     VSZ     RSS   %MEM  Command
06:07:18        0    115575      0.00      0.00 1075116  451088   2.89  hector_mapping_

06:07:18      UID       PID    %usr %system  %guest   %wait    %CPU   CPU  Command
06:07:19        0    115575    5.00    0.00    0.00    0.00    5.00     7  hector_mapping_

06:07:18      UID       PID  minflt/s  majflt/s     VSZ     RSS   %MEM  Command
06:07:19        0    115575      0.00      0.00 1075116  451088   2.89  hector_mapping_

06:07:19      UID       PID    %usr %system  %guest   %wait    %CPU   CPU  Command
06:07:20        0    115575    5.00    1.00    0.00    0.00    6.00     7  hector_mapping_

06:07:19      UID       PID  minflt/s  majflt/s     VSZ     RSS   %MEM  Command
06:07:20        0    115575      0.00      0.00 1075116  451088   2.89  hector_mapping_

06:07:20      UID       PID    %usr %system  %guest   %wait    %CPU   CPU  Command
06:07:21        0    115575    6.00    0.00    0.00    0.00    6.00     7  hector_mapping_

06:07:20      UID       PID  minflt/s  majflt/s     VSZ     RSS   %MEM  Command
06:07:21        0    115575      0.00      0.00 1075116  451088   2.89  hector_mapping_

06:07:21      UID       PID    %usr %system  %guest   %wait    %CPU   CPU  Command
06:07:22        0    115575    5.00    1.00    0.00    0.00    6.00     7  hector_mapping_

06:07:21      UID       PID  minflt/s  majflt/s     VSZ     RSS   %MEM  Command
06:07:22        0    115575      0.00      0.00 1075116  451088   2.89  hector_mapping_

06:07:22      UID       PID    %usr %system  %guest   %wait    %CPU   CPU  Command
06:07:23        0    115575    6.00    1.00    0.00    0.00    7.00     7  hector_mapping_

06:07:22      UID       PID  minflt/s  majflt/s     VSZ     RSS   %MEM  Command
06:07:23        0    115575      0.00      0.00 1075116  451088   2.89  hector_mapping_

06:07:23      UID       PID    %usr %system  %guest   %wait    %CPU   CPU  Command
06:07:24        0    115575    6.00    1.00    0.00    0.00    7.00     7  hector_mapping_

06:07:23      UID       PID  minflt/s  majflt/s     VSZ     RSS   %MEM  Command
06:07:24        0    115575      0.00      0.00 1075116  451088   2.89  hector_mapping_

06:07:24      UID       PID    %usr %system  %guest   %wait    %CPU   CPU  Command
06:07:25        0    115575    6.00    0.00    0.00    0.00    6.00     6  hector_mapping_

06:07:24      UID       PID  minflt/s  majflt/s     VSZ     RSS   %MEM  Command
06:07:25        0    115575      0.00      0.00 1075116  451088   2.89  hector_mapping_

06:07:25      UID       PID    %usr %system  %guest   %wait    %CPU   CPU  Command
06:07:26        0    115575    6.00    1.00    0.00    0.00    7.00     0  hector_mapping_

06:07:25      UID       PID  minflt/s  majflt/s     VSZ     RSS   %MEM  Command
06:07:26        0    115575      0.00      0.00 1075116  451088   2.89  hector_mapping_

06:07:26      UID       PID    %usr %system  %guest   %wait    %CPU   CPU  Command
06:07:27        0    115575    6.00    1.00    0.00    0.00    7.00     6  hector_mapping_

06:07:26      UID       PID  minflt/s  majflt/s     VSZ     RSS   %MEM  Command
06:07:27        0    115575      0.00      0.00 1075116  451088   2.89  hector_mapping_

06:07:27      UID       PID    %usr %system  %guest   %wait    %CPU   CPU  Command
06:07:28        0    115575    6.00    1.00    0.00    0.00    7.00     6  hector_mapping_

06:07:27      UID       PID  minflt/s  majflt/s     VSZ     RSS   %MEM  Command
06:07:28        0    115575      0.00      0.00 1075116  451088   2.89  hector_mapping_

06:07:28      UID       PID    %usr %system  %guest   %wait    %CPU   CPU  Command
06:07:29        0    115575    6.00    0.00    0.00    0.00    6.00     6  hector_mapping_

06:07:28      UID       PID  minflt/s  majflt/s     VSZ     RSS   %MEM  Command
06:07:29        0    115575      0.00      0.00 1075116  451088   2.89  hector_mapping_

06:07:29      UID       PID    %usr %system  %guest   %wait    %CPU   CPU  Command
06:07:30        0    115575    7.00    0.00    0.00    0.00    7.00     6  hector_mapping_

06:07:29      UID       PID  minflt/s  majflt/s     VSZ     RSS   %MEM  Command
06:07:30        0    115575      0.00      0.00 1075116  451088   2.89  hector_mapping_

06:07:30      UID       PID    %usr %system  %guest   %wait    %CPU   CPU  Command
06:07:31        0    115575    6.00    1.00    0.00    0.00    7.00     2  hector_mapping_

06:07:30      UID       PID  minflt/s  majflt/s     VSZ     RSS   %MEM  Command
06:07:31        0    115575      0.00      0.00 1075116  451088   2.89  hector_mapping_

06:07:31      UID       PID    %usr %system  %guest   %wait    %CPU   CPU  Command
06:07:32        0    115575    6.00    1.00    0.00    0.00    7.00     2  hector_mapping_

06:07:31      UID       PID  minflt/s  majflt/s     VSZ     RSS   %MEM  Command
06:07:32        0    115575      0.00      0.00 1075116  451088   2.89  hector_mapping_

06:07:32      UID       PID    %usr %system  %guest   %wait    %CPU   CPU  Command
06:07:33        0    115575    6.00    0.00    0.00    0.00    6.00     8  hector_mapping_

06:07:32      UID       PID  minflt/s  majflt/s     VSZ     RSS   %MEM  Command
06:07:33        0    115575      0.00      0.00 1075116  451088   2.89  hector_mapping_

06:07:33      UID       PID    %usr %system  %guest   %wait    %CPU   CPU  Command
06:07:34        0    115575    6.00    1.00    0.00    0.00    7.00     8  hector_mapping_

06:07:33      UID       PID  minflt/s  majflt/s     VSZ     RSS   %MEM  Command
06:07:34        0    115575      0.00      0.00 1075116  451088   2.89  hector_mapping_

06:07:34      UID       PID    %usr %system  %guest   %wait    %CPU   CPU  Command
06:07:35        0    115575    6.00    0.00    0.00    0.00    6.00     7  hector_mapping_

06:07:34      UID       PID  minflt/s  majflt/s     VSZ     RSS   %MEM  Command
06:07:35        0    115575      0.00      0.00 1075116  451088   2.89  hector_mapping_

06:07:35      UID       PID    %usr %system  %guest   %wait    %CPU   CPU  Command
06:07:36        0    115575    6.00    0.00    0.00    0.00    6.00     7  hector_mapping_

06:07:35      UID       PID  minflt/s  majflt/s     VSZ     RSS   %MEM  Command
06:07:36        0    115575      0.00      0.00 1075116  451088   2.89  hector_mapping_

06:07:36      UID       PID    %usr %system  %guest   %wait    %CPU   CPU  Command
06:07:37        0    115575    6.00    1.00    0.00    0.00    7.00     7  hector_mapping_

06:07:36      UID       PID  minflt/s  majflt/s     VSZ     RSS   %MEM  Command
06:07:37        0    115575      0.00      0.00 1075116  451088   2.89  hector_mapping_

06:07:37      UID       PID    %usr %system  %guest   %wait    %CPU   CPU  Command
06:07:38        0    115575    7.00    1.00    0.00    0.00    8.00     2  hector_mapping_

06:07:37      UID       PID  minflt/s  majflt/s     VSZ     RSS   %MEM  Command
06:07:38        0    115575      0.00      0.00 1075116  451088   2.89  hector_mapping_

06:07:38      UID       PID    %usr %system  %guest   %wait    %CPU   CPU  Command
06:07:39        0    115575    6.00    0.00    0.00    0.00    6.00     1  hector_mapping_

06:07:38      UID       PID  minflt/s  majflt/s     VSZ     RSS   %MEM  Command
06:07:39        0    115575      0.00      0.00 1075116  451088   2.89  hector_mapping_

06:07:39      UID       PID    %usr %system  %guest   %wait    %CPU   CPU  Command
06:07:40        0    115575    7.00    0.00    0.00    0.00    7.00     8  hector_mapping_

06:07:39      UID       PID  minflt/s  majflt/s     VSZ     RSS   %MEM  Command
06:07:40        0    115575      0.00      0.00 1075116  451088   2.89  hector_mapping_

06:07:40      UID       PID    %usr %system  %guest   %wait    %CPU   CPU  Command
06:07:41        0    115575    6.00    1.00    0.00    0.00    7.00    10  hector_mapping_

06:07:40      UID       PID  minflt/s  majflt/s     VSZ     RSS   %MEM  Command
06:07:41        0    115575      0.00      0.00 1075116  451088   2.89  hector_mapping_

06:07:41      UID       PID    %usr %system  %guest   %wait    %CPU   CPU  Command
06:07:42        0    115575    6.00    0.00    0.00    0.00    6.00     6  hector_mapping_

06:07:41      UID       PID  minflt/s  majflt/s     VSZ     RSS   %MEM  Command
06:07:42        0    115575      0.00      0.00 1075116  451088   2.89  hector_mapping_

06:07:42      UID       PID    %usr %system  %guest   %wait    %CPU   CPU  Command
06:07:43        0    115575    6.00    1.00    0.00    0.00    7.00     4  hector_mapping_

06:07:42      UID       PID  minflt/s  majflt/s     VSZ     RSS   %MEM  Command
06:07:43        0    115575      0.00      0.00 1075116  451088   2.89  hector_mapping_

06:07:43      UID       PID    %usr %system  %guest   %wait    %CPU   CPU  Command
06:07:44        0    115575    6.00    1.00    0.00    0.00    7.00     2  hector_mapping_

06:07:43      UID       PID  minflt/s  majflt/s     VSZ     RSS   %MEM  Command
06:07:44        0    115575      0.00      0.00 1075116  451088   2.89  hector_mapping_

06:07:44      UID       PID    %usr %system  %guest   %wait    %CPU   CPU  Command
06:07:45        0    115575    7.00    0.00    0.00    0.00    7.00     0  hector_mapping_

06:07:44      UID       PID  minflt/s  majflt/s     VSZ     RSS   %MEM  Command
06:07:45        0    115575      0.00      0.00 1075116  451088   2.89  hector_mapping_

06:07:45      UID       PID    %usr %system  %guest   %wait    %CPU   CPU  Command
06:07:46        0    115575    6.00    1.00    0.00    0.00    7.00     6  hector_mapping_

06:07:45      UID       PID  minflt/s  majflt/s     VSZ     RSS   %MEM  Command
06:07:46        0    115575      0.00      0.00 1075116  451088   2.89  hector_mapping_

06:07:46      UID       PID    %usr %system  %guest   %wait    %CPU   CPU  Command
06:07:47        0    115575    6.00    0.00    0.00    0.00    6.00     6  hector_mapping_

06:07:46      UID       PID  minflt/s  majflt/s     VSZ     RSS   %MEM  Command
06:07:47        0    115575      0.00      0.00 1075116  451088   2.89  hector_mapping_

06:07:47      UID       PID    %usr %system  %guest   %wait    %CPU   CPU  Command
06:07:48        0    115575    6.00    1.00    0.00    0.00    7.00     2  hector_mapping_

06:07:47      UID       PID  minflt/s  majflt/s     VSZ     RSS   %MEM  Command
06:07:48        0    115575      0.00      0.00 1075116  451088   2.89  hector_mapping_

06:07:48      UID       PID    %usr %system  %guest   %wait    %CPU   CPU  Command
06:07:49        0    115575    6.00    1.00    0.00    0.00    7.00     2  hector_mapping_

06:07:48      UID       PID  minflt/s  majflt/s     VSZ     RSS   %MEM  Command
06:07:49        0    115575      0.00      0.00 1075116  451088   2.89  hector_mapping_

06:07:49      UID       PID    %usr %system  %guest   %wait    %CPU   CPU  Command
06:07:50        0    115575    7.00    0.00    0.00    0.00    7.00     8  hector_mapping_

06:07:49      UID       PID  minflt/s  majflt/s     VSZ     RSS   %MEM  Command
06:07:50        0    115575      0.00      0.00 1075116  451088   2.89  hector_mapping_

06:07:50      UID       PID    %usr %system  %guest   %wait    %CPU   CPU  Command
06:07:51        0    115575    6.00    1.00    0.00    0.00    7.00     6  hector_mapping_

06:07:50      UID       PID  minflt/s  majflt/s     VSZ     RSS   %MEM  Command
06:07:51        0    115575      0.00      0.00 1075116  451088   2.89  hector_mapping_

06:07:51      UID       PID    %usr %system  %guest   %wait    %CPU   CPU  Command
06:07:52        0    115575    6.00    1.00    0.00    0.00    7.00     6  hector_mapping_

06:07:51      UID       PID  minflt/s  majflt/s     VSZ     RSS   %MEM  Command
06:07:52        0    115575      0.00      0.00 1075116  451088   2.89  hector_mapping_

06:07:52      UID       PID    %usr %system  %guest   %wait    %CPU   CPU  Command
06:07:53        0    115575    6.00    1.00    0.00    0.00    7.00     0  hector_mapping_

06:07:52      UID       PID  minflt/s  majflt/s     VSZ     RSS   %MEM  Command
06:07:53        0    115575      0.00      0.00 1075116  451088   2.89  hector_mapping_

06:07:53      UID       PID    %usr %system  %guest   %wait    %CPU   CPU  Command
06:07:54        0    115575    6.00    0.00    0.00    0.00    6.00     6  hector_mapping_

06:07:53      UID       PID  minflt/s  majflt/s     VSZ     RSS   %MEM  Command
06:07:54        0    115575      0.00      0.00 1075116  451088   2.89  hector_mapping_

06:07:54      UID       PID    %usr %system  %guest   %wait    %CPU   CPU  Command
06:07:55        0    115575    7.00    1.00    0.00    0.00    8.00     2  hector_mapping_

06:07:54      UID       PID  minflt/s  majflt/s     VSZ     RSS   %MEM  Command
06:07:55        0    115575      0.00      0.00 1075116  451088   2.89  hector_mapping_

06:07:55      UID       PID    %usr %system  %guest   %wait    %CPU   CPU  Command
06:07:56        0    115575    7.00    0.00    0.00    0.00    7.00     8  hector_mapping_

06:07:55      UID       PID  minflt/s  majflt/s     VSZ     RSS   %MEM  Command
06:07:56        0    115575      0.00      0.00 1075116  451088   2.89  hector_mapping_

06:07:56      UID       PID    %usr %system  %guest   %wait    %CPU   CPU  Command
06:07:57        0    115575    6.00    0.00    0.00    0.00    6.00     8  hector_mapping_

06:07:56      UID       PID  minflt/s  majflt/s     VSZ     RSS   %MEM  Command
06:07:57        0    115575      0.00      0.00 1075116  451088   2.89  hector_mapping_

06:07:57      UID       PID    %usr %system  %guest   %wait    %CPU   CPU  Command
06:07:58        0    115575    6.00    1.00    0.00    0.00    7.00    12  hector_mapping_

06:07:57      UID       PID  minflt/s  majflt/s     VSZ     RSS   %MEM  Command
06:07:58        0    115575      0.00      0.00 1075116  451088   2.89  hector_mapping_

06:07:58      UID       PID    %usr %system  %guest   %wait    %CPU   CPU  Command
06:07:59        0    115575    6.00    1.00    0.00    0.00    7.00     6  hector_mapping_

06:07:58      UID       PID  minflt/s  majflt/s     VSZ     RSS   %MEM  Command
06:07:59        0    115575      0.00      0.00 1075116  451088   2.89  hector_mapping_

06:07:59      UID       PID    %usr %system  %guest   %wait    %CPU   CPU  Command
06:08:00        0    115575    7.00    0.00    0.00    0.00    7.00     7  hector_mapping_

06:07:59      UID       PID  minflt/s  majflt/s     VSZ     RSS   %MEM  Command
06:08:00        0    115575      0.00      0.00 1075116  451088   2.89  hector_mapping_

06:08:00      UID       PID    %usr %system  %guest   %wait    %CPU   CPU  Command
06:08:01        0    115575    6.00    1.00    0.00    0.00    7.00     8  hector_mapping_

06:08:00      UID       PID  minflt/s  majflt/s     VSZ     RSS   %MEM  Command
06:08:01        0    115575      0.00      0.00 1075116  451088   2.89  hector_mapping_

06:08:01      UID       PID    %usr %system  %guest   %wait    %CPU   CPU  Command
06:08:02        0    115575    6.00    0.00    0.00    0.00    6.00     8  hector_mapping_

06:08:01      UID       PID  minflt/s  majflt/s     VSZ     RSS   %MEM  Command
06:08:02        0    115575      0.00      0.00 1075116  451088   2.89  hector_mapping_

06:08:02      UID       PID    %usr %system  %guest   %wait    %CPU   CPU  Command
06:08:03        0    115575    7.00    1.00    0.00    0.00    8.00     2  hector_mapping_

06:08:02      UID       PID  minflt/s  majflt/s     VSZ     RSS   %MEM  Command
06:08:03        0    115575      0.00      0.00 1075116  451088   2.89  hector_mapping_

06:08:03      UID       PID    %usr %system  %guest   %wait    %CPU   CPU  Command
06:08:04        0    115575    5.00    1.00    0.00    0.00    6.00     6  hector_mapping_

06:08:03      UID       PID  minflt/s  majflt/s     VSZ     RSS   %MEM  Command
06:08:04        0    115575      0.00      0.00 1075116  451088   2.89  hector_mapping_

06:08:04      UID       PID    %usr %system  %guest   %wait    %CPU   CPU  Command
06:08:05        0    115575    6.00    0.00    0.00    0.00    6.00     6  hector_mapping_

06:08:04      UID       PID  minflt/s  majflt/s     VSZ     RSS   %MEM  Command
06:08:05        0    115575      0.00      0.00 1075116  451088   2.89  hector_mapping_

06:08:05      UID       PID    %usr %system  %guest   %wait    %CPU   CPU  Command
06:08:06        0    115575    7.00    1.00    0.00    0.00    8.00     2  hector_mapping_

06:08:05      UID       PID  minflt/s  majflt/s     VSZ     RSS   %MEM  Command
06:08:06        0    115575      0.00      0.00 1075116  451088   2.89  hector_mapping_

06:08:06      UID       PID    %usr %system  %guest   %wait    %CPU   CPU  Command
06:08:07        0    115575    6.00    0.00    0.00    0.00    6.00     6  hector_mapping_

06:08:06      UID       PID  minflt/s  majflt/s     VSZ     RSS   %MEM  Command
06:08:07        0    115575      0.00      0.00 1075116  451088   2.89  hector_mapping_

06:08:07      UID       PID    %usr %system  %guest   %wait    %CPU   CPU  Command
06:08:08        0    115575    6.00    1.00    0.00    0.00    7.00     6  hector_mapping_

06:08:07      UID       PID  minflt/s  majflt/s     VSZ     RSS   %MEM  Command
06:08:08        0    115575      0.00      0.00 1075116  451088   2.89  hector_mapping_

06:08:08      UID       PID    %usr %system  %guest   %wait    %CPU   CPU  Command
06:08:09        0    115575    6.00    0.00    0.00    0.00    6.00     6  hector_mapping_

06:08:08      UID       PID  minflt/s  majflt/s     VSZ     RSS   %MEM  Command
06:08:09        0    115575      0.00      0.00 1075116  451088   2.89  hector_mapping_

06:08:09      UID       PID    %usr %system  %guest   %wait    %CPU   CPU  Command
06:08:10        0    115575    6.00    1.00    0.00    0.00    7.00     2  hector_mapping_

06:08:09      UID       PID  minflt/s  majflt/s     VSZ     RSS   %MEM  Command
06:08:10        0    115575      0.00      0.00 1075116  451088   2.89  hector_mapping_

06:08:10      UID       PID    %usr %system  %guest   %wait    %CPU   CPU  Command
06:08:11        0    115575    6.00    1.00    0.00    0.00    7.00     0  hector_mapping_

06:08:10      UID       PID  minflt/s  majflt/s     VSZ     RSS   %MEM  Command
06:08:11        0    115575      0.00      0.00 1075116  451088   2.89  hector_mapping_

06:08:11      UID       PID    %usr %system  %guest   %wait    %CPU   CPU  Command
06:08:12        0    115575    6.00    0.00    0.00    0.00    6.00     0  hector_mapping_

06:08:11      UID       PID  minflt/s  majflt/s     VSZ     RSS   %MEM  Command
06:08:12        0    115575      0.00      0.00 1075116  451088   2.89  hector_mapping_

06:08:12      UID       PID    %usr %system  %guest   %wait    %CPU   CPU  Command
06:08:13        0    115575    6.00    1.00    0.00    0.00    7.00     2  hector_mapping_

06:08:12      UID       PID  minflt/s  majflt/s     VSZ     RSS   %MEM  Command
06:08:13        0    115575      0.00      0.00 1075116  451088   2.89  hector_mapping_

06:08:13      UID       PID    %usr %system  %guest   %wait    %CPU   CPU  Command
06:08:14        0    115575    6.00    1.00    0.00    0.00    7.00     6  hector_mapping_

06:08:13      UID       PID  minflt/s  majflt/s     VSZ     RSS   %MEM  Command
06:08:14        0    115575      0.00      0.00 1075116  451088   2.89  hector_mapping_

06:08:14      UID       PID    %usr %system  %guest   %wait    %CPU   CPU  Command
06:08:15        0    115575    7.00    0.00    0.00    0.00    7.00     6  hector_mapping_

06:08:14      UID       PID  minflt/s  majflt/s     VSZ     RSS   %MEM  Command
06:08:15        0    115575      0.00      0.00 1075116  451088   2.89  hector_mapping_

06:08:15      UID       PID    %usr %system  %guest   %wait    %CPU   CPU  Command
06:08:16        0    115575    6.00    0.00    0.00    0.00    6.00     6  hector_mapping_

06:08:15      UID       PID  minflt/s  majflt/s     VSZ     RSS   %MEM  Command
06:08:16        0    115575      0.00      0.00 1075116  451088   2.89  hector_mapping_

06:08:16      UID       PID    %usr %system  %guest   %wait    %CPU   CPU  Command
06:08:17        0    115575    6.00    1.00    0.00    0.00    7.00     6  hector_mapping_

06:08:16      UID       PID  minflt/s  majflt/s     VSZ     RSS   %MEM  Command
06:08:17        0    115575      0.00      0.00 1075116  451088   2.89  hector_mapping_

06:08:17      UID       PID    %usr %system  %guest   %wait    %CPU   CPU  Command
06:08:18        0    115575    6.00    1.00    0.00    0.00    7.00     6  hector_mapping_

06:08:17      UID       PID  minflt/s  majflt/s     VSZ     RSS   %MEM  Command
06:08:18        0    115575      0.00      0.00 1075116  451088   2.89  hector_mapping_

06:08:18      UID       PID    %usr %system  %guest   %wait    %CPU   CPU  Command
06:08:19        0    115575    6.00    0.00    0.00    0.00    6.00     2  hector_mapping_

06:08:18      UID       PID  minflt/s  majflt/s     VSZ     RSS   %MEM  Command
06:08:19        0    115575      0.00      0.00 1075116  451088   2.89  hector_mapping_

06:08:19      UID       PID    %usr %system  %guest   %wait    %CPU   CPU  Command
06:08:20        0    115575    6.00    1.00    0.00    0.00    7.00     8  hector_mapping_

06:08:19      UID       PID  minflt/s  majflt/s     VSZ     RSS   %MEM  Command
06:08:20        0    115575      0.00      0.00 1075116  451088   2.89  hector_mapping_

06:08:20      UID       PID    %usr %system  %guest   %wait    %CPU   CPU  Command
06:08:21        0    115575    6.00    1.00    0.00    0.00    7.00     6  hector_mapping_

06:08:20      UID       PID  minflt/s  majflt/s     VSZ     RSS   %MEM  Command
06:08:21        0    115575      0.00      0.00 1075116  451088   2.89  hector_mapping_

06:08:21      UID       PID    %usr %system  %guest   %wait    %CPU   CPU  Command
06:08:22        0    115575    6.00    1.00    0.00    0.00    7.00     7  hector_mapping_

06:08:21      UID       PID  minflt/s  majflt/s     VSZ     RSS   %MEM  Command
06:08:22        0    115575      0.00      0.00 1075116  451088   2.89  hector_mapping_

06:08:22      UID       PID    %usr %system  %guest   %wait    %CPU   CPU  Command
06:08:23        0    115575    6.00    0.00    0.00    0.00    6.00     2  hector_mapping_

06:08:22      UID       PID  minflt/s  majflt/s     VSZ     RSS   %MEM  Command
06:08:23        0    115575      0.00      0.00 1075116  451088   2.89  hector_mapping_

06:08:23      UID       PID    %usr %system  %guest   %wait    %CPU   CPU  Command
06:08:24        0    115575    7.00    1.00    0.00    0.00    8.00     7  hector_mapping_

06:08:23      UID       PID  minflt/s  majflt/s     VSZ     RSS   %MEM  Command
06:08:24        0    115575      0.00      0.00 1075116  451088   2.89  hector_mapping_

06:08:24      UID       PID    %usr %system  %guest   %wait    %CPU   CPU  Command
06:08:25        0    115575    6.00    0.00    0.00    0.00    6.00     7  hector_mapping_

06:08:24      UID       PID  minflt/s  majflt/s     VSZ     RSS   %MEM  Command
06:08:25        0    115575      0.00      0.00 1075116  451088   2.89  hector_mapping_

06:08:25      UID       PID    %usr %system  %guest   %wait    %CPU   CPU  Command
06:08:26        0    115575    5.00    1.00    0.00    0.00    6.00     7  hector_mapping_

06:08:25      UID       PID  minflt/s  majflt/s     VSZ     RSS   %MEM  Command
06:08:26        0    115575      0.00      0.00 1075116  451088   2.89  hector_mapping_

06:08:26      UID       PID    %usr %system  %guest   %wait    %CPU   CPU  Command
06:08:27        0    115575    5.00    0.00    0.00    0.00    5.00     7  hector_mapping_

06:08:26      UID       PID  minflt/s  majflt/s     VSZ     RSS   %MEM  Command
06:08:27        0    115575      0.00      0.00 1075116  451088   2.89  hector_mapping_

06:08:27      UID       PID    %usr %system  %guest   %wait    %CPU   CPU  Command
06:08:28        0    115575    5.00    1.00    0.00    0.00    6.00     7  hector_mapping_

06:08:27      UID       PID  minflt/s  majflt/s     VSZ     RSS   %MEM  Command
06:08:28        0    115575      0.00      0.00 1075116  451088   2.89  hector_mapping_

06:08:28      UID       PID    %usr %system  %guest   %wait    %CPU   CPU  Command
06:08:29        0    115575    5.00    0.00    0.00    0.00    5.00     6  hector_mapping_

06:08:28      UID       PID  minflt/s  majflt/s     VSZ     RSS   %MEM  Command
06:08:29        0    115575      0.00      0.00 1075116  451088   2.89  hector_mapping_

06:08:29      UID       PID    %usr %system  %guest   %wait    %CPU   CPU  Command
06:08:30        0    115575    5.00    0.00    0.00    0.00    5.00     8  hector_mapping_

06:08:29      UID       PID  minflt/s  majflt/s     VSZ     RSS   %MEM  Command
06:08:30        0    115575      0.00      0.00 1075116  451088   2.89  hector_mapping_

06:08:30      UID       PID    %usr %system  %guest   %wait    %CPU   CPU  Command
06:08:31        0    115575    5.00    1.00    0.00    0.00    6.00     2  hector_mapping_

06:08:30      UID       PID  minflt/s  majflt/s     VSZ     RSS   %MEM  Command
06:08:31        0    115575      0.00      0.00 1075116  451088   2.89  hector_mapping_

06:08:31      UID       PID    %usr %system  %guest   %wait    %CPU   CPU  Command
06:08:32        0    115575    5.00    0.00    0.00    0.00    5.00     6  hector_mapping_

06:08:31      UID       PID  minflt/s  majflt/s     VSZ     RSS   %MEM  Command
06:08:32        0    115575      0.00      0.00 1075116  451088   2.89  hector_mapping_

06:08:32      UID       PID    %usr %system  %guest   %wait    %CPU   CPU  Command
06:08:33        0    115575    6.00    0.00    0.00    0.00    6.00     4  hector_mapping_

06:08:32      UID       PID  minflt/s  majflt/s     VSZ     RSS   %MEM  Command
06:08:33        0    115575      0.00      0.00 1075116  451088   2.89  hector_mapping_

06:08:33      UID       PID    %usr %system  %guest   %wait    %CPU   CPU  Command
06:08:34        0    115575    5.00    1.00    0.00    0.00    6.00     4  hector_mapping_

06:08:33      UID       PID  minflt/s  majflt/s     VSZ     RSS   %MEM  Command
06:08:34        0    115575      0.00      0.00 1075116  451088   2.89  hector_mapping_

06:08:34      UID       PID    %usr %system  %guest   %wait    %CPU   CPU  Command
06:08:35        0    115575    5.00    0.00    0.00    0.00    5.00     2  hector_mapping_

06:08:34      UID       PID  minflt/s  majflt/s     VSZ     RSS   %MEM  Command
06:08:35        0    115575      0.00      0.00 1075116  451088   2.89  hector_mapping_

06:08:35      UID       PID    %usr %system  %guest   %wait    %CPU   CPU  Command
06:08:36        0    115575    6.00    1.00    0.00    0.00    7.00     6  hector_mapping_

06:08:35      UID       PID  minflt/s  majflt/s     VSZ     RSS   %MEM  Command
06:08:36        0    115575      0.00      0.00 1075116  451088   2.89  hector_mapping_

06:08:36      UID       PID    %usr %system  %guest   %wait    %CPU   CPU  Command
06:08:37        0    115575    5.00    0.00    0.00    0.00    5.00     7  hector_mapping_

06:08:36      UID       PID  minflt/s  majflt/s     VSZ     RSS   %MEM  Command
06:08:37        0    115575      0.00      0.00 1075116  451088   2.89  hector_mapping_

06:08:37      UID       PID    %usr %system  %guest   %wait    %CPU   CPU  Command
06:08:38        0    115575    6.00    0.00    0.00    0.00    6.00     2  hector_mapping_

06:08:37      UID       PID  minflt/s  majflt/s     VSZ     RSS   %MEM  Command
06:08:38        0    115575      0.00      0.00 1075116  451088   2.89  hector_mapping_

06:08:38      UID       PID    %usr %system  %guest   %wait    %CPU   CPU  Command
06:08:39        0    115575    5.00    1.00    0.00    0.00    6.00     6  hector_mapping_

06:08:38      UID       PID  minflt/s  majflt/s     VSZ     RSS   %MEM  Command
06:08:39        0    115575      0.00      0.00 1075116  451088   2.89  hector_mapping_

06:08:39      UID       PID    %usr %system  %guest   %wait    %CPU   CPU  Command
06:08:40        0    115575    6.00    0.00    0.00    0.00    6.00     2  hector_mapping_

06:08:39      UID       PID  minflt/s  majflt/s     VSZ     RSS   %MEM  Command
06:08:40        0    115575      0.00      0.00 1075116  451088   2.89  hector_mapping_

06:08:40      UID       PID    %usr %system  %guest   %wait    %CPU   CPU  Command
06:08:41        0    115575    6.00    1.00    0.00    0.00    7.00     6  hector_mapping_

06:08:40      UID       PID  minflt/s  majflt/s     VSZ     RSS   %MEM  Command
06:08:41        0    115575      0.00      0.00 1075116  451088   2.89  hector_mapping_

06:08:41      UID       PID    %usr %system  %guest   %wait    %CPU   CPU  Command
06:08:42        0    115575    7.00    0.00    0.00    0.00    7.00     2  hector_mapping_

06:08:41      UID       PID  minflt/s  majflt/s     VSZ     RSS   %MEM  Command
06:08:42        0    115575      0.00      0.00 1075116  451088   2.89  hector_mapping_

06:08:42      UID       PID    %usr %system  %guest   %wait    %CPU   CPU  Command
06:08:43        0    115575    6.00    1.00    0.00    0.00    7.00     8  hector_mapping_

06:08:42      UID       PID  minflt/s  majflt/s     VSZ     RSS   %MEM  Command
06:08:43        0    115575      0.00      0.00 1075116  451088   2.89  hector_mapping_

06:08:43      UID       PID    %usr %system  %guest   %wait    %CPU   CPU  Command
06:08:44        0    115575    7.00    0.00    0.00    0.00    7.00     2  hector_mapping_

06:08:43      UID       PID  minflt/s  majflt/s     VSZ     RSS   %MEM  Command
06:08:44        0    115575      0.00      0.00 1075116  451088   2.89  hector_mapping_

06:08:44      UID       PID    %usr %system  %guest   %wait    %CPU   CPU  Command
06:08:45        0    115575    6.00    1.00    0.00    0.00    7.00     2  hector_mapping_

06:08:44      UID       PID  minflt/s  majflt/s     VSZ     RSS   %MEM  Command
06:08:45        0    115575      0.00      0.00 1075116  451088   2.89  hector_mapping_

06:08:45      UID       PID    %usr %system  %guest   %wait    %CPU   CPU  Command
06:08:46        0    115575    6.00    0.00    0.00    0.00    6.00     2  hector_mapping_

06:08:45      UID       PID  minflt/s  majflt/s     VSZ     RSS   %MEM  Command
06:08:46        0    115575      0.00      0.00 1075116  451088   2.89  hector_mapping_

06:08:46      UID       PID    %usr %system  %guest   %wait    %CPU   CPU  Command
06:08:47        0    115575    6.00    1.00    0.00    0.00    7.00     6  hector_mapping_

06:08:46      UID       PID  minflt/s  majflt/s     VSZ     RSS   %MEM  Command
06:08:47        0    115575      0.00      0.00 1075116  451088   2.89  hector_mapping_

06:08:47      UID       PID    %usr %system  %guest   %wait    %CPU   CPU  Command
06:08:48        0    115575    6.00    1.00    0.00    0.00    7.00     6  hector_mapping_

06:08:47      UID       PID  minflt/s  majflt/s     VSZ     RSS   %MEM  Command
06:08:48        0    115575      0.00      0.00 1075116  451088   2.89  hector_mapping_

06:08:48      UID       PID    %usr %system  %guest   %wait    %CPU   CPU  Command
06:08:49        0    115575    6.00    0.00    0.00    0.00    6.00     2  hector_mapping_

06:08:48      UID       PID  minflt/s  majflt/s     VSZ     RSS   %MEM  Command
06:08:49        0    115575      0.00      0.00 1075116  451088   2.89  hector_mapping_

06:08:49      UID       PID    %usr %system  %guest   %wait    %CPU   CPU  Command
06:08:50        0    115575    6.00    1.00    0.00    0.00    7.00     0  hector_mapping_

06:08:49      UID       PID  minflt/s  majflt/s     VSZ     RSS   %MEM  Command
06:08:50        0    115575      0.00      0.00 1075116  451088   2.89  hector_mapping_

06:08:50      UID       PID    %usr %system  %guest   %wait    %CPU   CPU  Command
06:08:51        0    115575    6.00    1.00    0.00    0.00    7.00     2  hector_mapping_

06:08:50      UID       PID  minflt/s  majflt/s     VSZ     RSS   %MEM  Command
06:08:51        0    115575      0.00      0.00 1075116  451088   2.89  hector_mapping_

06:08:51      UID       PID    %usr %system  %guest   %wait    %CPU   CPU  Command
06:08:52        0    115575    6.00    0.00    0.00    0.00    6.00     6  hector_mapping_

06:08:51      UID       PID  minflt/s  majflt/s     VSZ     RSS   %MEM  Command
06:08:52        0    115575      0.00      0.00 1075116  451088   2.89  hector_mapping_

06:08:52      UID       PID    %usr %system  %guest   %wait    %CPU   CPU  Command
06:08:53        0    115575    5.00    1.00    0.00    0.00    6.00     8  hector_mapping_

06:08:52      UID       PID  minflt/s  majflt/s     VSZ     RSS   %MEM  Command
06:08:53        0    115575      0.00      0.00 1075116  451088   2.89  hector_mapping_

06:08:53      UID       PID    %usr %system  %guest   %wait    %CPU   CPU  Command
06:08:54        0    115575    6.00    1.00    0.00    0.00    7.00     4  hector_mapping_

06:08:53      UID       PID  minflt/s  majflt/s     VSZ     RSS   %MEM  Command
06:08:54        0    115575      0.00      0.00 1075116  451088   2.89  hector_mapping_

06:08:54      UID       PID    %usr %system  %guest   %wait    %CPU   CPU  Command
06:08:55        0    115575    7.00    0.00    0.00    0.00    7.00     2  hector_mapping_

06:08:54      UID       PID  minflt/s  majflt/s     VSZ     RSS   %MEM  Command
06:08:55        0    115575      0.00      0.00 1075116  451088   2.89  hector_mapping_

06:08:55      UID       PID    %usr %system  %guest   %wait    %CPU   CPU  Command
06:08:56        0    115575    6.00    0.00    0.00    0.00    6.00     2  hector_mapping_

06:08:55      UID       PID  minflt/s  majflt/s     VSZ     RSS   %MEM  Command
06:08:56        0    115575      0.00      0.00 1075116  451088   2.89  hector_mapping_

06:08:56      UID       PID    %usr %system  %guest   %wait    %CPU   CPU  Command
06:08:57        0    115575    7.00    1.00    0.00    0.00    8.00     0  hector_mapping_

06:08:56      UID       PID  minflt/s  majflt/s     VSZ     RSS   %MEM  Command
06:08:57        0    115575      0.00      0.00 1075116  451088   2.89  hector_mapping_

06:08:57      UID       PID    %usr %system  %guest   %wait    %CPU   CPU  Command
06:08:58        0    115575    5.94    0.00    0.00    0.00    5.94     6  hector_mapping_

06:08:57      UID       PID  minflt/s  majflt/s     VSZ     RSS   %MEM  Command
06:08:58        0    115575      0.00      0.00 1075116  451088   2.89  hector_mapping_

06:08:58      UID       PID    %usr %system  %guest   %wait    %CPU   CPU  Command
06:08:59        0    115575    6.00    1.00    0.00    0.00    7.00    10  hector_mapping_

06:08:58      UID       PID  minflt/s  majflt/s     VSZ     RSS   %MEM  Command
06:08:59        0    115575      0.00      0.00 1075116  451088   2.89  hector_mapping_

06:08:59      UID       PID    %usr %system  %guest   %wait    %CPU   CPU  Command
06:09:00        0    115575    7.00    1.00    0.00    0.00    8.00     3  hector_mapping_

06:08:59      UID       PID  minflt/s  majflt/s     VSZ     RSS   %MEM  Command
06:09:00        0    115575      0.00      0.00 1075116  451088   2.89  hector_mapping_

06:09:00      UID       PID    %usr %system  %guest   %wait    %CPU   CPU  Command
06:09:01        0    115575    6.00    0.00    0.00    0.00    6.00    10  hector_mapping_

06:09:00      UID       PID  minflt/s  majflt/s     VSZ     RSS   %MEM  Command
06:09:01        0    115575      0.00      0.00 1075116  451088   2.89  hector_mapping_

06:09:01      UID       PID    %usr %system  %guest   %wait    %CPU   CPU  Command
06:09:02        0    115575    6.00    1.00    0.00    0.00    7.00    12  hector_mapping_

06:09:01      UID       PID  minflt/s  majflt/s     VSZ     RSS   %MEM  Command
06:09:02        0    115575      0.00      0.00 1075116  451088   2.89  hector_mapping_

06:09:02      UID       PID    %usr %system  %guest   %wait    %CPU   CPU  Command
06:09:03        0    115575    7.00    0.00    0.00    0.00    7.00    14  hector_mapping_

06:09:02      UID       PID  minflt/s  majflt/s     VSZ     RSS   %MEM  Command
06:09:03        0    115575      0.00      0.00 1075116  451088   2.89  hector_mapping_

06:09:03      UID       PID    %usr %system  %guest   %wait    %CPU   CPU  Command
06:09:04        0    115575    6.00    1.00    0.00    0.00    7.00     8  hector_mapping_

06:09:03      UID       PID  minflt/s  majflt/s     VSZ     RSS   %MEM  Command
06:09:04        0    115575      0.00      0.00 1075116  451088   2.89  hector_mapping_

06:09:04      UID       PID    %usr %system  %guest   %wait    %CPU   CPU  Command
06:09:05        0    115575    6.00    0.00    0.00    0.00    6.00    10  hector_mapping_

06:09:04      UID       PID  minflt/s  majflt/s     VSZ     RSS   %MEM  Command
06:09:05        0    115575      0.00      0.00 1075116  451088   2.89  hector_mapping_

06:09:05      UID       PID    %usr %system  %guest   %wait    %CPU   CPU  Command
06:09:06        0    115575    7.00    1.00    0.00    0.00    8.00     6  hector_mapping_

06:09:05      UID       PID  minflt/s  majflt/s     VSZ     RSS   %MEM  Command
06:09:06        0    115575      0.00      0.00 1075116  451088   2.89  hector_mapping_

06:09:06      UID       PID    %usr %system  %guest   %wait    %CPU   CPU  Command
06:09:07        0    115575    6.00    0.00    0.00    0.00    6.00     2  hector_mapping_

06:09:06      UID       PID  minflt/s  majflt/s     VSZ     RSS   %MEM  Command
06:09:07        0    115575      0.00      0.00 1075116  451088   2.89  hector_mapping_

06:09:07      UID       PID    %usr %system  %guest   %wait    %CPU   CPU  Command
06:09:08        0    115575    6.00    1.00    0.00    0.00    7.00     0  hector_mapping_

06:09:07      UID       PID  minflt/s  majflt/s     VSZ     RSS   %MEM  Command
06:09:08        0    115575      0.00      0.00 1075116  451088   2.89  hector_mapping_

06:09:08      UID       PID    %usr %system  %guest   %wait    %CPU   CPU  Command
06:09:09        0    115575    6.00    0.00    0.00    0.00    6.00     6  hector_mapping_

06:09:08      UID       PID  minflt/s  majflt/s     VSZ     RSS   %MEM  Command
06:09:09        0    115575      0.00      0.00 1075116  451088   2.89  hector_mapping_

06:09:09      UID       PID    %usr %system  %guest   %wait    %CPU   CPU  Command
06:09:10        0    115575    6.00    1.00    0.00    0.00    7.00     2  hector_mapping_

06:09:09      UID       PID  minflt/s  majflt/s     VSZ     RSS   %MEM  Command
06:09:10        0    115575      0.00      0.00 1075116  451088   2.89  hector_mapping_

06:09:10      UID       PID    %usr %system  %guest   %wait    %CPU   CPU  Command
06:09:11        0    115575    6.00    1.00    0.00    0.00    7.00    12  hector_mapping_

06:09:10      UID       PID  minflt/s  majflt/s     VSZ     RSS   %MEM  Command
06:09:11        0    115575      0.00      0.00 1075116  451088   2.89  hector_mapping_

06:09:11      UID       PID    %usr %system  %guest   %wait    %CPU   CPU  Command
06:09:12        0    115575    6.00    0.00    0.00    0.00    6.00     2  hector_mapping_

06:09:11      UID       PID  minflt/s  majflt/s     VSZ     RSS   %MEM  Command
06:09:12        0    115575      0.00      0.00 1075116  451088   2.89  hector_mapping_

06:09:12      UID       PID    %usr %system  %guest   %wait    %CPU   CPU  Command
06:09:13        0    115575    7.00    1.00    0.00    0.00    8.00     3  hector_mapping_

06:09:12      UID       PID  minflt/s  majflt/s     VSZ     RSS   %MEM  Command
06:09:13        0    115575      0.00      0.00 1075116  451088   2.89  hector_mapping_

06:09:13      UID       PID    %usr %system  %guest   %wait    %CPU   CPU  Command
06:09:14        0    115575    5.00    1.00    0.00    0.00    6.00     3  hector_mapping_

06:09:13      UID       PID  minflt/s  majflt/s     VSZ     RSS   %MEM  Command
06:09:14        0    115575      0.00      0.00 1075116  451088   2.89  hector_mapping_

06:09:14      UID       PID    %usr %system  %guest   %wait    %CPU   CPU  Command
06:09:15        0    115575    7.00    0.00    0.00    0.00    7.00     3  hector_mapping_

06:09:14      UID       PID  minflt/s  majflt/s     VSZ     RSS   %MEM  Command
06:09:15        0    115575      0.00      0.00 1075116  451088   2.89  hector_mapping_

06:09:15      UID       PID    %usr %system  %guest   %wait    %CPU   CPU  Command
06:09:16        0    115575    6.00    1.00    0.00    0.00    7.00    14  hector_mapping_

06:09:15      UID       PID  minflt/s  majflt/s     VSZ     RSS   %MEM  Command
06:09:16        0    115575      0.00      0.00 1075116  451088   2.89  hector_mapping_

06:09:16      UID       PID    %usr %system  %guest   %wait    %CPU   CPU  Command
06:09:17        0    115575    6.00    0.00    0.00    0.00    6.00     2  hector_mapping_

06:09:16      UID       PID  minflt/s  majflt/s     VSZ     RSS   %MEM  Command
06:09:17        0    115575      0.00      0.00 1075116  451088   2.89  hector_mapping_

06:09:17      UID       PID    %usr %system  %guest   %wait    %CPU   CPU  Command
06:09:18        0    115575    7.00    1.00    0.00    1.00    8.00     6  hector_mapping_

06:09:17      UID       PID  minflt/s  majflt/s     VSZ     RSS   %MEM  Command
06:09:18        0    115575      0.00      0.00 1075116  451088   2.89  hector_mapping_

06:09:18      UID       PID    %usr %system  %guest   %wait    %CPU   CPU  Command
06:09:19        0    115575    6.00    1.00    0.00    0.00    7.00     0  hector_mapping_

06:09:18      UID       PID  minflt/s  majflt/s     VSZ     RSS   %MEM  Command
06:09:19        0    115575      0.00      0.00 1075116  451088   2.89  hector_mapping_

06:09:19      UID       PID    %usr %system  %guest   %wait    %CPU   CPU  Command
06:09:20        0    115575    5.00    1.00    0.00    0.00    6.00     6  hector_mapping_

06:09:19      UID       PID  minflt/s  majflt/s     VSZ     RSS   %MEM  Command
06:09:20        0    115575      0.00      0.00 1075116  451088   2.89  hector_mapping_

06:09:20      UID       PID    %usr %system  %guest   %wait    %CPU   CPU  Command
06:09:21        0    115575    6.00    0.00    0.00    0.00    6.00     6  hector_mapping_

06:09:20      UID       PID  minflt/s  majflt/s     VSZ     RSS   %MEM  Command
06:09:21        0    115575      0.00      0.00 1075116  451088   2.89  hector_mapping_

06:09:21      UID       PID    %usr %system  %guest   %wait    %CPU   CPU  Command
06:09:22        0    115575    6.00    1.00    0.00    0.00    7.00     6  hector_mapping_

06:09:21      UID       PID  minflt/s  majflt/s     VSZ     RSS   %MEM  Command
06:09:22        0    115575      0.00      0.00 1075116  451088   2.89  hector_mapping_

06:09:22      UID       PID    %usr %system  %guest   %wait    %CPU   CPU  Command
06:09:23        0    115575    6.00    1.00    0.00    0.00    7.00    14  hector_mapping_

06:09:22      UID       PID  minflt/s  majflt/s     VSZ     RSS   %MEM  Command
06:09:23        0    115575      0.00      0.00 1075116  451088   2.89  hector_mapping_

06:09:23      UID       PID    %usr %system  %guest   %wait    %CPU   CPU  Command
06:09:24        0    115575    6.00    1.00    0.00    0.00    7.00    10  hector_mapping_

06:09:23      UID       PID  minflt/s  majflt/s     VSZ     RSS   %MEM  Command
06:09:24        0    115575      0.00      0.00 1075116  451088   2.89  hector_mapping_

06:09:24      UID       PID    %usr %system  %guest   %wait    %CPU   CPU  Command
06:09:25        0    115575    6.00    0.00    0.00    0.00    6.00    14  hector_mapping_

06:09:24      UID       PID  minflt/s  majflt/s     VSZ     RSS   %MEM  Command
06:09:25        0    115575      0.00      0.00 1075116  451088   2.89  hector_mapping_

06:09:25      UID       PID    %usr %system  %guest   %wait    %CPU   CPU  Command
06:09:26        0    115575    6.00    0.00    0.00    0.00    6.00     6  hector_mapping_

06:09:25      UID       PID  minflt/s  majflt/s     VSZ     RSS   %MEM  Command
06:09:26        0    115575      0.00      0.00 1075116  451088   2.89  hector_mapping_

06:09:26      UID       PID    %usr %system  %guest   %wait    %CPU   CPU  Command
06:09:27        0    115575    6.00    1.00    0.00    0.00    7.00     6  hector_mapping_

06:09:26      UID       PID  minflt/s  majflt/s     VSZ     RSS   %MEM  Command
06:09:27        0    115575      0.00      0.00 1075116  451088   2.89  hector_mapping_

06:09:27      UID       PID    %usr %system  %guest   %wait    %CPU   CPU  Command
06:09:28        0    115575    7.00    0.00    0.00    0.00    7.00     2  hector_mapping_

06:09:27      UID       PID  minflt/s  majflt/s     VSZ     RSS   %MEM  Command
06:09:28        0    115575      0.00      0.00 1075116  451088   2.89  hector_mapping_

06:09:28      UID       PID    %usr %system  %guest   %wait    %CPU   CPU  Command
06:09:29        0    115575    6.00    1.00    0.00    0.00    7.00     6  hector_mapping_

06:09:28      UID       PID  minflt/s  majflt/s     VSZ     RSS   %MEM  Command
06:09:29        0    115575      0.00      0.00 1075116  451088   2.89  hector_mapping_

06:09:29      UID       PID    %usr %system  %guest   %wait    %CPU   CPU  Command
06:09:30        0    115575    6.00    0.00    0.00    0.00    6.00     2  hector_mapping_

06:09:29      UID       PID  minflt/s  majflt/s     VSZ     RSS   %MEM  Command
06:09:30        0    115575      0.00      0.00 1075116  451088   2.89  hector_mapping_

06:09:30      UID       PID    %usr %system  %guest   %wait    %CPU   CPU  Command
06:09:31        0    115575    6.00    1.00    0.00    0.00    7.00     0  hector_mapping_

06:09:30      UID       PID  minflt/s  majflt/s     VSZ     RSS   %MEM  Command
06:09:31        0    115575      0.00      0.00 1075116  451088   2.89  hector_mapping_

06:09:31      UID       PID    %usr %system  %guest   %wait    %CPU   CPU  Command
06:09:32        0    115575    5.00    1.00    0.00    0.00    6.00     6  hector_mapping_

06:09:31      UID       PID  minflt/s  majflt/s     VSZ     RSS   %MEM  Command
06:09:32        0    115575      0.00      0.00 1075116  451088   2.89  hector_mapping_

06:09:32      UID       PID    %usr %system  %guest   %wait    %CPU   CPU  Command
06:09:33        0    115575    7.00    1.00    0.00    0.00    8.00     2  hector_mapping_

06:09:32      UID       PID  minflt/s  majflt/s     VSZ     RSS   %MEM  Command
06:09:33        0    115575      0.00      0.00 1075116  451088   2.89  hector_mapping_

06:09:33      UID       PID    %usr %system  %guest   %wait    %CPU   CPU  Command
06:09:34        0    115575    6.00    0.00    0.00    0.00    6.00     3  hector_mapping_

06:09:33      UID       PID  minflt/s  majflt/s     VSZ     RSS   %MEM  Command
06:09:34        0    115575      0.00      0.00 1075116  451088   2.89  hector_mapping_

06:09:34      UID       PID    %usr %system  %guest   %wait    %CPU   CPU  Command
06:09:35        0    115575    6.00    1.00    0.00    0.00    7.00     3  hector_mapping_

06:09:34      UID       PID  minflt/s  majflt/s     VSZ     RSS   %MEM  Command
06:09:35        0    115575      0.00      0.00 1075116  451088   2.89  hector_mapping_

06:09:35      UID       PID    %usr %system  %guest   %wait    %CPU   CPU  Command
06:09:36        0    115575    6.00    1.00    0.00    0.00    7.00     3  hector_mapping_

06:09:35      UID       PID  minflt/s  majflt/s     VSZ     RSS   %MEM  Command
06:09:36        0    115575      0.00      0.00 1075116  451088   2.89  hector_mapping_

06:09:36      UID       PID    %usr %system  %guest   %wait    %CPU   CPU  Command
06:09:37        0    115575    5.00    0.00    0.00    0.00    5.00     3  hector_mapping_

06:09:36      UID       PID  minflt/s  majflt/s     VSZ     RSS   %MEM  Command
06:09:37        0    115575      0.00      0.00 1075116  451088   2.89  hector_mapping_

06:09:37      UID       PID    %usr %system  %guest   %wait    %CPU   CPU  Command
06:09:38        0    115575    6.00    1.00    0.00    0.00    7.00     3  hector_mapping_

06:09:37      UID       PID  minflt/s  majflt/s     VSZ     RSS   %MEM  Command
06:09:38        0    115575      0.00      0.00 1075116  451088   2.89  hector_mapping_

06:09:38      UID       PID    %usr %system  %guest   %wait    %CPU   CPU  Command
06:09:39        0    115575    7.00    0.00    0.00    0.00    7.00     3  hector_mapping_

06:09:38      UID       PID  minflt/s  majflt/s     VSZ     RSS   %MEM  Command
06:09:39        0    115575      0.00      0.00 1075116  451088   2.89  hector_mapping_

06:09:39      UID       PID    %usr %system  %guest   %wait    %CPU   CPU  Command
06:09:40        0    115575    6.00    1.00    0.00    0.00    7.00     6  hector_mapping_

06:09:39      UID       PID  minflt/s  majflt/s     VSZ     RSS   %MEM  Command
06:09:40        0    115575      0.00      0.00 1075116  451088   2.89  hector_mapping_

06:09:40      UID       PID    %usr %system  %guest   %wait    %CPU   CPU  Command
06:09:41        0    115575    6.00    0.00    0.00    0.00    6.00     6  hector_mapping_

06:09:40      UID       PID  minflt/s  majflt/s     VSZ     RSS   %MEM  Command
06:09:41        0    115575      0.00      0.00 1075116  451088   2.89  hector_mapping_

06:09:41      UID       PID    %usr %system  %guest   %wait    %CPU   CPU  Command
06:09:42        0    115575    6.00    1.00    0.00    0.00    7.00     6  hector_mapping_

06:09:41      UID       PID  minflt/s  majflt/s     VSZ     RSS   %MEM  Command
06:09:42        0    115575      0.00      0.00 1075116  451088   2.89  hector_mapping_

06:09:42      UID       PID    %usr %system  %guest   %wait    %CPU   CPU  Command
06:09:43        0    115575    6.00    0.00    0.00    0.00    6.00     2  hector_mapping_

06:09:42      UID       PID  minflt/s  majflt/s     VSZ     RSS   %MEM  Command
06:09:43        0    115575      0.00      0.00 1075116  451088   2.89  hector_mapping_

06:09:43      UID       PID    %usr %system  %guest   %wait    %CPU   CPU  Command
06:09:44        0    115575    6.00    1.00    0.00    0.00    7.00     6  hector_mapping_

06:09:43      UID       PID  minflt/s  majflt/s     VSZ     RSS   %MEM  Command
06:09:44        0    115575      0.00      0.00 1075116  451088   2.89  hector_mapping_

06:09:44      UID       PID    %usr %system  %guest   %wait    %CPU   CPU  Command
06:09:45        0    115575    6.00    0.00    0.00    0.00    6.00     6  hector_mapping_

06:09:44      UID       PID  minflt/s  majflt/s     VSZ     RSS   %MEM  Command
06:09:45        0    115575      0.00      0.00 1075116  451088   2.89  hector_mapping_

06:09:45      UID       PID    %usr %system  %guest   %wait    %CPU   CPU  Command
06:09:46        0    115575    5.00    0.00    0.00    0.00    5.00     2  hector_mapping_

06:09:45      UID       PID  minflt/s  majflt/s     VSZ     RSS   %MEM  Command
06:09:46        0    115575      0.00      0.00 1075116  451088   2.89  hector_mapping_

06:09:46      UID       PID    %usr %system  %guest   %wait    %CPU   CPU  Command
06:09:47        0    115575    6.00    1.00    0.00    0.00    7.00     6  hector_mapping_

06:09:46      UID       PID  minflt/s  majflt/s     VSZ     RSS   %MEM  Command
06:09:47        0    115575      0.00      0.00 1075116  451088   2.89  hector_mapping_

06:09:47      UID       PID    %usr %system  %guest   %wait    %CPU   CPU  Command
06:09:48        0    115575    6.00    1.00    0.00    0.00    7.00     6  hector_mapping_

06:09:47      UID       PID  minflt/s  majflt/s     VSZ     RSS   %MEM  Command
06:09:48        0    115575      0.00      0.00 1075116  451088   2.89  hector_mapping_

06:09:48      UID       PID    %usr %system  %guest   %wait    %CPU   CPU  Command
06:09:49        0    115575    6.00    0.00    0.00    0.00    6.00     6  hector_mapping_

06:09:48      UID       PID  minflt/s  majflt/s     VSZ     RSS   %MEM  Command
06:09:49        0    115575      0.00      0.00 1075116  451088   2.89  hector_mapping_

06:09:49      UID       PID    %usr %system  %guest   %wait    %CPU   CPU  Command
06:09:50        0    115575    6.00    1.00    0.00    0.00    7.00     6  hector_mapping_

06:09:49      UID       PID  minflt/s  majflt/s     VSZ     RSS   %MEM  Command
06:09:50        0    115575      0.00      0.00 1075116  451088   2.89  hector_mapping_

06:09:50      UID       PID    %usr %system  %guest   %wait    %CPU   CPU  Command
06:09:51        0    115575    6.00    0.00    0.00    0.00    6.00     6  hector_mapping_

06:09:50      UID       PID  minflt/s  majflt/s     VSZ     RSS   %MEM  Command
06:09:51        0    115575      0.00      0.00 1075116  451088   2.89  hector_mapping_

06:09:51      UID       PID    %usr %system  %guest   %wait    %CPU   CPU  Command
06:09:52        0    115575    6.00    1.00    0.00    0.00    7.00     4  hector_mapping_

06:09:51      UID       PID  minflt/s  majflt/s     VSZ     RSS   %MEM  Command
06:09:52        0    115575      0.00      0.00 1075116  451088   2.89  hector_mapping_

06:09:52      UID       PID    %usr %system  %guest   %wait    %CPU   CPU  Command
06:09:53        0    115575    6.00    0.00    0.00    0.00    6.00     2  hector_mapping_

06:09:52      UID       PID  minflt/s  majflt/s     VSZ     RSS   %MEM  Command
06:09:53        0    115575      0.00      0.00 1075116  451088   2.89  hector_mapping_

06:09:53      UID       PID    %usr %system  %guest   %wait    %CPU   CPU  Command
06:09:54        0    115575    6.00    1.00    0.00    0.00    7.00     6  hector_mapping_

06:09:53      UID       PID  minflt/s  majflt/s     VSZ     RSS   %MEM  Command
06:09:54        0    115575      0.00      0.00 1075116  451088   2.89  hector_mapping_

06:09:54      UID       PID    %usr %system  %guest   %wait    %CPU   CPU  Command
06:09:55        0    115575    6.00    1.00    0.00    0.00    7.00     6  hector_mapping_

06:09:54      UID       PID  minflt/s  majflt/s     VSZ     RSS   %MEM  Command
06:09:55        0    115575      0.00      0.00 1075116  451088   2.89  hector_mapping_

06:09:55      UID       PID    %usr %system  %guest   %wait    %CPU   CPU  Command
06:09:56        0    115575    6.00    1.00    0.00    0.00    7.00    10  hector_mapping_

06:09:55      UID       PID  minflt/s  majflt/s     VSZ     RSS   %MEM  Command
06:09:56        0    115575      0.00      0.00 1075116  451088   2.89  hector_mapping_

06:09:56      UID       PID    %usr %system  %guest   %wait    %CPU   CPU  Command
06:09:57        0    115575    6.00    0.00    0.00    0.00    6.00     2  hector_mapping_

06:09:56      UID       PID  minflt/s  majflt/s     VSZ     RSS   %MEM  Command
06:09:57        0    115575      0.00      0.00 1075116  451088   2.89  hector_mapping_

06:09:57      UID       PID    %usr %system  %guest   %wait    %CPU   CPU  Command
06:09:58        0    115575    6.00    1.00    0.00    0.00    7.00    12  hector_mapping_

06:09:57      UID       PID  minflt/s  majflt/s     VSZ     RSS   %MEM  Command
06:09:58        0    115575      0.00      0.00 1075116  451088   2.89  hector_mapping_

06:09:58      UID       PID    %usr %system  %guest   %wait    %CPU   CPU  Command
06:09:59        0    115575    6.00    1.00    0.00    0.00    7.00     2  hector_mapping_

06:09:58      UID       PID  minflt/s  majflt/s     VSZ     RSS   %MEM  Command
06:09:59        0    115575      0.00      0.00 1075116  451088   2.89  hector_mapping_

06:09:59      UID       PID    %usr %system  %guest   %wait    %CPU   CPU  Command
06:10:00        0    115575    7.00    0.00    0.00    0.00    7.00     6  hector_mapping_

06:09:59      UID       PID  minflt/s  majflt/s     VSZ     RSS   %MEM  Command
06:10:00        0    115575      0.00      0.00 1075116  451088   2.89  hector_mapping_

06:10:00      UID       PID    %usr %system  %guest   %wait    %CPU   CPU  Command
06:10:01        0    115575    6.00    1.00    0.00    0.00    7.00     2  hector_mapping_

06:10:00      UID       PID  minflt/s  majflt/s     VSZ     RSS   %MEM  Command
06:10:01        0    115575      0.00      0.00 1075116  451088   2.89  hector_mapping_

06:10:01      UID       PID    %usr %system  %guest   %wait    %CPU   CPU  Command
06:10:02        0    115575    6.00    0.00    0.00    0.00    6.00     6  hector_mapping_

06:10:01      UID       PID  minflt/s  majflt/s     VSZ     RSS   %MEM  Command
06:10:02        0    115575      0.00      0.00 1075116  451088   2.89  hector_mapping_

06:10:02      UID       PID    %usr %system  %guest   %wait    %CPU   CPU  Command
06:10:03        0    115575    6.00    0.00    0.00    0.00    6.00     2  hector_mapping_

06:10:02      UID       PID  minflt/s  majflt/s     VSZ     RSS   %MEM  Command
06:10:03        0    115575      0.00      0.00 1075116  451088   2.89  hector_mapping_

06:10:03      UID       PID    %usr %system  %guest   %wait    %CPU   CPU  Command
06:10:04        0    115575    6.00    1.00    0.00    0.00    7.00     6  hector_mapping_

06:10:03      UID       PID  minflt/s  majflt/s     VSZ     RSS   %MEM  Command
06:10:04        0    115575      0.00      0.00 1075116  451088   2.89  hector_mapping_

06:10:04      UID       PID    %usr %system  %guest   %wait    %CPU   CPU  Command
06:10:05        0    115575    6.00    1.00    0.00    0.00    7.00     2  hector_mapping_

06:10:04      UID       PID  minflt/s  majflt/s     VSZ     RSS   %MEM  Command
06:10:05        0    115575      0.00      0.00 1075116  451088   2.89  hector_mapping_

06:10:05      UID       PID    %usr %system  %guest   %wait    %CPU   CPU  Command
06:10:06        0    115575    6.00    1.00    0.00    0.00    7.00     6  hector_mapping_

06:10:05      UID       PID  minflt/s  majflt/s     VSZ     RSS   %MEM  Command
06:10:06        0    115575      0.00      0.00 1075116  451088   2.89  hector_mapping_

06:10:06      UID       PID    %usr %system  %guest   %wait    %CPU   CPU  Command
06:10:07        0    115575    7.00    0.00    0.00    0.00    7.00    12  hector_mapping_

06:10:06      UID       PID  minflt/s  majflt/s     VSZ     RSS   %MEM  Command
06:10:07        0    115575      0.00      0.00 1075116  451088   2.89  hector_mapping_

06:10:07      UID       PID    %usr %system  %guest   %wait    %CPU   CPU  Command
06:10:08        0    115575    6.00    1.00    0.00    0.00    7.00     6  hector_mapping_

06:10:07      UID       PID  minflt/s  majflt/s     VSZ     RSS   %MEM  Command
06:10:08        0    115575      0.00      0.00 1075116  451088   2.89  hector_mapping_

06:10:08      UID       PID    %usr %system  %guest   %wait    %CPU   CPU  Command
06:10:09        0    115575    6.00    0.00    0.00    0.00    6.00     2  hector_mapping_

06:10:08      UID       PID  minflt/s  majflt/s     VSZ     RSS   %MEM  Command
06:10:09        0    115575      0.00      0.00 1075116  451088   2.89  hector_mapping_

06:10:09      UID       PID    %usr %system  %guest   %wait    %CPU   CPU  Command
06:10:10        0    115575    6.00    1.00    0.00    0.00    7.00     6  hector_mapping_

06:10:09      UID       PID  minflt/s  majflt/s     VSZ     RSS   %MEM  Command
06:10:10        0    115575      0.00      0.00 1075116  451088   2.89  hector_mapping_

06:10:10      UID       PID    %usr %system  %guest   %wait    %CPU   CPU  Command
06:10:11        0    115575    6.00    1.00    0.00    0.00    7.00     6  hector_mapping_

06:10:10      UID       PID  minflt/s  majflt/s     VSZ     RSS   %MEM  Command
06:10:11        0    115575      0.00      0.00 1075116  451088   2.89  hector_mapping_

06:10:11      UID       PID    %usr %system  %guest   %wait    %CPU   CPU  Command
06:10:12        0    115575    6.00    1.00    0.00    0.00    7.00     6  hector_mapping_

06:10:11      UID       PID  minflt/s  majflt/s     VSZ     RSS   %MEM  Command
06:10:12        0    115575      0.00      0.00 1075116  451088   2.89  hector_mapping_

06:10:12      UID       PID    %usr %system  %guest   %wait    %CPU   CPU  Command
06:10:13        0    115575    6.00    0.00    0.00    0.00    6.00     2  hector_mapping_

06:10:12      UID       PID  minflt/s  majflt/s     VSZ     RSS   %MEM  Command
06:10:13        0    115575      0.00      0.00 1075116  451088   2.89  hector_mapping_

06:10:13      UID       PID    %usr %system  %guest   %wait    %CPU   CPU  Command
06:10:14        0    115575    6.00    1.00    0.00    0.00    7.00     4  hector_mapping_

06:10:13      UID       PID  minflt/s  majflt/s     VSZ     RSS   %MEM  Command
06:10:14        0    115575      0.00      0.00 1075116  451088   2.89  hector_mapping_

06:10:14      UID       PID    %usr %system  %guest   %wait    %CPU   CPU  Command
06:10:15        0    115575    6.00    0.00    0.00    0.00    6.00     6  hector_mapping_

06:10:14      UID       PID  minflt/s  majflt/s     VSZ     RSS   %MEM  Command
06:10:15        0    115575      0.00      0.00 1075116  451088   2.89  hector_mapping_

06:10:15      UID       PID    %usr %system  %guest   %wait    %CPU   CPU  Command
06:10:16        0    115575    6.00    1.00    0.00    0.00    7.00     2  hector_mapping_

06:10:15      UID       PID  minflt/s  majflt/s     VSZ     RSS   %MEM  Command
06:10:16        0    115575      0.00      0.00 1075116  451088   2.89  hector_mapping_

06:10:16      UID       PID    %usr %system  %guest   %wait    %CPU   CPU  Command
06:10:17        0    115575    7.00    0.00    0.00    0.00    7.00     2  hector_mapping_

06:10:16      UID       PID  minflt/s  majflt/s     VSZ     RSS   %MEM  Command
06:10:17        0    115575      0.00      0.00 1075116  451088   2.89  hector_mapping_

06:10:17      UID       PID    %usr %system  %guest   %wait    %CPU   CPU  Command
06:10:18        0    115575    6.00    1.00    0.00    0.00    7.00     2  hector_mapping_

06:10:17      UID       PID  minflt/s  majflt/s     VSZ     RSS   %MEM  Command
06:10:18        0    115575      0.00      0.00 1075116  451088   2.89  hector_mapping_

06:10:18      UID       PID    %usr %system  %guest   %wait    %CPU   CPU  Command
06:10:19        0    115575    6.00    1.00    0.00    0.00    7.00     6  hector_mapping_

06:10:18      UID       PID  minflt/s  majflt/s     VSZ     RSS   %MEM  Command
06:10:19        0    115575      0.00      0.00 1075116  451088   2.89  hector_mapping_

06:10:19      UID       PID    %usr %system  %guest   %wait    %CPU   CPU  Command
06:10:20        0    115575    6.00    0.00    0.00    0.00    6.00     6  hector_mapping_

06:10:19      UID       PID  minflt/s  majflt/s     VSZ     RSS   %MEM  Command
06:10:20        0    115575      0.00      0.00 1075116  451088   2.89  hector_mapping_

06:10:20      UID       PID    %usr %system  %guest   %wait    %CPU   CPU  Command
06:10:21        0    115575    6.00    1.00    0.00    0.00    7.00     0  hector_mapping_

06:10:20      UID       PID  minflt/s  majflt/s     VSZ     RSS   %MEM  Command
06:10:21        0    115575      0.00      0.00 1075116  451088   2.89  hector_mapping_

06:10:21      UID       PID    %usr %system  %guest   %wait    %CPU   CPU  Command
06:10:22        0    115575    6.00    1.00    0.00    0.00    7.00     6  hector_mapping_

06:10:21      UID       PID  minflt/s  majflt/s     VSZ     RSS   %MEM  Command
06:10:22        0    115575      0.00      0.00 1075116  451088   2.89  hector_mapping_

06:10:22      UID       PID    %usr %system  %guest   %wait    %CPU   CPU  Command
06:10:23        0    115575    6.00    1.00    0.00    0.00    7.00     6  hector_mapping_

06:10:22      UID       PID  minflt/s  majflt/s     VSZ     RSS   %MEM  Command
06:10:23        0    115575      0.00      0.00 1075116  451088   2.89  hector_mapping_

06:10:23      UID       PID    %usr %system  %guest   %wait    %CPU   CPU  Command
06:10:24        0    115575    6.00    0.00    0.00    0.00    6.00     6  hector_mapping_

06:10:23      UID       PID  minflt/s  majflt/s     VSZ     RSS   %MEM  Command
06:10:24        0    115575      0.00      0.00 1075116  451088   2.89  hector_mapping_

06:10:24      UID       PID    %usr %system  %guest   %wait    %CPU   CPU  Command
06:10:25        0    115575    6.00    1.00    0.00    0.00    7.00     8  hector_mapping_

06:10:24      UID       PID  minflt/s  majflt/s     VSZ     RSS   %MEM  Command
06:10:25        0    115575      0.00      0.00 1075116  451088   2.89  hector_mapping_

06:10:25      UID       PID    %usr %system  %guest   %wait    %CPU   CPU  Command
06:10:26        0    115575    5.00    1.00    0.00    0.00    6.00     2  hector_mapping_

06:10:25      UID       PID  minflt/s  majflt/s     VSZ     RSS   %MEM  Command
06:10:26        0    115575      0.00      0.00 1075116  451088   2.89  hector_mapping_

06:10:26      UID       PID    %usr %system  %guest   %wait    %CPU   CPU  Command
06:10:27        0    115575    6.00    0.00    0.00    0.00    6.00     6  hector_mapping_

06:10:26      UID       PID  minflt/s  majflt/s     VSZ     RSS   %MEM  Command
06:10:27        0    115575      0.00      0.00 1075116  451088   2.89  hector_mapping_

06:10:27      UID       PID    %usr %system  %guest   %wait    %CPU   CPU  Command
06:10:28        0    115575    6.00    1.00    0.00    0.00    7.00     7  hector_mapping_

06:10:27      UID       PID  minflt/s  majflt/s     VSZ     RSS   %MEM  Command
06:10:28        0    115575      0.00      0.00 1075116  451088   2.89  hector_mapping_

06:10:28      UID       PID    %usr %system  %guest   %wait    %CPU   CPU  Command
06:10:29        0    115575    7.00    0.00    0.00    0.00    7.00     4  hector_mapping_

06:10:28      UID       PID  minflt/s  majflt/s     VSZ     RSS   %MEM  Command
06:10:29        0    115575      0.00      0.00 1075116  451088   2.89  hector_mapping_

06:10:29      UID       PID    %usr %system  %guest   %wait    %CPU   CPU  Command
06:10:30        0    115575    6.00    1.00    0.00    0.00    7.00     6  hector_mapping_

06:10:29      UID       PID  minflt/s  majflt/s     VSZ     RSS   %MEM  Command
06:10:30        0    115575      0.00      0.00 1075116  451088   2.89  hector_mapping_

06:10:30      UID       PID    %usr %system  %guest   %wait    %CPU   CPU  Command
06:10:31        0    115575    6.00    0.00    0.00    0.00    6.00     2  hector_mapping_

06:10:30      UID       PID  minflt/s  majflt/s     VSZ     RSS   %MEM  Command
06:10:31        0    115575      0.00      0.00 1075116  451088   2.89  hector_mapping_

06:10:31      UID       PID    %usr %system  %guest   %wait    %CPU   CPU  Command
06:10:32        0    115575    6.00    1.00    0.00    0.00    7.00     2  hector_mapping_

06:10:31      UID       PID  minflt/s  majflt/s     VSZ     RSS   %MEM  Command
06:10:32        0    115575      0.00      0.00 1075116  451088   2.89  hector_mapping_

06:10:32      UID       PID    %usr %system  %guest   %wait    %CPU   CPU  Command
06:10:33        0    115575    6.00    0.00    0.00    0.00    6.00     2  hector_mapping_

06:10:32      UID       PID  minflt/s  majflt/s     VSZ     RSS   %MEM  Command
06:10:33        0    115575      0.00      0.00 1075116  451088   2.89  hector_mapping_

06:10:33      UID       PID    %usr %system  %guest   %wait    %CPU   CPU  Command
06:10:34        0    115575    6.00    1.00    0.00    0.00    7.00     6  hector_mapping_

06:10:33      UID       PID  minflt/s  majflt/s     VSZ     RSS   %MEM  Command
06:10:34        0    115575      0.00      0.00 1075116  451088   2.89  hector_mapping_

06:10:34      UID       PID    %usr %system  %guest   %wait    %CPU   CPU  Command
06:10:35        0    115575    7.00    0.00    0.00    0.00    7.00     6  hector_mapping_

06:10:34      UID       PID  minflt/s  majflt/s     VSZ     RSS   %MEM  Command
06:10:35        0    115575      0.00      0.00 1075116  451088   2.89  hector_mapping_

06:10:35      UID       PID    %usr %system  %guest   %wait    %CPU   CPU  Command
06:10:36        0    115575    6.00    1.00    0.00    0.00    7.00     7  hector_mapping_

06:10:35      UID       PID  minflt/s  majflt/s     VSZ     RSS   %MEM  Command
06:10:36        0    115575      0.00      0.00 1075116  451088   2.89  hector_mapping_

06:10:36      UID       PID    %usr %system  %guest   %wait    %CPU   CPU  Command
06:10:37        0    115575    6.00    0.00    0.00    0.00    6.00     6  hector_mapping_

06:10:36      UID       PID  minflt/s  majflt/s     VSZ     RSS   %MEM  Command
06:10:37        0    115575      0.00      0.00 1075116  451088   2.89  hector_mapping_

06:10:37      UID       PID    %usr %system  %guest   %wait    %CPU   CPU  Command
06:10:38        0    115575    6.00    1.00    0.00    0.00    7.00     0  hector_mapping_

06:10:37      UID       PID  minflt/s  majflt/s     VSZ     RSS   %MEM  Command
06:10:38        0    115575      0.00      0.00 1075116  451088   2.89  hector_mapping_

06:10:38      UID       PID    %usr %system  %guest   %wait    %CPU   CPU  Command
06:10:39        0    115575    6.00    0.00    0.00    0.00    6.00     2  hector_mapping_

06:10:38      UID       PID  minflt/s  majflt/s     VSZ     RSS   %MEM  Command
06:10:39        0    115575      0.00      0.00 1075116  451088   2.89  hector_mapping_

06:10:39      UID       PID    %usr %system  %guest   %wait    %CPU   CPU  Command
06:10:40        0    115575    5.00    1.00    0.00    0.00    6.00     7  hector_mapping_

06:10:39      UID       PID  minflt/s  majflt/s     VSZ     RSS   %MEM  Command
06:10:40        0    115575      0.00      0.00 1075116  451088   2.89  hector_mapping_

06:10:40      UID       PID    %usr %system  %guest   %wait    %CPU   CPU  Command
06:10:41        0    115575    6.00    1.00    0.00    0.00    7.00     7  hector_mapping_

06:10:40      UID       PID  minflt/s  majflt/s     VSZ     RSS   %MEM  Command
06:10:41        0    115575      0.00      0.00 1075116  451088   2.89  hector_mapping_

06:10:41      UID       PID    %usr %system  %guest   %wait    %CPU   CPU  Command
06:10:42        0    115575    6.00    0.00    0.00    0.00    6.00     7  hector_mapping_

06:10:41      UID       PID  minflt/s  majflt/s     VSZ     RSS   %MEM  Command
06:10:42        0    115575      0.00      0.00 1075116  451088   2.89  hector_mapping_

06:10:42      UID       PID    %usr %system  %guest   %wait    %CPU   CPU  Command
06:10:43        0    115575    6.00    1.00    0.00    0.00    7.00     7  hector_mapping_

06:10:42      UID       PID  minflt/s  majflt/s     VSZ     RSS   %MEM  Command
06:10:43        0    115575      0.00      0.00 1075116  451088   2.89  hector_mapping_

06:10:43      UID       PID    %usr %system  %guest   %wait    %CPU   CPU  Command
06:10:44        0    115575    6.00    0.00    0.00    0.00    6.00     3  hector_mapping_

06:10:43      UID       PID  minflt/s  majflt/s     VSZ     RSS   %MEM  Command
06:10:44        0    115575      0.00      0.00 1075116  451088   2.89  hector_mapping_

06:10:44      UID       PID    %usr %system  %guest   %wait    %CPU   CPU  Command
06:10:45        0    115575    6.00    1.00    0.00    0.00    7.00     8  hector_mapping_

06:10:44      UID       PID  minflt/s  majflt/s     VSZ     RSS   %MEM  Command
06:10:45        0    115575      0.00      0.00 1075116  451088   2.89  hector_mapping_

06:10:45      UID       PID    %usr %system  %guest   %wait    %CPU   CPU  Command
06:10:46        0    115575    6.00    0.00    0.00    0.00    6.00    14  hector_mapping_

06:10:45      UID       PID  minflt/s  majflt/s     VSZ     RSS   %MEM  Command
06:10:46        0    115575      0.00      0.00 1075116  451088   2.89  hector_mapping_

06:10:46      UID       PID    %usr %system  %guest   %wait    %CPU   CPU  Command
06:10:47        0    115575    5.00    1.00    0.00    0.00    6.00     0  hector_mapping_

06:10:46      UID       PID  minflt/s  majflt/s     VSZ     RSS   %MEM  Command
06:10:47        0    115575      0.00      0.00 1075116  451088   2.89  hector_mapping_

06:10:47      UID       PID    %usr %system  %guest   %wait    %CPU   CPU  Command
06:10:48        0    115575    7.00    1.00    0.00    0.00    8.00     2  hector_mapping_

06:10:47      UID       PID  minflt/s  majflt/s     VSZ     RSS   %MEM  Command
06:10:48        0    115575      0.00      0.00 1075116  451088   2.89  hector_mapping_

06:10:48      UID       PID    %usr %system  %guest   %wait    %CPU   CPU  Command
06:10:49        0    115575    5.00    1.00    0.00    0.00    6.00     0  hector_mapping_

06:10:48      UID       PID  minflt/s  majflt/s     VSZ     RSS   %MEM  Command
06:10:49        0    115575      0.00      0.00 1075116  451088   2.89  hector_mapping_

06:10:49      UID       PID    %usr %system  %guest   %wait    %CPU   CPU  Command
06:10:50        0    115575    6.00    1.00    0.00    0.00    7.00     6  hector_mapping_

06:10:49      UID       PID  minflt/s  majflt/s     VSZ     RSS   %MEM  Command
06:10:50        0    115575      0.00      0.00 1075116  451088   2.89  hector_mapping_

06:10:50      UID       PID    %usr %system  %guest   %wait    %CPU   CPU  Command
06:10:51        0    115575    6.00    0.00    0.00    0.00    6.00     2  hector_mapping_

06:10:50      UID       PID  minflt/s  majflt/s     VSZ     RSS   %MEM  Command
06:10:51        0    115575      0.00      0.00 1075116  451088   2.89  hector_mapping_

06:10:51      UID       PID    %usr %system  %guest   %wait    %CPU   CPU  Command
06:10:52        0    115575    6.00    1.00    0.00    0.00    7.00     2  hector_mapping_

06:10:51      UID       PID  minflt/s  majflt/s     VSZ     RSS   %MEM  Command
06:10:52        0    115575      0.00      0.00 1075116  451088   2.89  hector_mapping_

06:10:52      UID       PID    %usr %system  %guest   %wait    %CPU   CPU  Command
06:10:53        0    115575    6.00    1.00    0.00    0.00    7.00     2  hector_mapping_

06:10:52      UID       PID  minflt/s  majflt/s     VSZ     RSS   %MEM  Command
06:10:53        0    115575      0.00      0.00 1075116  451088   2.89  hector_mapping_

06:10:53      UID       PID    %usr %system  %guest   %wait    %CPU   CPU  Command
06:10:54        0    115575    6.00    0.00    0.00    0.00    6.00     2  hector_mapping_

06:10:53      UID       PID  minflt/s  majflt/s     VSZ     RSS   %MEM  Command
06:10:54        0    115575      0.00      0.00 1075116  451088   2.89  hector_mapping_

06:10:54      UID       PID    %usr %system  %guest   %wait    %CPU   CPU  Command
06:10:55        0    115575    6.00    1.00    0.00    0.00    7.00     8  hector_mapping_

06:10:54      UID       PID  minflt/s  majflt/s     VSZ     RSS   %MEM  Command
06:10:55        0    115575      0.00      0.00 1075116  451088   2.89  hector_mapping_

06:10:55      UID       PID    %usr %system  %guest   %wait    %CPU   CPU  Command
06:10:56        0    115575    6.00    1.00    0.00    0.00    7.00    14  hector_mapping_

06:10:55      UID       PID  minflt/s  majflt/s     VSZ     RSS   %MEM  Command
06:10:56        0    115575      0.00      0.00 1075116  451088   2.89  hector_mapping_

06:10:56      UID       PID    %usr %system  %guest   %wait    %CPU   CPU  Command
06:10:57        0    115575    6.00    0.00    0.00    0.00    6.00     2  hector_mapping_

06:10:56      UID       PID  minflt/s  majflt/s     VSZ     RSS   %MEM  Command
06:10:57        0    115575      0.00      0.00 1075116  451088   2.89  hector_mapping_

06:10:57      UID       PID    %usr %system  %guest   %wait    %CPU   CPU  Command
06:10:58        0    115575    6.00    1.00    0.00    0.00    7.00     6  hector_mapping_

06:10:57      UID       PID  minflt/s  majflt/s     VSZ     RSS   %MEM  Command
06:10:58        0    115575      0.00      0.00 1075116  451088   2.89  hector_mapping_

06:10:58      UID       PID    %usr %system  %guest   %wait    %CPU   CPU  Command
06:10:59        0    115575    6.00    0.00    0.00    0.00    6.00     6  hector_mapping_

06:10:58      UID       PID  minflt/s  majflt/s     VSZ     RSS   %MEM  Command
06:10:59        0    115575      0.00      0.00 1075116  451088   2.89  hector_mapping_

06:10:59      UID       PID    %usr %system  %guest   %wait    %CPU   CPU  Command
06:11:00        0    115575    6.00    1.00    0.00    0.00    7.00     6  hector_mapping_

06:10:59      UID       PID  minflt/s  majflt/s     VSZ     RSS   %MEM  Command
06:11:00        0    115575      0.00      0.00 1075116  451088   2.89  hector_mapping_

06:11:00      UID       PID    %usr %system  %guest   %wait    %CPU   CPU  Command
06:11:01        0    115575    6.00    1.00    0.00    0.00    7.00     4  hector_mapping_

06:11:00      UID       PID  minflt/s  majflt/s     VSZ     RSS   %MEM  Command
06:11:01        0    115575      0.00      0.00 1075116  451088   2.89  hector_mapping_

06:11:01      UID       PID    %usr %system  %guest   %wait    %CPU   CPU  Command
06:11:02        0    115575    6.00    0.00    0.00    0.00    6.00     2  hector_mapping_

06:11:01      UID       PID  minflt/s  majflt/s     VSZ     RSS   %MEM  Command
06:11:02        0    115575      0.00      0.00 1075116  451088   2.89  hector_mapping_

06:11:02      UID       PID    %usr %system  %guest   %wait    %CPU   CPU  Command
06:11:03        0    115575    6.00    1.00    0.00    0.00    7.00     2  hector_mapping_

06:11:02      UID       PID  minflt/s  majflt/s     VSZ     RSS   %MEM  Command
06:11:03        0    115575      0.00      0.00 1075116  451088   2.89  hector_mapping_

06:11:03      UID       PID    %usr %system  %guest   %wait    %CPU   CPU  Command
06:11:04        0    115575    6.00    0.00    0.00    0.00    6.00     6  hector_mapping_

06:11:03      UID       PID  minflt/s  majflt/s     VSZ     RSS   %MEM  Command
06:11:04        0    115575      0.00      0.00 1075116  451088   2.89  hector_mapping_

06:11:04      UID       PID    %usr %system  %guest   %wait    %CPU   CPU  Command
06:11:05        0    115575    7.00    0.00    0.00    0.00    7.00     6  hector_mapping_

06:11:04      UID       PID  minflt/s  majflt/s     VSZ     RSS   %MEM  Command
06:11:05        0    115575      0.00      0.00 1075116  451088   2.89  hector_mapping_

06:11:05      UID       PID    %usr %system  %guest   %wait    %CPU   CPU  Command
06:11:06        0    115575    6.00    1.00    0.00    0.00    7.00     6  hector_mapping_

06:11:05      UID       PID  minflt/s  majflt/s     VSZ     RSS   %MEM  Command
06:11:06        0    115575      0.00      0.00 1075116  451088   2.89  hector_mapping_

06:11:06      UID       PID    %usr %system  %guest   %wait    %CPU   CPU  Command
06:11:07        0    115575    6.00    0.00    0.00    0.00    6.00     4  hector_mapping_

06:11:06      UID       PID  minflt/s  majflt/s     VSZ     RSS   %MEM  Command
06:11:07        0    115575      0.00      0.00 1075116  451088   2.89  hector_mapping_

06:11:07      UID       PID    %usr %system  %guest   %wait    %CPU   CPU  Command
06:11:08        0    115575    6.00    1.00    0.00    0.00    7.00     6  hector_mapping_

06:11:07      UID       PID  minflt/s  majflt/s     VSZ     RSS   %MEM  Command
06:11:08        0    115575      0.00      0.00 1075116  451088   2.89  hector_mapping_

06:11:08      UID       PID    %usr %system  %guest   %wait    %CPU   CPU  Command
06:11:09        0    115575    7.00    0.00    0.00    0.00    7.00     6  hector_mapping_

06:11:08      UID       PID  minflt/s  majflt/s     VSZ     RSS   %MEM  Command
06:11:09        0    115575      0.00      0.00 1075116  451088   2.89  hector_mapping_

06:11:09      UID       PID    %usr %system  %guest   %wait    %CPU   CPU  Command
06:11:10        0    115575    5.00    1.00    0.00    0.00    6.00     8  hector_mapping_

06:11:09      UID       PID  minflt/s  majflt/s     VSZ     RSS   %MEM  Command
06:11:10        0    115575      0.00      0.00 1075116  451088   2.89  hector_mapping_

06:11:10      UID       PID    %usr %system  %guest   %wait    %CPU   CPU  Command
06:11:11        0    115575    7.00    1.00    0.00    0.00    8.00     6  hector_mapping_

06:11:10      UID       PID  minflt/s  majflt/s     VSZ     RSS   %MEM  Command
06:11:11        0    115575      0.00      0.00 1075116  451088   2.89  hector_mapping_

06:11:11      UID       PID    %usr %system  %guest   %wait    %CPU   CPU  Command
06:11:12        0    115575    5.00    1.00    0.00    0.00    6.00     2  hector_mapping_

06:11:11      UID       PID  minflt/s  majflt/s     VSZ     RSS   %MEM  Command
06:11:12        0    115575      0.00      0.00 1075116  451088   2.89  hector_mapping_

06:11:12      UID       PID    %usr %system  %guest   %wait    %CPU   CPU  Command
06:11:13        0    115575    6.93    0.00    0.00    0.00    6.93     2  hector_mapping_

06:11:12      UID       PID  minflt/s  majflt/s     VSZ     RSS   %MEM  Command
06:11:13        0    115575      0.00      0.00 1075116  451088   2.89  hector_mapping_

06:11:13      UID       PID    %usr %system  %guest   %wait    %CPU   CPU  Command
06:11:14        0    115575    6.00    1.00    0.00    0.00    7.00    12  hector_mapping_

06:11:13      UID       PID  minflt/s  majflt/s     VSZ     RSS   %MEM  Command
06:11:14        0    115575      0.00      0.00 1075116  451088   2.89  hector_mapping_

06:11:14      UID       PID    %usr %system  %guest   %wait    %CPU   CPU  Command
06:11:15        0    115575    7.00    0.00    0.00    0.00    7.00     2  hector_mapping_

06:11:14      UID       PID  minflt/s  majflt/s     VSZ     RSS   %MEM  Command
06:11:15        0    115575      0.00      0.00 1075116  451088   2.89  hector_mapping_

06:11:15      UID       PID    %usr %system  %guest   %wait    %CPU   CPU  Command
06:11:16        0    115575    5.00    1.00    0.00    0.00    6.00     4  hector_mapping_

06:11:15      UID       PID  minflt/s  majflt/s     VSZ     RSS   %MEM  Command
06:11:16        0    115575      0.00      0.00 1075116  451088   2.89  hector_mapping_

06:11:16      UID       PID    %usr %system  %guest   %wait    %CPU   CPU  Command
06:11:17        0    115575    7.00    1.00    0.00    0.00    8.00     4  hector_mapping_

06:11:16      UID       PID  minflt/s  majflt/s     VSZ     RSS   %MEM  Command
06:11:17        0    115575      0.00      0.00 1075116  451088   2.89  hector_mapping_

06:11:17      UID       PID    %usr %system  %guest   %wait    %CPU   CPU  Command
06:11:18        0    115575    6.00    0.00    0.00    0.00    6.00     2  hector_mapping_

06:11:17      UID       PID  minflt/s  majflt/s     VSZ     RSS   %MEM  Command
06:11:18        0    115575      0.00      0.00 1075116  451088   2.89  hector_mapping_

06:11:18      UID       PID    %usr %system  %guest   %wait    %CPU   CPU  Command
06:11:19        0    115575    6.00    1.00    0.00    0.00    7.00     4  hector_mapping_

06:11:18      UID       PID  minflt/s  majflt/s     VSZ     RSS   %MEM  Command
06:11:19        0    115575      0.00      0.00 1075116  451088   2.89  hector_mapping_

06:11:19      UID       PID    %usr %system  %guest   %wait    %CPU   CPU  Command
06:11:20        0    115575    6.00    1.00    0.00    0.00    7.00     4  hector_mapping_

06:11:19      UID       PID  minflt/s  majflt/s     VSZ     RSS   %MEM  Command
06:11:20        0    115575      0.00      0.00 1075116  451088   2.89  hector_mapping_

06:11:20      UID       PID    %usr %system  %guest   %wait    %CPU   CPU  Command
06:11:21        0    115575    7.00    0.00    0.00    0.00    7.00     2  hector_mapping_

06:11:20      UID       PID  minflt/s  majflt/s     VSZ     RSS   %MEM  Command
06:11:21        0    115575      0.00      0.00 1075116  451088   2.89  hector_mapping_

06:11:21      UID       PID    %usr %system  %guest   %wait    %CPU   CPU  Command
06:11:22        0    115575    6.00    1.00    0.00    0.00    7.00     2  hector_mapping_

06:11:21      UID       PID  minflt/s  majflt/s     VSZ     RSS   %MEM  Command
06:11:22        0    115575      0.00      0.00 1075116  451088   2.89  hector_mapping_

06:11:22      UID       PID    %usr %system  %guest   %wait    %CPU   CPU  Command
06:11:23        0    115575    6.00    0.00    0.00    0.00    6.00     8  hector_mapping_

06:11:22      UID       PID  minflt/s  majflt/s     VSZ     RSS   %MEM  Command
06:11:23        0    115575      0.00      0.00 1075116  451088   2.89  hector_mapping_

06:11:23      UID       PID    %usr %system  %guest   %wait    %CPU   CPU  Command
06:11:24        0    115575    7.00    0.00    0.00    0.00    7.00     6  hector_mapping_

06:11:23      UID       PID  minflt/s  majflt/s     VSZ     RSS   %MEM  Command
06:11:24        0    115575      0.00      0.00 1075116  451088   2.89  hector_mapping_

06:11:24      UID       PID    %usr %system  %guest   %wait    %CPU   CPU  Command
06:11:25        0    115575    5.00    1.00    0.00    0.00    6.00     6  hector_mapping_

06:11:24      UID       PID  minflt/s  majflt/s     VSZ     RSS   %MEM  Command
06:11:25        0    115575      0.00      0.00 1075116  451088   2.89  hector_mapping_

06:11:25      UID       PID    %usr %system  %guest   %wait    %CPU   CPU  Command
06:11:26        0    115575    6.00    1.00    0.00    0.00    7.00     6  hector_mapping_

06:11:25      UID       PID  minflt/s  majflt/s     VSZ     RSS   %MEM  Command
06:11:26        0    115575      0.00      0.00 1075116  451088   2.89  hector_mapping_

06:11:26      UID       PID    %usr %system  %guest   %wait    %CPU   CPU  Command
06:11:27        0    115575    7.00    1.00    0.00    0.00    8.00     2  hector_mapping_

06:11:26      UID       PID  minflt/s  majflt/s     VSZ     RSS   %MEM  Command
06:11:27        0    115575      0.00      0.00 1075116  451088   2.89  hector_mapping_

06:11:27      UID       PID    %usr %system  %guest   %wait    %CPU   CPU  Command
06:11:28        0    115575    6.00    0.00    0.00    0.00    6.00     2  hector_mapping_

06:11:27      UID       PID  minflt/s  majflt/s     VSZ     RSS   %MEM  Command
06:11:28        0    115575      0.00      0.00 1075116  451088   2.89  hector_mapping_

06:11:28      UID       PID    %usr %system  %guest   %wait    %CPU   CPU  Command
06:11:29        0    115575    6.00    0.00    0.00    0.00    6.00     2  hector_mapping_

06:11:28      UID       PID  minflt/s  majflt/s     VSZ     RSS   %MEM  Command
06:11:29        0    115575      0.00      0.00 1075116  451088   2.89  hector_mapping_

06:11:29      UID       PID    %usr %system  %guest   %wait    %CPU   CPU  Command
06:11:30        0    115575    6.00    1.00    0.00    0.00    7.00     6  hector_mapping_

06:11:29      UID       PID  minflt/s  majflt/s     VSZ     RSS   %MEM  Command
06:11:30        0    115575      0.00      0.00 1075116  451088   2.89  hector_mapping_

06:11:30      UID       PID    %usr %system  %guest   %wait    %CPU   CPU  Command
06:11:31        0    115575    6.00    1.00    0.00    0.00    7.00     6  hector_mapping_

06:11:30      UID       PID  minflt/s  majflt/s     VSZ     RSS   %MEM  Command
06:11:31        0    115575      0.00      0.00 1075116  451088   2.89  hector_mapping_

06:11:31      UID       PID    %usr %system  %guest   %wait    %CPU   CPU  Command
06:11:32        0    115575    6.00    0.00    0.00    0.00    6.00     2  hector_mapping_

06:11:31      UID       PID  minflt/s  majflt/s     VSZ     RSS   %MEM  Command
06:11:32        0    115575      0.00      0.00 1075116  451088   2.89  hector_mapping_

06:11:32      UID       PID    %usr %system  %guest   %wait    %CPU   CPU  Command
06:11:33        0    115575    6.00    1.00    0.00    0.00    7.00     2  hector_mapping_

06:11:32      UID       PID  minflt/s  majflt/s     VSZ     RSS   %MEM  Command
06:11:33        0    115575      0.00      0.00 1075116  451088   2.89  hector_mapping_

06:11:33      UID       PID    %usr %system  %guest   %wait    %CPU   CPU  Command
06:11:34        0    115575    6.00    1.00    0.00    0.00    7.00     8  hector_mapping_

06:11:33      UID       PID  minflt/s  majflt/s     VSZ     RSS   %MEM  Command
06:11:34        0    115575      0.00      0.00 1075116  451088   2.89  hector_mapping_

06:11:34      UID       PID    %usr %system  %guest   %wait    %CPU   CPU  Command
06:11:35        0    115575    6.00    0.00    0.00    0.00    6.00     8  hector_mapping_

06:11:34      UID       PID  minflt/s  majflt/s     VSZ     RSS   %MEM  Command
06:11:35        0    115575      0.00      0.00 1075116  451088   2.89  hector_mapping_

06:11:35      UID       PID    %usr %system  %guest   %wait    %CPU   CPU  Command
06:11:36        0    115575    6.00    1.00    0.00    0.00    7.00     2  hector_mapping_

06:11:35      UID       PID  minflt/s  majflt/s     VSZ     RSS   %MEM  Command
06:11:36        0    115575      0.00      0.00 1075116  451088   2.89  hector_mapping_

06:11:36      UID       PID    %usr %system  %guest   %wait    %CPU   CPU  Command
06:11:37        0    115575    6.00    0.00    0.00    0.00    6.00     2  hector_mapping_

06:11:36      UID       PID  minflt/s  majflt/s     VSZ     RSS   %MEM  Command
06:11:37        0    115575      0.00      0.00 1075116  451088   2.89  hector_mapping_

06:11:37      UID       PID    %usr %system  %guest   %wait    %CPU   CPU  Command
06:11:38        0    115575    7.00    1.00    0.00    0.00    8.00     6  hector_mapping_

06:11:37      UID       PID  minflt/s  majflt/s     VSZ     RSS   %MEM  Command
06:11:38        0    115575      0.00      0.00 1075116  451088   2.89  hector_mapping_

06:11:38      UID       PID    %usr %system  %guest   %wait    %CPU   CPU  Command
06:11:39        0    115575    6.00    0.00    0.00    0.00    6.00     6  hector_mapping_

06:11:38      UID       PID  minflt/s  majflt/s     VSZ     RSS   %MEM  Command
06:11:39        0    115575      0.00      0.00 1075116  451088   2.89  hector_mapping_

06:11:39      UID       PID    %usr %system  %guest   %wait    %CPU   CPU  Command
06:11:40        0    115575    5.00    1.00    0.00    0.00    6.00     6  hector_mapping_

06:11:39      UID       PID  minflt/s  majflt/s     VSZ     RSS   %MEM  Command
06:11:40        0    115575      0.00      0.00 1075116  451088   2.89  hector_mapping_

06:11:40      UID       PID    %usr %system  %guest   %wait    %CPU   CPU  Command
06:11:41        0    115575    6.00    1.00    0.00    0.00    7.00     2  hector_mapping_

06:11:40      UID       PID  minflt/s  majflt/s     VSZ     RSS   %MEM  Command
06:11:41        0    115575      0.00      0.00 1075116  451088   2.89  hector_mapping_

06:11:41      UID       PID    %usr %system  %guest   %wait    %CPU   CPU  Command
06:11:42        0    115575    6.00    0.00    0.00    0.00    6.00     2  hector_mapping_

06:11:41      UID       PID  minflt/s  majflt/s     VSZ     RSS   %MEM  Command
06:11:42        0    115575      0.00      0.00 1075116  451088   2.89  hector_mapping_

06:11:42      UID       PID    %usr %system  %guest   %wait    %CPU   CPU  Command
06:11:43        0    115575    6.00    1.00    0.00    0.00    7.00    12  hector_mapping_

06:11:42      UID       PID  minflt/s  majflt/s     VSZ     RSS   %MEM  Command
06:11:43        0    115575      0.00      0.00 1075116  451088   2.89  hector_mapping_

06:11:43      UID       PID    %usr %system  %guest   %wait    %CPU   CPU  Command
06:11:44        0    115575    6.00    1.00    0.00    0.00    7.00     2  hector_mapping_

06:11:43      UID       PID  minflt/s  majflt/s     VSZ     RSS   %MEM  Command
06:11:44        0    115575      0.00      0.00 1075116  451088   2.89  hector_mapping_

06:11:44      UID       PID    %usr %system  %guest   %wait    %CPU   CPU  Command
06:11:45        0    115575    6.00    1.00    0.00    0.00    7.00     2  hector_mapping_

06:11:44      UID       PID  minflt/s  majflt/s     VSZ     RSS   %MEM  Command
06:11:45        0    115575      0.00      0.00 1075116  451088   2.89  hector_mapping_

06:11:45      UID       PID    %usr %system  %guest   %wait    %CPU   CPU  Command
06:11:46        0    115575    6.00    0.00    0.00    0.00    6.00     2  hector_mapping_

06:11:45      UID       PID  minflt/s  majflt/s     VSZ     RSS   %MEM  Command
06:11:46        0    115575      0.00      0.00 1075116  451088   2.89  hector_mapping_

06:11:46      UID       PID    %usr %system  %guest   %wait    %CPU   CPU  Command
06:11:47        0    115575    6.00    1.00    0.00    0.00    7.00     2  hector_mapping_

06:11:46      UID       PID  minflt/s  majflt/s     VSZ     RSS   %MEM  Command
06:11:47        0    115575      0.00      0.00 1075116  451088   2.89  hector_mapping_

06:11:47      UID       PID    %usr %system  %guest   %wait    %CPU   CPU  Command
06:11:48        0    115575    6.00    1.00    0.00    0.00    7.00     6  hector_mapping_

06:11:47      UID       PID  minflt/s  majflt/s     VSZ     RSS   %MEM  Command
06:11:48        0    115575      0.00      0.00 1075116  451088   2.89  hector_mapping_

06:11:48      UID       PID    %usr %system  %guest   %wait    %CPU   CPU  Command
06:11:49        0    115575    6.00    0.00    0.00    0.00    6.00     6  hector_mapping_

06:11:48      UID       PID  minflt/s  majflt/s     VSZ     RSS   %MEM  Command
06:11:49        0    115575      0.00      0.00 1075116  451088   2.89  hector_mapping_

06:11:49      UID       PID    %usr %system  %guest   %wait    %CPU   CPU  Command
06:11:50        0    115575    6.00    1.00    0.00    0.00    7.00     2  hector_mapping_

06:11:49      UID       PID  minflt/s  majflt/s     VSZ     RSS   %MEM  Command
06:11:50        0    115575      0.00      0.00 1075116  451088   2.89  hector_mapping_

06:11:50      UID       PID    %usr %system  %guest   %wait    %CPU   CPU  Command
06:11:51        0    115575    6.00    0.00    0.00    0.00    6.00     2  hector_mapping_

06:11:50      UID       PID  minflt/s  majflt/s     VSZ     RSS   %MEM  Command
06:11:51        0    115575      0.00      0.00 1075116  451088   2.89  hector_mapping_

06:11:51      UID       PID    %usr %system  %guest   %wait    %CPU   CPU  Command
06:11:52        0    115575    6.00    1.00    0.00    0.00    7.00     2  hector_mapping_

06:11:51      UID       PID  minflt/s  majflt/s     VSZ     RSS   %MEM  Command
06:11:52        0    115575      0.00      0.00 1075116  451088   2.89  hector_mapping_

06:11:52      UID       PID    %usr %system  %guest   %wait    %CPU   CPU  Command
06:11:53        0    115575    6.00    0.00    0.00    0.00    6.00     0  hector_mapping_

06:11:52      UID       PID  minflt/s  majflt/s     VSZ     RSS   %MEM  Command
06:11:53        0    115575      0.00      0.00 1075116  451088   2.89  hector_mapping_

06:11:53      UID       PID    %usr %system  %guest   %wait    %CPU   CPU  Command
06:11:54        0    115575    6.00    1.00    0.00    0.00    7.00     8  hector_mapping_

06:11:53      UID       PID  minflt/s  majflt/s     VSZ     RSS   %MEM  Command
06:11:54        0    115575      0.00      0.00 1075116  451088   2.89  hector_mapping_

06:11:54      UID       PID    %usr %system  %guest   %wait    %CPU   CPU  Command
06:11:55        0    115575    6.00    0.00    0.00    0.00    6.00     3  hector_mapping_

06:11:54      UID       PID  minflt/s  majflt/s     VSZ     RSS   %MEM  Command
06:11:55        0    115575      0.00      0.00 1075116  451088   2.89  hector_mapping_

06:11:55      UID       PID    %usr %system  %guest   %wait    %CPU   CPU  Command
06:11:56        0    115575    6.00    1.00    0.00    0.00    7.00     3  hector_mapping_

06:11:55      UID       PID  minflt/s  majflt/s     VSZ     RSS   %MEM  Command
06:11:56        0    115575      0.00      0.00 1075116  451088   2.89  hector_mapping_

06:11:56      UID       PID    %usr %system  %guest   %wait    %CPU   CPU  Command
06:11:57        0    115575    6.00    1.00    0.00    0.00    7.00     0  hector_mapping_

06:11:56      UID       PID  minflt/s  majflt/s     VSZ     RSS   %MEM  Command
06:11:57        0    115575      0.00      0.00 1075116  451088   2.89  hector_mapping_

06:11:57      UID       PID    %usr %system  %guest   %wait    %CPU   CPU  Command
06:11:58        0    115575    6.00    1.00    0.00    0.00    7.00    10  hector_mapping_

06:11:57      UID       PID  minflt/s  majflt/s     VSZ     RSS   %MEM  Command
06:11:58        0    115575      0.00      0.00 1075116  451088   2.89  hector_mapping_

06:11:58      UID       PID    %usr %system  %guest   %wait    %CPU   CPU  Command
06:11:59        0    115575    6.00    1.00    0.00    0.00    7.00     6  hector_mapping_

06:11:58      UID       PID  minflt/s  majflt/s     VSZ     RSS   %MEM  Command
06:11:59        0    115575      0.00      0.00 1075116  451088   2.89  hector_mapping_

06:11:59      UID       PID    %usr %system  %guest   %wait    %CPU   CPU  Command
06:12:00        0    115575    6.00    0.00    0.00    0.00    6.00     6  hector_mapping_

06:11:59      UID       PID  minflt/s  majflt/s     VSZ     RSS   %MEM  Command
06:12:00        0    115575      0.00      0.00 1075116  451088   2.89  hector_mapping_

06:12:00      UID       PID    %usr %system  %guest   %wait    %CPU   CPU  Command
06:12:01        0    115575    7.00    1.00    0.00    0.00    8.00     2  hector_mapping_

06:12:00      UID       PID  minflt/s  majflt/s     VSZ     RSS   %MEM  Command
06:12:01        0    115575      0.00      0.00 1075116  451088   2.89  hector_mapping_

06:12:01      UID       PID    %usr %system  %guest   %wait    %CPU   CPU  Command
06:12:02        0    115575    6.00    0.00    0.00    0.00    6.00     3  hector_mapping_

06:12:01      UID       PID  minflt/s  majflt/s     VSZ     RSS   %MEM  Command
06:12:02        0    115575      0.00      0.00 1075116  451088   2.89  hector_mapping_

06:12:02      UID       PID    %usr %system  %guest   %wait    %CPU   CPU  Command
06:12:03        0    115575    6.00    1.00    0.00    0.00    7.00     3  hector_mapping_

06:12:02      UID       PID  minflt/s  majflt/s     VSZ     RSS   %MEM  Command
06:12:03        0    115575      0.00      0.00 1075116  451088   2.89  hector_mapping_

06:12:03      UID       PID    %usr %system  %guest   %wait    %CPU   CPU  Command
06:12:04        0    115575    6.00    0.00    0.00    0.00    6.00     3  hector_mapping_

06:12:03      UID       PID  minflt/s  majflt/s     VSZ     RSS   %MEM  Command
06:12:04        0    115575      0.00      0.00 1075116  451088   2.89  hector_mapping_

06:12:04      UID       PID    %usr %system  %guest   %wait    %CPU   CPU  Command
06:12:05        0    115575    7.00    1.00    0.00    0.00    8.00    14  hector_mapping_

06:12:04      UID       PID  minflt/s  majflt/s     VSZ     RSS   %MEM  Command
06:12:05        0    115575      0.00      0.00 1075116  451088   2.89  hector_mapping_

06:12:05      UID       PID    %usr %system  %guest   %wait    %CPU   CPU  Command
06:12:06        0    115575    5.00    1.00    0.00    0.00    6.00     8  hector_mapping_

06:12:05      UID       PID  minflt/s  majflt/s     VSZ     RSS   %MEM  Command
06:12:06        0    115575      0.00      0.00 1075116  451088   2.89  hector_mapping_

06:12:06      UID       PID    %usr %system  %guest   %wait    %CPU   CPU  Command
06:12:07        0    115575    7.00    0.00    0.00    0.00    7.00     2  hector_mapping_

06:12:06      UID       PID  minflt/s  majflt/s     VSZ     RSS   %MEM  Command
06:12:07        0    115575      0.00      0.00 1075116  451088   2.89  hector_mapping_

06:12:07      UID       PID    %usr %system  %guest   %wait    %CPU   CPU  Command
06:12:08        0    115575    6.00    1.00    0.00    0.00    7.00     9  hector_mapping_

06:12:07      UID       PID  minflt/s  majflt/s     VSZ     RSS   %MEM  Command
06:12:08        0    115575      0.00      0.00 1075116  451088   2.89  hector_mapping_

06:12:08      UID       PID    %usr %system  %guest   %wait    %CPU   CPU  Command
06:12:09        0    115575    6.00    0.00    0.00    0.00    6.00     6  hector_mapping_

06:12:08      UID       PID  minflt/s  majflt/s     VSZ     RSS   %MEM  Command
06:12:09        0    115575      0.00      0.00 1075116  451088   2.89  hector_mapping_

06:12:09      UID       PID    %usr %system  %guest   %wait    %CPU   CPU  Command
06:12:10        0    115575    6.00    1.00    0.00    0.00    7.00    14  hector_mapping_

06:12:09      UID       PID  minflt/s  majflt/s     VSZ     RSS   %MEM  Command
06:12:10        0    115575      0.00      0.00 1075116  451088   2.89  hector_mapping_

06:12:10      UID       PID    %usr %system  %guest   %wait    %CPU   CPU  Command
06:12:11        0    115575    6.00    1.00    0.00    0.00    7.00     2  hector_mapping_

06:12:10      UID       PID  minflt/s  majflt/s     VSZ     RSS   %MEM  Command
06:12:11        0    115575      0.00      0.00 1075116  451088   2.89  hector_mapping_

06:12:11      UID       PID    %usr %system  %guest   %wait    %CPU   CPU  Command
06:12:12        0    115575    7.00    0.00    0.00    0.00    7.00     6  hector_mapping_

06:12:11      UID       PID  minflt/s  majflt/s     VSZ     RSS   %MEM  Command
06:12:12        0    115575      0.00      0.00 1075116  451088   2.89  hector_mapping_

06:12:12      UID       PID    %usr %system  %guest   %wait    %CPU   CPU  Command
06:12:13        0    115575    6.00    0.00    0.00    0.00    6.00     8  hector_mapping_

06:12:12      UID       PID  minflt/s  majflt/s     VSZ     RSS   %MEM  Command
06:12:13        0    115575      0.00      0.00 1075116  451088   2.89  hector_mapping_

06:12:13      UID       PID    %usr %system  %guest   %wait    %CPU   CPU  Command
06:12:14        0    115575    6.00    1.00    0.00    0.00    7.00     6  hector_mapping_

06:12:13      UID       PID  minflt/s  majflt/s     VSZ     RSS   %MEM  Command
06:12:14        0    115575      0.00      0.00 1075116  451088   2.89  hector_mapping_

06:12:14      UID       PID    %usr %system  %guest   %wait    %CPU   CPU  Command
06:12:15        0    115575    6.00    1.00    0.00    0.00    7.00     2  hector_mapping_

06:12:14      UID       PID  minflt/s  majflt/s     VSZ     RSS   %MEM  Command
06:12:15        0    115575      0.00      0.00 1075116  451088   2.89  hector_mapping_

06:12:15      UID       PID    %usr %system  %guest   %wait    %CPU   CPU  Command
06:12:16        0    115575    6.00    0.00    0.00    0.00    6.00     2  hector_mapping_

06:12:15      UID       PID  minflt/s  majflt/s     VSZ     RSS   %MEM  Command
06:12:16        0    115575      0.00      0.00 1075116  451088   2.89  hector_mapping_

06:12:16      UID       PID    %usr %system  %guest   %wait    %CPU   CPU  Command
06:12:17        0    115575    7.00    0.00    0.00    0.00    7.00     0  hector_mapping_

06:12:16      UID       PID  minflt/s  majflt/s     VSZ     RSS   %MEM  Command
06:12:17        0    115575      0.00      0.00 1075116  451088   2.89  hector_mapping_

06:12:17      UID       PID    %usr %system  %guest   %wait    %CPU   CPU  Command
06:12:18        0    115575    6.00    1.00    0.00    0.00    7.00     7  hector_mapping_

06:12:17      UID       PID  minflt/s  majflt/s     VSZ     RSS   %MEM  Command
06:12:18        0    115575      0.00      0.00 1075116  451088   2.89  hector_mapping_

06:12:18      UID       PID    %usr %system  %guest   %wait    %CPU   CPU  Command
06:12:19        0    115575    7.00    0.00    0.00    0.00    7.00     7  hector_mapping_

06:12:18      UID       PID  minflt/s  majflt/s     VSZ     RSS   %MEM  Command
06:12:19        0    115575      0.00      0.00 1075116  451088   2.89  hector_mapping_

06:12:19      UID       PID    %usr %system  %guest   %wait    %CPU   CPU  Command
06:12:20        0    115575    6.00    0.00    0.00    0.00    6.00     2  hector_mapping_

06:12:19      UID       PID  minflt/s  majflt/s     VSZ     RSS   %MEM  Command
06:12:20        0    115575      0.00      0.00 1075116  451088   2.89  hector_mapping_

06:12:20      UID       PID    %usr %system  %guest   %wait    %CPU   CPU  Command
06:12:21        0    115575    6.00    1.00    0.00    0.00    7.00     2  hector_mapping_

06:12:20      UID       PID  minflt/s  majflt/s     VSZ     RSS   %MEM  Command
06:12:21        0    115575      0.00      0.00 1075116  451088   2.89  hector_mapping_

06:12:21      UID       PID    %usr %system  %guest   %wait    %CPU   CPU  Command
06:12:22        0    115575    6.00    1.00    0.00    0.00    7.00     4  hector_mapping_

06:12:21      UID       PID  minflt/s  majflt/s     VSZ     RSS   %MEM  Command
06:12:22        0    115575      0.00      0.00 1075116  451088   2.89  hector_mapping_

06:12:22      UID       PID    %usr %system  %guest   %wait    %CPU   CPU  Command
06:12:23        0    115575    7.00    0.00    0.00    0.00    7.00     2  hector_mapping_

06:12:22      UID       PID  minflt/s  majflt/s     VSZ     RSS   %MEM  Command
06:12:23        0    115575      0.00      0.00 1075116  451088   2.89  hector_mapping_

06:12:23      UID       PID    %usr %system  %guest   %wait    %CPU   CPU  Command
06:12:24        0    115575    5.00    1.00    0.00    0.00    6.00     3  hector_mapping_

06:12:23      UID       PID  minflt/s  majflt/s     VSZ     RSS   %MEM  Command
06:12:24        0    115575      0.00      0.00 1075116  451088   2.89  hector_mapping_

06:12:24      UID       PID    %usr %system  %guest   %wait    %CPU   CPU  Command
06:12:25        0    115575    6.00    1.00    0.00    0.00    7.00     3  hector_mapping_

06:12:24      UID       PID  minflt/s  majflt/s     VSZ     RSS   %MEM  Command
06:12:25        0    115575      0.00      0.00 1075116  451088   2.89  hector_mapping_

06:12:25      UID       PID    %usr %system  %guest   %wait    %CPU   CPU  Command
06:12:26        0    115575    7.00    0.00    0.00    0.00    7.00     6  hector_mapping_

06:12:25      UID       PID  minflt/s  majflt/s     VSZ     RSS   %MEM  Command
06:12:26        0    115575      0.00      0.00 1075116  451088   2.89  hector_mapping_

06:12:26      UID       PID    %usr %system  %guest   %wait    %CPU   CPU  Command
06:12:27        0    115575    5.00    1.00    0.00    0.00    6.00     6  hector_mapping_

06:12:26      UID       PID  minflt/s  majflt/s     VSZ     RSS   %MEM  Command
06:12:27        0    115575      0.00      0.00 1075116  451088   2.89  hector_mapping_

06:12:27      UID       PID    %usr %system  %guest   %wait    %CPU   CPU  Command
06:12:28        0    115575    5.00    0.00    0.00    0.00    5.00     6  hector_mapping_

06:12:27      UID       PID  minflt/s  majflt/s     VSZ     RSS   %MEM  Command
06:12:28        0    115575      0.00      0.00 1075116  451088   2.89  hector_mapping_

06:12:28      UID       PID    %usr %system  %guest   %wait    %CPU   CPU  Command
06:12:29        0    115575    5.00    1.00    0.00    0.00    6.00     2  hector_mapping_

06:12:28      UID       PID  minflt/s  majflt/s     VSZ     RSS   %MEM  Command
06:12:29        0    115575      0.00      0.00 1075116  451088   2.89  hector_mapping_

06:12:29      UID       PID    %usr %system  %guest   %wait    %CPU   CPU  Command
06:12:30        0    115575    5.00    0.00    0.00    0.00    5.00     8  hector_mapping_

06:12:29      UID       PID  minflt/s  majflt/s     VSZ     RSS   %MEM  Command
06:12:30        0    115575      0.00      0.00 1075116  451088   2.89  hector_mapping_

06:12:30      UID       PID    %usr %system  %guest   %wait    %CPU   CPU  Command
06:12:31        0    115575    6.00    1.00    0.00    0.00    7.00     2  hector_mapping_

06:12:30      UID       PID  minflt/s  majflt/s     VSZ     RSS   %MEM  Command
06:12:31        0    115575      0.00      0.00 1075116  451088   2.89  hector_mapping_

06:12:31      UID       PID    %usr %system  %guest   %wait    %CPU   CPU  Command
06:12:32        0    115575    6.00    1.00    0.00    0.00    7.00     2  hector_mapping_

06:12:31      UID       PID  minflt/s  majflt/s     VSZ     RSS   %MEM  Command
06:12:32        0    115575      0.00      0.00 1075116  451088   2.89  hector_mapping_

06:12:32      UID       PID    %usr %system  %guest   %wait    %CPU   CPU  Command
06:12:33        0    115575    7.00    0.00    0.00    0.00    7.00     0  hector_mapping_

06:12:32      UID       PID  minflt/s  majflt/s     VSZ     RSS   %MEM  Command
06:12:33        0    115575      0.00      0.00 1075116  451088   2.89  hector_mapping_

06:12:33      UID       PID    %usr %system  %guest   %wait    %CPU   CPU  Command
06:12:34        0    115575    6.00    1.00    0.00    0.00    7.00     2  hector_mapping_

06:12:33      UID       PID  minflt/s  majflt/s     VSZ     RSS   %MEM  Command
06:12:34        0    115575      0.00      0.00 1075116  451088   2.89  hector_mapping_

06:12:34      UID       PID    %usr %system  %guest   %wait    %CPU   CPU  Command
06:12:35        0    115575    6.00    0.00    0.00    0.00    6.00     2  hector_mapping_

06:12:34      UID       PID  minflt/s  majflt/s     VSZ     RSS   %MEM  Command
06:12:35        0    115575      0.00      0.00 1075116  451088   2.89  hector_mapping_

06:12:35      UID       PID    %usr %system  %guest   %wait    %CPU   CPU  Command
06:12:36        0    115575    6.00    0.00    0.00    0.00    6.00     2  hector_mapping_

06:12:35      UID       PID  minflt/s  majflt/s     VSZ     RSS   %MEM  Command
06:12:36        0    115575      0.00      0.00 1075116  451088   2.89  hector_mapping_

06:12:36      UID       PID    %usr %system  %guest   %wait    %CPU   CPU  Command
06:12:37        0    115575    6.00    1.00    0.00    0.00    7.00     2  hector_mapping_

06:12:36      UID       PID  minflt/s  majflt/s     VSZ     RSS   %MEM  Command
06:12:37        0    115575      0.00      0.00 1075116  451088   2.89  hector_mapping_

06:12:37      UID       PID    %usr %system  %guest   %wait    %CPU   CPU  Command
06:12:38        0    115575    6.00    0.00    0.00    0.00    6.00     4  hector_mapping_

06:12:37      UID       PID  minflt/s  majflt/s     VSZ     RSS   %MEM  Command
06:12:38        0    115575      0.00      0.00 1075116  451088   2.89  hector_mapping_

06:12:38      UID       PID    %usr %system  %guest   %wait    %CPU   CPU  Command
06:12:39        0    115575    6.00    1.00    0.00    0.00    7.00     2  hector_mapping_

06:12:38      UID       PID  minflt/s  majflt/s     VSZ     RSS   %MEM  Command
06:12:39        0    115575      0.00      0.00 1075116  451088   2.89  hector_mapping_

06:12:39      UID       PID    %usr %system  %guest   %wait    %CPU   CPU  Command
06:12:40        0    115575    6.00    0.00    0.00    0.00    6.00     6  hector_mapping_

06:12:39      UID       PID  minflt/s  majflt/s     VSZ     RSS   %MEM  Command
06:12:40        0    115575      0.00      0.00 1075116  451088   2.89  hector_mapping_

06:12:40      UID       PID    %usr %system  %guest   %wait    %CPU   CPU  Command
06:12:41        0    115575    5.00    1.00    0.00    0.00    6.00     2  hector_mapping_

06:12:40      UID       PID  minflt/s  majflt/s     VSZ     RSS   %MEM  Command
06:12:41        0    115575      0.00      0.00 1075116  451088   2.89  hector_mapping_

06:12:41      UID       PID    %usr %system  %guest   %wait    %CPU   CPU  Command
06:12:42        0    115575    6.00    1.00    0.00    0.00    7.00     6  hector_mapping_

06:12:41      UID       PID  minflt/s  majflt/s     VSZ     RSS   %MEM  Command
06:12:42        0    115575      0.00      0.00 1075116  451088   2.89  hector_mapping_

06:12:42      UID       PID    %usr %system  %guest   %wait    %CPU   CPU  Command
06:12:43        0    115575    6.00    1.00    0.00    0.00    7.00     6  hector_mapping_

06:12:42      UID       PID  minflt/s  majflt/s     VSZ     RSS   %MEM  Command
06:12:43        0    115575      0.00      0.00 1075116  451088   2.89  hector_mapping_

06:12:43      UID       PID    %usr %system  %guest   %wait    %CPU   CPU  Command
06:12:44        0    115575    7.00    0.00    0.00    0.00    7.00     6  hector_mapping_

06:12:43      UID       PID  minflt/s  majflt/s     VSZ     RSS   %MEM  Command
06:12:44        0    115575      0.00      0.00 1075116  451088   2.89  hector_mapping_

06:12:44      UID       PID    %usr %system  %guest   %wait    %CPU   CPU  Command
06:12:45        0    115575    6.00    1.00    0.00    0.00    7.00     2  hector_mapping_

06:12:44      UID       PID  minflt/s  majflt/s     VSZ     RSS   %MEM  Command
06:12:45        0    115575      0.00      0.00 1075116  451088   2.89  hector_mapping_

06:12:45      UID       PID    %usr %system  %guest   %wait    %CPU   CPU  Command
06:12:46        0    115575    6.00    0.00    0.00    0.00    6.00     2  hector_mapping_

06:12:45      UID       PID  minflt/s  majflt/s     VSZ     RSS   %MEM  Command
06:12:46        0    115575      0.00      0.00 1075116  451088   2.89  hector_mapping_

06:12:46      UID       PID    %usr %system  %guest   %wait    %CPU   CPU  Command
06:12:47        0    115575    5.00    1.00    0.00    0.00    6.00     6  hector_mapping_

06:12:46      UID       PID  minflt/s  majflt/s     VSZ     RSS   %MEM  Command
06:12:47        0    115575      0.00      0.00 1075116  451088   2.89  hector_mapping_

06:12:47      UID       PID    %usr %system  %guest   %wait    %CPU   CPU  Command
06:12:48        0    115575    7.00    0.00    0.00    0.00    7.00     6  hector_mapping_

06:12:47      UID       PID  minflt/s  majflt/s     VSZ     RSS   %MEM  Command
06:12:48        0    115575      0.00      0.00 1075116  451088   2.89  hector_mapping_

06:12:48      UID       PID    %usr %system  %guest   %wait    %CPU   CPU  Command
06:12:49        0    115575    7.00    1.00    0.00    0.00    8.00     6  hector_mapping_

06:12:48      UID       PID  minflt/s  majflt/s     VSZ     RSS   %MEM  Command
06:12:49        0    115575      0.00      0.00 1075116  451088   2.89  hector_mapping_

06:12:49      UID       PID    %usr %system  %guest   %wait    %CPU   CPU  Command
06:12:50        0    115575    6.00    0.00    0.00    0.00    6.00     6  hector_mapping_

06:12:49      UID       PID  minflt/s  majflt/s     VSZ     RSS   %MEM  Command
06:12:50        0    115575      0.00      0.00 1075116  451088   2.89  hector_mapping_

06:12:50      UID       PID    %usr %system  %guest   %wait    %CPU   CPU  Command
06:12:51        0    115575    6.00    0.00    0.00    0.00    6.00     4  hector_mapping_

06:12:50      UID       PID  minflt/s  majflt/s     VSZ     RSS   %MEM  Command
06:12:51        0    115575      0.00      0.00 1075116  451088   2.89  hector_mapping_

06:12:51      UID       PID    %usr %system  %guest   %wait    %CPU   CPU  Command
06:12:52        0    115575    6.00    1.00    0.00    0.00    7.00     2  hector_mapping_

06:12:51      UID       PID  minflt/s  majflt/s     VSZ     RSS   %MEM  Command
06:12:52        0    115575      0.00      0.00 1075116  451088   2.89  hector_mapping_

06:12:52      UID       PID    %usr %system  %guest   %wait    %CPU   CPU  Command
06:12:53        0    115575    6.00    1.00    0.00    0.00    7.00     4  hector_mapping_

06:12:52      UID       PID  minflt/s  majflt/s     VSZ     RSS   %MEM  Command
06:12:53        0    115575      0.00      0.00 1075116  451088   2.89  hector_mapping_

06:12:53      UID       PID    %usr %system  %guest   %wait    %CPU   CPU  Command
06:12:54        0    115575    6.00    0.00    0.00    0.00    6.00     2  hector_mapping_

06:12:53      UID       PID  minflt/s  majflt/s     VSZ     RSS   %MEM  Command
06:12:54        0    115575      0.00      0.00 1075116  451088   2.89  hector_mapping_

06:12:54      UID       PID    %usr %system  %guest   %wait    %CPU   CPU  Command
06:12:55        0    115575    6.00    1.00    0.00    0.00    7.00     6  hector_mapping_

06:12:54      UID       PID  minflt/s  majflt/s     VSZ     RSS   %MEM  Command
06:12:55        0    115575      0.00      0.00 1075116  451088   2.89  hector_mapping_

06:12:55      UID       PID    %usr %system  %guest   %wait    %CPU   CPU  Command
06:12:56        0    115575    6.00    0.00    0.00    0.00    6.00     2  hector_mapping_

06:12:55      UID       PID  minflt/s  majflt/s     VSZ     RSS   %MEM  Command
06:12:56        0    115575      0.00      0.00 1075116  451088   2.89  hector_mapping_

06:12:56      UID       PID    %usr %system  %guest   %wait    %CPU   CPU  Command
06:12:57        0    115575    6.00    1.00    0.00    0.00    7.00     6  hector_mapping_

06:12:56      UID       PID  minflt/s  majflt/s     VSZ     RSS   %MEM  Command
06:12:57        0    115575      0.00      0.00 1075116  451088   2.89  hector_mapping_

06:12:57      UID       PID    %usr %system  %guest   %wait    %CPU   CPU  Command
06:12:58        0    115575    6.00    0.00    0.00    0.00    6.00     6  hector_mapping_

06:12:57      UID       PID  minflt/s  majflt/s     VSZ     RSS   %MEM  Command
06:12:58        0    115575      0.00      0.00 1075116  451088   2.89  hector_mapping_

06:12:58      UID       PID    %usr %system  %guest   %wait    %CPU   CPU  Command
06:12:59        0    115575    6.00    1.00    0.00    0.00    7.00     6  hector_mapping_

06:12:58      UID       PID  minflt/s  majflt/s     VSZ     RSS   %MEM  Command
06:12:59        0    115575      0.00      0.00 1075116  451088   2.89  hector_mapping_

06:12:59      UID       PID    %usr %system  %guest   %wait    %CPU   CPU  Command
06:13:00        0    115575    5.00    0.00    0.00    0.00    5.00     2  hector_mapping_

06:12:59      UID       PID  minflt/s  majflt/s     VSZ     RSS   %MEM  Command
06:13:00        0    115575      0.00      0.00 1075116  451088   2.89  hector_mapping_

06:13:00      UID       PID    %usr %system  %guest   %wait    %CPU   CPU  Command
06:13:01        0    115575    7.00    1.00    0.00    0.00    8.00     8  hector_mapping_

06:13:00      UID       PID  minflt/s  majflt/s     VSZ     RSS   %MEM  Command
06:13:01        0    115575      0.00      0.00 1075116  451088   2.89  hector_mapping_

06:13:01      UID       PID    %usr %system  %guest   %wait    %CPU   CPU  Command
06:13:02        0    115575    5.00    0.00    0.00    0.00    5.00     6  hector_mapping_

06:13:01      UID       PID  minflt/s  majflt/s     VSZ     RSS   %MEM  Command
06:13:02        0    115575      0.00      0.00 1075116  451088   2.89  hector_mapping_

06:13:02      UID       PID    %usr %system  %guest   %wait    %CPU   CPU  Command
06:13:03        0    115575    7.00    1.00    0.00    0.00    8.00     6  hector_mapping_

06:13:02      UID       PID  minflt/s  majflt/s     VSZ     RSS   %MEM  Command
06:13:03        0    115575      0.00      0.00 1075116  451088   2.89  hector_mapping_

06:13:03      UID       PID    %usr %system  %guest   %wait    %CPU   CPU  Command
06:13:04        0    115575    6.00    0.00    0.00    0.00    6.00     6  hector_mapping_

06:13:03      UID       PID  minflt/s  majflt/s     VSZ     RSS   %MEM  Command
06:13:04        0    115575      0.00      0.00 1075116  451088   2.89  hector_mapping_

06:13:04      UID       PID    %usr %system  %guest   %wait    %CPU   CPU  Command
06:13:05        0    115575    6.00    0.00    0.00    0.00    6.00     6  hector_mapping_

06:13:04      UID       PID  minflt/s  majflt/s     VSZ     RSS   %MEM  Command
06:13:05        0    115575      0.00      0.00 1075116  451088   2.89  hector_mapping_

06:13:05      UID       PID    %usr %system  %guest   %wait    %CPU   CPU  Command
06:13:06        0    115575    5.00    1.00    0.00    0.00    6.00    10  hector_mapping_

06:13:05      UID       PID  minflt/s  majflt/s     VSZ     RSS   %MEM  Command
06:13:06        0    115575      0.00      0.00 1075116  451088   2.89  hector_mapping_

06:13:06      UID       PID    %usr %system  %guest   %wait    %CPU   CPU  Command
06:13:07        0    115575    6.00    1.00    0.00    0.00    7.00     0  hector_mapping_

06:13:06      UID       PID  minflt/s  majflt/s     VSZ     RSS   %MEM  Command
06:13:07        0    115575      0.00      0.00 1075116  451088   2.89  hector_mapping_

06:13:07      UID       PID    %usr %system  %guest   %wait    %CPU   CPU  Command
06:13:08        0    115575    6.00    0.00    0.00    0.00    6.00     6  hector_mapping_

06:13:07      UID       PID  minflt/s  majflt/s     VSZ     RSS   %MEM  Command
06:13:08        0    115575      0.00      0.00 1075116  451088   2.89  hector_mapping_

06:13:08      UID       PID    %usr %system  %guest   %wait    %CPU   CPU  Command
06:13:09        0    115575    7.00    1.00    0.00    0.00    8.00     6  hector_mapping_

06:13:08      UID       PID  minflt/s  majflt/s     VSZ     RSS   %MEM  Command
06:13:09        0    115575      0.00      0.00 1075116  451088   2.89  hector_mapping_

06:13:09      UID       PID    %usr %system  %guest   %wait    %CPU   CPU  Command
06:13:10        0    115575    6.00    0.00    0.00    0.00    6.00     2  hector_mapping_

06:13:09      UID       PID  minflt/s  majflt/s     VSZ     RSS   %MEM  Command
06:13:10        0    115575      0.00      0.00 1075116  451088   2.89  hector_mapping_

06:13:10      UID       PID    %usr %system  %guest   %wait    %CPU   CPU  Command
06:13:11        0    115575    6.00    1.00    0.00    0.00    7.00     8  hector_mapping_

06:13:10      UID       PID  minflt/s  majflt/s     VSZ     RSS   %MEM  Command
06:13:11        0    115575      0.00      0.00 1075116  451088   2.89  hector_mapping_

06:13:11      UID       PID    %usr %system  %guest   %wait    %CPU   CPU  Command
06:13:12        0    115575    6.00    0.00    0.00    0.00    6.00     8  hector_mapping_

06:13:11      UID       PID  minflt/s  majflt/s     VSZ     RSS   %MEM  Command
06:13:12        0    115575      0.00      0.00 1075116  451088   2.89  hector_mapping_

06:13:12      UID       PID    %usr %system  %guest   %wait    %CPU   CPU  Command
06:13:13        0    115575    6.00    1.00    0.00    0.00    7.00     6  hector_mapping_

06:13:12      UID       PID  minflt/s  majflt/s     VSZ     RSS   %MEM  Command
06:13:13        0    115575      0.00      0.00 1075116  451088   2.89  hector_mapping_

06:13:13      UID       PID    %usr %system  %guest   %wait    %CPU   CPU  Command
06:13:14        0    115575    6.00    0.00    0.00    0.00    6.00     6  hector_mapping_

06:13:13      UID       PID  minflt/s  majflt/s     VSZ     RSS   %MEM  Command
06:13:14        0    115575      0.00      0.00 1075116  451088   2.89  hector_mapping_

06:13:14      UID       PID    %usr %system  %guest   %wait    %CPU   CPU  Command
06:13:15        0    115575    7.00    0.00    0.00    0.00    7.00     8  hector_mapping_

06:13:14      UID       PID  minflt/s  majflt/s     VSZ     RSS   %MEM  Command
06:13:15        0    115575      0.00      0.00 1075116  451088   2.89  hector_mapping_

06:13:15      UID       PID    %usr %system  %guest   %wait    %CPU   CPU  Command
06:13:16        0    115575    6.00    1.00    0.00    0.00    7.00     2  hector_mapping_

06:13:15      UID       PID  minflt/s  majflt/s     VSZ     RSS   %MEM  Command
06:13:16        0    115575      0.00      0.00 1075116  451088   2.89  hector_mapping_

06:13:16      UID       PID    %usr %system  %guest   %wait    %CPU   CPU  Command
06:13:17        0    115575    6.00    1.00    0.00    0.00    7.00     3  hector_mapping_

06:13:16      UID       PID  minflt/s  majflt/s     VSZ     RSS   %MEM  Command
06:13:17        0    115575      0.00      0.00 1075116  451088   2.89  hector_mapping_

06:13:17      UID       PID    %usr %system  %guest   %wait    %CPU   CPU  Command
06:13:18        0    115575    6.00    0.00    0.00    0.00    6.00     0  hector_mapping_

06:13:17      UID       PID  minflt/s  majflt/s     VSZ     RSS   %MEM  Command
06:13:18        0    115575      0.00      0.00 1075116  451088   2.89  hector_mapping_

06:13:18      UID       PID    %usr %system  %guest   %wait    %CPU   CPU  Command
06:13:19        0    115575    6.00    1.00    0.00    0.00    7.00     4  hector_mapping_

06:13:18      UID       PID  minflt/s  majflt/s     VSZ     RSS   %MEM  Command
06:13:19        0    115575      0.00      0.00 1075116  451088   2.89  hector_mapping_

06:13:19      UID       PID    %usr %system  %guest   %wait    %CPU   CPU  Command
06:13:20        0    115575    6.00    0.00    0.00    0.00    6.00    12  hector_mapping_

06:13:19      UID       PID  minflt/s  majflt/s     VSZ     RSS   %MEM  Command
06:13:20        0    115575      0.00      0.00 1075116  451088   2.89  hector_mapping_

06:13:20      UID       PID    %usr %system  %guest   %wait    %CPU   CPU  Command
06:13:21        0    115575    6.00    1.00    0.00    0.00    7.00     3  hector_mapping_

06:13:20      UID       PID  minflt/s  majflt/s     VSZ     RSS   %MEM  Command
06:13:21        0    115575      0.00      0.00 1075116  451088   2.89  hector_mapping_

06:13:21      UID       PID    %usr %system  %guest   %wait    %CPU   CPU  Command
06:13:22        0    115575    7.00    0.00    0.00    0.00    7.00     3  hector_mapping_

06:13:21      UID       PID  minflt/s  majflt/s     VSZ     RSS   %MEM  Command
06:13:22        0    115575      0.00      0.00 1075116  451088   2.89  hector_mapping_

06:13:22      UID       PID    %usr %system  %guest   %wait    %CPU   CPU  Command
06:13:23        0    115575    6.00    1.00    0.00    0.00    7.00     3  hector_mapping_

06:13:22      UID       PID  minflt/s  majflt/s     VSZ     RSS   %MEM  Command
06:13:23        0    115575      0.00      0.00 1075116  451088   2.89  hector_mapping_

06:13:23      UID       PID    %usr %system  %guest   %wait    %CPU   CPU  Command
06:13:24        0    115575    6.00    0.00    0.00    0.00    6.00     2  hector_mapping_

06:13:23      UID       PID  minflt/s  majflt/s     VSZ     RSS   %MEM  Command
06:13:24        0    115575      0.00      0.00 1075116  451088   2.89  hector_mapping_

06:13:24      UID       PID    %usr %system  %guest   %wait    %CPU   CPU  Command
06:13:25        0    115575    6.00    1.00    0.00    0.00    7.00     2  hector_mapping_

06:13:24      UID       PID  minflt/s  majflt/s     VSZ     RSS   %MEM  Command
06:13:25        0    115575      0.00      0.00 1075116  451088   2.89  hector_mapping_

06:13:25      UID       PID    %usr %system  %guest   %wait    %CPU   CPU  Command
06:13:26        0    115575    6.00    0.00    0.00    0.00    6.00     3  hector_mapping_

06:13:25      UID       PID  minflt/s  majflt/s     VSZ     RSS   %MEM  Command
06:13:26        0    115575      0.00      0.00 1075116  451088   2.89  hector_mapping_

06:13:26      UID       PID    %usr %system  %guest   %wait    %CPU   CPU  Command
06:13:27        0    115575    5.00    1.00    0.00    0.00    6.00     3  hector_mapping_

06:13:26      UID       PID  minflt/s  majflt/s     VSZ     RSS   %MEM  Command
06:13:27        0    115575      0.00      0.00 1075116  451088   2.89  hector_mapping_

06:13:27      UID       PID    %usr %system  %guest   %wait    %CPU   CPU  Command
06:13:28        0    115575    6.00    0.00    0.00    0.00    6.00     3  hector_mapping_

06:13:27      UID       PID  minflt/s  majflt/s     VSZ     RSS   %MEM  Command
06:13:28        0    115575      0.00      0.00 1075116  451088   2.89  hector_mapping_

06:13:28      UID       PID    %usr %system  %guest   %wait    %CPU   CPU  Command
06:13:29        0    115575    6.00    1.00    0.00    0.00    7.00     3  hector_mapping_

06:13:28      UID       PID  minflt/s  majflt/s     VSZ     RSS   %MEM  Command
06:13:29        0    115575      0.00      0.00 1075116  451088   2.89  hector_mapping_

06:13:29      UID       PID    %usr %system  %guest   %wait    %CPU   CPU  Command
06:13:30        0    115575    6.00    0.00    0.00    0.00    6.00     3  hector_mapping_

06:13:29      UID       PID  minflt/s  majflt/s     VSZ     RSS   %MEM  Command
06:13:30        0    115575      0.00      0.00 1075116  451088   2.89  hector_mapping_

06:13:30      UID       PID    %usr %system  %guest   %wait    %CPU   CPU  Command
06:13:31        0    115575    6.00    1.00    0.00    0.00    7.00     3  hector_mapping_

06:13:30      UID       PID  minflt/s  majflt/s     VSZ     RSS   %MEM  Command
06:13:31        0    115575      0.00      0.00 1075116  451088   2.89  hector_mapping_

06:13:31      UID       PID    %usr %system  %guest   %wait    %CPU   CPU  Command
06:13:32        0    115575    5.94    0.00    0.00    0.00    5.94     3  hector_mapping_

06:13:31      UID       PID  minflt/s  majflt/s     VSZ     RSS   %MEM  Command
06:13:32        0    115575      0.00      0.00 1075116  451088   2.89  hector_mapping_

06:13:32      UID       PID    %usr %system  %guest   %wait    %CPU   CPU  Command
06:13:33        0    115575    6.00    1.00    0.00    0.00    7.00     3  hector_mapping_

06:13:32      UID       PID  minflt/s  majflt/s     VSZ     RSS   %MEM  Command
06:13:33        0    115575      0.00      0.00 1075116  451088   2.89  hector_mapping_

06:13:33      UID       PID    %usr %system  %guest   %wait    %CPU   CPU  Command
06:13:34        0    115575    5.00    0.00    0.00    0.00    5.00     0  hector_mapping_

06:13:33      UID       PID  minflt/s  majflt/s     VSZ     RSS   %MEM  Command
06:13:34        0    115575      0.00      0.00 1075116  451088   2.89  hector_mapping_

06:13:34      UID       PID    %usr %system  %guest   %wait    %CPU   CPU  Command
06:13:35        0    115575    6.00    1.00    0.00    0.00    7.00     6  hector_mapping_

06:13:34      UID       PID  minflt/s  majflt/s     VSZ     RSS   %MEM  Command
06:13:35        0    115575      0.00      0.00 1075116  451088   2.89  hector_mapping_

06:13:35      UID       PID    %usr %system  %guest   %wait    %CPU   CPU  Command
06:13:36        0    115575    6.00    0.00    0.00    0.00    6.00     6  hector_mapping_

06:13:35      UID       PID  minflt/s  majflt/s     VSZ     RSS   %MEM  Command
06:13:36        0    115575      0.00      0.00 1075116  451088   2.89  hector_mapping_

06:13:36      UID       PID    %usr %system  %guest   %wait    %CPU   CPU  Command
06:13:37        0    115575    6.00    1.00    0.00    0.00    7.00     6  hector_mapping_

06:13:36      UID       PID  minflt/s  majflt/s     VSZ     RSS   %MEM  Command
06:13:37        0    115575      0.00      0.00 1075116  451088   2.89  hector_mapping_

06:13:37      UID       PID    %usr %system  %guest   %wait    %CPU   CPU  Command
06:13:38        0    115575    6.00    1.00    0.00    0.00    7.00     6  hector_mapping_

06:13:37      UID       PID  minflt/s  majflt/s     VSZ     RSS   %MEM  Command
06:13:38        0    115575      0.00      0.00 1075116  451088   2.89  hector_mapping_

06:13:38      UID       PID    %usr %system  %guest   %wait    %CPU   CPU  Command
06:13:39        0    115575    6.00    0.00    0.00    0.00    6.00     2  hector_mapping_

06:13:38      UID       PID  minflt/s  majflt/s     VSZ     RSS   %MEM  Command
06:13:39        0    115575      0.00      0.00 1075116  451088   2.89  hector_mapping_

06:13:39      UID       PID    %usr %system  %guest   %wait    %CPU   CPU  Command
06:13:40        0    115575    6.00    1.00    0.00    0.00    7.00     2  hector_mapping_

06:13:39      UID       PID  minflt/s  majflt/s     VSZ     RSS   %MEM  Command
06:13:40        0    115575      0.00      0.00 1075116  451088   2.89  hector_mapping_

06:13:40      UID       PID    %usr %system  %guest   %wait    %CPU   CPU  Command
06:13:41        0    115575    6.00    0.00    0.00    0.00    6.00     2  hector_mapping_

06:13:40      UID       PID  minflt/s  majflt/s     VSZ     RSS   %MEM  Command
06:13:41        0    115575      0.00      0.00 1075116  451088   2.89  hector_mapping_

06:13:41      UID       PID    %usr %system  %guest   %wait    %CPU   CPU  Command
06:13:42        0    115575    6.00    1.00    0.00    0.00    7.00     6  hector_mapping_

06:13:41      UID       PID  minflt/s  majflt/s     VSZ     RSS   %MEM  Command
06:13:42        0    115575      0.00      0.00 1075116  451088   2.89  hector_mapping_

06:13:42      UID       PID    %usr %system  %guest   %wait    %CPU   CPU  Command
06:13:43        0    115575    6.00    1.00    0.00    0.00    7.00    14  hector_mapping_

06:13:42      UID       PID  minflt/s  majflt/s     VSZ     RSS   %MEM  Command
06:13:43        0    115575      0.00      0.00 1075116  451088   2.89  hector_mapping_

06:13:43      UID       PID    %usr %system  %guest   %wait    %CPU   CPU  Command
06:13:44        0    115575    5.00    0.00    0.00    0.00    5.00     6  hector_mapping_

06:13:43      UID       PID  minflt/s  majflt/s     VSZ     RSS   %MEM  Command
06:13:44        0    115575      0.00      0.00 1075116  451088   2.89  hector_mapping_

06:13:44      UID       PID    %usr %system  %guest   %wait    %CPU   CPU  Command
06:13:45        0    115575    7.00    0.00    0.00    0.00    7.00     6  hector_mapping_

06:13:44      UID       PID  minflt/s  majflt/s     VSZ     RSS   %MEM  Command
06:13:45        0    115575      0.00      0.00 1075116  451088   2.89  hector_mapping_

06:13:45      UID       PID    %usr %system  %guest   %wait    %CPU   CPU  Command
06:13:46        0    115575    6.00    1.00    0.00    0.00    7.00     2  hector_mapping_

06:13:45      UID       PID  minflt/s  majflt/s     VSZ     RSS   %MEM  Command
06:13:46        0    115575      0.00      0.00 1075116  451088   2.89  hector_mapping_

06:13:46      UID       PID    %usr %system  %guest   %wait    %CPU   CPU  Command
06:13:47        0    115575    6.00    1.00    0.00    0.00    7.00     2  hector_mapping_

06:13:46      UID       PID  minflt/s  majflt/s     VSZ     RSS   %MEM  Command
06:13:47        0    115575      0.00      0.00 1075116  451088   2.89  hector_mapping_

06:13:47      UID       PID    %usr %system  %guest   %wait    %CPU   CPU  Command
06:13:48        0    115575    6.00    0.00    0.00    0.00    6.00     2  hector_mapping_

06:13:47      UID       PID  minflt/s  majflt/s     VSZ     RSS   %MEM  Command
06:13:48        0    115575      0.00      0.00 1075116  451088   2.89  hector_mapping_

06:13:48      UID       PID    %usr %system  %guest   %wait    %CPU   CPU  Command
06:13:49        0    115575    6.00    1.00    0.00    0.00    7.00     2  hector_mapping_

06:13:48      UID       PID  minflt/s  majflt/s     VSZ     RSS   %MEM  Command
06:13:49        0    115575      0.00      0.00 1075116  451088   2.89  hector_mapping_

06:13:49      UID       PID    %usr %system  %guest   %wait    %CPU   CPU  Command
06:13:50        0    115575    5.00    0.00    0.00    0.00    5.00     6  hector_mapping_

06:13:49      UID       PID  minflt/s  majflt/s     VSZ     RSS   %MEM  Command
06:13:50        0    115575      0.00      0.00 1075116  451088   2.89  hector_mapping_

06:13:50      UID       PID    %usr %system  %guest   %wait    %CPU   CPU  Command
06:13:51        0    115575    6.00    1.00    0.00    0.00    7.00     8  hector_mapping_

06:13:50      UID       PID  minflt/s  majflt/s     VSZ     RSS   %MEM  Command
06:13:51        0    115575      0.00      0.00 1075116  451088   2.89  hector_mapping_

06:13:51      UID       PID    %usr %system  %guest   %wait    %CPU   CPU  Command
06:13:52        0    115575    6.00    0.00    0.00    0.00    6.00     4  hector_mapping_

06:13:51      UID       PID  minflt/s  majflt/s     VSZ     RSS   %MEM  Command
06:13:52        0    115575      0.00      0.00 1075116  451088   2.89  hector_mapping_

06:13:52      UID       PID    %usr %system  %guest   %wait    %CPU   CPU  Command
06:13:53        0    115575    6.00    1.00    0.00    0.00    7.00     2  hector_mapping_

06:13:52      UID       PID  minflt/s  majflt/s     VSZ     RSS   %MEM  Command
06:13:53        0    115575      0.00      0.00 1075116  451088   2.89  hector_mapping_

06:13:53      UID       PID    %usr %system  %guest   %wait    %CPU   CPU  Command
06:13:54        0    115575    6.00    0.00    0.00    0.00    6.00     6  hector_mapping_

06:13:53      UID       PID  minflt/s  majflt/s     VSZ     RSS   %MEM  Command
06:13:54        0    115575      0.00      0.00 1075116  451088   2.89  hector_mapping_

06:13:54      UID       PID    %usr %system  %guest   %wait    %CPU   CPU  Command
06:13:55        0    115575    5.00    1.00    0.00    0.00    6.00     4  hector_mapping_

06:13:54      UID       PID  minflt/s  majflt/s     VSZ     RSS   %MEM  Command
06:13:55        0    115575      0.00      0.00 1075116  451088   2.89  hector_mapping_

06:13:55      UID       PID    %usr %system  %guest   %wait    %CPU   CPU  Command
06:13:56        0    115575    6.00    1.00    0.00    0.00    7.00     2  hector_mapping_

06:13:55      UID       PID  minflt/s  majflt/s     VSZ     RSS   %MEM  Command
06:13:56        0    115575      0.00      0.00 1075116  451088   2.89  hector_mapping_

06:13:56      UID       PID    %usr %system  %guest   %wait    %CPU   CPU  Command
06:13:57        0    115575    7.00    0.00    0.00    0.00    7.00     2  hector_mapping_

06:13:56      UID       PID  minflt/s  majflt/s     VSZ     RSS   %MEM  Command
06:13:57        0    115575      0.00      0.00 1075116  451088   2.89  hector_mapping_

06:13:57      UID       PID    %usr %system  %guest   %wait    %CPU   CPU  Command
06:13:58        0    115575    5.00    0.00    0.00    0.00    5.00     4  hector_mapping_

06:13:57      UID       PID  minflt/s  majflt/s     VSZ     RSS   %MEM  Command
06:13:58        0    115575      0.00      0.00 1075116  451088   2.89  hector_mapping_

06:13:58      UID       PID    %usr %system  %guest   %wait    %CPU   CPU  Command
06:13:59        0    115575    6.00    1.00    0.00    0.00    7.00     2  hector_mapping_

06:13:58      UID       PID  minflt/s  majflt/s     VSZ     RSS   %MEM  Command
06:13:59        0    115575      0.00      0.00 1075116  451088   2.89  hector_mapping_

06:13:59      UID       PID    %usr %system  %guest   %wait    %CPU   CPU  Command
06:14:00        0    115575    6.00    0.00    0.00    0.00    6.00     7  hector_mapping_

06:13:59      UID       PID  minflt/s  majflt/s     VSZ     RSS   %MEM  Command
06:14:00        0    115575      0.00      0.00 1075116  451088   2.89  hector_mapping_

06:14:00      UID       PID    %usr %system  %guest   %wait    %CPU   CPU  Command
06:14:01        0    115575    6.00    1.00    0.00    0.00    7.00     7  hector_mapping_

06:14:00      UID       PID  minflt/s  majflt/s     VSZ     RSS   %MEM  Command
06:14:01        0    115575      0.00      0.00 1075116  451088   2.89  hector_mapping_

06:14:01      UID       PID    %usr %system  %guest   %wait    %CPU   CPU  Command
06:14:02        0    115575    6.00    0.00    0.00    0.00    6.00     6  hector_mapping_

06:14:01      UID       PID  minflt/s  majflt/s     VSZ     RSS   %MEM  Command
06:14:02        0    115575      0.00      0.00 1075116  451088   2.89  hector_mapping_

06:14:02      UID       PID    %usr %system  %guest   %wait    %CPU   CPU  Command
06:14:03        0    115575    6.00    1.00    0.00    0.00    7.00     0  hector_mapping_

06:14:02      UID       PID  minflt/s  majflt/s     VSZ     RSS   %MEM  Command
06:14:03        0    115575      0.00      0.00 1075116  451088   2.89  hector_mapping_

06:14:03      UID       PID    %usr %system  %guest   %wait    %CPU   CPU  Command
06:14:04        0    115575    6.00    0.00    0.00    0.00    6.00     2  hector_mapping_

06:14:03      UID       PID  minflt/s  majflt/s     VSZ     RSS   %MEM  Command
06:14:04        0    115575      0.00      0.00 1075116  451088   2.89  hector_mapping_

06:14:04      UID       PID    %usr %system  %guest   %wait    %CPU   CPU  Command
06:14:05        0    115575    6.00    1.00    0.00    0.00    7.00     0  hector_mapping_

06:14:04      UID       PID  minflt/s  majflt/s     VSZ     RSS   %MEM  Command
06:14:05        0    115575      0.00      0.00 1075116  451088   2.89  hector_mapping_

06:14:05      UID       PID    %usr %system  %guest   %wait    %CPU   CPU  Command
06:14:06        0    115575    6.00    0.00    0.00    0.00    6.00     6  hector_mapping_

06:14:05      UID       PID  minflt/s  majflt/s     VSZ     RSS   %MEM  Command
06:14:06        0    115575      0.00      0.00 1075116  451088   2.89  hector_mapping_

06:14:06      UID       PID    %usr %system  %guest   %wait    %CPU   CPU  Command
06:14:07        0    115575    5.00    1.00    0.00    0.00    6.00     6  hector_mapping_

06:14:06      UID       PID  minflt/s  majflt/s     VSZ     RSS   %MEM  Command
06:14:07        0    115575      0.00      0.00 1075116  451088   2.89  hector_mapping_

06:14:07      UID       PID    %usr %system  %guest   %wait    %CPU   CPU  Command
06:14:08        0    115575    7.00    0.00    0.00    0.00    7.00     0  hector_mapping_

06:14:07      UID       PID  minflt/s  majflt/s     VSZ     RSS   %MEM  Command
06:14:08        0    115575      0.00      0.00 1075116  451088   2.89  hector_mapping_

06:14:08      UID       PID    %usr %system  %guest   %wait    %CPU   CPU  Command
06:14:09        0    115575    6.00    1.00    0.00    0.00    7.00     2  hector_mapping_

06:14:08      UID       PID  minflt/s  majflt/s     VSZ     RSS   %MEM  Command
06:14:09        0    115575      0.00      0.00 1075116  451088   2.89  hector_mapping_

06:14:09      UID       PID    %usr %system  %guest   %wait    %CPU   CPU  Command
06:14:10        0    115575    5.00    1.00    0.00    0.00    6.00     2  hector_mapping_

06:14:09      UID       PID  minflt/s  majflt/s     VSZ     RSS   %MEM  Command
06:14:10        0    115575      0.00      0.00 1075116  451088   2.89  hector_mapping_

06:14:10      UID       PID    %usr %system  %guest   %wait    %CPU   CPU  Command
06:14:11        0    115575    6.00    0.00    0.00    0.00    6.00     6  hector_mapping_

06:14:10      UID       PID  minflt/s  majflt/s     VSZ     RSS   %MEM  Command
06:14:11        0    115575      0.00      0.00 1075116  451088   2.89  hector_mapping_

06:14:11      UID       PID    %usr %system  %guest   %wait    %CPU   CPU  Command
06:14:12        0    115575    7.00    1.00    0.00    0.00    8.00     2  hector_mapping_

06:14:11      UID       PID  minflt/s  majflt/s     VSZ     RSS   %MEM  Command
06:14:12        0    115575      0.00      0.00 1075116  451088   2.89  hector_mapping_

06:14:12      UID       PID    %usr %system  %guest   %wait    %CPU   CPU  Command
06:14:13        0    115575    6.00    0.00    0.00    0.00    6.00     6  hector_mapping_

06:14:12      UID       PID  minflt/s  majflt/s     VSZ     RSS   %MEM  Command
06:14:13        0    115575      0.00      0.00 1075116  451088   2.89  hector_mapping_

06:14:13      UID       PID    %usr %system  %guest   %wait    %CPU   CPU  Command
06:14:14        0    115575    6.00    1.00    0.00    0.00    7.00     2  hector_mapping_

06:14:13      UID       PID  minflt/s  majflt/s     VSZ     RSS   %MEM  Command
06:14:14        0    115575      0.00      0.00 1075116  451088   2.89  hector_mapping_

06:14:14      UID       PID    %usr %system  %guest   %wait    %CPU   CPU  Command
06:14:15        0    115575    6.00    1.00    0.00    0.00    7.00     2  hector_mapping_

06:14:14      UID       PID  minflt/s  majflt/s     VSZ     RSS   %MEM  Command
06:14:15        0    115575      0.00      0.00 1075116  451088   2.89  hector_mapping_

06:14:15      UID       PID    %usr %system  %guest   %wait    %CPU   CPU  Command
06:14:16        0    115575    6.00    0.00    0.00    0.00    6.00     2  hector_mapping_

06:14:15      UID       PID  minflt/s  majflt/s     VSZ     RSS   %MEM  Command
06:14:16        0    115575      0.00      0.00 1075116  451088   2.89  hector_mapping_

06:14:16      UID       PID    %usr %system  %guest   %wait    %CPU   CPU  Command
06:14:17        0    115575    6.00    1.00    0.00    0.00    7.00     2  hector_mapping_

06:14:16      UID       PID  minflt/s  majflt/s     VSZ     RSS   %MEM  Command
06:14:17        0    115575      0.00      0.00 1075116  451088   2.89  hector_mapping_

06:14:17      UID       PID    %usr %system  %guest   %wait    %CPU   CPU  Command
06:14:18        0    115575    6.00    0.00    0.00    0.00    6.00     2  hector_mapping_

06:14:17      UID       PID  minflt/s  majflt/s     VSZ     RSS   %MEM  Command
06:14:18        0    115575      0.00      0.00 1075116  451088   2.89  hector_mapping_

06:14:18      UID       PID    %usr %system  %guest   %wait    %CPU   CPU  Command
06:14:19        0    115575    6.00    0.00    0.00    0.00    6.00     2  hector_mapping_

06:14:18      UID       PID  minflt/s  majflt/s     VSZ     RSS   %MEM  Command
06:14:19        0    115575      0.00      0.00 1075116  451088   2.89  hector_mapping_

06:14:19      UID       PID    %usr %system  %guest   %wait    %CPU   CPU  Command
06:14:20        0    115575    6.00    1.00    0.00    0.00    7.00     2  hector_mapping_

06:14:19      UID       PID  minflt/s  majflt/s     VSZ     RSS   %MEM  Command
06:14:20        0    115575      0.00      0.00 1075116  451088   2.89  hector_mapping_

06:14:20      UID       PID    %usr %system  %guest   %wait    %CPU   CPU  Command
06:14:21        0    115575    6.00    1.00    0.00    0.00    7.00     6  hector_mapping_

06:14:20      UID       PID  minflt/s  majflt/s     VSZ     RSS   %MEM  Command
06:14:21        0    115575      0.00      0.00 1075116  451088   2.89  hector_mapping_

06:14:21      UID       PID    %usr %system  %guest   %wait    %CPU   CPU  Command
06:14:22        0    115575    7.00    0.00    0.00    0.00    7.00     3  hector_mapping_

06:14:21      UID       PID  minflt/s  majflt/s     VSZ     RSS   %MEM  Command
06:14:22        0    115575      0.00      0.00 1075116  451088   2.89  hector_mapping_

06:14:22      UID       PID    %usr %system  %guest   %wait    %CPU   CPU  Command
06:14:23        0    115575    6.00    1.00    0.00    0.00    7.00     2  hector_mapping_

06:14:22      UID       PID  minflt/s  majflt/s     VSZ     RSS   %MEM  Command
06:14:23        0    115575      0.00      0.00 1075116  451088   2.89  hector_mapping_

06:14:23      UID       PID    %usr %system  %guest   %wait    %CPU   CPU  Command
06:14:24        0    115575    7.00    0.00    0.00    0.00    7.00     6  hector_mapping_

06:14:23      UID       PID  minflt/s  majflt/s     VSZ     RSS   %MEM  Command
06:14:24        0    115575      0.00      0.00 1075116  451088   2.89  hector_mapping_

06:14:24      UID       PID    %usr %system  %guest   %wait    %CPU   CPU  Command
06:14:25        0    115575    6.00    1.00    0.00    0.00    7.00     8  hector_mapping_

06:14:24      UID       PID  minflt/s  majflt/s     VSZ     RSS   %MEM  Command
06:14:25        0    115575      0.00      0.00 1075116  451088   2.89  hector_mapping_

06:14:25      UID       PID    %usr %system  %guest   %wait    %CPU   CPU  Command
06:14:26        0    115575    6.00    0.00    0.00    0.00    6.00     3  hector_mapping_

06:14:25      UID       PID  minflt/s  majflt/s     VSZ     RSS   %MEM  Command
06:14:26        0    115575      0.00      0.00 1075116  451088   2.89  hector_mapping_

06:14:26      UID       PID    %usr %system  %guest   %wait    %CPU   CPU  Command
06:14:27        0    115575    5.00    1.00    0.00    0.00    6.00     7  hector_mapping_

06:14:26      UID       PID  minflt/s  majflt/s     VSZ     RSS   %MEM  Command
06:14:27        0    115575      0.00      0.00 1075116  451088   2.89  hector_mapping_

06:14:27      UID       PID    %usr %system  %guest   %wait    %CPU   CPU  Command
06:14:28        0    115575    5.00    0.00    0.00    0.00    5.00     7  hector_mapping_

06:14:27      UID       PID  minflt/s  majflt/s     VSZ     RSS   %MEM  Command
06:14:28        0    115575      0.00      0.00 1075116  451088   2.89  hector_mapping_

06:14:28      UID       PID    %usr %system  %guest   %wait    %CPU   CPU  Command
06:14:29        0    115575    6.00    0.00    0.00    0.00    6.00     2  hector_mapping_

06:14:28      UID       PID  minflt/s  majflt/s     VSZ     RSS   %MEM  Command
06:14:29        0    115575      0.00      0.00 1075116  451088   2.89  hector_mapping_

06:14:29      UID       PID    %usr %system  %guest   %wait    %CPU   CPU  Command
06:14:30        0    115575    7.00    0.00    0.00    0.00    7.00     7  hector_mapping_

06:14:29      UID       PID  minflt/s  majflt/s     VSZ     RSS   %MEM  Command
06:14:30        0    115575      0.00      0.00 1075116  451088   2.89  hector_mapping_

06:14:30      UID       PID    %usr %system  %guest   %wait    %CPU   CPU  Command
06:14:31        0    115575    6.00    0.00    0.00    0.00    6.00     7  hector_mapping_

06:14:30      UID       PID  minflt/s  majflt/s     VSZ     RSS   %MEM  Command
06:14:31        0    115575      0.00      0.00 1075116  451088   2.89  hector_mapping_

06:14:31      UID       PID    %usr %system  %guest   %wait    %CPU   CPU  Command
06:14:32        0    115575    6.00    1.00    0.00    0.00    7.00     7  hector_mapping_

06:14:31      UID       PID  minflt/s  majflt/s     VSZ     RSS   %MEM  Command
06:14:32        0    115575      0.00      0.00 1075116  451088   2.89  hector_mapping_

06:14:32      UID       PID    %usr %system  %guest   %wait    %CPU   CPU  Command
06:14:33        0    115575    7.00    1.00    0.00    0.00    8.00     7  hector_mapping_

06:14:32      UID       PID  minflt/s  majflt/s     VSZ     RSS   %MEM  Command
06:14:33        0    115575      0.00      0.00 1075116  451088   2.89  hector_mapping_

06:14:33      UID       PID    %usr %system  %guest   %wait    %CPU   CPU  Command
06:14:34        0    115575    6.00    0.00    0.00    0.00    6.00     7  hector_mapping_

06:14:33      UID       PID  minflt/s  majflt/s     VSZ     RSS   %MEM  Command
06:14:34        0    115575      0.00      0.00 1075116  451088   2.89  hector_mapping_

06:14:34      UID       PID    %usr %system  %guest   %wait    %CPU   CPU  Command
06:14:35        0    115575    7.00    0.00    0.00    0.00    7.00     7  hector_mapping_

06:14:34      UID       PID  minflt/s  majflt/s     VSZ     RSS   %MEM  Command
06:14:35        0    115575      0.00      0.00 1075116  451088   2.89  hector_mapping_

06:14:35      UID       PID    %usr %system  %guest   %wait    %CPU   CPU  Command
06:14:36        0    115575    6.00    1.00    0.00    0.00    7.00     7  hector_mapping_

06:14:35      UID       PID  minflt/s  majflt/s     VSZ     RSS   %MEM  Command
06:14:36        0    115575      0.00      0.00 1075116  451088   2.89  hector_mapping_

06:14:36      UID       PID    %usr %system  %guest   %wait    %CPU   CPU  Command
06:14:37        0    115575    6.00    1.00    0.00    0.00    7.00     7  hector_mapping_

06:14:36      UID       PID  minflt/s  majflt/s     VSZ     RSS   %MEM  Command
06:14:37        0    115575      0.00      0.00 1075116  451088   2.89  hector_mapping_

06:14:37      UID       PID    %usr %system  %guest   %wait    %CPU   CPU  Command
06:14:38        0    115575    7.00    0.00    0.00    0.00    7.00     7  hector_mapping_

06:14:37      UID       PID  minflt/s  majflt/s     VSZ     RSS   %MEM  Command
06:14:38        0    115575      0.00      0.00 1075116  451088   2.89  hector_mapping_

06:14:38      UID       PID    %usr %system  %guest   %wait    %CPU   CPU  Command
06:14:39        0    115575    6.00    1.00    0.00    0.00    7.00     7  hector_mapping_

06:14:38      UID       PID  minflt/s  majflt/s     VSZ     RSS   %MEM  Command
06:14:39        0    115575      0.00      0.00 1075116  451088   2.89  hector_mapping_

06:14:39      UID       PID    %usr %system  %guest   %wait    %CPU   CPU  Command
06:14:40        0    115575    6.00    1.00    0.00    0.00    7.00     7  hector_mapping_

06:14:39      UID       PID  minflt/s  majflt/s     VSZ     RSS   %MEM  Command
06:14:40        0    115575      0.00      0.00 1075116  451088   2.89  hector_mapping_

06:14:40      UID       PID    %usr %system  %guest   %wait    %CPU   CPU  Command
06:14:41        0    115575    6.00    0.00    0.00    0.00    6.00     7  hector_mapping_

06:14:40      UID       PID  minflt/s  majflt/s     VSZ     RSS   %MEM  Command
06:14:41        0    115575      0.00      0.00 1075116  451088   2.89  hector_mapping_

06:14:41      UID       PID    %usr %system  %guest   %wait    %CPU   CPU  Command
06:14:42        0    115575    7.00    1.00    0.00    0.00    8.00     7  hector_mapping_

06:14:41      UID       PID  minflt/s  majflt/s     VSZ     RSS   %MEM  Command
06:14:42        0    115575      0.00      0.00 1075116  451088   2.89  hector_mapping_

06:14:42      UID       PID    %usr %system  %guest   %wait    %CPU   CPU  Command
06:14:43        0    115575    6.00    1.00    0.00    0.00    7.00     7  hector_mapping_

06:14:42      UID       PID  minflt/s  majflt/s     VSZ     RSS   %MEM  Command
06:14:43        0    115575      0.00      0.00 1075116  451088   2.89  hector_mapping_

06:14:43      UID       PID    %usr %system  %guest   %wait    %CPU   CPU  Command
06:14:44        0    115575    6.00    1.00    0.00    0.00    7.00     7  hector_mapping_

06:14:43      UID       PID  minflt/s  majflt/s     VSZ     RSS   %MEM  Command
06:14:44        0    115575      0.00      0.00 1075116  451088   2.89  hector_mapping_

06:14:44      UID       PID    %usr %system  %guest   %wait    %CPU   CPU  Command
06:14:45        0    115575    6.00    0.00    0.00    0.00    6.00     7  hector_mapping_

06:14:44      UID       PID  minflt/s  majflt/s     VSZ     RSS   %MEM  Command
06:14:45        0    115575      0.00      0.00 1075116  451088   2.89  hector_mapping_

06:14:45      UID       PID    %usr %system  %guest   %wait    %CPU   CPU  Command
06:14:46        0    115575    6.00    1.00    0.00    0.00    7.00     2  hector_mapping_

06:14:45      UID       PID  minflt/s  majflt/s     VSZ     RSS   %MEM  Command
06:14:46        0    115575      0.00      0.00 1075116  451088   2.89  hector_mapping_

06:14:46      UID       PID    %usr %system  %guest   %wait    %CPU   CPU  Command
06:14:47        0    115575    6.00    1.00    0.00    0.00    7.00     7  hector_mapping_

06:14:46      UID       PID  minflt/s  majflt/s     VSZ     RSS   %MEM  Command
06:14:47        0    115575      0.00      0.00 1075116  451088   2.89  hector_mapping_

06:14:47      UID       PID    %usr %system  %guest   %wait    %CPU   CPU  Command
06:14:48        0    115575    7.00    0.00    0.00    1.00    7.00     8  hector_mapping_

06:14:47      UID       PID  minflt/s  majflt/s     VSZ     RSS   %MEM  Command
06:14:48        0    115575      0.00      0.00 1075116  451088   2.89  hector_mapping_

06:14:48      UID       PID    %usr %system  %guest   %wait    %CPU   CPU  Command
06:14:49        0    115575    6.00    1.00    0.00    0.00    7.00     2  hector_mapping_

06:14:48      UID       PID  minflt/s  majflt/s     VSZ     RSS   %MEM  Command
06:14:49        0    115575      0.00      0.00 1075116  451088   2.89  hector_mapping_

06:14:49      UID       PID    %usr %system  %guest   %wait    %CPU   CPU  Command
06:14:50        0    115575    6.00    1.00    0.00    0.00    7.00     7  hector_mapping_

06:14:49      UID       PID  minflt/s  majflt/s     VSZ     RSS   %MEM  Command
06:14:50        0    115575      0.00      0.00 1075116  451088   2.89  hector_mapping_

06:14:50      UID       PID    %usr %system  %guest   %wait    %CPU   CPU  Command
06:14:51        0    115575    6.00    0.00    0.00    0.00    6.00     7  hector_mapping_

06:14:50      UID       PID  minflt/s  majflt/s     VSZ     RSS   %MEM  Command
06:14:51        0    115575      0.00      0.00 1075116  451088   2.89  hector_mapping_

06:14:51      UID       PID    %usr %system  %guest   %wait    %CPU   CPU  Command
06:14:52        0    115575    6.00    1.00    0.00    0.00    7.00     7  hector_mapping_

06:14:51      UID       PID  minflt/s  majflt/s     VSZ     RSS   %MEM  Command
06:14:52        0    115575      0.00      0.00 1075116  451088   2.89  hector_mapping_

06:14:52      UID       PID    %usr %system  %guest   %wait    %CPU   CPU  Command
06:14:53        0    115575    6.00    1.00    0.00    0.00    7.00     7  hector_mapping_

06:14:52      UID       PID  minflt/s  majflt/s     VSZ     RSS   %MEM  Command
06:14:53        0    115575      0.00      0.00 1075116  451088   2.89  hector_mapping_

06:14:53      UID       PID    %usr %system  %guest   %wait    %CPU   CPU  Command
06:14:54        0    115575    6.00    0.00    0.00    0.00    6.00     6  hector_mapping_

06:14:53      UID       PID  minflt/s  majflt/s     VSZ     RSS   %MEM  Command
06:14:54        0    115575      0.00      0.00 1075116  451088   2.89  hector_mapping_

06:14:54      UID       PID    %usr %system  %guest   %wait    %CPU   CPU  Command
06:14:55        0    115575    7.00    0.00    0.00    0.00    7.00     7  hector_mapping_

06:14:54      UID       PID  minflt/s  majflt/s     VSZ     RSS   %MEM  Command
06:14:55        0    115575      0.00      0.00 1075116  451088   2.89  hector_mapping_

06:14:55      UID       PID    %usr %system  %guest   %wait    %CPU   CPU  Command
06:14:56        0    115575    6.00    1.00    0.00    0.00    7.00     7  hector_mapping_

06:14:55      UID       PID  minflt/s  majflt/s     VSZ     RSS   %MEM  Command
06:14:56        0    115575      0.00      0.00 1075116  451088   2.89  hector_mapping_

06:14:56      UID       PID    %usr %system  %guest   %wait    %CPU   CPU  Command
06:14:57        0    115575    6.00    0.00    0.00    0.00    6.00     7  hector_mapping_

06:14:56      UID       PID  minflt/s  majflt/s     VSZ     RSS   %MEM  Command
06:14:57        0    115575      0.00      0.00 1075116  451088   2.89  hector_mapping_

06:14:57      UID       PID    %usr %system  %guest   %wait    %CPU   CPU  Command
06:14:58        0    115575    6.00    1.00    0.00    0.00    7.00    14  hector_mapping_

06:14:57      UID       PID  minflt/s  majflt/s     VSZ     RSS   %MEM  Command
06:14:58        0    115575      0.00      0.00 1075116  451088   2.89  hector_mapping_

06:14:58      UID       PID    %usr %system  %guest   %wait    %CPU   CPU  Command
06:14:59        0    115575    7.00    1.00    0.00    0.00    8.00     6  hector_mapping_

06:14:58      UID       PID  minflt/s  majflt/s     VSZ     RSS   %MEM  Command
06:14:59        0    115575      0.00      0.00 1075116  451088   2.89  hector_mapping_

06:14:59      UID       PID    %usr %system  %guest   %wait    %CPU   CPU  Command
06:15:00        0    115575    6.00    1.00    0.00    0.00    7.00     4  hector_mapping_

06:14:59      UID       PID  minflt/s  majflt/s     VSZ     RSS   %MEM  Command
06:15:00        0    115575      0.00      0.00 1075116  451088   2.89  hector_mapping_

06:15:00      UID       PID    %usr %system  %guest   %wait    %CPU   CPU  Command
06:15:01        0    115575    6.00    1.00    0.00    0.00    7.00     2  hector_mapping_

06:15:00      UID       PID  minflt/s  majflt/s     VSZ     RSS   %MEM  Command
06:15:01        0    115575      0.00      0.00 1075116  451088   2.89  hector_mapping_

06:15:01      UID       PID    %usr %system  %guest   %wait    %CPU   CPU  Command
06:15:02        0    115575    6.00    0.00    0.00    0.00    6.00     0  hector_mapping_

06:15:01      UID       PID  minflt/s  majflt/s     VSZ     RSS   %MEM  Command
06:15:02        0    115575      0.00      0.00 1075116  451088   2.89  hector_mapping_

06:15:02      UID       PID    %usr %system  %guest   %wait    %CPU   CPU  Command
06:15:03        0    115575    6.00    1.00    0.00    0.00    7.00     6  hector_mapping_

06:15:02      UID       PID  minflt/s  majflt/s     VSZ     RSS   %MEM  Command
06:15:03        0    115575      0.00      0.00 1075116  451088   2.89  hector_mapping_

06:15:03      UID       PID    %usr %system  %guest   %wait    %CPU   CPU  Command
06:15:04        0    115575    6.00    1.00    0.00    0.00    7.00     6  hector_mapping_

06:15:03      UID       PID  minflt/s  majflt/s     VSZ     RSS   %MEM  Command
06:15:04        0    115575      0.00      0.00 1075116  451088   2.89  hector_mapping_

06:15:04      UID       PID    %usr %system  %guest   %wait    %CPU   CPU  Command
06:15:05        0    115575    5.94    0.99    0.00    0.00    6.93     2  hector_mapping_

06:15:04      UID       PID  minflt/s  majflt/s     VSZ     RSS   %MEM  Command
06:15:05        0    115575      0.00      0.00 1075116  451088   2.89  hector_mapping_

06:15:05      UID       PID    %usr %system  %guest   %wait    %CPU   CPU  Command
06:15:06        0    115575    6.00    0.00    0.00    0.00    6.00     2  hector_mapping_

06:15:05      UID       PID  minflt/s  majflt/s     VSZ     RSS   %MEM  Command
06:15:06        0    115575      0.00      0.00 1075116  451088   2.89  hector_mapping_

06:15:06      UID       PID    %usr %system  %guest   %wait    %CPU   CPU  Command
06:15:07        0    115575    6.00    1.00    0.00    0.00    7.00     2  hector_mapping_

06:15:06      UID       PID  minflt/s  majflt/s     VSZ     RSS   %MEM  Command
06:15:07        0    115575      0.00      0.00 1075116  451088   2.89  hector_mapping_

06:15:07      UID       PID    %usr %system  %guest   %wait    %CPU   CPU  Command
06:15:08        0    115575    6.00    0.00    0.00    0.00    6.00     9  hector_mapping_

06:15:07      UID       PID  minflt/s  majflt/s     VSZ     RSS   %MEM  Command
06:15:08        0    115575      0.00      0.00 1075116  451088   2.89  hector_mapping_

06:15:08      UID       PID    %usr %system  %guest   %wait    %CPU   CPU  Command
06:15:09        0    115575    6.00    1.00    0.00    0.00    7.00     1  hector_mapping_

06:15:08      UID       PID  minflt/s  majflt/s     VSZ     RSS   %MEM  Command
06:15:09        0    115575      0.00      0.00 1075116  451088   2.89  hector_mapping_

06:15:09      UID       PID    %usr %system  %guest   %wait    %CPU   CPU  Command
06:15:10        0    115575    6.00    1.00    0.00    0.00    7.00     6  hector_mapping_

06:15:09      UID       PID  minflt/s  majflt/s     VSZ     RSS   %MEM  Command
06:15:10        0    115575      0.00      0.00 1075116  451088   2.89  hector_mapping_

06:15:10      UID       PID    %usr %system  %guest   %wait    %CPU   CPU  Command
06:15:11        0    115575    6.00    0.00    0.00    0.00    6.00     4  hector_mapping_

06:15:10      UID       PID  minflt/s  majflt/s     VSZ     RSS   %MEM  Command
06:15:11        0    115575      0.00      0.00 1075116  451088   2.89  hector_mapping_

06:15:11      UID       PID    %usr %system  %guest   %wait    %CPU   CPU  Command
06:15:12        0    115575    6.00    1.00    0.00    0.00    7.00     1  hector_mapping_

06:15:11      UID       PID  minflt/s  majflt/s     VSZ     RSS   %MEM  Command
06:15:12        0    115575      0.00      0.00 1075116  451088   2.89  hector_mapping_

06:15:12      UID       PID    %usr %system  %guest   %wait    %CPU   CPU  Command
06:15:13        0    115575    6.00    1.00    0.00    0.00    7.00     2  hector_mapping_

06:15:12      UID       PID  minflt/s  majflt/s     VSZ     RSS   %MEM  Command
06:15:13        0    115575      0.00      0.00 1075116  451088   2.89  hector_mapping_

06:15:13      UID       PID    %usr %system  %guest   %wait    %CPU   CPU  Command
06:15:14        0    115575    6.00    1.00    0.00    0.00    7.00     7  hector_mapping_

06:15:13      UID       PID  minflt/s  majflt/s     VSZ     RSS   %MEM  Command
06:15:14        0    115575      0.00      0.00 1075116  451088   2.89  hector_mapping_

06:15:14      UID       PID    %usr %system  %guest   %wait    %CPU   CPU  Command
06:15:15        0    115575    7.00    0.00    0.00    0.00    7.00     7  hector_mapping_

06:15:14      UID       PID  minflt/s  majflt/s     VSZ     RSS   %MEM  Command
06:15:15        0    115575      0.00      0.00 1075116  451088   2.89  hector_mapping_

06:15:15      UID       PID    %usr %system  %guest   %wait    %CPU   CPU  Command
06:15:16        0    115575    6.00    0.00    0.00    0.00    6.00     7  hector_mapping_

06:15:15      UID       PID  minflt/s  majflt/s     VSZ     RSS   %MEM  Command
06:15:16        0    115575      0.00      0.00 1075116  451088   2.89  hector_mapping_

06:15:16      UID       PID    %usr %system  %guest   %wait    %CPU   CPU  Command
06:15:17        0    115575    6.00    1.00    0.00    0.00    7.00     6  hector_mapping_

06:15:16      UID       PID  minflt/s  majflt/s     VSZ     RSS   %MEM  Command
06:15:17        0    115575      0.00      0.00 1075116  451088   2.89  hector_mapping_

06:15:17      UID       PID    %usr %system  %guest   %wait    %CPU   CPU  Command
06:15:18        0    115575    6.00    1.00    0.00    0.00    7.00     7  hector_mapping_

06:15:17      UID       PID  minflt/s  majflt/s     VSZ     RSS   %MEM  Command
06:15:18        0    115575      0.00      0.00 1075116  451088   2.89  hector_mapping_

06:15:18      UID       PID    %usr %system  %guest   %wait    %CPU   CPU  Command
06:15:19        0    115575    6.00    1.00    0.00    0.00    7.00     6  hector_mapping_

06:15:18      UID       PID  minflt/s  majflt/s     VSZ     RSS   %MEM  Command
06:15:19        0    115575      0.00      0.00 1075116  451088   2.89  hector_mapping_

06:15:19      UID       PID    %usr %system  %guest   %wait    %CPU   CPU  Command
06:15:20        0    115575    6.00    1.00    0.00    0.00    7.00     7  hector_mapping_

06:15:19      UID       PID  minflt/s  majflt/s     VSZ     RSS   %MEM  Command
06:15:20        0    115575      0.00      0.00 1075116  451088   2.89  hector_mapping_

06:15:20      UID       PID    %usr %system  %guest   %wait    %CPU   CPU  Command
06:15:21        0    115575    6.00    1.00    0.00    0.00    7.00     7  hector_mapping_

06:15:20      UID       PID  minflt/s  majflt/s     VSZ     RSS   %MEM  Command
06:15:21        0    115575      0.00      0.00 1075116  451088   2.89  hector_mapping_

06:15:21      UID       PID    %usr %system  %guest   %wait    %CPU   CPU  Command
06:15:22        0    115575    6.00    0.00    0.00    0.00    6.00     7  hector_mapping_

06:15:21      UID       PID  minflt/s  majflt/s     VSZ     RSS   %MEM  Command
06:15:22        0    115575      0.00      0.00 1075116  451088   2.89  hector_mapping_

06:15:22      UID       PID    %usr %system  %guest   %wait    %CPU   CPU  Command
06:15:23        0    115575    7.00    1.00    0.00    0.00    8.00     7  hector_mapping_

06:15:22      UID       PID  minflt/s  majflt/s     VSZ     RSS   %MEM  Command
06:15:23        0    115575      0.00      0.00 1075116  451088   2.89  hector_mapping_

06:15:23      UID       PID    %usr %system  %guest   %wait    %CPU   CPU  Command
06:15:24        0    115575    6.00    0.00    0.00    0.00    6.00     7  hector_mapping_

06:15:23      UID       PID  minflt/s  majflt/s     VSZ     RSS   %MEM  Command
06:15:24        0    115575      0.00      0.00 1075116  451088   2.89  hector_mapping_

06:15:24      UID       PID    %usr %system  %guest   %wait    %CPU   CPU  Command
06:15:25        0    115575    7.00    0.00    0.00    0.00    7.00     7  hector_mapping_

06:15:24      UID       PID  minflt/s  majflt/s     VSZ     RSS   %MEM  Command
06:15:25        0    115575      0.00      0.00 1075116  451088   2.89  hector_mapping_

06:15:25      UID       PID    %usr %system  %guest   %wait    %CPU   CPU  Command
06:15:26        0    115575    6.00    1.00    0.00    0.00    7.00     7  hector_mapping_

06:15:25      UID       PID  minflt/s  majflt/s     VSZ     RSS   %MEM  Command
06:15:26        0    115575      0.00      0.00 1075116  451088   2.89  hector_mapping_

06:15:26      UID       PID    %usr %system  %guest   %wait    %CPU   CPU  Command
06:15:27        0    115575    6.00    1.00    0.00    0.00    7.00     7  hector_mapping_

06:15:26      UID       PID  minflt/s  majflt/s     VSZ     RSS   %MEM  Command
06:15:27        0    115575      0.00      0.00 1075116  451088   2.89  hector_mapping_

06:15:27      UID       PID    %usr %system  %guest   %wait    %CPU   CPU  Command
06:15:28        0    115575    6.00    1.00    0.00    0.00    7.00     7  hector_mapping_

06:15:27      UID       PID  minflt/s  majflt/s     VSZ     RSS   %MEM  Command
06:15:28        0    115575      0.00      0.00 1075116  451088   2.89  hector_mapping_

06:15:28      UID       PID    %usr %system  %guest   %wait    %CPU   CPU  Command
06:15:29        0    115575    6.00    0.00    0.00    0.00    6.00     7  hector_mapping_

06:15:28      UID       PID  minflt/s  majflt/s     VSZ     RSS   %MEM  Command
06:15:29        0    115575      0.00      0.00 1075116  451088   2.89  hector_mapping_

06:15:29      UID       PID    %usr %system  %guest   %wait    %CPU   CPU  Command
06:15:30        0    115575    7.00    1.00    0.00    0.00    8.00     7  hector_mapping_

06:15:29      UID       PID  minflt/s  majflt/s     VSZ     RSS   %MEM  Command
06:15:30        0    115575      0.00      0.00 1075116  451088   2.89  hector_mapping_

06:15:30      UID       PID    %usr %system  %guest   %wait    %CPU   CPU  Command
06:15:31        0    115575    6.00    1.00    0.00    0.00    7.00     7  hector_mapping_

06:15:30      UID       PID  minflt/s  majflt/s     VSZ     RSS   %MEM  Command
06:15:31        0    115575      0.00      0.00 1075116  451088   2.89  hector_mapping_

06:15:31      UID       PID    %usr %system  %guest   %wait    %CPU   CPU  Command
06:15:32        0    115575    6.00    1.00    0.00    0.00    7.00     7  hector_mapping_

06:15:31      UID       PID  minflt/s  majflt/s     VSZ     RSS   %MEM  Command
06:15:32        0    115575      0.00      0.00 1075116  451088   2.89  hector_mapping_

06:15:32      UID       PID    %usr %system  %guest   %wait    %CPU   CPU  Command
06:15:33        0    115575    6.00    0.00    0.00    0.00    6.00     7  hector_mapping_

06:15:32      UID       PID  minflt/s  majflt/s     VSZ     RSS   %MEM  Command
06:15:33        0    115575      0.00      0.00 1075116  451088   2.89  hector_mapping_

06:15:33      UID       PID    %usr %system  %guest   %wait    %CPU   CPU  Command
06:15:34        0    115575    7.00    0.00    0.00    0.00    7.00     6  hector_mapping_

06:15:33      UID       PID  minflt/s  majflt/s     VSZ     RSS   %MEM  Command
06:15:34        0    115575      0.00      0.00 1075116  451088   2.89  hector_mapping_

06:15:34      UID       PID    %usr %system  %guest   %wait    %CPU   CPU  Command
06:15:35        0    115575    6.00    1.00    0.00    0.00    7.00     7  hector_mapping_

06:15:34      UID       PID  minflt/s  majflt/s     VSZ     RSS   %MEM  Command
06:15:35        0    115575      0.00      0.00 1075116  451088   2.89  hector_mapping_

06:15:35      UID       PID    %usr %system  %guest   %wait    %CPU   CPU  Command
06:15:36        0    115575    5.00    1.00    0.00    0.00    6.00     7  hector_mapping_

06:15:35      UID       PID  minflt/s  majflt/s     VSZ     RSS   %MEM  Command
06:15:36        0    115575      0.00      0.00 1075116  451088   2.89  hector_mapping_

06:15:36      UID       PID    %usr %system  %guest   %wait    %CPU   CPU  Command
06:15:37        0    115575    6.00    1.00    0.00    0.00    7.00     7  hector_mapping_

06:15:36      UID       PID  minflt/s  majflt/s     VSZ     RSS   %MEM  Command
06:15:37        0    115575      0.00      0.00 1075116  451088   2.89  hector_mapping_

06:15:37      UID       PID    %usr %system  %guest   %wait    %CPU   CPU  Command
06:15:38        0    115575    6.00    0.00    0.00    0.00    6.00     7  hector_mapping_

06:15:37      UID       PID  minflt/s  majflt/s     VSZ     RSS   %MEM  Command
06:15:38        0    115575      0.00      0.00 1075116  451088   2.89  hector_mapping_

06:15:38      UID       PID    %usr %system  %guest   %wait    %CPU   CPU  Command
06:15:39        0    115575    6.00    1.00    0.00    0.00    7.00     7  hector_mapping_

06:15:38      UID       PID  minflt/s  majflt/s     VSZ     RSS   %MEM  Command
06:15:39        0    115575      0.00      0.00 1075116  451088   2.89  hector_mapping_

06:15:39      UID       PID    %usr %system  %guest   %wait    %CPU   CPU  Command
06:15:40        0    115575    6.00    0.00    0.00    0.00    6.00     7  hector_mapping_

06:15:39      UID       PID  minflt/s  majflt/s     VSZ     RSS   %MEM  Command
06:15:40        0    115575      0.00      0.00 1075116  451088   2.89  hector_mapping_

06:15:40      UID       PID    %usr %system  %guest   %wait    %CPU   CPU  Command
06:15:41        0    115575    6.00    1.00    0.00    0.00    7.00     7  hector_mapping_

06:15:40      UID       PID  minflt/s  majflt/s     VSZ     RSS   %MEM  Command
06:15:41        0    115575      0.00      0.00 1075116  451088   2.89  hector_mapping_

06:15:41      UID       PID    %usr %system  %guest   %wait    %CPU   CPU  Command
06:15:42        0    115575    7.00    0.00    0.00    0.00    7.00     7  hector_mapping_

06:15:41      UID       PID  minflt/s  majflt/s     VSZ     RSS   %MEM  Command
06:15:42        0    115575      0.00      0.00 1075116  451088   2.89  hector_mapping_

06:15:42      UID       PID    %usr %system  %guest   %wait    %CPU   CPU  Command
06:15:43        0    115575    6.00    1.00    0.00    0.00    7.00     7  hector_mapping_

06:15:42      UID       PID  minflt/s  majflt/s     VSZ     RSS   %MEM  Command
06:15:43        0    115575      0.00      0.00 1075116  451088   2.89  hector_mapping_

06:15:43      UID       PID    %usr %system  %guest   %wait    %CPU   CPU  Command
06:15:44        0    115575    6.00    0.00    0.00    0.00    6.00     7  hector_mapping_

06:15:43      UID       PID  minflt/s  majflt/s     VSZ     RSS   %MEM  Command
06:15:44        0    115575      0.00      0.00 1075116  451088   2.89  hector_mapping_

06:15:44      UID       PID    %usr %system  %guest   %wait    %CPU   CPU  Command
06:15:45        0    115575    6.00    1.00    0.00    0.00    7.00     7  hector_mapping_

06:15:44      UID       PID  minflt/s  majflt/s     VSZ     RSS   %MEM  Command
06:15:45        0    115575      0.00      0.00 1075116  451088   2.89  hector_mapping_

06:15:45      UID       PID    %usr %system  %guest   %wait    %CPU   CPU  Command
06:15:46        0    115575    6.00    0.00    0.00    0.00    6.00     7  hector_mapping_

06:15:45      UID       PID  minflt/s  majflt/s     VSZ     RSS   %MEM  Command
06:15:46        0    115575      0.00      0.00 1075116  451088   2.89  hector_mapping_

06:15:46      UID       PID    %usr %system  %guest   %wait    %CPU   CPU  Command
06:15:47        0    115575    6.00    1.00    0.00    0.00    7.00     7  hector_mapping_

06:15:46      UID       PID  minflt/s  majflt/s     VSZ     RSS   %MEM  Command
06:15:47        0    115575      0.00      0.00 1075116  451088   2.89  hector_mapping_

06:15:47      UID       PID    %usr %system  %guest   %wait    %CPU   CPU  Command
06:15:48        0    115575    6.00    0.00    0.00    0.00    6.00     8  hector_mapping_

06:15:47      UID       PID  minflt/s  majflt/s     VSZ     RSS   %MEM  Command
06:15:48        0    115575      0.00      0.00 1075116  451088   2.89  hector_mapping_

06:15:48      UID       PID    %usr %system  %guest   %wait    %CPU   CPU  Command
06:15:49        0    115575    7.00    1.00    0.00    0.00    8.00     7  hector_mapping_

06:15:48      UID       PID  minflt/s  majflt/s     VSZ     RSS   %MEM  Command
06:15:49        0    115575      0.00      0.00 1075116  451088   2.89  hector_mapping_

06:15:49      UID       PID    %usr %system  %guest   %wait    %CPU   CPU  Command
06:15:50        0    115575    5.00    1.00    0.00    0.00    6.00     3  hector_mapping_

06:15:49      UID       PID  minflt/s  majflt/s     VSZ     RSS   %MEM  Command
06:15:50        0    115575      0.00      0.00 1075116  451088   2.89  hector_mapping_

06:15:50      UID       PID    %usr %system  %guest   %wait    %CPU   CPU  Command
06:15:51        0    115575    6.00    1.00    0.00    0.00    7.00     8  hector_mapping_

06:15:50      UID       PID  minflt/s  majflt/s     VSZ     RSS   %MEM  Command
06:15:51        0    115575      0.00      0.00 1075116  451088   2.89  hector_mapping_

06:15:51      UID       PID    %usr %system  %guest   %wait    %CPU   CPU  Command
06:15:52        0    115575    6.00    1.00    0.00    0.00    7.00     6  hector_mapping_

06:15:51      UID       PID  minflt/s  majflt/s     VSZ     RSS   %MEM  Command
06:15:52        0    115575      0.00      0.00 1075116  451088   2.89  hector_mapping_

06:15:52      UID       PID    %usr %system  %guest   %wait    %CPU   CPU  Command
06:15:53        0    115575    6.00    0.00    0.00    0.00    6.00     6  hector_mapping_

06:15:52      UID       PID  minflt/s  majflt/s     VSZ     RSS   %MEM  Command
06:15:53        0    115575      0.00      0.00 1075116  451088   2.89  hector_mapping_

06:15:53      UID       PID    %usr %system  %guest   %wait    %CPU   CPU  Command
06:15:54        0    115575    7.00    1.00    0.00    0.00    8.00     3  hector_mapping_

06:15:53      UID       PID  minflt/s  majflt/s     VSZ     RSS   %MEM  Command
06:15:54        0    115575      0.00      0.00 1075116  451088   2.89  hector_mapping_

06:15:54      UID       PID    %usr %system  %guest   %wait    %CPU   CPU  Command
06:15:55        0    115575    6.00    1.00    0.00    0.00    7.00     3  hector_mapping_

06:15:54      UID       PID  minflt/s  majflt/s     VSZ     RSS   %MEM  Command
06:15:55        0    115575      0.00      0.00 1075116  451088   2.89  hector_mapping_

06:15:55      UID       PID    %usr %system  %guest   %wait    %CPU   CPU  Command
06:15:56        0    115575    6.00    0.00    0.00    0.00    6.00     3  hector_mapping_

06:15:55      UID       PID  minflt/s  majflt/s     VSZ     RSS   %MEM  Command
06:15:56        0    115575      0.00      0.00 1075116  451088   2.89  hector_mapping_

06:15:56      UID       PID    %usr %system  %guest   %wait    %CPU   CPU  Command
06:15:57        0    115575    6.00    1.00    0.00    0.00    7.00     3  hector_mapping_

06:15:56      UID       PID  minflt/s  majflt/s     VSZ     RSS   %MEM  Command
06:15:57        0    115575      0.00      0.00 1075116  451088   2.89  hector_mapping_

06:15:57      UID       PID    %usr %system  %guest   %wait    %CPU   CPU  Command
06:15:58        0    115575    7.00    0.00    0.00    0.00    7.00     3  hector_mapping_

06:15:57      UID       PID  minflt/s  majflt/s     VSZ     RSS   %MEM  Command
06:15:58        0    115575      0.00      0.00 1075116  451088   2.89  hector_mapping_

06:15:58      UID       PID    %usr %system  %guest   %wait    %CPU   CPU  Command
06:15:59        0    115575    6.00    1.00    0.00    0.00    7.00     2  hector_mapping_

06:15:58      UID       PID  minflt/s  majflt/s     VSZ     RSS   %MEM  Command
06:15:59        0    115575      0.00      0.00 1075116  451088   2.89  hector_mapping_

06:15:59      UID       PID    %usr %system  %guest   %wait    %CPU   CPU  Command
06:16:00        0    115575    6.00    1.00    0.00    0.00    7.00     6  hector_mapping_

06:15:59      UID       PID  minflt/s  majflt/s     VSZ     RSS   %MEM  Command
06:16:00        0    115575      0.00      0.00 1075116  451088   2.89  hector_mapping_

06:16:00      UID       PID    %usr %system  %guest   %wait    %CPU   CPU  Command
06:16:01        0    115575    7.00    0.00    0.00    0.00    7.00     2  hector_mapping_

06:16:00      UID       PID  minflt/s  majflt/s     VSZ     RSS   %MEM  Command
06:16:01        0    115575      0.00      0.00 1075116  451088   2.89  hector_mapping_

06:16:01      UID       PID    %usr %system  %guest   %wait    %CPU   CPU  Command
06:16:02        0    115575    6.00    1.00    0.00    0.00    7.00     2  hector_mapping_

06:16:01      UID       PID  minflt/s  majflt/s     VSZ     RSS   %MEM  Command
06:16:02        0    115575      0.00      0.00 1075116  451088   2.89  hector_mapping_

06:16:02      UID       PID    %usr %system  %guest   %wait    %CPU   CPU  Command
06:16:03        0    115575    6.00    0.00    0.00    0.00    6.00     2  hector_mapping_

06:16:02      UID       PID  minflt/s  majflt/s     VSZ     RSS   %MEM  Command
06:16:03        0    115575      0.00      0.00 1075116  451088   2.89  hector_mapping_

06:16:03      UID       PID    %usr %system  %guest   %wait    %CPU   CPU  Command
06:16:04        0    115575    7.00    1.00    0.00    0.00    8.00     2  hector_mapping_

06:16:03      UID       PID  minflt/s  majflt/s     VSZ     RSS   %MEM  Command
06:16:04        0    115575      0.00      0.00 1075116  451088   2.89  hector_mapping_

06:16:04      UID       PID    %usr %system  %guest   %wait    %CPU   CPU  Command
06:16:05        0    115575    6.00    1.00    0.00    0.00    7.00    10  hector_mapping_

06:16:04      UID       PID  minflt/s  majflt/s     VSZ     RSS   %MEM  Command
06:16:05        0    115575      0.00      0.00 1075116  451088   2.89  hector_mapping_

06:16:05      UID       PID    %usr %system  %guest   %wait    %CPU   CPU  Command
06:16:06        0    115575    6.00    0.00    0.00    0.00    6.00    10  hector_mapping_

06:16:05      UID       PID  minflt/s  majflt/s     VSZ     RSS   %MEM  Command
06:16:06        0    115575      0.00      0.00 1075116  451088   2.89  hector_mapping_

06:16:06      UID       PID    %usr %system  %guest   %wait    %CPU   CPU  Command
06:16:07        0    115575    7.00    1.00    0.00    0.00    8.00     2  hector_mapping_

06:16:06      UID       PID  minflt/s  majflt/s     VSZ     RSS   %MEM  Command
06:16:07        0    115575      0.00      0.00 1075116  451088   2.89  hector_mapping_

06:16:07      UID       PID    %usr %system  %guest   %wait    %CPU   CPU  Command
06:16:08        0    115575    6.00    0.00    0.00    0.00    6.00     2  hector_mapping_

06:16:07      UID       PID  minflt/s  majflt/s     VSZ     RSS   %MEM  Command
06:16:08        0    115575      0.00      0.00 1075116  451088   2.89  hector_mapping_

06:16:08      UID       PID    %usr %system  %guest   %wait    %CPU   CPU  Command
06:16:09        0    115575    6.00    1.00    0.00    0.00    7.00     2  hector_mapping_

06:16:08      UID       PID  minflt/s  majflt/s     VSZ     RSS   %MEM  Command
06:16:09        0    115575      0.00      0.00 1075116  451088   2.89  hector_mapping_

06:16:09      UID       PID    %usr %system  %guest   %wait    %CPU   CPU  Command
06:16:10        0    115575    6.00    0.00    0.00    0.00    6.00     2  hector_mapping_

06:16:09      UID       PID  minflt/s  majflt/s     VSZ     RSS   %MEM  Command
06:16:10        0    115575      0.00      0.00 1075116  451088   2.89  hector_mapping_

06:16:10      UID       PID    %usr %system  %guest   %wait    %CPU   CPU  Command
06:16:11        0    115575    7.00    0.00    0.00    0.00    7.00    14  hector_mapping_

06:16:10      UID       PID  minflt/s  majflt/s     VSZ     RSS   %MEM  Command
06:16:11        0    115575      0.00      0.00 1075116  451088   2.89  hector_mapping_

06:16:11      UID       PID    %usr %system  %guest   %wait    %CPU   CPU  Command
06:16:12        0    115575    6.00    1.00    0.00    0.00    7.00    10  hector_mapping_

06:16:11      UID       PID  minflt/s  majflt/s     VSZ     RSS   %MEM  Command
06:16:12        0    115575      0.00      0.00 1075116  451088   2.89  hector_mapping_

06:16:12      UID       PID    %usr %system  %guest   %wait    %CPU   CPU  Command
06:16:13        0    115575    6.00    0.00    0.00    0.00    6.00     6  hector_mapping_

06:16:12      UID       PID  minflt/s  majflt/s     VSZ     RSS   %MEM  Command
06:16:13        0    115575      0.00      0.00 1075116  451088   2.89  hector_mapping_

06:16:13      UID       PID    %usr %system  %guest   %wait    %CPU   CPU  Command
06:16:14        0    115575    5.00    1.00    0.00    0.00    6.00     6  hector_mapping_

06:16:13      UID       PID  minflt/s  majflt/s     VSZ     RSS   %MEM  Command
06:16:14        0    115575      0.00      0.00 1075116  451088   2.89  hector_mapping_

06:16:14      UID       PID    %usr %system  %guest   %wait    %CPU   CPU  Command
06:16:15        0    115575    7.00    1.00    0.00    0.00    8.00     0  hector_mapping_

06:16:14      UID       PID  minflt/s  majflt/s     VSZ     RSS   %MEM  Command
06:16:15        0    115575      0.00      0.00 1075116  451088   2.89  hector_mapping_

06:16:15      UID       PID    %usr %system  %guest   %wait    %CPU   CPU  Command
06:16:16        0    115575    6.00    0.00    0.00    0.00    6.00     0  hector_mapping_

06:16:15      UID       PID  minflt/s  majflt/s     VSZ     RSS   %MEM  Command
06:16:16        0    115575      0.00      0.00 1075116  451088   2.89  hector_mapping_

06:16:16      UID       PID    %usr %system  %guest   %wait    %CPU   CPU  Command
06:16:17        0    115575    5.00    1.00    0.00    0.00    6.00     0  hector_mapping_

06:16:16      UID       PID  minflt/s  majflt/s     VSZ     RSS   %MEM  Command
06:16:17        0    115575      0.00      0.00 1075116  451088   2.89  hector_mapping_

06:16:17      UID       PID    %usr %system  %guest   %wait    %CPU   CPU  Command
06:16:18        0    115575    6.00    0.00    0.00    0.00    6.00     6  hector_mapping_

06:16:17      UID       PID  minflt/s  majflt/s     VSZ     RSS   %MEM  Command
06:16:18        0    115575      0.00      0.00 1075116  451088   2.89  hector_mapping_

06:16:18      UID       PID    %usr %system  %guest   %wait    %CPU   CPU  Command
06:16:19        0    115575    7.00    1.00    0.00    0.00    8.00     6  hector_mapping_

06:16:18      UID       PID  minflt/s  majflt/s     VSZ     RSS   %MEM  Command
06:16:19        0    115575      0.00      0.00 1075116  451088   2.89  hector_mapping_

06:16:19      UID       PID    %usr %system  %guest   %wait    %CPU   CPU  Command
06:16:20        0    115575    6.00    0.00    0.00    0.00    6.00     0  hector_mapping_

06:16:19      UID       PID  minflt/s  majflt/s     VSZ     RSS   %MEM  Command
06:16:20        0    115575      0.00      0.00 1075116  451088   2.89  hector_mapping_

06:16:20      UID       PID    %usr %system  %guest   %wait    %CPU   CPU  Command
06:16:21        0    115575    5.00    1.00    0.00    0.00    6.00     6  hector_mapping_

06:16:20      UID       PID  minflt/s  majflt/s     VSZ     RSS   %MEM  Command
06:16:21        0    115575      0.00      0.00 1075116  451088   2.89  hector_mapping_

06:16:21      UID       PID    %usr %system  %guest   %wait    %CPU   CPU  Command
06:16:22        0    115575    5.00    1.00    0.00    0.00    6.00     6  hector_mapping_

06:16:21      UID       PID  minflt/s  majflt/s     VSZ     RSS   %MEM  Command
06:16:22        0    115575      0.00      0.00 1075116  451088   2.89  hector_mapping_

06:16:22      UID       PID    %usr %system  %guest   %wait    %CPU   CPU  Command
06:16:23        0    115575    6.00    1.00    0.00    0.00    7.00     6  hector_mapping_

06:16:22      UID       PID  minflt/s  majflt/s     VSZ     RSS   %MEM  Command
06:16:23        0    115575      0.00      0.00 1075116  451088   2.89  hector_mapping_

06:16:23      UID       PID    %usr %system  %guest   %wait    %CPU   CPU  Command
06:16:24        0    115575    6.00    0.00    0.00    0.00    6.00     6  hector_mapping_

06:16:23      UID       PID  minflt/s  majflt/s     VSZ     RSS   %MEM  Command
06:16:24        0    115575      0.00      0.00 1075116  451088   2.89  hector_mapping_

06:16:24      UID       PID    %usr %system  %guest   %wait    %CPU   CPU  Command
06:16:25        0    115575    5.00    2.00    0.00    0.00    7.00    14  hector_mapping_

06:16:24      UID       PID  minflt/s  majflt/s     VSZ     RSS   %MEM  Command
06:16:25        0    115575      0.00      0.00 1075116  451088   2.89  hector_mapping_

06:16:25      UID       PID    %usr %system  %guest   %wait    %CPU   CPU  Command
06:16:26        0    115575    6.00    0.00    0.00    0.00    6.00     8  hector_mapping_

06:16:25      UID       PID  minflt/s  majflt/s     VSZ     RSS   %MEM  Command
06:16:26        0    115575      0.00      0.00 1075116  451088   2.89  hector_mapping_

06:16:26      UID       PID    %usr %system  %guest   %wait    %CPU   CPU  Command
06:16:27        0    115575    6.00    0.00    0.00    0.00    6.00     2  hector_mapping_

06:16:26      UID       PID  minflt/s  majflt/s     VSZ     RSS   %MEM  Command
06:16:27        0    115575      0.00      0.00 1075116  451088   2.89  hector_mapping_

06:16:27      UID       PID    %usr %system  %guest   %wait    %CPU   CPU  Command
06:16:28        0    115575    6.00    1.00    0.00    0.00    7.00    10  hector_mapping_

06:16:27      UID       PID  minflt/s  majflt/s     VSZ     RSS   %MEM  Command
06:16:28        0    115575      0.00      0.00 1075116  451088   2.89  hector_mapping_

06:16:28      UID       PID    %usr %system  %guest   %wait    %CPU   CPU  Command
06:16:29        0    115575    7.00    0.00    0.00    0.00    7.00     6  hector_mapping_

06:16:28      UID       PID  minflt/s  majflt/s     VSZ     RSS   %MEM  Command
06:16:29        0    115575      0.00      0.00 1075116  451088   2.89  hector_mapping_

06:16:29      UID       PID    %usr %system  %guest   %wait    %CPU   CPU  Command
06:16:30        0    115575    5.00    1.00    0.00    0.00    6.00    14  hector_mapping_

06:16:29      UID       PID  minflt/s  majflt/s     VSZ     RSS   %MEM  Command
06:16:30        0    115575      0.00      0.00 1075116  451088   2.89  hector_mapping_

06:16:30      UID       PID    %usr %system  %guest   %wait    %CPU   CPU  Command
06:16:31        0    115575    7.00    1.00    0.00    0.00    8.00    14  hector_mapping_

06:16:30      UID       PID  minflt/s  majflt/s     VSZ     RSS   %MEM  Command
06:16:31        0    115575      0.00      0.00 1075116  451088   2.89  hector_mapping_

06:16:31      UID       PID    %usr %system  %guest   %wait    %CPU   CPU  Command
06:16:32        0    115575    6.00    0.00    0.00    0.00    6.00     6  hector_mapping_

06:16:31      UID       PID  minflt/s  majflt/s     VSZ     RSS   %MEM  Command
06:16:32        0    115575      0.00      0.00 1075116  451088   2.89  hector_mapping_

06:16:32      UID       PID    %usr %system  %guest   %wait    %CPU   CPU  Command
06:16:33        0    115575    6.00    1.00    0.00    0.00    7.00     4  hector_mapping_

06:16:32      UID       PID  minflt/s  majflt/s     VSZ     RSS   %MEM  Command
06:16:33        0    115575      0.00      0.00 1075116  451088   2.89  hector_mapping_

06:16:33      UID       PID    %usr %system  %guest   %wait    %CPU   CPU  Command
06:16:34        0    115575    6.00    0.00    0.00    0.00    6.00     8  hector_mapping_

06:16:33      UID       PID  minflt/s  majflt/s     VSZ     RSS   %MEM  Command
06:16:34        0    115575      0.00      0.00 1075116  451088   2.89  hector_mapping_

06:16:34      UID       PID    %usr %system  %guest   %wait    %CPU   CPU  Command
06:16:35        0    115575    6.00    1.00    0.00    0.00    7.00     6  hector_mapping_

06:16:34      UID       PID  minflt/s  majflt/s     VSZ     RSS   %MEM  Command
06:16:35        0    115575      0.00      0.00 1075116  451088   2.89  hector_mapping_

06:16:35      UID       PID    %usr %system  %guest   %wait    %CPU   CPU  Command
06:16:36        0    115575    6.00    0.00    0.00    0.00    6.00     6  hector_mapping_

06:16:35      UID       PID  minflt/s  majflt/s     VSZ     RSS   %MEM  Command
06:16:36        0    115575      0.00      0.00 1075116  451088   2.89  hector_mapping_

06:16:36      UID       PID    %usr %system  %guest   %wait    %CPU   CPU  Command
06:16:37        0    115575    6.00    0.00    0.00    0.00    6.00     6  hector_mapping_

06:16:36      UID       PID  minflt/s  majflt/s     VSZ     RSS   %MEM  Command
06:16:37        0    115575      0.00      0.00 1075116  451088   2.89  hector_mapping_

06:16:37      UID       PID    %usr %system  %guest   %wait    %CPU   CPU  Command
06:16:38        0    115575    7.00    1.00    0.00    0.00    8.00     4  hector_mapping_

06:16:37      UID       PID  minflt/s  majflt/s     VSZ     RSS   %MEM  Command
06:16:38        0    115575      0.00      0.00 1075116  451088   2.89  hector_mapping_

06:16:38      UID       PID    %usr %system  %guest   %wait    %CPU   CPU  Command
06:16:39        0    115575    6.00    0.00    0.00    0.00    6.00     4  hector_mapping_

06:16:38      UID       PID  minflt/s  majflt/s     VSZ     RSS   %MEM  Command
06:16:39        0    115575      0.00      0.00 1075116  451088   2.89  hector_mapping_

06:16:39      UID       PID    %usr %system  %guest   %wait    %CPU   CPU  Command
06:16:40        0    115575    6.00    1.00    0.00    0.00    7.00     6  hector_mapping_

06:16:39      UID       PID  minflt/s  majflt/s     VSZ     RSS   %MEM  Command
06:16:40        0    115575      0.00      0.00 1075116  451088   2.89  hector_mapping_

06:16:40      UID       PID    %usr %system  %guest   %wait    %CPU   CPU  Command
06:16:41        0    115575    7.00    0.00    0.00    0.00    7.00     6  hector_mapping_

06:16:40      UID       PID  minflt/s  majflt/s     VSZ     RSS   %MEM  Command
06:16:41        0    115575      0.00      0.00 1075116  451088   2.89  hector_mapping_

06:16:41      UID       PID    %usr %system  %guest   %wait    %CPU   CPU  Command
06:16:42        0    115575    6.00    0.00    0.00    0.00    6.00    10  hector_mapping_

06:16:41      UID       PID  minflt/s  majflt/s     VSZ     RSS   %MEM  Command
06:16:42        0    115575      0.00      0.00 1075116  451088   2.89  hector_mapping_

06:16:42      UID       PID    %usr %system  %guest   %wait    %CPU   CPU  Command
06:16:43        0    115575    7.00    1.00    0.00    0.00    8.00     8  hector_mapping_

06:16:42      UID       PID  minflt/s  majflt/s     VSZ     RSS   %MEM  Command
06:16:43        0    115575      0.00      0.00 1075116  451088   2.89  hector_mapping_

06:16:43      UID       PID    %usr %system  %guest   %wait    %CPU   CPU  Command
06:16:44        0    115575    5.00    1.00    0.00    0.00    6.00     2  hector_mapping_

06:16:43      UID       PID  minflt/s  majflt/s     VSZ     RSS   %MEM  Command
06:16:44        0    115575      0.00      0.00 1075116  451088   2.89  hector_mapping_

06:16:44      UID       PID    %usr %system  %guest   %wait    %CPU   CPU  Command
06:16:45        0    115575    7.00    1.00    0.00    0.00    8.00     8  hector_mapping_

06:16:44      UID       PID  minflt/s  majflt/s     VSZ     RSS   %MEM  Command
06:16:45        0    115575      0.00      0.00 1075116  451088   2.89  hector_mapping_

06:16:45      UID       PID    %usr %system  %guest   %wait    %CPU   CPU  Command
06:16:46        0    115575    6.00    0.00    0.00    0.00    6.00     6  hector_mapping_

06:16:45      UID       PID  minflt/s  majflt/s     VSZ     RSS   %MEM  Command
06:16:46        0    115575      0.00      0.00 1075116  451088   2.89  hector_mapping_

06:16:46      UID       PID    %usr %system  %guest   %wait    %CPU   CPU  Command
06:16:47        0    115575    6.00    1.00    0.00    0.00    7.00    10  hector_mapping_

06:16:46      UID       PID  minflt/s  majflt/s     VSZ     RSS   %MEM  Command
06:16:47        0    115575      0.00      0.00 1075116  451088   2.89  hector_mapping_

06:16:47      UID       PID    %usr %system  %guest   %wait    %CPU   CPU  Command
06:16:48        0    115575    6.00    1.00    0.00    0.00    7.00     2  hector_mapping_

06:16:47      UID       PID  minflt/s  majflt/s     VSZ     RSS   %MEM  Command
06:16:48        0    115575      0.00      0.00 1075116  451088   2.89  hector_mapping_

06:16:48      UID       PID    %usr %system  %guest   %wait    %CPU   CPU  Command
06:16:49        0    115575    6.00    1.00    0.00    0.00    7.00     2  hector_mapping_

06:16:48      UID       PID  minflt/s  majflt/s     VSZ     RSS   %MEM  Command
06:16:49        0    115575      0.00      0.00 1075116  451088   2.89  hector_mapping_

06:16:49      UID       PID    %usr %system  %guest   %wait    %CPU   CPU  Command
06:16:50        0    115575    6.00    1.00    0.00    0.00    7.00    10  hector_mapping_

06:16:49      UID       PID  minflt/s  majflt/s     VSZ     RSS   %MEM  Command
06:16:50        0    115575      0.00      0.00 1075116  451088   2.89  hector_mapping_

06:16:50      UID       PID    %usr %system  %guest   %wait    %CPU   CPU  Command
06:16:51        0    115575    6.00    0.00    0.00    0.00    6.00     2  hector_mapping_

06:16:50      UID       PID  minflt/s  majflt/s     VSZ     RSS   %MEM  Command
06:16:51        0    115575      0.00      0.00 1075116  451088   2.89  hector_mapping_

06:16:51      UID       PID    %usr %system  %guest   %wait    %CPU   CPU  Command
06:16:52        0    115575    6.00    1.00    0.00    0.00    7.00     2  hector_mapping_

06:16:51      UID       PID  minflt/s  majflt/s     VSZ     RSS   %MEM  Command
06:16:52        0    115575      0.00      0.00 1075116  451088   2.89  hector_mapping_

06:16:52      UID       PID    %usr %system  %guest   %wait    %CPU   CPU  Command
06:16:53        0    115575    6.00    1.00    0.00    0.00    7.00     6  hector_mapping_

06:16:52      UID       PID  minflt/s  majflt/s     VSZ     RSS   %MEM  Command
06:16:53        0    115575      0.00      0.00 1075116  451088   2.89  hector_mapping_

06:16:53      UID       PID    %usr %system  %guest   %wait    %CPU   CPU  Command
06:16:54        0    115575    6.00    0.00    0.00    0.00    6.00     6  hector_mapping_

06:16:53      UID       PID  minflt/s  majflt/s     VSZ     RSS   %MEM  Command
06:16:54        0    115575      0.00      0.00 1075116  451088   2.89  hector_mapping_

06:16:54      UID       PID    %usr %system  %guest   %wait    %CPU   CPU  Command
06:16:55        0    115575    6.00    1.00    0.00    0.00    7.00     6  hector_mapping_

06:16:54      UID       PID  minflt/s  majflt/s     VSZ     RSS   %MEM  Command
06:16:55        0    115575      0.00      0.00 1075116  451088   2.89  hector_mapping_

06:16:55      UID       PID    %usr %system  %guest   %wait    %CPU   CPU  Command
06:16:56        0    115575    7.00    0.00    0.00    0.00    7.00     2  hector_mapping_

06:16:55      UID       PID  minflt/s  majflt/s     VSZ     RSS   %MEM  Command
06:16:56        0    115575      0.00      0.00 1075116  451088   2.89  hector_mapping_

06:16:56      UID       PID    %usr %system  %guest   %wait    %CPU   CPU  Command
06:16:57        0    115575    6.00    1.00    0.00    0.00    7.00     6  hector_mapping_

06:16:56      UID       PID  minflt/s  majflt/s     VSZ     RSS   %MEM  Command
06:16:57        0    115575      0.00      0.00 1075116  451088   2.89  hector_mapping_

06:16:57      UID       PID    %usr %system  %guest   %wait    %CPU   CPU  Command
06:16:58        0    115575    6.00    0.00    0.00    0.00    6.00     6  hector_mapping_

06:16:57      UID       PID  minflt/s  majflt/s     VSZ     RSS   %MEM  Command
06:16:58        0    115575      0.00      0.00 1075116  451088   2.89  hector_mapping_

06:16:58      UID       PID    %usr %system  %guest   %wait    %CPU   CPU  Command
06:16:59        0    115575    6.00    1.00    0.00    0.00    7.00     6  hector_mapping_

06:16:58      UID       PID  minflt/s  majflt/s     VSZ     RSS   %MEM  Command
06:16:59        0    115575      0.00      0.00 1075116  451088   2.89  hector_mapping_

06:16:59      UID       PID    %usr %system  %guest   %wait    %CPU   CPU  Command
06:17:00        0    115575    6.00    1.00    0.00    0.00    7.00     2  hector_mapping_

06:16:59      UID       PID  minflt/s  majflt/s     VSZ     RSS   %MEM  Command
06:17:00        0    115575      0.00      0.00 1075116  451088   2.89  hector_mapping_

06:17:00      UID       PID    %usr %system  %guest   %wait    %CPU   CPU  Command
06:17:01        0    115575    6.00    0.00    0.00    0.00    6.00     4  hector_mapping_

06:17:00      UID       PID  minflt/s  majflt/s     VSZ     RSS   %MEM  Command
06:17:01        0    115575      0.00      0.00 1075116  451088   2.89  hector_mapping_

06:17:01      UID       PID    %usr %system  %guest   %wait    %CPU   CPU  Command
06:17:02        0    115575    6.00    1.00    0.00    0.00    7.00     6  hector_mapping_

06:17:01      UID       PID  minflt/s  majflt/s     VSZ     RSS   %MEM  Command
06:17:02        0    115575      0.00      0.00 1075116  451088   2.89  hector_mapping_

06:17:02      UID       PID    %usr %system  %guest   %wait    %CPU   CPU  Command
06:17:03        0    115575    6.00    0.00    0.00    0.00    6.00    10  hector_mapping_

06:17:02      UID       PID  minflt/s  majflt/s     VSZ     RSS   %MEM  Command
06:17:03        0    115575      0.00      0.00 1075116  451088   2.89  hector_mapping_

06:17:03      UID       PID    %usr %system  %guest   %wait    %CPU   CPU  Command
06:17:04        0    115575    6.00    1.00    0.00    0.00    7.00     2  hector_mapping_

06:17:03      UID       PID  minflt/s  majflt/s     VSZ     RSS   %MEM  Command
06:17:04        0    115575      0.00      0.00 1075116  451088   2.89  hector_mapping_

06:17:04      UID       PID    %usr %system  %guest   %wait    %CPU   CPU  Command
06:17:05        0    115575    6.00    0.00    0.00    0.00    6.00     2  hector_mapping_

06:17:04      UID       PID  minflt/s  majflt/s     VSZ     RSS   %MEM  Command
06:17:05        0    115575      0.00      0.00 1075116  451088   2.89  hector_mapping_

06:17:05      UID       PID    %usr %system  %guest   %wait    %CPU   CPU  Command
06:17:06        0    115575    7.00    1.00    0.00    0.00    8.00     8  hector_mapping_

06:17:05      UID       PID  minflt/s  majflt/s     VSZ     RSS   %MEM  Command
06:17:06        0    115575      0.00      0.00 1075116  451088   2.89  hector_mapping_

06:17:06      UID       PID    %usr %system  %guest   %wait    %CPU   CPU  Command
06:17:07        0    115575    5.94    0.99    0.00    0.00    6.93     2  hector_mapping_

06:17:06      UID       PID  minflt/s  majflt/s     VSZ     RSS   %MEM  Command
06:17:07        0    115575      0.00      0.00 1075116  451088   2.89  hector_mapping_

06:17:07      UID       PID    %usr %system  %guest   %wait    %CPU   CPU  Command
06:17:08        0    115575    6.00    0.00    0.00    0.00    6.00     2  hector_mapping_

06:17:07      UID       PID  minflt/s  majflt/s     VSZ     RSS   %MEM  Command
06:17:08        0    115575      0.00      0.00 1075116  451088   2.89  hector_mapping_

06:17:08      UID       PID    %usr %system  %guest   %wait    %CPU   CPU  Command
06:17:09        0    115575    7.00    0.00    0.00    0.00    7.00     6  hector_mapping_

06:17:08      UID       PID  minflt/s  majflt/s     VSZ     RSS   %MEM  Command
06:17:09        0    115575      0.00      0.00 1075116  451088   2.89  hector_mapping_

06:17:09      UID       PID    %usr %system  %guest   %wait    %CPU   CPU  Command
06:17:10        0    115575    6.00    1.00    0.00    0.00    7.00     2  hector_mapping_

06:17:09      UID       PID  minflt/s  majflt/s     VSZ     RSS   %MEM  Command
06:17:10        0    115575      0.00      0.00 1075116  451088   2.89  hector_mapping_

06:17:10      UID       PID    %usr %system  %guest   %wait    %CPU   CPU  Command
06:17:11        0    115575    5.00    1.00    0.00    0.00    6.00     3  hector_mapping_

06:17:10      UID       PID  minflt/s  majflt/s     VSZ     RSS   %MEM  Command
06:17:11        0    115575      0.00      0.00 1075116  451088   2.89  hector_mapping_

06:17:11      UID       PID    %usr %system  %guest   %wait    %CPU   CPU  Command
06:17:12        0    115575    7.00    1.00    0.00    0.00    8.00     3  hector_mapping_

06:17:11      UID       PID  minflt/s  majflt/s     VSZ     RSS   %MEM  Command
06:17:12        0    115575      0.00      0.00 1075116  451088   2.89  hector_mapping_

06:17:12      UID       PID    %usr %system  %guest   %wait    %CPU   CPU  Command
06:17:13        0    115575    6.00    0.00    0.00    0.00    6.00     8  hector_mapping_

06:17:12      UID       PID  minflt/s  majflt/s     VSZ     RSS   %MEM  Command
06:17:13        0    115575      0.00      0.00 1075116  451088   2.89  hector_mapping_

06:17:13      UID       PID    %usr %system  %guest   %wait    %CPU   CPU  Command
06:17:14        0    115575    6.00    1.00    0.00    0.00    7.00     6  hector_mapping_

06:17:13      UID       PID  minflt/s  majflt/s     VSZ     RSS   %MEM  Command
06:17:14        0    115575      0.00      0.00 1075116  451088   2.89  hector_mapping_

06:17:14      UID       PID    %usr %system  %guest   %wait    %CPU   CPU  Command
06:17:15        0    115575    6.00    1.00    0.00    0.00    7.00    14  hector_mapping_

06:17:14      UID       PID  minflt/s  majflt/s     VSZ     RSS   %MEM  Command
06:17:15        0    115575      0.00      0.00 1075116  451088   2.89  hector_mapping_

06:17:15      UID       PID    %usr %system  %guest   %wait    %CPU   CPU  Command
06:17:16        0    115575    6.00    0.00    0.00    0.00    6.00     2  hector_mapping_

06:17:15      UID       PID  minflt/s  majflt/s     VSZ     RSS   %MEM  Command
06:17:16        0    115575      0.00      0.00 1075116  451088   2.89  hector_mapping_

06:17:16      UID       PID    %usr %system  %guest   %wait    %CPU   CPU  Command
06:17:17        0    115575    7.00    1.00    0.00    0.00    8.00    12  hector_mapping_

06:17:16      UID       PID  minflt/s  majflt/s     VSZ     RSS   %MEM  Command
06:17:17        0    115575      0.00      0.00 1075116  451088   2.89  hector_mapping_

06:17:17      UID       PID    %usr %system  %guest   %wait    %CPU   CPU  Command
06:17:18        0    115575    6.00    0.00    0.00    0.00    6.00     2  hector_mapping_

06:17:17      UID       PID  minflt/s  majflt/s     VSZ     RSS   %MEM  Command
06:17:18        0    115575      0.00      0.00 1075116  451088   2.89  hector_mapping_

06:17:18      UID       PID    %usr %system  %guest   %wait    %CPU   CPU  Command
06:17:19        0    115575    6.00    1.00    0.00    0.00    7.00     2  hector_mapping_

06:17:18      UID       PID  minflt/s  majflt/s     VSZ     RSS   %MEM  Command
06:17:19        0    115575      0.00      0.00 1075116  451088   2.89  hector_mapping_

06:17:19      UID       PID    %usr %system  %guest   %wait    %CPU   CPU  Command
06:17:20        0    115575    6.00    1.00    0.00    0.00    7.00     4  hector_mapping_

06:17:19      UID       PID  minflt/s  majflt/s     VSZ     RSS   %MEM  Command
06:17:20        0    115575      0.00      0.00 1075116  451088   2.89  hector_mapping_

06:17:20      UID       PID    %usr %system  %guest   %wait    %CPU   CPU  Command
06:17:21        0    115575    6.00    0.00    0.00    0.00    6.00     6  hector_mapping_

06:17:20      UID       PID  minflt/s  majflt/s     VSZ     RSS   %MEM  Command
06:17:21        0    115575      0.00      0.00 1075116  451088   2.89  hector_mapping_

06:17:21      UID       PID    %usr %system  %guest   %wait    %CPU   CPU  Command
06:17:22        0    115575    6.00    1.00    0.00    0.00    7.00     0  hector_mapping_

06:17:21      UID       PID  minflt/s  majflt/s     VSZ     RSS   %MEM  Command
06:17:22        0    115575      0.00      0.00 1075116  451088   2.89  hector_mapping_

06:17:22      UID       PID    %usr %system  %guest   %wait    %CPU   CPU  Command
06:17:23        0    115575    7.00    1.00    0.00    0.00    8.00     2  hector_mapping_

06:17:22      UID       PID  minflt/s  majflt/s     VSZ     RSS   %MEM  Command
06:17:23        0    115575      0.00      0.00 1075116  451088   2.89  hector_mapping_

06:17:23      UID       PID    %usr %system  %guest   %wait    %CPU   CPU  Command
06:17:24        0    115575    6.00    0.00    0.00    0.00    6.00     0  hector_mapping_

06:17:23      UID       PID  minflt/s  majflt/s     VSZ     RSS   %MEM  Command
06:17:24        0    115575      0.00      0.00 1075116  451088   2.89  hector_mapping_

06:17:24      UID       PID    %usr %system  %guest   %wait    %CPU   CPU  Command
06:17:25        0    115575    6.00    1.00    0.00    0.00    7.00     0  hector_mapping_

06:17:24      UID       PID  minflt/s  majflt/s     VSZ     RSS   %MEM  Command
06:17:25        0    115575      0.00      0.00 1075116  451088   2.89  hector_mapping_

06:17:25      UID       PID    %usr %system  %guest   %wait    %CPU   CPU  Command
06:17:26        0    115575    6.00    1.00    0.00    0.00    7.00     6  hector_mapping_

06:17:25      UID       PID  minflt/s  majflt/s     VSZ     RSS   %MEM  Command
06:17:26        0    115575      0.00      0.00 1075116  451088   2.89  hector_mapping_

06:17:26      UID       PID    %usr %system  %guest   %wait    %CPU   CPU  Command
06:17:27        0    115575    7.00    0.00    0.00    0.00    7.00     0  hector_mapping_

06:17:26      UID       PID  minflt/s  majflt/s     VSZ     RSS   %MEM  Command
06:17:27        0    115575      0.00      0.00 1075116  451088   2.89  hector_mapping_

06:17:27      UID       PID    %usr %system  %guest   %wait    %CPU   CPU  Command
06:17:28        0    115575    6.00    1.00    0.00    0.00    7.00     6  hector_mapping_

06:17:27      UID       PID  minflt/s  majflt/s     VSZ     RSS   %MEM  Command
06:17:28        0    115575      0.00      0.00 1075116  451088   2.89  hector_mapping_

06:17:28      UID       PID    %usr %system  %guest   %wait    %CPU   CPU  Command
06:17:29        0    115575    6.00    1.00    0.00    0.00    7.00     8  hector_mapping_

06:17:28      UID       PID  minflt/s  majflt/s     VSZ     RSS   %MEM  Command
06:17:29        0    115575      0.00      0.00 1075116  451088   2.89  hector_mapping_

06:17:29      UID       PID    %usr %system  %guest   %wait    %CPU   CPU  Command
06:17:30        0    115575    6.00    1.00    0.00    0.00    7.00     8  hector_mapping_

06:17:29      UID       PID  minflt/s  majflt/s     VSZ     RSS   %MEM  Command
06:17:30        0    115575      0.00      0.00 1075116  451088   2.89  hector_mapping_

06:17:30      UID       PID    %usr %system  %guest   %wait    %CPU   CPU  Command
06:17:31        0    115575    6.00    0.00    0.00    0.00    6.00    10  hector_mapping_

06:17:30      UID       PID  minflt/s  majflt/s     VSZ     RSS   %MEM  Command
06:17:31        0    115575      0.00      0.00 1075116  451088   2.89  hector_mapping_

06:17:31      UID       PID    %usr %system  %guest   %wait    %CPU   CPU  Command
06:17:32        0    115575    6.00    1.00    0.00    0.00    7.00     0  hector_mapping_

06:17:31      UID       PID  minflt/s  majflt/s     VSZ     RSS   %MEM  Command
06:17:32        0    115575      0.00      0.00 1075116  451088   2.89  hector_mapping_

06:17:32      UID       PID    %usr %system  %guest   %wait    %CPU   CPU  Command
06:17:33        0    115575    7.00    1.00    0.00    0.00    8.00     2  hector_mapping_

06:17:32      UID       PID  minflt/s  majflt/s     VSZ     RSS   %MEM  Command
06:17:33        0    115575      0.00      0.00 1075116  451088   2.89  hector_mapping_

06:17:33      UID       PID    %usr %system  %guest   %wait    %CPU   CPU  Command
06:17:34        0    115575    6.00    0.00    0.00    0.00    6.00     6  hector_mapping_

06:17:33      UID       PID  minflt/s  majflt/s     VSZ     RSS   %MEM  Command
06:17:34        0    115575      0.00      0.00 1075116  451088   2.89  hector_mapping_

06:17:34      UID       PID    %usr %system  %guest   %wait    %CPU   CPU  Command
06:17:35        0    115575    6.00    1.00    0.00    0.00    7.00     6  hector_mapping_

06:17:34      UID       PID  minflt/s  majflt/s     VSZ     RSS   %MEM  Command
06:17:35        0    115575      0.00      0.00 1075116  451088   2.89  hector_mapping_

06:17:35      UID       PID    %usr %system  %guest   %wait    %CPU   CPU  Command
06:17:36        0    115575    6.00    1.00    0.00    0.00    7.00     0  hector_mapping_

06:17:35      UID       PID  minflt/s  majflt/s     VSZ     RSS   %MEM  Command
06:17:36        0    115575      0.00      0.00 1075116  451088   2.89  hector_mapping_

06:17:36      UID       PID    %usr %system  %guest   %wait    %CPU   CPU  Command
06:17:37        0    115575    6.00    1.00    0.00    0.00    7.00     2  hector_mapping_

06:17:36      UID       PID  minflt/s  majflt/s     VSZ     RSS   %MEM  Command
06:17:37        0    115575      0.00      0.00 1075116  451088   2.89  hector_mapping_

06:17:37      UID       PID    %usr %system  %guest   %wait    %CPU   CPU  Command
06:17:38        0    115575    7.00    0.00    0.00    0.00    7.00     0  hector_mapping_

06:17:37      UID       PID  minflt/s  majflt/s     VSZ     RSS   %MEM  Command
06:17:38        0    115575      0.00      0.00 1075116  451088   2.89  hector_mapping_

06:17:38      UID       PID    %usr %system  %guest   %wait    %CPU   CPU  Command
06:17:39        0    115575    6.00    1.00    0.00    0.00    7.00     6  hector_mapping_

06:17:38      UID       PID  minflt/s  majflt/s     VSZ     RSS   %MEM  Command
06:17:39        0    115575      0.00      0.00 1075116  451088   2.89  hector_mapping_

06:17:39      UID       PID    %usr %system  %guest   %wait    %CPU   CPU  Command
06:17:40        0    115575    6.00    0.00    0.00    0.00    6.00     6  hector_mapping_

06:17:39      UID       PID  minflt/s  majflt/s     VSZ     RSS   %MEM  Command
06:17:40        0    115575      0.00      0.00 1075116  451088   2.89  hector_mapping_

06:17:40      UID       PID    %usr %system  %guest   %wait    %CPU   CPU  Command
06:17:41        0    115575    6.00    1.00    0.00    0.00    7.00     2  hector_mapping_

06:17:40      UID       PID  minflt/s  majflt/s     VSZ     RSS   %MEM  Command
06:17:41        0    115575      0.00      0.00 1075116  451088   2.89  hector_mapping_

06:17:41      UID       PID    %usr %system  %guest   %wait    %CPU   CPU  Command
06:17:42        0    115575    6.00    1.00    0.00    0.00    7.00     6  hector_mapping_

06:17:41      UID       PID  minflt/s  majflt/s     VSZ     RSS   %MEM  Command
06:17:42        0    115575      0.00      0.00 1075116  451088   2.89  hector_mapping_

06:17:42      UID       PID    %usr %system  %guest   %wait    %CPU   CPU  Command
06:17:43        0    115575    6.00    1.00    0.00    0.00    7.00     6  hector_mapping_

06:17:42      UID       PID  minflt/s  majflt/s     VSZ     RSS   %MEM  Command
06:17:43        0    115575      0.00      0.00 1075116  451088   2.89  hector_mapping_

06:17:43      UID       PID    %usr %system  %guest   %wait    %CPU   CPU  Command
06:17:44        0    115575    7.00    0.00    0.00    0.00    7.00    10  hector_mapping_

06:17:43      UID       PID  minflt/s  majflt/s     VSZ     RSS   %MEM  Command
06:17:44        0    115575      0.00      0.00 1075116  451088   2.89  hector_mapping_

06:17:44      UID       PID    %usr %system  %guest   %wait    %CPU   CPU  Command
06:17:45        0    115575    6.00    1.00    0.00    0.00    7.00    14  hector_mapping_

06:17:44      UID       PID  minflt/s  majflt/s     VSZ     RSS   %MEM  Command
06:17:45        0    115575      0.00      0.00 1075116  451088   2.89  hector_mapping_

06:17:45      UID       PID    %usr %system  %guest   %wait    %CPU   CPU  Command
06:17:46        0    115575    6.00    0.00    0.00    0.00    6.00     6  hector_mapping_

06:17:45      UID       PID  minflt/s  majflt/s     VSZ     RSS   %MEM  Command
06:17:46        0    115575      0.00      0.00 1075116  451088   2.89  hector_mapping_

06:17:46      UID       PID    %usr %system  %guest   %wait    %CPU   CPU  Command
06:17:47        0    115575    7.00    1.00    0.00    0.00    8.00     6  hector_mapping_

06:17:46      UID       PID  minflt/s  majflt/s     VSZ     RSS   %MEM  Command
06:17:47        0    115575      0.00      0.00 1075116  451088   2.89  hector_mapping_

06:17:47      UID       PID    %usr %system  %guest   %wait    %CPU   CPU  Command
06:17:48        0    115575    6.00    0.00    0.00    0.00    6.00     6  hector_mapping_

06:17:47      UID       PID  minflt/s  majflt/s     VSZ     RSS   %MEM  Command
06:17:48        0    115575      0.00      0.00 1075116  451088   2.89  hector_mapping_

06:17:48      UID       PID    %usr %system  %guest   %wait    %CPU   CPU  Command
06:17:49        0    115575    7.00    1.00    0.00    0.00    8.00     6  hector_mapping_

06:17:48      UID       PID  minflt/s  majflt/s     VSZ     RSS   %MEM  Command
06:17:49        0    115575      0.00      0.00 1075116  451088   2.89  hector_mapping_

06:17:49      UID       PID    %usr %system  %guest   %wait    %CPU   CPU  Command
06:17:50        0    115575    5.00    1.00    0.00    0.00    6.00     2  hector_mapping_

06:17:49      UID       PID  minflt/s  majflt/s     VSZ     RSS   %MEM  Command
06:17:50        0    115575      0.00      0.00 1075116  451088   2.89  hector_mapping_

06:17:50      UID       PID    %usr %system  %guest   %wait    %CPU   CPU  Command
06:17:51        0    115575    7.00    0.00    0.00    0.00    7.00    14  hector_mapping_

06:17:50      UID       PID  minflt/s  majflt/s     VSZ     RSS   %MEM  Command
06:17:51        0    115575      0.00      0.00 1075116  451088   2.89  hector_mapping_

06:17:51      UID       PID    %usr %system  %guest   %wait    %CPU   CPU  Command
06:17:52        0    115575    6.00    1.00    0.00    0.00    7.00     6  hector_mapping_

06:17:51      UID       PID  minflt/s  majflt/s     VSZ     RSS   %MEM  Command
06:17:52        0    115575      0.00      0.00 1075116  451088   2.89  hector_mapping_

06:17:52      UID       PID    %usr %system  %guest   %wait    %CPU   CPU  Command
06:17:53        0    115575    6.00    0.00    0.00    0.00    6.00     0  hector_mapping_

06:17:52      UID       PID  minflt/s  majflt/s     VSZ     RSS   %MEM  Command
06:17:53        0    115575      0.00      0.00 1075116  451088   2.89  hector_mapping_

06:17:53      UID       PID    %usr %system  %guest   %wait    %CPU   CPU  Command
06:17:54        0    115575    7.00    1.00    0.00    0.00    8.00     2  hector_mapping_

06:17:53      UID       PID  minflt/s  majflt/s     VSZ     RSS   %MEM  Command
06:17:54        0    115575      0.00      0.00 1075116  451088   2.89  hector_mapping_

06:17:54      UID       PID    %usr %system  %guest   %wait    %CPU   CPU  Command
06:17:55        0    115575    6.00    0.00    0.00    0.00    6.00     2  hector_mapping_

06:17:54      UID       PID  minflt/s  majflt/s     VSZ     RSS   %MEM  Command
06:17:55        0    115575      0.00      0.00 1075116  451088   2.89  hector_mapping_

06:17:55      UID       PID    %usr %system  %guest   %wait    %CPU   CPU  Command
06:17:56        0    115575    6.00    1.00    0.00    0.00    7.00     6  hector_mapping_

06:17:55      UID       PID  minflt/s  majflt/s     VSZ     RSS   %MEM  Command
06:17:56        0    115575      0.00      0.00 1075116  451088   2.89  hector_mapping_

06:17:56      UID       PID    %usr %system  %guest   %wait    %CPU   CPU  Command
06:17:57        0    115575    7.00    1.00    0.00    0.00    8.00     6  hector_mapping_

06:17:56      UID       PID  minflt/s  majflt/s     VSZ     RSS   %MEM  Command
06:17:57        0    115575      0.00      0.00 1075116  451088   2.89  hector_mapping_

06:17:57      UID       PID    %usr %system  %guest   %wait    %CPU   CPU  Command
06:17:58        0    115575    6.00    0.00    0.00    0.00    6.00     6  hector_mapping_

06:17:57      UID       PID  minflt/s  majflt/s     VSZ     RSS   %MEM  Command
06:17:58        0    115575      0.00      0.00 1075116  451088   2.89  hector_mapping_

06:17:58      UID       PID    %usr %system  %guest   %wait    %CPU   CPU  Command
06:17:59        0    115575    6.00    1.00    0.00    0.00    7.00     8  hector_mapping_

06:17:58      UID       PID  minflt/s  majflt/s     VSZ     RSS   %MEM  Command
06:17:59        0    115575      0.00      0.00 1075116  451088   2.89  hector_mapping_

06:17:59      UID       PID    %usr %system  %guest   %wait    %CPU   CPU  Command
06:18:00        0    115575    7.00    0.00    0.00    0.00    7.00     6  hector_mapping_

06:17:59      UID       PID  minflt/s  majflt/s     VSZ     RSS   %MEM  Command
06:18:00        0    115575      0.00      0.00 1075116  451088   2.89  hector_mapping_

06:18:00      UID       PID    %usr %system  %guest   %wait    %CPU   CPU  Command
06:18:01        0    115575    6.00    1.00    0.00    0.00    7.00     2  hector_mapping_

06:18:00      UID       PID  minflt/s  majflt/s     VSZ     RSS   %MEM  Command
06:18:01        0    115575      0.00      0.00 1075116  451088   2.89  hector_mapping_

06:18:01      UID       PID    %usr %system  %guest   %wait    %CPU   CPU  Command
06:18:02        0    115575    6.00    0.00    0.00    0.00    6.00     6  hector_mapping_

06:18:01      UID       PID  minflt/s  majflt/s     VSZ     RSS   %MEM  Command
06:18:02        0    115575      0.00      0.00 1075116  451088   2.89  hector_mapping_

06:18:02      UID       PID    %usr %system  %guest   %wait    %CPU   CPU  Command
06:18:03        0    115575    6.00    2.00    0.00    0.00    8.00     2  hector_mapping_

06:18:02      UID       PID  minflt/s  majflt/s     VSZ     RSS   %MEM  Command
06:18:03        0    115575      0.00      0.00 1075116  451088   2.89  hector_mapping_

06:18:03      UID       PID    %usr %system  %guest   %wait    %CPU   CPU  Command
06:18:04        0    115575    6.00    0.00    0.00    0.00    6.00     3  hector_mapping_

06:18:03      UID       PID  minflt/s  majflt/s     VSZ     RSS   %MEM  Command
06:18:04        0    115575      0.00      0.00 1075116  451088   2.89  hector_mapping_

06:18:04      UID       PID    %usr %system  %guest   %wait    %CPU   CPU  Command
06:18:05        0    115575    6.00    1.00    0.00    0.00    7.00     3  hector_mapping_

06:18:04      UID       PID  minflt/s  majflt/s     VSZ     RSS   %MEM  Command
06:18:05        0    115575      0.00      0.00 1075116  451088   2.89  hector_mapping_

06:18:05      UID       PID    %usr %system  %guest   %wait    %CPU   CPU  Command
06:18:06        0    115575    6.00    1.00    0.00    0.00    7.00     3  hector_mapping_

06:18:05      UID       PID  minflt/s  majflt/s     VSZ     RSS   %MEM  Command
06:18:06        0    115575      0.00      0.00 1075116  451088   2.89  hector_mapping_

06:18:06      UID       PID    %usr %system  %guest   %wait    %CPU   CPU  Command
06:18:07        0    115575    6.00    0.00    0.00    0.00    6.00     3  hector_mapping_

06:18:06      UID       PID  minflt/s  majflt/s     VSZ     RSS   %MEM  Command
06:18:07        0    115575      0.00      0.00 1075116  451088   2.89  hector_mapping_

06:18:07      UID       PID    %usr %system  %guest   %wait    %CPU   CPU  Command
06:18:08        0    115575    7.00    1.00    0.00    0.00    8.00     3  hector_mapping_

06:18:07      UID       PID  minflt/s  majflt/s     VSZ     RSS   %MEM  Command
06:18:08        0    115575      0.00      0.00 1075116  451088   2.89  hector_mapping_

06:18:08      UID       PID    %usr %system  %guest   %wait    %CPU   CPU  Command
06:18:09        0    115575    6.00    0.00    0.00    0.00    6.00     2  hector_mapping_

06:18:08      UID       PID  minflt/s  majflt/s     VSZ     RSS   %MEM  Command
06:18:09        0    115575      0.00      0.00 1075116  451088   2.89  hector_mapping_

06:18:09      UID       PID    %usr %system  %guest   %wait    %CPU   CPU  Command
06:18:10        0    115575    6.00    1.00    0.00    0.00    7.00     3  hector_mapping_

06:18:09      UID       PID  minflt/s  majflt/s     VSZ     RSS   %MEM  Command
06:18:10        0    115575      0.00      0.00 1075116  451088   2.89  hector_mapping_

06:18:10      UID       PID    %usr %system  %guest   %wait    %CPU   CPU  Command
06:18:11        0    115575    6.00    0.00    0.00    0.00    6.00     3  hector_mapping_

06:18:10      UID       PID  minflt/s  majflt/s     VSZ     RSS   %MEM  Command
06:18:11        0    115575      0.00      0.00 1075116  451088   2.89  hector_mapping_

06:18:11      UID       PID    %usr %system  %guest   %wait    %CPU   CPU  Command
06:18:12        0    115575    6.00    0.00    0.00    0.00    6.00     3  hector_mapping_

06:18:11      UID       PID  minflt/s  majflt/s     VSZ     RSS   %MEM  Command
06:18:12        0    115575      0.00      0.00 1075116  451088   2.89  hector_mapping_

06:18:12      UID       PID    %usr %system  %guest   %wait    %CPU   CPU  Command
06:18:13        0    115575    6.00    1.00    0.00    0.00    7.00     3  hector_mapping_

06:18:12      UID       PID  minflt/s  majflt/s     VSZ     RSS   %MEM  Command
06:18:13        0    115575      0.00      0.00 1075116  451088   2.89  hector_mapping_

06:18:13      UID       PID    %usr %system  %guest   %wait    %CPU   CPU  Command
06:18:14        0    115575    6.00    1.00    0.00    0.00    7.00     3  hector_mapping_

06:18:13      UID       PID  minflt/s  majflt/s     VSZ     RSS   %MEM  Command
06:18:14        0    115575      0.00      0.00 1075116  451088   2.89  hector_mapping_

06:18:14      UID       PID    %usr %system  %guest   %wait    %CPU   CPU  Command
06:18:15        0    115575    5.00    0.00    0.00    0.00    5.00     3  hector_mapping_

06:18:14      UID       PID  minflt/s  majflt/s     VSZ     RSS   %MEM  Command
06:18:15        0    115575      0.00      0.00 1075116  451088   2.89  hector_mapping_

06:18:15      UID       PID    %usr %system  %guest   %wait    %CPU   CPU  Command
06:18:16        0    115575    5.00    0.00    0.00    0.00    5.00     3  hector_mapping_

06:18:15      UID       PID  minflt/s  majflt/s     VSZ     RSS   %MEM  Command
06:18:16        0    115575      0.00      0.00 1075116  451088   2.89  hector_mapping_

06:18:16      UID       PID    %usr %system  %guest   %wait    %CPU   CPU  Command
06:18:17        0    115575    4.00    0.00    0.00    0.00    4.00     2  hector_mapping_

06:18:16      UID       PID  minflt/s  majflt/s     VSZ     RSS   %MEM  Command
06:18:17        0    115575      0.00      0.00 1075116  451088   2.89  hector_mapping_

06:18:17      UID       PID    %usr %system  %guest   %wait    %CPU   CPU  Command
06:18:18        0    115575    5.00    1.00    0.00    0.00    6.00     2  hector_mapping_

06:18:17      UID       PID  minflt/s  majflt/s     VSZ     RSS   %MEM  Command
06:18:18        0    115575      0.00      0.00 1075116  451088   2.89  hector_mapping_

06:18:18      UID       PID    %usr %system  %guest   %wait    %CPU   CPU  Command
06:18:19        0    115575    4.00    0.00    0.00    0.00    4.00     4  hector_mapping_

06:18:18      UID       PID  minflt/s  majflt/s     VSZ     RSS   %MEM  Command
06:18:19        0    115575      0.00      0.00 1075116  451088   2.89  hector_mapping_

06:18:19      UID       PID    %usr %system  %guest   %wait    %CPU   CPU  Command
06:18:20        0    115575    5.00    1.00    0.00    0.00    6.00     2  hector_mapping_

06:18:19      UID       PID  minflt/s  majflt/s     VSZ     RSS   %MEM  Command
06:18:20        0    115575      0.00      0.00 1075116  451088   2.89  hector_mapping_

06:18:20      UID       PID    %usr %system  %guest   %wait    %CPU   CPU  Command
06:18:21        0    115575    4.00    0.00    0.00    0.00    4.00     2  hector_mapping_

06:18:20      UID       PID  minflt/s  majflt/s     VSZ     RSS   %MEM  Command
06:18:21        0    115575      0.00      0.00 1075116  451088   2.89  hector_mapping_

06:18:21      UID       PID    %usr %system  %guest   %wait    %CPU   CPU  Command
06:18:22        0    115575    5.00    0.00    0.00    0.00    5.00     6  hector_mapping_

06:18:21      UID       PID  minflt/s  majflt/s     VSZ     RSS   %MEM  Command
06:18:22        0    115575      0.00      0.00 1075116  451088   2.89  hector_mapping_

06:18:22      UID       PID    %usr %system  %guest   %wait    %CPU   CPU  Command
06:18:23        0    115575    5.00    0.00    0.00    0.00    5.00     6  hector_mapping_

06:18:22      UID       PID  minflt/s  majflt/s     VSZ     RSS   %MEM  Command
06:18:23        0    115575      0.00      0.00 1075116  451088   2.89  hector_mapping_

06:18:23      UID       PID    %usr %system  %guest   %wait    %CPU   CPU  Command
06:18:24        0    115575    4.00    1.00    0.00    0.00    5.00     8  hector_mapping_

06:18:23      UID       PID  minflt/s  majflt/s     VSZ     RSS   %MEM  Command
06:18:24        0    115575      0.00      0.00 1075116  451088   2.89  hector_mapping_

06:18:24      UID       PID    %usr %system  %guest   %wait    %CPU   CPU  Command
06:18:25        0    115575    5.00    0.00    0.00    0.00    5.00     2  hector_mapping_

06:18:24      UID       PID  minflt/s  majflt/s     VSZ     RSS   %MEM  Command
06:18:25        0    115575      0.00      0.00 1075116  451088   2.89  hector_mapping_

06:18:25      UID       PID    %usr %system  %guest   %wait    %CPU   CPU  Command
06:18:26        0    115575    4.00    1.00    0.00    0.00    5.00     6  hector_mapping_

06:18:25      UID       PID  minflt/s  majflt/s     VSZ     RSS   %MEM  Command
06:18:26        0    115575      0.00      0.00 1075116  451088   2.89  hector_mapping_

06:18:26      UID       PID    %usr %system  %guest   %wait    %CPU   CPU  Command
06:18:27        0    115575    4.00    0.00    0.00    0.00    4.00     6  hector_mapping_

06:18:26      UID       PID  minflt/s  majflt/s     VSZ     RSS   %MEM  Command
06:18:27        0    115575      0.00      0.00 1075116  451088   2.89  hector_mapping_

06:18:27      UID       PID    %usr %system  %guest   %wait    %CPU   CPU  Command
06:18:28        0    115575    4.00    0.00    0.00    0.00    4.00     2  hector_mapping_

06:18:27      UID       PID  minflt/s  majflt/s     VSZ     RSS   %MEM  Command
06:18:28        0    115575      0.00      0.00 1075116  451088   2.89  hector_mapping_

06:18:28      UID       PID    %usr %system  %guest   %wait    %CPU   CPU  Command
06:18:29        0    115575    5.00    0.00    0.00    0.00    5.00     2  hector_mapping_

06:18:28      UID       PID  minflt/s  majflt/s     VSZ     RSS   %MEM  Command
06:18:29        0    115575      0.00      0.00 1075116  451088   2.89  hector_mapping_

06:18:29      UID       PID    %usr %system  %guest   %wait    %CPU   CPU  Command
06:18:30        0    115575    5.00    0.00    0.00    0.00    5.00     2  hector_mapping_

06:18:29      UID       PID  minflt/s  majflt/s     VSZ     RSS   %MEM  Command
06:18:30        0    115575      0.00      0.00 1075116  451088   2.89  hector_mapping_

06:18:30      UID       PID    %usr %system  %guest   %wait    %CPU   CPU  Command
06:18:31        0    115575    4.00    1.00    0.00    0.00    5.00     0  hector_mapping_

06:18:30      UID       PID  minflt/s  majflt/s     VSZ     RSS   %MEM  Command
06:18:31        0    115575      0.00      0.00 1075116  451088   2.89  hector_mapping_

06:18:31      UID       PID    %usr %system  %guest   %wait    %CPU   CPU  Command
06:18:32        0    115575    3.96    0.00    0.00    0.00    3.96     0  hector_mapping_

06:18:31      UID       PID  minflt/s  majflt/s     VSZ     RSS   %MEM  Command
06:18:32        0    115575      0.00      0.00 1075116  451088   2.89  hector_mapping_

06:18:32      UID       PID    %usr %system  %guest   %wait    %CPU   CPU  Command
06:18:33        0    115575    5.00    0.00    0.00    0.00    5.00     8  hector_mapping_

06:18:32      UID       PID  minflt/s  majflt/s     VSZ     RSS   %MEM  Command
06:18:33        0    115575      0.00      0.00 1075116  451088   2.89  hector_mapping_

06:18:33      UID       PID    %usr %system  %guest   %wait    %CPU   CPU  Command
06:18:34        0    115575    4.00    1.00    0.00    0.00    5.00     2  hector_mapping_

06:18:33      UID       PID  minflt/s  majflt/s     VSZ     RSS   %MEM  Command
06:18:34        0    115575      0.00      0.00 1075116  451088   2.89  hector_mapping_

06:18:34      UID       PID    %usr %system  %guest   %wait    %CPU   CPU  Command
06:18:35        0    115575    5.00    0.00    0.00    0.00    5.00     2  hector_mapping_

06:18:34      UID       PID  minflt/s  majflt/s     VSZ     RSS   %MEM  Command
06:18:35        0    115575      0.00      0.00 1075116  451088   2.89  hector_mapping_

06:18:35      UID       PID    %usr %system  %guest   %wait    %CPU   CPU  Command
06:18:36        0    115575    4.00    0.00    0.00    0.00    4.00     6  hector_mapping_

06:18:35      UID       PID  minflt/s  majflt/s     VSZ     RSS   %MEM  Command
06:18:36        0    115575      0.00      0.00 1075116  451088   2.89  hector_mapping_

06:18:36      UID       PID    %usr %system  %guest   %wait    %CPU   CPU  Command
06:18:37        0    115575    5.00    1.00    0.00    0.00    6.00     2  hector_mapping_

06:18:36      UID       PID  minflt/s  majflt/s     VSZ     RSS   %MEM  Command
06:18:37        0    115575      0.00      0.00 1075116  451088   2.89  hector_mapping_

06:18:37      UID       PID    %usr %system  %guest   %wait    %CPU   CPU  Command
06:18:38        0    115575    4.00    0.00    0.00    0.00    4.00     2  hector_mapping_

06:18:37      UID       PID  minflt/s  majflt/s     VSZ     RSS   %MEM  Command
06:18:38        0    115575      0.00      0.00 1075116  451088   2.89  hector_mapping_

06:18:38      UID       PID    %usr %system  %guest   %wait    %CPU   CPU  Command
06:18:39        0    115575    5.00    0.00    0.00    0.00    5.00     2  hector_mapping_

06:18:38      UID       PID  minflt/s  majflt/s     VSZ     RSS   %MEM  Command
06:18:39        0    115575      0.00      0.00 1075116  451088   2.89  hector_mapping_

06:18:39      UID       PID    %usr %system  %guest   %wait    %CPU   CPU  Command
06:18:40        0    115575    4.00    1.00    0.00    0.00    5.00     2  hector_mapping_

06:18:39      UID       PID  minflt/s  majflt/s     VSZ     RSS   %MEM  Command
06:18:40        0    115575      0.00      0.00 1075116  451088   2.89  hector_mapping_

06:18:40      UID       PID    %usr %system  %guest   %wait    %CPU   CPU  Command
06:18:41        0    115575    4.00    0.00    0.00    0.00    4.00     6  hector_mapping_

06:18:40      UID       PID  minflt/s  majflt/s     VSZ     RSS   %MEM  Command
06:18:41        0    115575      0.00      0.00 1075116  451088   2.89  hector_mapping_

06:18:41      UID       PID    %usr %system  %guest   %wait    %CPU   CPU  Command
06:18:42        0    115575    5.00    0.00    0.00    0.00    5.00     2  hector_mapping_

06:18:41      UID       PID  minflt/s  majflt/s     VSZ     RSS   %MEM  Command
06:18:42        0    115575      0.00      0.00 1075116  451088   2.89  hector_mapping_

06:18:42      UID       PID    %usr %system  %guest   %wait    %CPU   CPU  Command
06:18:43        0    115575    5.00    0.00    0.00    0.00    5.00     2  hector_mapping_

06:18:42      UID       PID  minflt/s  majflt/s     VSZ     RSS   %MEM  Command
06:18:43        0    115575      0.00      0.00 1075116  451088   2.89  hector_mapping_

06:18:43      UID       PID    %usr %system  %guest   %wait    %CPU   CPU  Command
06:18:44        0    115575    4.00    1.00    0.00    0.00    5.00     2  hector_mapping_

06:18:43      UID       PID  minflt/s  majflt/s     VSZ     RSS   %MEM  Command
06:18:44        0    115575      0.00      0.00 1075116  451088   2.89  hector_mapping_

06:18:44      UID       PID    %usr %system  %guest   %wait    %CPU   CPU  Command
06:18:45        0    115575    4.00    0.00    0.00    0.00    4.00     2  hector_mapping_

06:18:44      UID       PID  minflt/s  majflt/s     VSZ     RSS   %MEM  Command
06:18:45        0    115575      0.00      0.00 1075116  451088   2.89  hector_mapping_

06:18:45      UID       PID    %usr %system  %guest   %wait    %CPU   CPU  Command
06:18:46        0    115575    5.00    0.00    0.00    0.00    5.00     2  hector_mapping_

06:18:45      UID       PID  minflt/s  majflt/s     VSZ     RSS   %MEM  Command
06:18:46        0    115575      0.00      0.00 1075116  451088   2.89  hector_mapping_

06:18:46      UID       PID    %usr %system  %guest   %wait    %CPU   CPU  Command
06:18:47        0    115575    5.00    1.00    0.00    0.00    6.00     6  hector_mapping_

06:18:46      UID       PID  minflt/s  majflt/s     VSZ     RSS   %MEM  Command
06:18:47        0    115575      0.00      0.00 1075116  451088   2.89  hector_mapping_

06:18:47      UID       PID    %usr %system  %guest   %wait    %CPU   CPU  Command
06:18:48        0    115575    4.00    0.00    0.00    0.00    4.00     4  hector_mapping_

06:18:47      UID       PID  minflt/s  majflt/s     VSZ     RSS   %MEM  Command
06:18:48        0    115575      0.00      0.00 1075116  451088   2.89  hector_mapping_

06:18:48      UID       PID    %usr %system  %guest   %wait    %CPU   CPU  Command
06:18:49        0    115575    5.00    0.00    0.00    0.00    5.00     2  hector_mapping_

06:18:48      UID       PID  minflt/s  majflt/s     VSZ     RSS   %MEM  Command
06:18:49        0    115575      0.00      0.00 1075116  451088   2.89  hector_mapping_

06:18:49      UID       PID    %usr %system  %guest   %wait    %CPU   CPU  Command
06:18:50        0    115575    4.00    1.00    0.00    0.00    5.00     2  hector_mapping_

06:18:49      UID       PID  minflt/s  majflt/s     VSZ     RSS   %MEM  Command
06:18:50        0    115575      0.00      0.00 1075116  451088   2.89  hector_mapping_

06:18:50      UID       PID    %usr %system  %guest   %wait    %CPU   CPU  Command
06:18:51        0    115575    5.00    0.00    0.00    0.00    5.00     2  hector_mapping_

06:18:50      UID       PID  minflt/s  majflt/s     VSZ     RSS   %MEM  Command
06:18:51        0    115575      0.00      0.00 1075116  451088   2.89  hector_mapping_

06:18:51      UID       PID    %usr %system  %guest   %wait    %CPU   CPU  Command
06:18:52        0    115575    5.00    1.00    0.00    0.00    6.00     4  hector_mapping_

06:18:51      UID       PID  minflt/s  majflt/s     VSZ     RSS   %MEM  Command
06:18:52        0    115575      0.00      0.00 1075116  451088   2.89  hector_mapping_

06:18:52      UID       PID    %usr %system  %guest   %wait    %CPU   CPU  Command
06:18:53        0    115575    6.00    0.00    0.00    0.00    6.00     2  hector_mapping_

06:18:52      UID       PID  minflt/s  majflt/s     VSZ     RSS   %MEM  Command
06:18:53        0    115575      0.00      0.00 1075116  451088   2.89  hector_mapping_

06:18:53      UID       PID    %usr %system  %guest   %wait    %CPU   CPU  Command
06:18:54        0    115575    5.00    1.00    0.00    0.00    6.00     1  hector_mapping_

06:18:53      UID       PID  minflt/s  majflt/s     VSZ     RSS   %MEM  Command
06:18:54        0    115575      0.00      0.00 1075116  451088   2.89  hector_mapping_

06:18:54      UID       PID    %usr %system  %guest   %wait    %CPU   CPU  Command
06:18:55        0    115575    6.00    1.00    0.00    0.00    7.00     1  hector_mapping_

06:18:54      UID       PID  minflt/s  majflt/s     VSZ     RSS   %MEM  Command
06:18:55        0    115575      0.00      0.00 1075116  451088   2.89  hector_mapping_

06:18:55      UID       PID    %usr %system  %guest   %wait    %CPU   CPU  Command
06:18:56        0    115575    6.00    1.00    0.00    0.00    7.00     6  hector_mapping_

06:18:55      UID       PID  minflt/s  majflt/s     VSZ     RSS   %MEM  Command
06:18:56        0    115575      0.00      0.00 1075116  451088   2.89  hector_mapping_

06:18:56      UID       PID    %usr %system  %guest   %wait    %CPU   CPU  Command
06:18:57        0    115575    5.00    0.00    0.00    0.00    5.00     6  hector_mapping_

06:18:56      UID       PID  minflt/s  majflt/s     VSZ     RSS   %MEM  Command
06:18:57        0    115575      0.00      0.00 1075116  451088   2.89  hector_mapping_

06:18:57      UID       PID    %usr %system  %guest   %wait    %CPU   CPU  Command
06:18:58        0    115575    6.00    1.00    0.00    0.00    7.00     2  hector_mapping_

06:18:57      UID       PID  minflt/s  majflt/s     VSZ     RSS   %MEM  Command
06:18:58        0    115575      0.00      0.00 1075116  451088   2.89  hector_mapping_

06:18:58      UID       PID    %usr %system  %guest   %wait    %CPU   CPU  Command
06:18:59        0    115575    6.00    1.00    0.00    0.00    7.00     0  hector_mapping_

06:18:58      UID       PID  minflt/s  majflt/s     VSZ     RSS   %MEM  Command
06:18:59        0    115575      0.00      0.00 1075116  451088   2.89  hector_mapping_

06:18:59      UID       PID    %usr %system  %guest   %wait    %CPU   CPU  Command
06:19:00        0    115575    6.00    1.00    0.00    0.00    7.00     2  hector_mapping_

06:18:59      UID       PID  minflt/s  majflt/s     VSZ     RSS   %MEM  Command
06:19:00        0    115575      0.00      0.00 1075116  451088   2.89  hector_mapping_

06:19:00      UID       PID    %usr %system  %guest   %wait    %CPU   CPU  Command
06:19:01        0    115575    6.00    1.00    0.00    0.00    7.00     4  hector_mapping_

06:19:00      UID       PID  minflt/s  majflt/s     VSZ     RSS   %MEM  Command
06:19:01        0    115575      0.00      0.00 1075116  451088   2.89  hector_mapping_

06:19:01      UID       PID    %usr %system  %guest   %wait    %CPU   CPU  Command
06:19:02        0    115575    7.00    0.00    0.00    0.00    7.00     0  hector_mapping_

06:19:01      UID       PID  minflt/s  majflt/s     VSZ     RSS   %MEM  Command
06:19:02        0    115575      0.00      0.00 1075116  451088   2.89  hector_mapping_

06:19:02      UID       PID    %usr %system  %guest   %wait    %CPU   CPU  Command
06:19:03        0    115575    6.00    0.00    0.00    0.00    6.00     2  hector_mapping_

06:19:02      UID       PID  minflt/s  majflt/s     VSZ     RSS   %MEM  Command
06:19:03        0    115575      0.00      0.00 1075116  451088   2.89  hector_mapping_

06:19:03      UID       PID    %usr %system  %guest   %wait    %CPU   CPU  Command
06:19:04        0    115575    6.00    1.00    0.00    0.00    7.00     2  hector_mapping_

06:19:03      UID       PID  minflt/s  majflt/s     VSZ     RSS   %MEM  Command
06:19:04        0    115575      0.00      0.00 1075116  451088   2.89  hector_mapping_

06:19:04      UID       PID    %usr %system  %guest   %wait    %CPU   CPU  Command
06:19:05        0    115575    6.00    1.00    0.00    0.00    7.00     2  hector_mapping_

06:19:04      UID       PID  minflt/s  majflt/s     VSZ     RSS   %MEM  Command
06:19:05        0    115575      0.00      0.00 1075116  451088   2.89  hector_mapping_

06:19:05      UID       PID    %usr %system  %guest   %wait    %CPU   CPU  Command
06:19:06        0    115575    7.00    0.00    0.00    0.00    7.00     2  hector_mapping_

06:19:05      UID       PID  minflt/s  majflt/s     VSZ     RSS   %MEM  Command
06:19:06        0    115575      0.00      0.00 1075116  451088   2.89  hector_mapping_

06:19:06      UID       PID    %usr %system  %guest   %wait    %CPU   CPU  Command
06:19:07        0    115575    6.00    1.00    0.00    0.00    7.00     9  hector_mapping_

06:19:06      UID       PID  minflt/s  majflt/s     VSZ     RSS   %MEM  Command
06:19:07        0    115575      0.00      0.00 1075116  451088   2.89  hector_mapping_

06:19:07      UID       PID    %usr %system  %guest   %wait    %CPU   CPU  Command
06:19:08        0    115575    6.00    0.00    0.00    0.00    6.00    12  hector_mapping_

06:19:07      UID       PID  minflt/s  majflt/s     VSZ     RSS   %MEM  Command
06:19:08        0    115575      0.00      0.00 1075116  451088   2.89  hector_mapping_

06:19:08      UID       PID    %usr %system  %guest   %wait    %CPU   CPU  Command
06:19:09        0    115575    7.00    1.00    0.00    0.00    8.00    14  hector_mapping_

06:19:08      UID       PID  minflt/s  majflt/s     VSZ     RSS   %MEM  Command
06:19:09        0    115575      0.00      0.00 1075116  451088   2.89  hector_mapping_

06:19:09      UID       PID    %usr %system  %guest   %wait    %CPU   CPU  Command
06:19:10        0    115575    6.00    0.00    0.00    0.00    6.00    14  hector_mapping_

06:19:09      UID       PID  minflt/s  majflt/s     VSZ     RSS   %MEM  Command
06:19:10        0    115575      0.00      0.00 1075116  451088   2.89  hector_mapping_

06:19:10      UID       PID    %usr %system  %guest   %wait    %CPU   CPU  Command
06:19:11        0    115575    6.00    1.00    0.00    0.00    7.00     2  hector_mapping_

06:19:10      UID       PID  minflt/s  majflt/s     VSZ     RSS   %MEM  Command
06:19:11        0    115575      0.00      0.00 1075116  451088   2.89  hector_mapping_

06:19:11      UID       PID    %usr %system  %guest   %wait    %CPU   CPU  Command
06:19:12        0    115575    7.00    0.00    0.00    0.00    7.00     6  hector_mapping_

06:19:11      UID       PID  minflt/s  majflt/s     VSZ     RSS   %MEM  Command
06:19:12        0    115575      0.00      0.00 1075116  451088   2.89  hector_mapping_

06:19:12      UID       PID    %usr %system  %guest   %wait    %CPU   CPU  Command
06:19:13        0    115575    6.00    1.00    0.00    0.00    7.00     4  hector_mapping_

06:19:12      UID       PID  minflt/s  majflt/s     VSZ     RSS   %MEM  Command
06:19:13        0    115575      0.00      0.00 1075116  451088   2.89  hector_mapping_

06:19:13      UID       PID    %usr %system  %guest   %wait    %CPU   CPU  Command
06:19:14        0    115575    7.00    0.00    0.00    0.00    7.00     4  hector_mapping_

06:19:13      UID       PID  minflt/s  majflt/s     VSZ     RSS   %MEM  Command
06:19:14        0    115575      0.00      0.00 1075116  451088   2.89  hector_mapping_

06:19:14      UID       PID    %usr %system  %guest   %wait    %CPU   CPU  Command
06:19:15        0    115575    6.00    1.00    0.00    0.00    7.00     2  hector_mapping_

06:19:14      UID       PID  minflt/s  majflt/s     VSZ     RSS   %MEM  Command
06:19:15        0    115575      0.00      0.00 1075116  451088   2.89  hector_mapping_

06:19:15      UID       PID    %usr %system  %guest   %wait    %CPU   CPU  Command
06:19:16        0    115575    6.00    0.00    0.00    0.00    6.00     3  hector_mapping_

06:19:15      UID       PID  minflt/s  majflt/s     VSZ     RSS   %MEM  Command
06:19:16        0    115575      0.00      0.00 1075116  451088   2.89  hector_mapping_

06:19:16      UID       PID    %usr %system  %guest   %wait    %CPU   CPU  Command
06:19:17        0    115575    7.00    0.00    0.00    0.00    7.00     6  hector_mapping_

06:19:16      UID       PID  minflt/s  majflt/s     VSZ     RSS   %MEM  Command
06:19:17        0    115575      0.00      0.00 1075116  451088   2.89  hector_mapping_

06:19:17      UID       PID    %usr %system  %guest   %wait    %CPU   CPU  Command
06:19:18        0    115575    6.00    1.00    0.00    0.00    7.00     8  hector_mapping_

06:19:17      UID       PID  minflt/s  majflt/s     VSZ     RSS   %MEM  Command
06:19:18        0    115575      0.00      0.00 1075116  451088   2.89  hector_mapping_

06:19:18      UID       PID    %usr %system  %guest   %wait    %CPU   CPU  Command
06:19:19        0    115575    6.00    1.00    0.00    0.00    7.00     2  hector_mapping_

06:19:18      UID       PID  minflt/s  majflt/s     VSZ     RSS   %MEM  Command
06:19:19        0    115575      0.00      0.00 1075116  451088   2.89  hector_mapping_

06:19:19      UID       PID    %usr %system  %guest   %wait    %CPU   CPU  Command
06:19:20        0    115575    6.00    0.00    0.00    0.00    6.00     8  hector_mapping_

06:19:19      UID       PID  minflt/s  majflt/s     VSZ     RSS   %MEM  Command
06:19:20        0    115575      0.00      0.00 1075116  451088   2.89  hector_mapping_

06:19:20      UID       PID    %usr %system  %guest   %wait    %CPU   CPU  Command
06:19:21        0    115575    7.00    1.00    0.00    0.00    8.00     6  hector_mapping_

06:19:20      UID       PID  minflt/s  majflt/s     VSZ     RSS   %MEM  Command
06:19:21        0    115575      0.00      0.00 1075116  451088   2.89  hector_mapping_

06:19:21      UID       PID    %usr %system  %guest   %wait    %CPU   CPU  Command
06:19:22        0    115575    6.00    1.00    0.00    0.00    7.00     0  hector_mapping_

06:19:21      UID       PID  minflt/s  majflt/s     VSZ     RSS   %MEM  Command
06:19:22        0    115575      0.00      0.00 1075116  451088   2.89  hector_mapping_

06:19:22      UID       PID    %usr %system  %guest   %wait    %CPU   CPU  Command
06:19:23        0    115575    6.00    1.00    0.00    0.00    7.00     2  hector_mapping_

06:19:22      UID       PID  minflt/s  majflt/s     VSZ     RSS   %MEM  Command
06:19:23        0    115575      0.00      0.00 1075116  451088   2.89  hector_mapping_

06:19:23      UID       PID    %usr %system  %guest   %wait    %CPU   CPU  Command
06:19:24        0    115575    6.00    0.00    0.00    0.00    6.00     2  hector_mapping_

06:19:23      UID       PID  minflt/s  majflt/s     VSZ     RSS   %MEM  Command
06:19:24        0    115575      0.00      0.00 1075116  451088   2.89  hector_mapping_

06:19:24      UID       PID    %usr %system  %guest   %wait    %CPU   CPU  Command
06:19:25        0    115575    6.00    1.00    0.00    0.00    7.00     6  hector_mapping_

06:19:24      UID       PID  minflt/s  majflt/s     VSZ     RSS   %MEM  Command
06:19:25        0    115575      0.00      0.00 1075116  451088   2.89  hector_mapping_

06:19:25      UID       PID    %usr %system  %guest   %wait    %CPU   CPU  Command
06:19:26        0    115575    7.00    1.00    0.00    0.00    8.00     7  hector_mapping_

06:19:25      UID       PID  minflt/s  majflt/s     VSZ     RSS   %MEM  Command
06:19:26        0    115575      0.00      0.00 1075116  451088   2.89  hector_mapping_

06:19:26      UID       PID    %usr %system  %guest   %wait    %CPU   CPU  Command
06:19:27        0    115575    6.00    0.00    0.00    0.00    6.00     0  hector_mapping_

06:19:26      UID       PID  minflt/s  majflt/s     VSZ     RSS   %MEM  Command
06:19:27        0    115575      0.00      0.00 1075116  451088   2.89  hector_mapping_

06:19:27      UID       PID    %usr %system  %guest   %wait    %CPU   CPU  Command
06:19:28        0    115575    5.00    2.00    0.00    0.00    7.00     2  hector_mapping_

06:19:27      UID       PID  minflt/s  majflt/s     VSZ     RSS   %MEM  Command
06:19:28        0    115575      0.00      0.00 1075116  451088   2.89  hector_mapping_

06:19:28      UID       PID    %usr %system  %guest   %wait    %CPU   CPU  Command
06:19:29        0    115575    7.00    0.00    0.00    0.00    7.00     6  hector_mapping_

06:19:28      UID       PID  minflt/s  majflt/s     VSZ     RSS   %MEM  Command
06:19:29        0    115575      0.00      0.00 1075116  451088   2.89  hector_mapping_

06:19:29      UID       PID    %usr %system  %guest   %wait    %CPU   CPU  Command
06:19:30        0    115575    6.00    1.00    0.00    0.00    7.00     6  hector_mapping_

06:19:29      UID       PID  minflt/s  majflt/s     VSZ     RSS   %MEM  Command
06:19:30        0    115575      0.00      0.00 1075116  451088   2.89  hector_mapping_

06:19:30      UID       PID    %usr %system  %guest   %wait    %CPU   CPU  Command
06:19:31        0    115575    6.00    0.00    0.00    0.00    6.00     6  hector_mapping_

06:19:30      UID       PID  minflt/s  majflt/s     VSZ     RSS   %MEM  Command
06:19:31        0    115575      0.00      0.00 1075116  451088   2.89  hector_mapping_

06:19:31      UID       PID    %usr %system  %guest   %wait    %CPU   CPU  Command
06:19:32        0    115575    6.00    1.00    0.00    0.00    7.00     2  hector_mapping_

06:19:31      UID       PID  minflt/s  majflt/s     VSZ     RSS   %MEM  Command
06:19:32        0    115575      0.00      0.00 1075116  451088   2.89  hector_mapping_

06:19:32      UID       PID    %usr %system  %guest   %wait    %CPU   CPU  Command
06:19:33        0    115575    6.00    0.00    0.00    0.00    6.00     4  hector_mapping_

06:19:32      UID       PID  minflt/s  majflt/s     VSZ     RSS   %MEM  Command
06:19:33        0    115575      0.00      0.00 1075116  451088   2.89  hector_mapping_

06:19:33      UID       PID    %usr %system  %guest   %wait    %CPU   CPU  Command
06:19:34        0    115575    7.00    0.00    0.00    0.00    7.00     4  hector_mapping_

06:19:33      UID       PID  minflt/s  majflt/s     VSZ     RSS   %MEM  Command
06:19:34        0    115575      0.00      0.00 1075116  451088   2.89  hector_mapping_

06:19:34      UID       PID    %usr %system  %guest   %wait    %CPU   CPU  Command
06:19:35        0    115575    6.00    1.00    0.00    0.00    7.00     8  hector_mapping_

06:19:34      UID       PID  minflt/s  majflt/s     VSZ     RSS   %MEM  Command
06:19:35        0    115575      0.00      0.00 1075116  451088   2.89  hector_mapping_

06:19:35      UID       PID    %usr %system  %guest   %wait    %CPU   CPU  Command
06:19:36        0    115575    6.00    1.00    0.00    0.00    7.00     2  hector_mapping_

06:19:35      UID       PID  minflt/s  majflt/s     VSZ     RSS   %MEM  Command
06:19:36        0    115575      0.00      0.00 1075116  451088   2.89  hector_mapping_

06:19:36      UID       PID    %usr %system  %guest   %wait    %CPU   CPU  Command
06:19:37        0    115575    7.00    0.00    0.00    0.00    7.00     2  hector_mapping_

06:19:36      UID       PID  minflt/s  majflt/s     VSZ     RSS   %MEM  Command
06:19:37        0    115575      0.00      0.00 1075116  451088   2.89  hector_mapping_

06:19:37      UID       PID    %usr %system  %guest   %wait    %CPU   CPU  Command
06:19:38        0    115575    6.00    1.00    0.00    0.00    7.00     4  hector_mapping_

06:19:37      UID       PID  minflt/s  majflt/s     VSZ     RSS   %MEM  Command
06:19:38        0    115575      0.00      0.00 1075116  451088   2.89  hector_mapping_

06:19:38      UID       PID    %usr %system  %guest   %wait    %CPU   CPU  Command
06:19:39        0    115575    6.00    0.00    0.00    0.00    6.00     8  hector_mapping_

06:19:38      UID       PID  minflt/s  majflt/s     VSZ     RSS   %MEM  Command
06:19:39        0    115575      0.00      0.00 1075116  451088   2.89  hector_mapping_

06:19:39      UID       PID    %usr %system  %guest   %wait    %CPU   CPU  Command
06:19:40        0    115575    7.00    1.00    0.00    0.00    8.00    10  hector_mapping_

06:19:39      UID       PID  minflt/s  majflt/s     VSZ     RSS   %MEM  Command
06:19:40        0    115575      0.00      0.00 1075116  451088   2.89  hector_mapping_

06:19:40      UID       PID    %usr %system  %guest   %wait    %CPU   CPU  Command
06:19:41        0    115575    6.00    1.00    0.00    0.00    7.00     2  hector_mapping_

06:19:40      UID       PID  minflt/s  majflt/s     VSZ     RSS   %MEM  Command
06:19:41        0    115575      0.00      0.00 1075116  451088   2.89  hector_mapping_

06:19:41      UID       PID    %usr %system  %guest   %wait    %CPU   CPU  Command
06:19:42        0    115575    6.00    0.00    0.00    0.00    6.00     6  hector_mapping_

06:19:41      UID       PID  minflt/s  majflt/s     VSZ     RSS   %MEM  Command
06:19:42        0    115575      0.00      0.00 1075116  451088   2.89  hector_mapping_

06:19:42      UID       PID    %usr %system  %guest   %wait    %CPU   CPU  Command
06:19:43        0    115575    6.00    0.00    0.00    0.00    6.00     6  hector_mapping_

06:19:42      UID       PID  minflt/s  majflt/s     VSZ     RSS   %MEM  Command
06:19:43        0    115575      0.00      0.00 1075116  451088   2.89  hector_mapping_

06:19:43      UID       PID    %usr %system  %guest   %wait    %CPU   CPU  Command
06:19:44        0    115575    6.00    1.00    0.00    1.00    7.00     4  hector_mapping_

06:19:43      UID       PID  minflt/s  majflt/s     VSZ     RSS   %MEM  Command
06:19:44        0    115575      0.00      0.00 1075116  451088   2.89  hector_mapping_

06:19:44      UID       PID    %usr %system  %guest   %wait    %CPU   CPU  Command
06:19:45        0    115575    6.00    0.00    0.00    0.00    6.00     6  hector_mapping_

06:19:44      UID       PID  minflt/s  majflt/s     VSZ     RSS   %MEM  Command
06:19:45        0    115575      0.00      0.00 1075116  451088   2.89  hector_mapping_

06:19:45      UID       PID    %usr %system  %guest   %wait    %CPU   CPU  Command
06:19:46        0    115575    6.00    1.00    0.00    0.00    7.00     6  hector_mapping_

06:19:45      UID       PID  minflt/s  majflt/s     VSZ     RSS   %MEM  Command
06:19:46        0    115575      0.00      0.00 1075116  451088   2.89  hector_mapping_

06:19:46      UID       PID    %usr %system  %guest   %wait    %CPU   CPU  Command
06:19:47        0    115575    6.00    1.00    0.00    0.00    7.00     2  hector_mapping_

06:19:46      UID       PID  minflt/s  majflt/s     VSZ     RSS   %MEM  Command
06:19:47        0    115575      0.00      0.00 1075116  451088   2.89  hector_mapping_

06:19:47      UID       PID    %usr %system  %guest   %wait    %CPU   CPU  Command
06:19:48        0    115575    7.00    0.00    0.00    0.00    7.00     6  hector_mapping_

06:19:47      UID       PID  minflt/s  majflt/s     VSZ     RSS   %MEM  Command
06:19:48        0    115575      0.00      0.00 1075116  451088   2.89  hector_mapping_

06:19:48      UID       PID    %usr %system  %guest   %wait    %CPU   CPU  Command
06:19:49        0    115575    5.00    1.00    0.00    0.00    6.00     2  hector_mapping_

06:19:48      UID       PID  minflt/s  majflt/s     VSZ     RSS   %MEM  Command
06:19:49        0    115575      0.00      0.00 1075116  451088   2.89  hector_mapping_

06:19:49      UID       PID    %usr %system  %guest   %wait    %CPU   CPU  Command
06:19:50        0    115575    6.00    1.00    0.00    0.00    7.00     2  hector_mapping_

06:19:49      UID       PID  minflt/s  majflt/s     VSZ     RSS   %MEM  Command
06:19:50        0    115575      0.00      0.00 1075116  451088   2.89  hector_mapping_

06:19:50      UID       PID    %usr %system  %guest   %wait    %CPU   CPU  Command
06:19:51        0    115575    6.00    0.00    0.00    0.00    6.00     6  hector_mapping_

06:19:50      UID       PID  minflt/s  majflt/s     VSZ     RSS   %MEM  Command
06:19:51        0    115575      0.00      0.00 1075116  451088   2.89  hector_mapping_

06:19:51      UID       PID    %usr %system  %guest   %wait    %CPU   CPU  Command
06:19:52        0    115575    5.00    2.00    0.00    0.00    7.00     2  hector_mapping_

06:19:51      UID       PID  minflt/s  majflt/s     VSZ     RSS   %MEM  Command
06:19:52        0    115575      0.00      0.00 1075116  451088   2.89  hector_mapping_

06:19:52      UID       PID    %usr %system  %guest   %wait    %CPU   CPU  Command
06:19:53        0    115575    7.00    0.00    0.00    0.00    7.00     8  hector_mapping_

06:19:52      UID       PID  minflt/s  majflt/s     VSZ     RSS   %MEM  Command
06:19:53        0    115575      0.00      0.00 1075116  451088   2.89  hector_mapping_

06:19:53      UID       PID    %usr %system  %guest   %wait    %CPU   CPU  Command
06:19:54        0    115575    6.00    1.00    0.00    0.00    7.00     6  hector_mapping_

06:19:53      UID       PID  minflt/s  majflt/s     VSZ     RSS   %MEM  Command
06:19:54        0    115575      0.00      0.00 1075116  451088   2.89  hector_mapping_

06:19:54      UID       PID    %usr %system  %guest   %wait    %CPU   CPU  Command
06:19:55        0    115575    6.00    0.00    0.00    0.00    6.00     2  hector_mapping_

06:19:54      UID       PID  minflt/s  majflt/s     VSZ     RSS   %MEM  Command
06:19:55        0    115575      0.00      0.00 1075116  451088   2.89  hector_mapping_

06:19:55      UID       PID    %usr %system  %guest   %wait    %CPU   CPU  Command
06:19:56        0    115575    6.00    0.00    0.00    0.00    6.00     6  hector_mapping_

06:19:55      UID       PID  minflt/s  majflt/s     VSZ     RSS   %MEM  Command
06:19:56        0    115575      0.00      0.00 1075116  451088   2.89  hector_mapping_

06:19:56      UID       PID    %usr %system  %guest   %wait    %CPU   CPU  Command
06:19:57        0    115575    6.00    1.00    0.00    0.00    7.00     6  hector_mapping_

06:19:56      UID       PID  minflt/s  majflt/s     VSZ     RSS   %MEM  Command
06:19:57        0    115575      0.00      0.00 1075116  451088   2.89  hector_mapping_

06:19:57      UID       PID    %usr %system  %guest   %wait    %CPU   CPU  Command
06:19:58        0    115575    7.00    1.00    0.00    0.00    8.00     3  hector_mapping_

06:19:57      UID       PID  minflt/s  majflt/s     VSZ     RSS   %MEM  Command
06:19:58        0    115575      0.00      0.00 1075116  451088   2.89  hector_mapping_

06:19:58      UID       PID    %usr %system  %guest   %wait    %CPU   CPU  Command
06:19:59        0    115575    6.00    0.00    0.00    0.00    6.00     8  hector_mapping_

06:19:58      UID       PID  minflt/s  majflt/s     VSZ     RSS   %MEM  Command
06:19:59        0    115575      0.00      0.00 1075116  451088   2.89  hector_mapping_

06:19:59      UID       PID    %usr %system  %guest   %wait    %CPU   CPU  Command
06:20:00        0    115575    7.00    0.00    0.00    0.00    7.00     2  hector_mapping_

06:19:59      UID       PID  minflt/s  majflt/s     VSZ     RSS   %MEM  Command
06:20:00        0    115575      0.00      0.00 1075116  451088   2.89  hector_mapping_

06:20:00      UID       PID    %usr %system  %guest   %wait    %CPU   CPU  Command
06:20:01        0    115575    6.00    1.00    0.00    0.00    7.00     2  hector_mapping_

06:20:00      UID       PID  minflt/s  majflt/s     VSZ     RSS   %MEM  Command
06:20:01        0    115575      0.00      0.00 1075116  451088   2.89  hector_mapping_

06:20:01      UID       PID    %usr %system  %guest   %wait    %CPU   CPU  Command
06:20:02        0    115575    6.00    1.00    0.00    0.00    7.00     2  hector_mapping_

06:20:01      UID       PID  minflt/s  majflt/s     VSZ     RSS   %MEM  Command
06:20:02        0    115575      0.00      0.00 1075116  451088   2.89  hector_mapping_

06:20:02      UID       PID    %usr %system  %guest   %wait    %CPU   CPU  Command
06:20:03        0    115575    6.00    1.00    0.00    0.00    7.00     2  hector_mapping_

06:20:02      UID       PID  minflt/s  majflt/s     VSZ     RSS   %MEM  Command
06:20:03        0    115575      0.00      0.00 1075116  451088   2.89  hector_mapping_

06:20:03      UID       PID    %usr %system  %guest   %wait    %CPU   CPU  Command
06:20:04        0    115575    6.00    0.00    0.00    0.00    6.00     2  hector_mapping_

06:20:03      UID       PID  minflt/s  majflt/s     VSZ     RSS   %MEM  Command
06:20:04        0    115575      0.00      0.00 1075116  451088   2.89  hector_mapping_

06:20:04      UID       PID    %usr %system  %guest   %wait    %CPU   CPU  Command
06:20:05        0    115575    6.00    1.00    0.00    0.00    7.00     2  hector_mapping_

06:20:04      UID       PID  minflt/s  majflt/s     VSZ     RSS   %MEM  Command
06:20:05        0    115575      0.00      0.00 1075116  451088   2.89  hector_mapping_

06:20:05      UID       PID    %usr %system  %guest   %wait    %CPU   CPU  Command
06:20:06        0    115575    6.00    0.00    0.00    0.00    6.00     2  hector_mapping_

06:20:05      UID       PID  minflt/s  majflt/s     VSZ     RSS   %MEM  Command
06:20:06        0    115575      0.00      0.00 1075116  451088   2.89  hector_mapping_

06:20:06      UID       PID    %usr %system  %guest   %wait    %CPU   CPU  Command
06:20:07        0    115575    6.00    1.00    0.00    0.00    7.00    14  hector_mapping_

06:20:06      UID       PID  minflt/s  majflt/s     VSZ     RSS   %MEM  Command
06:20:07        0    115575      0.00      0.00 1075116  451088   2.89  hector_mapping_

06:20:07      UID       PID    %usr %system  %guest   %wait    %CPU   CPU  Command
06:20:08        0    115575    7.00    0.00    0.00    0.00    7.00    14  hector_mapping_

06:20:07      UID       PID  minflt/s  majflt/s     VSZ     RSS   %MEM  Command
06:20:08        0    115575      0.00      0.00 1075116  451088   2.89  hector_mapping_

06:20:08      UID       PID    %usr %system  %guest   %wait    %CPU   CPU  Command
06:20:09        0    115575    6.00    0.00    0.00    0.00    6.00     6  hector_mapping_

06:20:08      UID       PID  minflt/s  majflt/s     VSZ     RSS   %MEM  Command
06:20:09        0    115575      0.00      0.00 1075116  451088   2.89  hector_mapping_

06:20:09      UID       PID    %usr %system  %guest   %wait    %CPU   CPU  Command
06:20:10        0    115575    6.00    1.00    0.00    0.00    7.00     6  hector_mapping_

06:20:09      UID       PID  minflt/s  majflt/s     VSZ     RSS   %MEM  Command
06:20:10        0    115575      0.00      0.00 1075116  451088   2.89  hector_mapping_

06:20:10      UID       PID    %usr %system  %guest   %wait    %CPU   CPU  Command
06:20:11        0    115575    6.00    1.00    0.00    0.00    7.00     4  hector_mapping_

06:20:10      UID       PID  minflt/s  majflt/s     VSZ     RSS   %MEM  Command
06:20:11        0    115575      0.00      0.00 1075116  451088   2.89  hector_mapping_

06:20:11      UID       PID    %usr %system  %guest   %wait    %CPU   CPU  Command
06:20:12        0    115575    6.00    1.00    0.00    0.00    7.00     2  hector_mapping_

06:20:11      UID       PID  minflt/s  majflt/s     VSZ     RSS   %MEM  Command
06:20:12        0    115575      0.00      0.00 1075116  451088   2.89  hector_mapping_

06:20:12      UID       PID    %usr %system  %guest   %wait    %CPU   CPU  Command
06:20:13        0    115575    6.00    1.00    0.00    0.00    7.00    14  hector_mapping_

06:20:12      UID       PID  minflt/s  majflt/s     VSZ     RSS   %MEM  Command
06:20:13        0    115575      0.00      0.00 1075116  451088   2.89  hector_mapping_

06:20:13      UID       PID    %usr %system  %guest   %wait    %CPU   CPU  Command
06:20:14        0    115575    6.00    0.00    0.00    0.00    6.00     8  hector_mapping_

06:20:13      UID       PID  minflt/s  majflt/s     VSZ     RSS   %MEM  Command
06:20:14        0    115575      0.00      0.00 1075116  451088   2.89  hector_mapping_

06:20:14      UID       PID    %usr %system  %guest   %wait    %CPU   CPU  Command
06:20:15        0    115575    7.00    0.00    0.00    0.00    7.00     2  hector_mapping_

06:20:14      UID       PID  minflt/s  majflt/s     VSZ     RSS   %MEM  Command
06:20:15        0    115575      0.00      0.00 1075116  451088   2.89  hector_mapping_

06:20:15      UID       PID    %usr %system  %guest   %wait    %CPU   CPU  Command
06:20:16        0    115575    6.00    1.00    0.00    0.00    7.00     2  hector_mapping_

06:20:15      UID       PID  minflt/s  majflt/s     VSZ     RSS   %MEM  Command
06:20:16        0    115575      0.00      0.00 1075116  451088   2.89  hector_mapping_

06:20:16      UID       PID    %usr %system  %guest   %wait    %CPU   CPU  Command
06:20:17        0    115575    6.00    0.00    0.00    0.00    6.00     6  hector_mapping_

06:20:16      UID       PID  minflt/s  majflt/s     VSZ     RSS   %MEM  Command
06:20:17        0    115575      0.00      0.00 1075116  451088   2.89  hector_mapping_

06:20:17      UID       PID    %usr %system  %guest   %wait    %CPU   CPU  Command
06:20:18        0    115575    6.00    1.00    0.00    0.00    7.00     6  hector_mapping_

06:20:17      UID       PID  minflt/s  majflt/s     VSZ     RSS   %MEM  Command
06:20:18        0    115575      0.00      0.00 1075116  451088   2.89  hector_mapping_

06:20:18      UID       PID    %usr %system  %guest   %wait    %CPU   CPU  Command
06:20:19        0    115575    7.00    0.00    0.00    0.00    7.00     6  hector_mapping_

06:20:18      UID       PID  minflt/s  majflt/s     VSZ     RSS   %MEM  Command
06:20:19        0    115575      0.00      0.00 1075116  451088   2.89  hector_mapping_

06:20:19      UID       PID    %usr %system  %guest   %wait    %CPU   CPU  Command
06:20:20        0    115575    6.00    1.00    0.00    0.00    7.00     8  hector_mapping_

06:20:19      UID       PID  minflt/s  majflt/s     VSZ     RSS   %MEM  Command
06:20:20        0    115575      0.00      0.00 1075116  451088   2.89  hector_mapping_

06:20:20      UID       PID    %usr %system  %guest   %wait    %CPU   CPU  Command
06:20:21        0    115575    6.00    1.00    0.00    0.00    7.00     8  hector_mapping_

06:20:20      UID       PID  minflt/s  majflt/s     VSZ     RSS   %MEM  Command
06:20:21        0    115575      0.00      0.00 1075116  451088   2.89  hector_mapping_

06:20:21      UID       PID    %usr %system  %guest   %wait    %CPU   CPU  Command
06:20:22        0    115575    7.00    0.00    0.00    0.00    7.00     6  hector_mapping_

06:20:21      UID       PID  minflt/s  majflt/s     VSZ     RSS   %MEM  Command
06:20:22        0    115575      0.00      0.00 1075116  451088   2.89  hector_mapping_

06:20:22      UID       PID    %usr %system  %guest   %wait    %CPU   CPU  Command
06:20:23        0    115575    6.00    0.00    0.00    0.00    6.00     2  hector_mapping_

06:20:22      UID       PID  minflt/s  majflt/s     VSZ     RSS   %MEM  Command
06:20:23        0    115575      0.00      0.00 1075116  451088   2.89  hector_mapping_

06:20:23      UID       PID    %usr %system  %guest   %wait    %CPU   CPU  Command
06:20:24        0    115575    7.00    1.00    0.00    0.00    8.00     2  hector_mapping_

06:20:23      UID       PID  minflt/s  majflt/s     VSZ     RSS   %MEM  Command
06:20:24        0    115575      0.00      0.00 1075116  451088   2.89  hector_mapping_

06:20:24      UID       PID    %usr %system  %guest   %wait    %CPU   CPU  Command
06:20:25        0    115575    6.00    1.00    0.00    0.00    7.00     6  hector_mapping_

06:20:24      UID       PID  minflt/s  majflt/s     VSZ     RSS   %MEM  Command
06:20:25        0    115575      0.00      0.00 1075116  451088   2.89  hector_mapping_

06:20:25      UID       PID    %usr %system  %guest   %wait    %CPU   CPU  Command
06:20:26        0    115575    6.00    0.00    0.00    0.00    6.00    12  hector_mapping_

06:20:25      UID       PID  minflt/s  majflt/s     VSZ     RSS   %MEM  Command
06:20:26        0    115575      0.00      0.00 1075116  451088   2.89  hector_mapping_

06:20:26      UID       PID    %usr %system  %guest   %wait    %CPU   CPU  Command
06:20:27        0    115575    7.00    1.00    0.00    0.00    8.00     2  hector_mapping_

06:20:26      UID       PID  minflt/s  majflt/s     VSZ     RSS   %MEM  Command
06:20:27        0    115575      0.00      0.00 1075116  451088   2.89  hector_mapping_

06:20:27      UID       PID    %usr %system  %guest   %wait    %CPU   CPU  Command
06:20:28        0    115575    6.00    0.00    0.00    0.00    6.00     8  hector_mapping_

06:20:27      UID       PID  minflt/s  majflt/s     VSZ     RSS   %MEM  Command
06:20:28        0    115575      0.00      0.00 1075116  451088   2.89  hector_mapping_

06:20:28      UID       PID    %usr %system  %guest   %wait    %CPU   CPU  Command
06:20:29        0    115575    6.00    1.00    0.00    0.00    7.00     2  hector_mapping_

06:20:28      UID       PID  minflt/s  majflt/s     VSZ     RSS   %MEM  Command
06:20:29        0    115575      0.00      0.00 1075116  451088   2.89  hector_mapping_

06:20:29      UID       PID    %usr %system  %guest   %wait    %CPU   CPU  Command
06:20:30        0    115575    5.94    0.99    0.00    0.00    6.93     0  hector_mapping_

06:20:29      UID       PID  minflt/s  majflt/s     VSZ     RSS   %MEM  Command
06:20:30        0    115575      0.00      0.00 1075116  451088   2.89  hector_mapping_

06:20:30      UID       PID    %usr %system  %guest   %wait    %CPU   CPU  Command
06:20:31        0    115575    6.00    1.00    0.00    0.00    7.00     4  hector_mapping_

06:20:30      UID       PID  minflt/s  majflt/s     VSZ     RSS   %MEM  Command
06:20:31        0    115575      0.00      0.00 1075116  451088   2.89  hector_mapping_

06:20:31      UID       PID    %usr %system  %guest   %wait    %CPU   CPU  Command
06:20:32        0    115575    6.00    1.00    0.00    0.00    7.00     2  hector_mapping_

06:20:31      UID       PID  minflt/s  majflt/s     VSZ     RSS   %MEM  Command
06:20:32        0    115575      0.00      0.00 1075116  451088   2.89  hector_mapping_

06:20:32      UID       PID    %usr %system  %guest   %wait    %CPU   CPU  Command
06:20:33        0    115575    6.00    0.00    0.00    0.00    6.00     6  hector_mapping_

06:20:32      UID       PID  minflt/s  majflt/s     VSZ     RSS   %MEM  Command
06:20:33        0    115575      0.00      0.00 1075116  451088   2.89  hector_mapping_

06:20:33      UID       PID    %usr %system  %guest   %wait    %CPU   CPU  Command
06:20:34        0    115575    7.00    0.00    0.00    0.00    7.00     2  hector_mapping_

06:20:33      UID       PID  minflt/s  majflt/s     VSZ     RSS   %MEM  Command
06:20:34        0    115575      0.00      0.00 1075116  451088   2.89  hector_mapping_

06:20:34      UID       PID    %usr %system  %guest   %wait    %CPU   CPU  Command
06:20:35        0    115575    6.00    1.00    0.00    0.00    7.00     6  hector_mapping_

06:20:34      UID       PID  minflt/s  majflt/s     VSZ     RSS   %MEM  Command
06:20:35        0    115575      0.00      0.00 1075116  451088   2.89  hector_mapping_

06:20:35      UID       PID    %usr %system  %guest   %wait    %CPU   CPU  Command
06:20:36        0    115575    6.00    1.00    0.00    0.00    7.00     8  hector_mapping_

06:20:35      UID       PID  minflt/s  majflt/s     VSZ     RSS   %MEM  Command
06:20:36        0    115575      0.00      0.00 1075116  451088   2.89  hector_mapping_

06:20:36      UID       PID    %usr %system  %guest   %wait    %CPU   CPU  Command
06:20:37        0    115575    7.00    0.00    0.00    0.00    7.00     4  hector_mapping_

06:20:36      UID       PID  minflt/s  majflt/s     VSZ     RSS   %MEM  Command
06:20:37        0    115575      0.00      0.00 1075116  451088   2.89  hector_mapping_

06:20:37      UID       PID    %usr %system  %guest   %wait    %CPU   CPU  Command
06:20:38        0    115575    5.00    1.00    0.00    0.00    6.00     2  hector_mapping_

06:20:37      UID       PID  minflt/s  majflt/s     VSZ     RSS   %MEM  Command
06:20:38        0    115575      0.00      0.00 1075116  451088   2.89  hector_mapping_

06:20:38      UID       PID    %usr %system  %guest   %wait    %CPU   CPU  Command
06:20:39        0    115575    7.00    1.00    0.00    0.00    8.00     6  hector_mapping_

06:20:38      UID       PID  minflt/s  majflt/s     VSZ     RSS   %MEM  Command
06:20:39        0    115575      0.00      0.00 1075116  451088   2.89  hector_mapping_

06:20:39      UID       PID    %usr %system  %guest   %wait    %CPU   CPU  Command
06:20:40        0    115575    6.00    0.00    0.00    0.00    6.00     2  hector_mapping_

06:20:39      UID       PID  minflt/s  majflt/s     VSZ     RSS   %MEM  Command
06:20:40        0    115575      0.00      0.00 1075116  451088   2.89  hector_mapping_

06:20:40      UID       PID    %usr %system  %guest   %wait    %CPU   CPU  Command
06:20:41        0    115575    6.00    1.00    0.00    0.00    7.00     2  hector_mapping_

06:20:40      UID       PID  minflt/s  majflt/s     VSZ     RSS   %MEM  Command
06:20:41        0    115575      0.00      0.00 1075116  451088   2.89  hector_mapping_

06:20:41      UID       PID    %usr %system  %guest   %wait    %CPU   CPU  Command
06:20:42        0    115575    7.00    0.00    0.00    0.00    7.00     6  hector_mapping_

06:20:41      UID       PID  minflt/s  majflt/s     VSZ     RSS   %MEM  Command
06:20:42        0    115575      0.00      0.00 1075116  451088   2.89  hector_mapping_

06:20:42      UID       PID    %usr %system  %guest   %wait    %CPU   CPU  Command
06:20:43        0    115575    7.00    0.00    0.00    0.00    7.00     2  hector_mapping_

06:20:42      UID       PID  minflt/s  majflt/s     VSZ     RSS   %MEM  Command
06:20:43        0    115575      0.00      0.00 1075116  451088   2.89  hector_mapping_

06:20:43      UID       PID    %usr %system  %guest   %wait    %CPU   CPU  Command
06:20:44        0    115575    6.00    1.00    0.00    0.00    7.00     2  hector_mapping_

06:20:43      UID       PID  minflt/s  majflt/s     VSZ     RSS   %MEM  Command
06:20:44        0    115575      0.00      0.00 1075116  451088   2.89  hector_mapping_

06:20:44      UID       PID    %usr %system  %guest   %wait    %CPU   CPU  Command
06:20:45        0    115575    6.00    0.00    0.00    0.00    6.00     2  hector_mapping_

06:20:44      UID       PID  minflt/s  majflt/s     VSZ     RSS   %MEM  Command
06:20:45        0    115575      0.00      0.00 1075116  451088   2.89  hector_mapping_

06:20:45      UID       PID    %usr %system  %guest   %wait    %CPU   CPU  Command
06:20:46        0    115575    6.00    1.00    0.00    0.00    7.00     6  hector_mapping_

06:20:45      UID       PID  minflt/s  majflt/s     VSZ     RSS   %MEM  Command
06:20:46        0    115575      0.00      0.00 1075116  451088   2.89  hector_mapping_

06:20:46      UID       PID    %usr %system  %guest   %wait    %CPU   CPU  Command
06:20:47        0    115575    7.00    0.00    0.00    0.00    7.00     6  hector_mapping_

06:20:46      UID       PID  minflt/s  majflt/s     VSZ     RSS   %MEM  Command
06:20:47        0    115575      0.00      0.00 1075116  451088   2.89  hector_mapping_

06:20:47      UID       PID    %usr %system  %guest   %wait    %CPU   CPU  Command
06:20:48        0    115575    5.00    1.00    0.00    0.00    6.00     8  hector_mapping_

06:20:47      UID       PID  minflt/s  majflt/s     VSZ     RSS   %MEM  Command
06:20:48        0    115575      0.00      0.00 1075116  451088   2.89  hector_mapping_

06:20:48      UID       PID    %usr %system  %guest   %wait    %CPU   CPU  Command
06:20:49        0    115575    6.00    1.00    0.00    0.00    7.00     4  hector_mapping_

06:20:48      UID       PID  minflt/s  majflt/s     VSZ     RSS   %MEM  Command
06:20:49        0    115575      0.00      0.00 1075116  451088   2.89  hector_mapping_

06:20:49      UID       PID    %usr %system  %guest   %wait    %CPU   CPU  Command
06:20:50        0    115575    7.00    1.00    0.00    0.00    8.00     6  hector_mapping_

06:20:49      UID       PID  minflt/s  majflt/s     VSZ     RSS   %MEM  Command
06:20:50        0    115575      0.00      0.00 1075116  451088   2.89  hector_mapping_

06:20:50      UID       PID    %usr %system  %guest   %wait    %CPU   CPU  Command
06:20:51        0    115575    5.00    1.00    0.00    0.00    6.00     7  hector_mapping_

06:20:50      UID       PID  minflt/s  majflt/s     VSZ     RSS   %MEM  Command
06:20:51        0    115575      0.00      0.00 1075116  451088   2.89  hector_mapping_

06:20:51      UID       PID    %usr %system  %guest   %wait    %CPU   CPU  Command
06:20:52        0    115575    6.00    0.00    0.00    0.00    6.00     7  hector_mapping_

06:20:51      UID       PID  minflt/s  majflt/s     VSZ     RSS   %MEM  Command
06:20:52        0    115575      0.00      0.00 1075116  451088   2.89  hector_mapping_

06:20:52      UID       PID    %usr %system  %guest   %wait    %CPU   CPU  Command
06:20:53        0    115575    7.00    1.00    0.00    0.00    8.00     7  hector_mapping_

06:20:52      UID       PID  minflt/s  majflt/s     VSZ     RSS   %MEM  Command
06:20:53        0    115575      0.00      0.00 1075116  451088   2.89  hector_mapping_

06:20:53      UID       PID    %usr %system  %guest   %wait    %CPU   CPU  Command
06:20:54        0    115575    6.00    0.00    0.00    0.00    6.00     6  hector_mapping_

06:20:53      UID       PID  minflt/s  majflt/s     VSZ     RSS   %MEM  Command
06:20:54        0    115575      0.00      0.00 1075116  451088   2.89  hector_mapping_

06:20:54      UID       PID    %usr %system  %guest   %wait    %CPU   CPU  Command
06:20:55        0    115575    6.00    1.00    0.00    0.00    7.00     6  hector_mapping_

06:20:54      UID       PID  minflt/s  majflt/s     VSZ     RSS   %MEM  Command
06:20:55        0    115575      0.00      0.00 1075116  451088   2.89  hector_mapping_

06:20:55      UID       PID    %usr %system  %guest   %wait    %CPU   CPU  Command
06:20:56        0    115575    7.00    0.00    0.00    0.00    7.00     7  hector_mapping_

06:20:55      UID       PID  minflt/s  majflt/s     VSZ     RSS   %MEM  Command
06:20:56        0    115575      0.00      0.00 1075116  451088   2.89  hector_mapping_

06:20:56      UID       PID    %usr %system  %guest   %wait    %CPU   CPU  Command
06:20:57        0    115575    6.00    1.00    0.00    0.00    7.00     7  hector_mapping_

06:20:56      UID       PID  minflt/s  majflt/s     VSZ     RSS   %MEM  Command
06:20:57        0    115575      0.00      0.00 1075116  451088   2.89  hector_mapping_

06:20:57      UID       PID    %usr %system  %guest   %wait    %CPU   CPU  Command
06:20:58        0    115575    6.00    1.00    0.00    0.00    7.00     2  hector_mapping_

06:20:57      UID       PID  minflt/s  majflt/s     VSZ     RSS   %MEM  Command
06:20:58        0    115575      0.00      0.00 1075116  451088   2.89  hector_mapping_

06:20:58      UID       PID    %usr %system  %guest   %wait    %CPU   CPU  Command
06:20:59        0    115575    6.00    0.00    0.00    0.00    6.00     0  hector_mapping_

06:20:58      UID       PID  minflt/s  majflt/s     VSZ     RSS   %MEM  Command
06:20:59        0    115575      0.00      0.00 1075116  451088   2.89  hector_mapping_

06:20:59      UID       PID    %usr %system  %guest   %wait    %CPU   CPU  Command
06:21:00        0    115575    6.00    1.00    0.00    0.00    7.00     6  hector_mapping_

06:20:59      UID       PID  minflt/s  majflt/s     VSZ     RSS   %MEM  Command
06:21:00        0    115575      0.00      0.00 1075116  451088   2.89  hector_mapping_

06:21:00      UID       PID    %usr %system  %guest   %wait    %CPU   CPU  Command
06:21:01        0    115575    6.00    0.00    0.00    0.00    6.00     2  hector_mapping_

06:21:00      UID       PID  minflt/s  majflt/s     VSZ     RSS   %MEM  Command
06:21:01        0    115575      0.00      0.00 1075116  451088   2.89  hector_mapping_

06:21:01      UID       PID    %usr %system  %guest   %wait    %CPU   CPU  Command
06:21:02        0    115575    7.00    0.00    0.00    0.00    7.00     6  hector_mapping_

06:21:01      UID       PID  minflt/s  majflt/s     VSZ     RSS   %MEM  Command
06:21:02        0    115575      0.00      0.00 1075116  451088   2.89  hector_mapping_

06:21:02      UID       PID    %usr %system  %guest   %wait    %CPU   CPU  Command
06:21:03        0    115575    6.00    1.00    0.00    0.00    7.00     6  hector_mapping_

06:21:02      UID       PID  minflt/s  majflt/s     VSZ     RSS   %MEM  Command
06:21:03        0    115575      0.00      0.00 1075116  451088   2.89  hector_mapping_

06:21:03      UID       PID    %usr %system  %guest   %wait    %CPU   CPU  Command
06:21:04        0    115575    5.00    1.00    0.00    0.00    6.00     8  hector_mapping_

06:21:03      UID       PID  minflt/s  majflt/s     VSZ     RSS   %MEM  Command
06:21:04        0    115575      0.00      0.00 1075116  451088   2.89  hector_mapping_

06:21:04      UID       PID    %usr %system  %guest   %wait    %CPU   CPU  Command
06:21:05        0    115575    6.00    1.00    0.00    0.00    7.00     2  hector_mapping_

06:21:04      UID       PID  minflt/s  majflt/s     VSZ     RSS   %MEM  Command
06:21:05        0    115575      0.00      0.00 1075116  451088   2.89  hector_mapping_

06:21:05      UID       PID    %usr %system  %guest   %wait    %CPU   CPU  Command
06:21:06        0    115575    6.00    1.00    0.00    0.00    7.00     6  hector_mapping_

06:21:05      UID       PID  minflt/s  majflt/s     VSZ     RSS   %MEM  Command
06:21:06        0    115575      0.00      0.00 1075116  451088   2.89  hector_mapping_

06:21:06      UID       PID    %usr %system  %guest   %wait    %CPU   CPU  Command
06:21:07        0    115575    5.00    1.00    0.00    0.00    6.00     7  hector_mapping_

06:21:06      UID       PID  minflt/s  majflt/s     VSZ     RSS   %MEM  Command
06:21:07        0    115575      0.00      0.00 1075116  451088   2.89  hector_mapping_

06:21:07      UID       PID    %usr %system  %guest   %wait    %CPU   CPU  Command
06:21:08        0    115575    6.00    1.00    0.00    0.00    7.00     8  hector_mapping_

06:21:07      UID       PID  minflt/s  majflt/s     VSZ     RSS   %MEM  Command
06:21:08        0    115575      0.00      0.00 1075116  451088   2.89  hector_mapping_

06:21:08      UID       PID    %usr %system  %guest   %wait    %CPU   CPU  Command
06:21:09        0    115575    6.00    1.00    0.00    0.00    7.00     6  hector_mapping_

06:21:08      UID       PID  minflt/s  majflt/s     VSZ     RSS   %MEM  Command
06:21:09        0    115575      0.00      0.00 1075116  451088   2.89  hector_mapping_

06:21:09      UID       PID    %usr %system  %guest   %wait    %CPU   CPU  Command
06:21:10        0    115575    6.00    1.00    0.00    0.00    7.00     2  hector_mapping_

06:21:09      UID       PID  minflt/s  majflt/s     VSZ     RSS   %MEM  Command
06:21:10        0    115575      0.00      0.00 1075116  451088   2.89  hector_mapping_

06:21:10      UID       PID    %usr %system  %guest   %wait    %CPU   CPU  Command
06:21:11        0    115575    7.00    0.00    0.00    0.00    7.00     7  hector_mapping_

06:21:10      UID       PID  minflt/s  majflt/s     VSZ     RSS   %MEM  Command
06:21:11        0    115575      0.00      0.00 1075116  451088   2.89  hector_mapping_

06:21:11      UID       PID    %usr %system  %guest   %wait    %CPU   CPU  Command
06:21:12        0    115575    6.00    1.00    0.00    0.00    7.00     7  hector_mapping_

06:21:11      UID       PID  minflt/s  majflt/s     VSZ     RSS   %MEM  Command
06:21:12        0    115575      0.00      0.00 1075116  451088   2.89  hector_mapping_

06:21:12      UID       PID    %usr %system  %guest   %wait    %CPU   CPU  Command
06:21:13        0    115575    6.00    0.00    0.00    0.00    6.00     2  hector_mapping_

06:21:12      UID       PID  minflt/s  majflt/s     VSZ     RSS   %MEM  Command
06:21:13        0    115575      0.00      0.00 1075116  451088   2.89  hector_mapping_

06:21:13      UID       PID    %usr %system  %guest   %wait    %CPU   CPU  Command
06:21:14        0    115575    7.00    1.00    0.00    0.00    8.00     7  hector_mapping_

06:21:13      UID       PID  minflt/s  majflt/s     VSZ     RSS   %MEM  Command
06:21:14        0    115575      0.00      0.00 1075116  451088   2.89  hector_mapping_

06:21:14      UID       PID    %usr %system  %guest   %wait    %CPU   CPU  Command
06:21:15        0    115575    6.00    1.00    0.00    0.00    7.00     7  hector_mapping_

06:21:14      UID       PID  minflt/s  majflt/s     VSZ     RSS   %MEM  Command
06:21:15        0    115575      0.00      0.00 1075116  451088   2.89  hector_mapping_

06:21:15      UID       PID    %usr %system  %guest   %wait    %CPU   CPU  Command
06:21:16        0    115575    7.00    0.00    0.00    0.00    7.00     7  hector_mapping_

06:21:15      UID       PID  minflt/s  majflt/s     VSZ     RSS   %MEM  Command
06:21:16        0    115575      0.00      0.00 1075116  451088   2.89  hector_mapping_

06:21:16      UID       PID    %usr %system  %guest   %wait    %CPU   CPU  Command
06:21:17        0    115575    6.00    0.00    0.00    0.00    6.00    14  hector_mapping_

06:21:16      UID       PID  minflt/s  majflt/s     VSZ     RSS   %MEM  Command
06:21:17        0    115575      0.00      0.00 1075116  451088   2.89  hector_mapping_

06:21:17      UID       PID    %usr %system  %guest   %wait    %CPU   CPU  Command
06:21:18        0    115575    7.00    1.00    0.00    0.00    8.00     6  hector_mapping_

06:21:17      UID       PID  minflt/s  majflt/s     VSZ     RSS   %MEM  Command
06:21:18        0    115575      0.00      0.00 1075116  451088   2.89  hector_mapping_

06:21:18      UID       PID    %usr %system  %guest   %wait    %CPU   CPU  Command
06:21:19        0    115575    6.00    1.00    0.00    0.00    7.00     6  hector_mapping_

06:21:18      UID       PID  minflt/s  majflt/s     VSZ     RSS   %MEM  Command
06:21:19        0    115575      0.00      0.00 1075116  451088   2.89  hector_mapping_

06:21:19      UID       PID    %usr %system  %guest   %wait    %CPU   CPU  Command
06:21:20        0    115575    6.00    0.00    0.00    0.00    6.00     7  hector_mapping_

06:21:19      UID       PID  minflt/s  majflt/s     VSZ     RSS   %MEM  Command
06:21:20        0    115575      0.00      0.00 1075116  451088   2.89  hector_mapping_

06:21:20      UID       PID    %usr %system  %guest   %wait    %CPU   CPU  Command
06:21:21        0    115575    6.00    1.00    0.00    0.00    7.00     7  hector_mapping_

06:21:20      UID       PID  minflt/s  majflt/s     VSZ     RSS   %MEM  Command
06:21:21        0    115575      0.00      0.00 1075116  451088   2.89  hector_mapping_

06:21:21      UID       PID    %usr %system  %guest   %wait    %CPU   CPU  Command
06:21:22        0    115575    6.00    1.00    0.00    0.00    7.00     7  hector_mapping_

06:21:21      UID       PID  minflt/s  majflt/s     VSZ     RSS   %MEM  Command
06:21:22        0    115575      0.00      0.00 1075116  451088   2.89  hector_mapping_

06:21:22      UID       PID    %usr %system  %guest   %wait    %CPU   CPU  Command
06:21:23        0    115575    7.00    0.00    0.00    0.00    7.00     7  hector_mapping_

06:21:22      UID       PID  minflt/s  majflt/s     VSZ     RSS   %MEM  Command
06:21:23        0    115575      0.00      0.00 1075116  451088   2.89  hector_mapping_

06:21:23      UID       PID    %usr %system  %guest   %wait    %CPU   CPU  Command
06:21:24        0    115575    6.00    1.00    0.00    0.00    7.00     7  hector_mapping_

06:21:23      UID       PID  minflt/s  majflt/s     VSZ     RSS   %MEM  Command
06:21:24        0    115575      0.00      0.00 1075116  451088   2.89  hector_mapping_

06:21:24      UID       PID    %usr %system  %guest   %wait    %CPU   CPU  Command
06:21:25        0    115575    7.00    0.00    0.00    0.00    7.00     7  hector_mapping_

06:21:24      UID       PID  minflt/s  majflt/s     VSZ     RSS   %MEM  Command
06:21:25        0    115575      0.00      0.00 1075116  451088   2.89  hector_mapping_

06:21:25      UID       PID    %usr %system  %guest   %wait    %CPU   CPU  Command
06:21:26        0    115575    6.00    1.00    0.00    0.00    7.00     7  hector_mapping_

06:21:25      UID       PID  minflt/s  majflt/s     VSZ     RSS   %MEM  Command
06:21:26        0    115575      0.00      0.00 1075116  451088   2.89  hector_mapping_

06:21:26      UID       PID    %usr %system  %guest   %wait    %CPU   CPU  Command
06:21:27        0    115575    6.00    1.00    0.00    0.00    7.00     7  hector_mapping_

06:21:26      UID       PID  minflt/s  majflt/s     VSZ     RSS   %MEM  Command
06:21:27        0    115575      0.00      0.00 1075116  451088   2.89  hector_mapping_

06:21:27      UID       PID    %usr %system  %guest   %wait    %CPU   CPU  Command
06:21:28        0    115575    6.00    0.00    0.00    0.00    6.00     2  hector_mapping_

06:21:27      UID       PID  minflt/s  majflt/s     VSZ     RSS   %MEM  Command
06:21:28        0    115575      0.00      0.00 1075116  451088   2.89  hector_mapping_

06:21:28      UID       PID    %usr %system  %guest   %wait    %CPU   CPU  Command
06:21:29        0    115575    7.00    1.00    0.00    0.00    8.00     6  hector_mapping_

06:21:28      UID       PID  minflt/s  majflt/s     VSZ     RSS   %MEM  Command
06:21:29        0    115575      0.00      0.00 1075116  451088   2.89  hector_mapping_

06:21:29      UID       PID    %usr %system  %guest   %wait    %CPU   CPU  Command
06:21:30        0    115575    6.00    0.00    0.00    0.00    6.00     2  hector_mapping_

06:21:29      UID       PID  minflt/s  majflt/s     VSZ     RSS   %MEM  Command
06:21:30        0    115575      0.00      0.00 1075116  451088   2.89  hector_mapping_

06:21:30      UID       PID    %usr %system  %guest   %wait    %CPU   CPU  Command
06:21:31        0    115575    7.00    0.00    0.00    0.00    7.00     2  hector_mapping_

06:21:30      UID       PID  minflt/s  majflt/s     VSZ     RSS   %MEM  Command
06:21:31        0    115575      0.00      0.00 1075116  451088   2.89  hector_mapping_

06:21:31      UID       PID    %usr %system  %guest   %wait    %CPU   CPU  Command
06:21:32        0    115575    6.00    1.00    0.00    0.00    7.00     2  hector_mapping_

06:21:31      UID       PID  minflt/s  majflt/s     VSZ     RSS   %MEM  Command
06:21:32        0    115575      0.00      0.00 1075116  451088   2.89  hector_mapping_

06:21:32      UID       PID    %usr %system  %guest   %wait    %CPU   CPU  Command
06:21:33        0    115575    6.00    0.00    0.00    0.00    6.00    14  hector_mapping_

06:21:32      UID       PID  minflt/s  majflt/s     VSZ     RSS   %MEM  Command
06:21:33        0    115575      0.00      0.00 1075116  451088   2.89  hector_mapping_

06:21:33      UID       PID    %usr %system  %guest   %wait    %CPU   CPU  Command
06:21:34        0    115575    7.00    1.00    0.00    0.00    8.00     2  hector_mapping_

06:21:33      UID       PID  minflt/s  majflt/s     VSZ     RSS   %MEM  Command
06:21:34        0    115575      0.00      0.00 1075116  451088   2.89  hector_mapping_

06:21:34      UID       PID    %usr %system  %guest   %wait    %CPU   CPU  Command
06:21:35        0    115575    7.00    0.00    0.00    0.00    7.00     2  hector_mapping_

06:21:34      UID       PID  minflt/s  majflt/s     VSZ     RSS   %MEM  Command
06:21:35        0    115575      0.00      0.00 1075116  451088   2.89  hector_mapping_

06:21:35      UID       PID    %usr %system  %guest   %wait    %CPU   CPU  Command
06:21:36        0    115575    6.00    1.00    0.00    0.00    7.00     8  hector_mapping_

06:21:35      UID       PID  minflt/s  majflt/s     VSZ     RSS   %MEM  Command
06:21:36        0    115575      0.00      0.00 1075116  451088   2.89  hector_mapping_

06:21:36      UID       PID    %usr %system  %guest   %wait    %CPU   CPU  Command
06:21:37        0    115575    6.00    0.00    0.00    0.00    6.00     7  hector_mapping_

06:21:36      UID       PID  minflt/s  majflt/s     VSZ     RSS   %MEM  Command
06:21:37        0    115575      0.00      0.00 1075116  451088   2.89  hector_mapping_

06:21:37      UID       PID    %usr %system  %guest   %wait    %CPU   CPU  Command
06:21:38        0    115575    7.00    1.00    0.00    0.00    8.00     7  hector_mapping_

06:21:37      UID       PID  minflt/s  majflt/s     VSZ     RSS   %MEM  Command
06:21:38        0    115575      0.00      0.00 1075116  451088   2.89  hector_mapping_

06:21:38      UID       PID    %usr %system  %guest   %wait    %CPU   CPU  Command
06:21:39        0    115575    5.00    1.00    0.00    0.00    6.00     7  hector_mapping_

06:21:38      UID       PID  minflt/s  majflt/s     VSZ     RSS   %MEM  Command
06:21:39        0    115575      0.00      0.00 1075116  451088   2.89  hector_mapping_

06:21:39      UID       PID    %usr %system  %guest   %wait    %CPU   CPU  Command
06:21:40        0    115575    7.00    1.00    0.00    0.00    8.00     2  hector_mapping_

06:21:39      UID       PID  minflt/s  majflt/s     VSZ     RSS   %MEM  Command
06:21:40        0    115575      0.00      0.00 1075116  451088   2.89  hector_mapping_

06:21:40      UID       PID    %usr %system  %guest   %wait    %CPU   CPU  Command
06:21:41        0    115575    6.00    0.00    0.00    0.00    6.00     7  hector_mapping_

06:21:40      UID       PID  minflt/s  majflt/s     VSZ     RSS   %MEM  Command
06:21:41        0    115575      0.00      0.00 1075116  451088   2.89  hector_mapping_

06:21:41      UID       PID    %usr %system  %guest   %wait    %CPU   CPU  Command
06:21:42        0    115575    6.00    1.00    0.00    0.00    7.00    14  hector_mapping_

06:21:41      UID       PID  minflt/s  majflt/s     VSZ     RSS   %MEM  Command
06:21:42        0    115575      0.00      0.00 1075116  451088   2.89  hector_mapping_

06:21:42      UID       PID    %usr %system  %guest   %wait    %CPU   CPU  Command
06:21:43        0    115575    6.00    0.00    0.00    0.00    6.00    14  hector_mapping_

06:21:42      UID       PID  minflt/s  majflt/s     VSZ     RSS   %MEM  Command
06:21:43        0    115575      0.00      0.00 1075116  451088   2.89  hector_mapping_

06:21:43      UID       PID    %usr %system  %guest   %wait    %CPU   CPU  Command
06:21:44        0    115575    6.00    1.00    0.00    0.00    7.00     8  hector_mapping_

06:21:43      UID       PID  minflt/s  majflt/s     VSZ     RSS   %MEM  Command
06:21:44        0    115575      0.00      0.00 1075116  451088   2.89  hector_mapping_

06:21:44      UID       PID    %usr %system  %guest   %wait    %CPU   CPU  Command
06:21:45        0    115575    7.00    1.00    0.00    0.00    8.00     0  hector_mapping_

06:21:44      UID       PID  minflt/s  majflt/s     VSZ     RSS   %MEM  Command
06:21:45        0    115575      0.00      0.00 1075116  451088   2.89  hector_mapping_

06:21:45      UID       PID    %usr %system  %guest   %wait    %CPU   CPU  Command
06:21:46        0    115575    6.00    1.00    0.00    0.00    7.00     6  hector_mapping_

06:21:45      UID       PID  minflt/s  majflt/s     VSZ     RSS   %MEM  Command
06:21:46        0    115575      0.00      0.00 1075116  451088   2.89  hector_mapping_

06:21:46      UID       PID    %usr %system  %guest   %wait    %CPU   CPU  Command
06:21:47        0    115575    6.00    0.00    0.00    0.00    6.00     8  hector_mapping_

06:21:46      UID       PID  minflt/s  majflt/s     VSZ     RSS   %MEM  Command
06:21:47        0    115575      0.00      0.00 1075116  451088   2.89  hector_mapping_

06:21:47      UID       PID    %usr %system  %guest   %wait    %CPU   CPU  Command
06:21:48        0    115575    6.00    1.00    0.00    0.00    7.00     6  hector_mapping_

06:21:47      UID       PID  minflt/s  majflt/s     VSZ     RSS   %MEM  Command
06:21:48        0    115575      0.00      0.00 1075116  451088   2.89  hector_mapping_

06:21:48      UID       PID    %usr %system  %guest   %wait    %CPU   CPU  Command
06:21:49        0    115575    7.00    1.00    0.00    0.00    8.00     2  hector_mapping_

06:21:48      UID       PID  minflt/s  majflt/s     VSZ     RSS   %MEM  Command
06:21:49        0    115575      0.00      0.00 1075116  451088   2.89  hector_mapping_

06:21:49      UID       PID    %usr %system  %guest   %wait    %CPU   CPU  Command
06:21:50        0    115575    6.00    0.00    0.00    0.00    6.00     2  hector_mapping_

06:21:49      UID       PID  minflt/s  majflt/s     VSZ     RSS   %MEM  Command
06:21:50        0    115575      0.00      0.00 1075116  451088   2.89  hector_mapping_

06:21:50      UID       PID    %usr %system  %guest   %wait    %CPU   CPU  Command
06:21:51        0    115575    6.00    1.00    0.00    0.00    7.00     6  hector_mapping_

06:21:50      UID       PID  minflt/s  majflt/s     VSZ     RSS   %MEM  Command
06:21:51        0    115575      0.00      0.00 1075116  451088   2.89  hector_mapping_

06:21:51      UID       PID    %usr %system  %guest   %wait    %CPU   CPU  Command
06:21:52        0    115575    7.00    0.00    0.00    0.00    7.00     6  hector_mapping_

06:21:51      UID       PID  minflt/s  majflt/s     VSZ     RSS   %MEM  Command
06:21:52        0    115575      0.00      0.00 1075116  451088   2.89  hector_mapping_

06:21:52      UID       PID    %usr %system  %guest   %wait    %CPU   CPU  Command
06:21:53        0    115575    5.00    1.00    0.00    0.00    6.00     8  hector_mapping_

06:21:52      UID       PID  minflt/s  majflt/s     VSZ     RSS   %MEM  Command
06:21:53        0    115575      0.00      0.00 1075116  451088   2.89  hector_mapping_

06:21:53      UID       PID    %usr %system  %guest   %wait    %CPU   CPU  Command
06:21:54        0    115575    7.00    0.00    0.00    0.00    7.00     0  hector_mapping_

06:21:53      UID       PID  minflt/s  majflt/s     VSZ     RSS   %MEM  Command
06:21:54        0    115575      0.00      0.00 1075116  451088   2.89  hector_mapping_

06:21:54      UID       PID    %usr %system  %guest   %wait    %CPU   CPU  Command
06:21:55        0    115575    6.00    1.00    0.00    0.00    7.00     2  hector_mapping_

06:21:54      UID       PID  minflt/s  majflt/s     VSZ     RSS   %MEM  Command
06:21:55        0    115575      0.00      0.00 1075116  451088   2.89  hector_mapping_

06:21:55      UID       PID    %usr %system  %guest   %wait    %CPU   CPU  Command
06:21:56        0    115575    6.00    1.00    0.00    0.00    7.00    12  hector_mapping_

06:21:55      UID       PID  minflt/s  majflt/s     VSZ     RSS   %MEM  Command
06:21:56        0    115575      0.00      0.00 1075116  451088   2.89  hector_mapping_

06:21:56      UID       PID    %usr %system  %guest   %wait    %CPU   CPU  Command
06:21:57        0    115575    6.00    0.00    0.00    0.00    6.00    12  hector_mapping_

06:21:56      UID       PID  minflt/s  majflt/s     VSZ     RSS   %MEM  Command
06:21:57        0    115575      0.00      0.00 1075116  451088   2.89  hector_mapping_

06:21:57      UID       PID    %usr %system  %guest   %wait    %CPU   CPU  Command
06:21:58        0    115575    6.00    1.00    0.00    0.00    7.00     2  hector_mapping_

06:21:57      UID       PID  minflt/s  majflt/s     VSZ     RSS   %MEM  Command
06:21:58        0    115575      0.00      0.00 1075116  451088   2.89  hector_mapping_

06:21:58      UID       PID    %usr %system  %guest   %wait    %CPU   CPU  Command
06:21:59        0    115575    7.00    1.00    0.00    0.00    8.00     2  hector_mapping_

06:21:58      UID       PID  minflt/s  majflt/s     VSZ     RSS   %MEM  Command
06:21:59        0    115575      0.00      0.00 1075116  451088   2.89  hector_mapping_

06:21:59      UID       PID    %usr %system  %guest   %wait    %CPU   CPU  Command
06:22:00        0    115575    6.00    0.00    0.00    0.00    6.00     6  hector_mapping_

06:21:59      UID       PID  minflt/s  majflt/s     VSZ     RSS   %MEM  Command
06:22:00        0    115575      0.00      0.00 1075116  451088   2.89  hector_mapping_

06:22:00      UID       PID    %usr %system  %guest   %wait    %CPU   CPU  Command
06:22:01        0    115575    6.00    1.00    0.00    0.00    7.00     2  hector_mapping_

06:22:00      UID       PID  minflt/s  majflt/s     VSZ     RSS   %MEM  Command
06:22:01        0    115575      0.00      0.00 1075116  451088   2.89  hector_mapping_

06:22:01      UID       PID    %usr %system  %guest   %wait    %CPU   CPU  Command
06:22:02        0    115575    6.00    1.00    0.00    0.00    7.00     6  hector_mapping_

06:22:01      UID       PID  minflt/s  majflt/s     VSZ     RSS   %MEM  Command
06:22:02        0    115575      0.00      0.00 1075116  451088   2.89  hector_mapping_

06:22:02      UID       PID    %usr %system  %guest   %wait    %CPU   CPU  Command
06:22:03        0    115575    6.00    0.00    0.00    0.00    6.00     2  hector_mapping_

06:22:02      UID       PID  minflt/s  majflt/s     VSZ     RSS   %MEM  Command
06:22:03        0    115575      0.00      0.00 1075116  451088   2.89  hector_mapping_

06:22:03      UID       PID    %usr %system  %guest   %wait    %CPU   CPU  Command
06:22:04        0    115575    7.00    1.00    0.00    0.00    8.00     2  hector_mapping_

06:22:03      UID       PID  minflt/s  majflt/s     VSZ     RSS   %MEM  Command
06:22:04        0    115575      0.00      0.00 1075116  451088   2.89  hector_mapping_

06:22:04      UID       PID    %usr %system  %guest   %wait    %CPU   CPU  Command
06:22:05        0    115575    6.00    0.00    0.00    0.00    6.00     2  hector_mapping_

06:22:04      UID       PID  minflt/s  majflt/s     VSZ     RSS   %MEM  Command
06:22:05        0    115575      0.00      0.00 1075116  451088   2.89  hector_mapping_

06:22:05      UID       PID    %usr %system  %guest   %wait    %CPU   CPU  Command
06:22:06        0    115575    6.00    1.00    0.00    0.00    7.00     4  hector_mapping_

06:22:05      UID       PID  minflt/s  majflt/s     VSZ     RSS   %MEM  Command
06:22:06        0    115575      0.00      0.00 1075116  451088   2.89  hector_mapping_

06:22:06      UID       PID    %usr %system  %guest   %wait    %CPU   CPU  Command
06:22:07        0    115575    6.00    1.00    0.00    0.00    7.00     2  hector_mapping_

06:22:06      UID       PID  minflt/s  majflt/s     VSZ     RSS   %MEM  Command
06:22:07        0    115575      0.00      0.00 1075116  451088   2.89  hector_mapping_

06:22:07      UID       PID    %usr %system  %guest   %wait    %CPU   CPU  Command
06:22:08        0    115575    7.00    0.00    0.00    0.00    7.00     4  hector_mapping_

06:22:07      UID       PID  minflt/s  majflt/s     VSZ     RSS   %MEM  Command
06:22:08        0    115575      0.00      0.00 1075116  451088   2.89  hector_mapping_

06:22:08      UID       PID    %usr %system  %guest   %wait    %CPU   CPU  Command
06:22:09        0    115575    6.00    1.00    0.00    0.00    7.00     8  hector_mapping_

06:22:08      UID       PID  minflt/s  majflt/s     VSZ     RSS   %MEM  Command
06:22:09        0    115575      0.00      0.00 1075116  451088   2.89  hector_mapping_

06:22:09      UID       PID    %usr %system  %guest   %wait    %CPU   CPU  Command
06:22:10        0    115575    5.00    1.00    0.00    0.00    6.00     6  hector_mapping_

06:22:09      UID       PID  minflt/s  majflt/s     VSZ     RSS   %MEM  Command
06:22:10        0    115575      0.00      0.00 1075116  451088   2.89  hector_mapping_

06:22:10      UID       PID    %usr %system  %guest   %wait    %CPU   CPU  Command
06:22:11        0    115575    7.00    0.00    0.00    0.00    7.00     6  hector_mapping_

06:22:10      UID       PID  minflt/s  majflt/s     VSZ     RSS   %MEM  Command
06:22:11        0    115575      0.00      0.00 1075116  451088   2.89  hector_mapping_

06:22:11      UID       PID    %usr %system  %guest   %wait    %CPU   CPU  Command
06:22:12        0    115575    5.00    1.00    0.00    0.00    6.00     2  hector_mapping_

06:22:11      UID       PID  minflt/s  majflt/s     VSZ     RSS   %MEM  Command
06:22:12        0    115575      0.00      0.00 1075116  451088   2.89  hector_mapping_

06:22:12      UID       PID    %usr %system  %guest   %wait    %CPU   CPU  Command
06:22:13        0    115575    5.00    0.00    0.00    0.00    5.00     6  hector_mapping_

06:22:12      UID       PID  minflt/s  majflt/s     VSZ     RSS   %MEM  Command
06:22:13        0    115575      0.00      0.00 1075116  451088   2.89  hector_mapping_

06:22:13      UID       PID    %usr %system  %guest   %wait    %CPU   CPU  Command
06:22:14        0    115575    5.00    1.00    0.00    0.00    6.00     6  hector_mapping_

06:22:13      UID       PID  minflt/s  majflt/s     VSZ     RSS   %MEM  Command
06:22:14        0    115575      0.00      0.00 1075116  451088   2.89  hector_mapping_

06:22:14      UID       PID    %usr %system  %guest   %wait    %CPU   CPU  Command
06:22:15        0    115575    4.95    0.00    0.00    0.00    4.95     6  hector_mapping_

06:22:14      UID       PID  minflt/s  majflt/s     VSZ     RSS   %MEM  Command
06:22:15        0    115575      0.00      0.00 1075116  451088   2.89  hector_mapping_

06:22:15      UID       PID    %usr %system  %guest   %wait    %CPU   CPU  Command
06:22:16        0    115575    4.00    1.00    0.00    0.00    5.00     6  hector_mapping_

06:22:15      UID       PID  minflt/s  majflt/s     VSZ     RSS   %MEM  Command
06:22:16        0    115575      0.00      0.00 1075116  451088   2.89  hector_mapping_

06:22:16      UID       PID    %usr %system  %guest   %wait    %CPU   CPU  Command
06:22:17        0    115575    5.00    0.00    0.00    0.00    5.00     6  hector_mapping_

06:22:16      UID       PID  minflt/s  majflt/s     VSZ     RSS   %MEM  Command
06:22:17        0    115575      0.00      0.00 1075116  451088   2.89  hector_mapping_

06:22:17      UID       PID    %usr %system  %guest   %wait    %CPU   CPU  Command
06:22:18        0    115575    5.00    0.00    0.00    0.00    5.00     6  hector_mapping_

06:22:17      UID       PID  minflt/s  majflt/s     VSZ     RSS   %MEM  Command
06:22:18        0    115575      0.00      0.00 1075116  451088   2.89  hector_mapping_

06:22:18      UID       PID    %usr %system  %guest   %wait    %CPU   CPU  Command
06:22:19        0    115575    5.00    1.00    0.00    0.00    6.00     6  hector_mapping_

06:22:18      UID       PID  minflt/s  majflt/s     VSZ     RSS   %MEM  Command
06:22:19        0    115575      0.00      0.00 1075116  451088   2.89  hector_mapping_

06:22:19      UID       PID    %usr %system  %guest   %wait    %CPU   CPU  Command
06:22:20        0    115575    4.00    0.00    0.00    0.00    4.00     6  hector_mapping_

06:22:19      UID       PID  minflt/s  majflt/s     VSZ     RSS   %MEM  Command
06:22:20        0    115575      0.00      0.00 1075116  451088   2.89  hector_mapping_

06:22:20      UID       PID    %usr %system  %guest   %wait    %CPU   CPU  Command
06:22:21        0    115575    6.00    1.00    0.00    0.00    7.00     8  hector_mapping_

06:22:20      UID       PID  minflt/s  majflt/s     VSZ     RSS   %MEM  Command
06:22:21        0    115575      0.00      0.00 1075116  451088   2.89  hector_mapping_

06:22:21      UID       PID    %usr %system  %guest   %wait    %CPU   CPU  Command
06:22:22        0    115575    5.00    0.00    0.00    0.00    5.00     2  hector_mapping_

06:22:21      UID       PID  minflt/s  majflt/s     VSZ     RSS   %MEM  Command
06:22:22        0    115575      0.00      0.00 1075116  451088   2.89  hector_mapping_

06:22:22      UID       PID    %usr %system  %guest   %wait    %CPU   CPU  Command
06:22:23        0    115575    5.00    0.00    0.00    0.00    5.00     2  hector_mapping_

06:22:22      UID       PID  minflt/s  majflt/s     VSZ     RSS   %MEM  Command
06:22:23        0    115575      0.00      0.00 1075116  451088   2.89  hector_mapping_

06:22:23      UID       PID    %usr %system  %guest   %wait    %CPU   CPU  Command
06:22:24        0    115575    4.00    1.00    0.00    0.00    5.00     6  hector_mapping_

06:22:23      UID       PID  minflt/s  majflt/s     VSZ     RSS   %MEM  Command
06:22:24        0    115575      0.00      0.00 1075116  451088   2.89  hector_mapping_

06:22:24      UID       PID    %usr %system  %guest   %wait    %CPU   CPU  Command
06:22:25        0    115575    5.00    0.00    0.00    0.00    5.00     6  hector_mapping_

06:22:24      UID       PID  minflt/s  majflt/s     VSZ     RSS   %MEM  Command
06:22:25        0    115575      0.00      0.00 1075116  451088   2.89  hector_mapping_

06:22:25      UID       PID    %usr %system  %guest   %wait    %CPU   CPU  Command
06:22:26        0    115575    5.00    1.00    0.00    0.00    6.00     6  hector_mapping_

06:22:25      UID       PID  minflt/s  majflt/s     VSZ     RSS   %MEM  Command
06:22:26        0    115575      0.00      0.00 1075116  451088   2.89  hector_mapping_

06:22:26      UID       PID    %usr %system  %guest   %wait    %CPU   CPU  Command
06:22:27        0    115575    4.00    0.00    0.00    0.00    4.00     2  hector_mapping_

06:22:26      UID       PID  minflt/s  majflt/s     VSZ     RSS   %MEM  Command
06:22:27        0    115575      0.00      0.00 1075116  451088   2.89  hector_mapping_

06:22:27      UID       PID    %usr %system  %guest   %wait    %CPU   CPU  Command
06:22:28        0    115575    5.00    1.00    0.00    0.00    6.00     2  hector_mapping_

06:22:27      UID       PID  minflt/s  majflt/s     VSZ     RSS   %MEM  Command
06:22:28        0    115575      0.00      0.00 1075116  451088   2.89  hector_mapping_

06:22:28      UID       PID    %usr %system  %guest   %wait    %CPU   CPU  Command
06:22:29        0    115575    5.00    0.00    0.00    0.00    5.00     2  hector_mapping_

06:22:28      UID       PID  minflt/s  majflt/s     VSZ     RSS   %MEM  Command
06:22:29        0    115575      0.00      0.00 1075116  451088   2.89  hector_mapping_

06:22:29      UID       PID    %usr %system  %guest   %wait    %CPU   CPU  Command
06:22:30        0    115575    5.00    1.00    0.00    0.00    6.00     2  hector_mapping_

06:22:29      UID       PID  minflt/s  majflt/s     VSZ     RSS   %MEM  Command
06:22:30        0    115575      0.00      0.00 1075116  451088   2.89  hector_mapping_

06:22:30      UID       PID    %usr %system  %guest   %wait    %CPU   CPU  Command
06:22:31        0    115575    5.00    0.00    0.00    0.00    5.00     4  hector_mapping_

06:22:30      UID       PID  minflt/s  majflt/s     VSZ     RSS   %MEM  Command
06:22:31        0    115575      0.00      0.00 1075116  451088   2.89  hector_mapping_

06:22:31      UID       PID    %usr %system  %guest   %wait    %CPU   CPU  Command
06:22:32        0    115575    5.00    0.00    0.00    0.00    5.00     2  hector_mapping_

06:22:31      UID       PID  minflt/s  majflt/s     VSZ     RSS   %MEM  Command
06:22:32        0    115575      0.00      0.00 1075116  451088   2.89  hector_mapping_

06:22:32      UID       PID    %usr %system  %guest   %wait    %CPU   CPU  Command
06:22:33        0    115575    5.00    1.00    0.00    0.00    6.00     2  hector_mapping_

06:22:32      UID       PID  minflt/s  majflt/s     VSZ     RSS   %MEM  Command
06:22:33        0    115575      0.00      0.00 1075116  451088   2.89  hector_mapping_

06:22:33      UID       PID    %usr %system  %guest   %wait    %CPU   CPU  Command
06:22:34        0    115575    5.00    0.00    0.00    0.00    5.00     7  hector_mapping_

06:22:33      UID       PID  minflt/s  majflt/s     VSZ     RSS   %MEM  Command
06:22:34        0    115575      0.00      0.00 1075116  451088   2.89  hector_mapping_

06:22:34      UID       PID    %usr %system  %guest   %wait    %CPU   CPU  Command
06:22:35        0    115575    6.00    0.00    0.00    0.00    6.00     7  hector_mapping_

06:22:34      UID       PID  minflt/s  majflt/s     VSZ     RSS   %MEM  Command
06:22:35        0    115575      0.00      0.00 1075116  451088   2.89  hector_mapping_

06:22:35      UID       PID    %usr %system  %guest   %wait    %CPU   CPU  Command
06:22:36        0    115575    6.00    0.00    0.00    0.00    6.00     7  hector_mapping_

06:22:35      UID       PID  minflt/s  majflt/s     VSZ     RSS   %MEM  Command
06:22:36        0    115575      0.00      0.00 1075116  451088   2.89  hector_mapping_

06:22:36      UID       PID    %usr %system  %guest   %wait    %CPU   CPU  Command
06:22:37        0    115575    6.00    1.00    0.00    0.00    7.00     2  hector_mapping_

06:22:36      UID       PID  minflt/s  majflt/s     VSZ     RSS   %MEM  Command
06:22:37        0    115575      0.00      0.00 1075116  451088   2.89  hector_mapping_

06:22:37      UID       PID    %usr %system  %guest   %wait    %CPU   CPU  Command
06:22:38        0    115575    7.00    0.00    0.00    0.00    7.00     0  hector_mapping_

06:22:37      UID       PID  minflt/s  majflt/s     VSZ     RSS   %MEM  Command
06:22:38        0    115575      0.00      0.00 1075116  451088   2.89  hector_mapping_

06:22:38      UID       PID    %usr %system  %guest   %wait    %CPU   CPU  Command
06:22:39        0    115575    5.00    1.00    0.00    0.00    6.00    14  hector_mapping_

06:22:38      UID       PID  minflt/s  majflt/s     VSZ     RSS   %MEM  Command
06:22:39        0    115575      0.00      0.00 1075116  451088   2.89  hector_mapping_

06:22:39      UID       PID    %usr %system  %guest   %wait    %CPU   CPU  Command
06:22:40        0    115575    7.00    1.00    0.00    0.00    8.00     8  hector_mapping_

06:22:39      UID       PID  minflt/s  majflt/s     VSZ     RSS   %MEM  Command
06:22:40        0    115575      0.00      0.00 1075116  451088   2.89  hector_mapping_

06:22:40      UID       PID    %usr %system  %guest   %wait    %CPU   CPU  Command
06:22:41        0    115575    6.00    1.00    0.00    0.00    7.00     6  hector_mapping_

06:22:40      UID       PID  minflt/s  majflt/s     VSZ     RSS   %MEM  Command
06:22:41        0    115575      0.00      0.00 1075116  451088   2.89  hector_mapping_

06:22:41      UID       PID    %usr %system  %guest   %wait    %CPU   CPU  Command
06:22:42        0    115575    5.00    1.00    0.00    0.00    6.00     4  hector_mapping_

06:22:41      UID       PID  minflt/s  majflt/s     VSZ     RSS   %MEM  Command
06:22:42        0    115575      0.00      0.00 1075116  451088   2.89  hector_mapping_

06:22:42      UID       PID    %usr %system  %guest   %wait    %CPU   CPU  Command
06:22:43        0    115575    6.00    1.00    0.00    0.00    7.00     2  hector_mapping_

06:22:42      UID       PID  minflt/s  majflt/s     VSZ     RSS   %MEM  Command
06:22:43        0    115575      0.00      0.00 1075116  451088   2.89  hector_mapping_

06:22:43      UID       PID    %usr %system  %guest   %wait    %CPU   CPU  Command
06:22:44        0    115575    6.00    1.00    0.00    0.00    7.00     6  hector_mapping_

06:22:43      UID       PID  minflt/s  majflt/s     VSZ     RSS   %MEM  Command
06:22:44        0    115575      0.00      0.00 1075116  451088   2.89  hector_mapping_

06:22:44      UID       PID    %usr %system  %guest   %wait    %CPU   CPU  Command
06:22:45        0    115575    6.00    1.00    0.00    0.00    7.00     6  hector_mapping_

06:22:44      UID       PID  minflt/s  majflt/s     VSZ     RSS   %MEM  Command
06:22:45        0    115575      0.00      0.00 1075116  451088   2.89  hector_mapping_

06:22:45      UID       PID    %usr %system  %guest   %wait    %CPU   CPU  Command
06:22:46        0    115575    6.00    0.00    0.00    0.00    6.00     2  hector_mapping_

06:22:45      UID       PID  minflt/s  majflt/s     VSZ     RSS   %MEM  Command
06:22:46        0    115575      0.00      0.00 1075116  451088   2.89  hector_mapping_

06:22:46      UID       PID    %usr %system  %guest   %wait    %CPU   CPU  Command
06:22:47        0    115575    6.00    1.00    0.00    0.00    7.00     2  hector_mapping_

06:22:46      UID       PID  minflt/s  majflt/s     VSZ     RSS   %MEM  Command
06:22:47        0    115575      0.00      0.00 1075116  451088   2.89  hector_mapping_

06:22:47      UID       PID    %usr %system  %guest   %wait    %CPU   CPU  Command
06:22:48        0    115575    7.00    1.00    0.00    0.00    8.00     2  hector_mapping_

06:22:47      UID       PID  minflt/s  majflt/s     VSZ     RSS   %MEM  Command
06:22:48        0    115575      0.00      0.00 1075116  451088   2.89  hector_mapping_

06:22:48      UID       PID    %usr %system  %guest   %wait    %CPU   CPU  Command
06:22:49        0    115575    6.00    0.00    0.00    0.00    6.00     4  hector_mapping_

06:22:48      UID       PID  minflt/s  majflt/s     VSZ     RSS   %MEM  Command
06:22:49        0    115575      0.00      0.00 1075116  451088   2.89  hector_mapping_

06:22:49      UID       PID    %usr %system  %guest   %wait    %CPU   CPU  Command
06:22:50        0    115575    6.00    0.00    0.00    0.00    6.00    14  hector_mapping_

06:22:49      UID       PID  minflt/s  majflt/s     VSZ     RSS   %MEM  Command
06:22:50        0    115575      0.00      0.00 1075116  451088   2.89  hector_mapping_

06:22:50      UID       PID    %usr %system  %guest   %wait    %CPU   CPU  Command
06:22:51        0    115575    7.00    1.00    0.00    0.00    8.00     7  hector_mapping_

06:22:50      UID       PID  minflt/s  majflt/s     VSZ     RSS   %MEM  Command
06:22:51        0    115575      0.00      0.00 1075116  451088   2.89  hector_mapping_

06:22:51      UID       PID    %usr %system  %guest   %wait    %CPU   CPU  Command
06:22:52        0    115575    5.00    1.00    0.00    0.00    6.00     7  hector_mapping_

06:22:51      UID       PID  minflt/s  majflt/s     VSZ     RSS   %MEM  Command
06:22:52        0    115575      0.00      0.00 1075116  451088   2.89  hector_mapping_

06:22:52      UID       PID    %usr %system  %guest   %wait    %CPU   CPU  Command
06:22:53        0    115575    7.00    1.00    0.00    0.00    8.00     2  hector_mapping_

06:22:52      UID       PID  minflt/s  majflt/s     VSZ     RSS   %MEM  Command
06:22:53        0    115575      0.00      0.00 1075116  451088   2.89  hector_mapping_

06:22:53      UID       PID    %usr %system  %guest   %wait    %CPU   CPU  Command
06:22:54        0    115575    6.00    0.00    0.00    0.00    6.00     2  hector_mapping_

06:22:53      UID       PID  minflt/s  majflt/s     VSZ     RSS   %MEM  Command
06:22:54        0    115575      0.00      0.00 1075116  451088   2.89  hector_mapping_

06:22:54      UID       PID    %usr %system  %guest   %wait    %CPU   CPU  Command
06:22:55        0    115575    6.00    1.00    0.00    0.00    7.00     4  hector_mapping_

06:22:54      UID       PID  minflt/s  majflt/s     VSZ     RSS   %MEM  Command
06:22:55        0    115575      0.00      0.00 1075116  451088   2.89  hector_mapping_

06:22:55      UID       PID    %usr %system  %guest   %wait    %CPU   CPU  Command
06:22:56        0    115575    6.00    1.00    0.00    0.00    7.00     6  hector_mapping_

06:22:55      UID       PID  minflt/s  majflt/s     VSZ     RSS   %MEM  Command
06:22:56        0    115575      0.00      0.00 1075116  451088   2.89  hector_mapping_

06:22:56      UID       PID    %usr %system  %guest   %wait    %CPU   CPU  Command
06:22:57        0    115575    6.00    1.00    0.00    0.00    7.00     6  hector_mapping_

06:22:56      UID       PID  minflt/s  majflt/s     VSZ     RSS   %MEM  Command
06:22:57        0    115575      0.00      0.00 1075116  451088   2.89  hector_mapping_

06:22:57      UID       PID    %usr %system  %guest   %wait    %CPU   CPU  Command
06:22:58        0    115575    6.00    0.00    0.00    0.00    6.00     2  hector_mapping_

06:22:57      UID       PID  minflt/s  majflt/s     VSZ     RSS   %MEM  Command
06:22:58        0    115575      0.00      0.00 1075116  451088   2.89  hector_mapping_

06:22:58      UID       PID    %usr %system  %guest   %wait    %CPU   CPU  Command
06:22:59        0    115575    6.00    0.00    0.00    0.00    6.00     4  hector_mapping_

06:22:58      UID       PID  minflt/s  majflt/s     VSZ     RSS   %MEM  Command
06:22:59        0    115575      0.00      0.00 1075116  451088   2.89  hector_mapping_

06:22:59      UID       PID    %usr %system  %guest   %wait    %CPU   CPU  Command
06:23:00        0    115575    6.00    1.00    0.00    0.00    7.00     6  hector_mapping_

06:22:59      UID       PID  minflt/s  majflt/s     VSZ     RSS   %MEM  Command
06:23:00        0    115575      0.00      0.00 1075116  451088   2.89  hector_mapping_

06:23:00      UID       PID    %usr %system  %guest   %wait    %CPU   CPU  Command
06:23:01        0    115575    7.00    1.00    0.00    0.00    8.00     2  hector_mapping_

06:23:00      UID       PID  minflt/s  majflt/s     VSZ     RSS   %MEM  Command
06:23:01        0    115575      0.00      0.00 1075116  451088   2.89  hector_mapping_

06:23:01      UID       PID    %usr %system  %guest   %wait    %CPU   CPU  Command
06:23:02        0    115575    6.00    0.00    0.00    0.00    6.00     2  hector_mapping_

06:23:01      UID       PID  minflt/s  majflt/s     VSZ     RSS   %MEM  Command
06:23:02        0    115575      0.00      0.00 1075116  451088   2.89  hector_mapping_

06:23:02      UID       PID    %usr %system  %guest   %wait    %CPU   CPU  Command
06:23:03        0    115575    6.00    0.00    0.00    0.00    6.00     6  hector_mapping_

06:23:02      UID       PID  minflt/s  majflt/s     VSZ     RSS   %MEM  Command
06:23:03        0    115575      0.00      0.00 1075116  451088   2.89  hector_mapping_

06:23:03      UID       PID    %usr %system  %guest   %wait    %CPU   CPU  Command
06:23:04        0    115575    7.00    1.00    0.00    0.00    8.00     6  hector_mapping_

06:23:03      UID       PID  minflt/s  majflt/s     VSZ     RSS   %MEM  Command
06:23:04        0    115575      0.00      0.00 1075116  451088   2.89  hector_mapping_

06:23:04      UID       PID    %usr %system  %guest   %wait    %CPU   CPU  Command
06:23:05        0    115575    6.00    0.00    0.00    0.00    6.00     6  hector_mapping_

06:23:04      UID       PID  minflt/s  majflt/s     VSZ     RSS   %MEM  Command
06:23:05        0    115575      0.00      0.00 1075116  451088   2.89  hector_mapping_

06:23:05      UID       PID    %usr %system  %guest   %wait    %CPU   CPU  Command
06:23:06        0    115575    6.00    1.00    0.00    0.00    7.00     4  hector_mapping_

06:23:05      UID       PID  minflt/s  majflt/s     VSZ     RSS   %MEM  Command
06:23:06        0    115575      0.00      0.00 1075116  451088   2.89  hector_mapping_

06:23:06      UID       PID    %usr %system  %guest   %wait    %CPU   CPU  Command
06:23:07        0    115575    6.00    0.00    0.00    0.00    6.00     8  hector_mapping_

06:23:06      UID       PID  minflt/s  majflt/s     VSZ     RSS   %MEM  Command
06:23:07        0    115575      0.00      0.00 1075116  451088   2.89  hector_mapping_

06:23:07      UID       PID    %usr %system  %guest   %wait    %CPU   CPU  Command
06:23:08        0    115575    7.00    0.00    0.00    0.00    7.00     4  hector_mapping_

06:23:07      UID       PID  minflt/s  majflt/s     VSZ     RSS   %MEM  Command
06:23:08        0    115575      0.00      0.00 1075116  451088   2.89  hector_mapping_

06:23:08      UID       PID    %usr %system  %guest   %wait    %CPU   CPU  Command
06:23:09        0    115575    6.00    1.00    0.00    0.00    7.00     6  hector_mapping_

06:23:08      UID       PID  minflt/s  majflt/s     VSZ     RSS   %MEM  Command
06:23:09        0    115575      0.00      0.00 1075116  451088   2.89  hector_mapping_

06:23:09      UID       PID    %usr %system  %guest   %wait    %CPU   CPU  Command
06:23:10        0    115575    7.00    0.00    0.00    0.00    7.00     6  hector_mapping_

06:23:09      UID       PID  minflt/s  majflt/s     VSZ     RSS   %MEM  Command
06:23:10        0    115575      0.00      0.00 1075116  451088   2.89  hector_mapping_

06:23:10      UID       PID    %usr %system  %guest   %wait    %CPU   CPU  Command
06:23:11        0    115575    6.00    1.00    0.00    0.00    7.00     2  hector_mapping_

06:23:10      UID       PID  minflt/s  majflt/s     VSZ     RSS   %MEM  Command
06:23:11        0    115575      0.00      0.00 1075116  451088   2.89  hector_mapping_

06:23:11      UID       PID    %usr %system  %guest   %wait    %CPU   CPU  Command
06:23:12        0    115575    6.00    0.00    0.00    0.00    6.00     0  hector_mapping_

06:23:11      UID       PID  minflt/s  majflt/s     VSZ     RSS   %MEM  Command
06:23:12        0    115575      0.00      0.00 1075116  451088   2.89  hector_mapping_

06:23:12      UID       PID    %usr %system  %guest   %wait    %CPU   CPU  Command
06:23:13        0    115575    7.00    1.00    0.00    0.00    8.00     2  hector_mapping_

06:23:12      UID       PID  minflt/s  majflt/s     VSZ     RSS   %MEM  Command
06:23:13        0    115575      0.00      0.00 1075116  451088   2.89  hector_mapping_

06:23:13      UID       PID    %usr %system  %guest   %wait    %CPU   CPU  Command
06:23:14        0    115575    6.00    1.00    0.00    0.00    7.00     8  hector_mapping_

06:23:13      UID       PID  minflt/s  majflt/s     VSZ     RSS   %MEM  Command
06:23:14        0    115575      0.00      0.00 1075116  451088   2.89  hector_mapping_

06:23:14      UID       PID    %usr %system  %guest   %wait    %CPU   CPU  Command
06:23:15        0    115575    6.00    1.00    0.00    0.00    7.00     8  hector_mapping_

06:23:14      UID       PID  minflt/s  majflt/s     VSZ     RSS   %MEM  Command
06:23:15        0    115575      0.00      0.00 1075116  451088   2.89  hector_mapping_

06:23:15      UID       PID    %usr %system  %guest   %wait    %CPU   CPU  Command
06:23:16        0    115575    6.00    1.00    0.00    0.00    7.00     6  hector_mapping_

06:23:15      UID       PID  minflt/s  majflt/s     VSZ     RSS   %MEM  Command
06:23:16        0    115575      0.00      0.00 1075116  451088   2.89  hector_mapping_

06:23:16      UID       PID    %usr %system  %guest   %wait    %CPU   CPU  Command
06:23:17        0    115575    7.00    0.00    0.00    0.00    7.00     6  hector_mapping_

06:23:16      UID       PID  minflt/s  majflt/s     VSZ     RSS   %MEM  Command
06:23:17        0    115575      0.00      0.00 1075116  451088   2.89  hector_mapping_

06:23:17      UID       PID    %usr %system  %guest   %wait    %CPU   CPU  Command
06:23:18        0    115575    6.00    0.00    0.00    0.00    6.00    10  hector_mapping_

06:23:17      UID       PID  minflt/s  majflt/s     VSZ     RSS   %MEM  Command
06:23:18        0    115575      0.00      0.00 1075116  451088   2.89  hector_mapping_

06:23:18      UID       PID    %usr %system  %guest   %wait    %CPU   CPU  Command
06:23:19        0    115575    6.00    1.00    0.00    0.00    7.00     2  hector_mapping_

06:23:18      UID       PID  minflt/s  majflt/s     VSZ     RSS   %MEM  Command
06:23:19        0    115575      0.00      0.00 1075116  451088   2.89  hector_mapping_

06:23:19      UID       PID    %usr %system  %guest   %wait    %CPU   CPU  Command
06:23:20        0    115575    7.00    1.00    0.00    0.00    8.00     2  hector_mapping_

06:23:19      UID       PID  minflt/s  majflt/s     VSZ     RSS   %MEM  Command
06:23:20        0    115575      0.00      0.00 1075116  451088   2.89  hector_mapping_

06:23:20      UID       PID    %usr %system  %guest   %wait    %CPU   CPU  Command
06:23:21        0    115575    7.00    0.00    0.00    0.00    7.00     6  hector_mapping_

06:23:20      UID       PID  minflt/s  majflt/s     VSZ     RSS   %MEM  Command
06:23:21        0    115575      0.00      0.00 1075116  451088   2.89  hector_mapping_

06:23:21      UID       PID    %usr %system  %guest   %wait    %CPU   CPU  Command
06:23:22        0    115575    7.00    0.00    0.00    0.00    7.00    12  hector_mapping_

06:23:21      UID       PID  minflt/s  majflt/s     VSZ     RSS   %MEM  Command
06:23:22        0    115575      0.00      0.00 1075116  451088   2.89  hector_mapping_

06:23:22      UID       PID    %usr %system  %guest   %wait    %CPU   CPU  Command
06:23:23        0    115575    6.00    1.00    0.00    0.00    7.00     6  hector_mapping_

06:23:22      UID       PID  minflt/s  majflt/s     VSZ     RSS   %MEM  Command
06:23:23        0    115575      0.00      0.00 1075116  451088   2.89  hector_mapping_

06:23:23      UID       PID    %usr %system  %guest   %wait    %CPU   CPU  Command
06:23:24        0    115575    6.00    1.00    0.00    0.00    7.00     8  hector_mapping_

06:23:23      UID       PID  minflt/s  majflt/s     VSZ     RSS   %MEM  Command
06:23:24        0    115575      0.00      0.00 1075116  451088   2.89  hector_mapping_

06:23:24      UID       PID    %usr %system  %guest   %wait    %CPU   CPU  Command
06:23:25        0    115575    6.00    1.00    0.00    0.00    7.00     8  hector_mapping_

06:23:24      UID       PID  minflt/s  majflt/s     VSZ     RSS   %MEM  Command
06:23:25        0    115575      0.00      0.00 1075116  451088   2.89  hector_mapping_

06:23:25      UID       PID    %usr %system  %guest   %wait    %CPU   CPU  Command
06:23:26        0    115575    6.00    0.00    0.00    0.00    6.00     2  hector_mapping_

06:23:25      UID       PID  minflt/s  majflt/s     VSZ     RSS   %MEM  Command
06:23:26        0    115575      0.00      0.00 1075116  451088   2.89  hector_mapping_

06:23:26      UID       PID    %usr %system  %guest   %wait    %CPU   CPU  Command
06:23:27        0    115575    7.00    1.00    0.00    0.00    8.00     2  hector_mapping_

06:23:26      UID       PID  minflt/s  majflt/s     VSZ     RSS   %MEM  Command
06:23:27        0    115575      0.00      0.00 1075116  451088   2.89  hector_mapping_

06:23:27      UID       PID    %usr %system  %guest   %wait    %CPU   CPU  Command
06:23:28        0    115575    6.00    1.00    0.00    0.00    7.00     0  hector_mapping_

06:23:27      UID       PID  minflt/s  majflt/s     VSZ     RSS   %MEM  Command
06:23:28        0    115575      0.00      0.00 1075116  451088   2.89  hector_mapping_

06:23:28      UID       PID    %usr %system  %guest   %wait    %CPU   CPU  Command
06:23:29        0    115575    6.00    0.00    0.00    0.00    6.00     2  hector_mapping_

06:23:28      UID       PID  minflt/s  majflt/s     VSZ     RSS   %MEM  Command
06:23:29        0    115575      0.00      0.00 1075116  451088   2.89  hector_mapping_

06:23:29      UID       PID    %usr %system  %guest   %wait    %CPU   CPU  Command
06:23:30        0    115575    7.00    1.00    0.00    0.00    8.00     2  hector_mapping_

06:23:29      UID       PID  minflt/s  majflt/s     VSZ     RSS   %MEM  Command
06:23:30        0    115575      0.00      0.00 1075116  451088   2.89  hector_mapping_

06:23:30      UID       PID    %usr %system  %guest   %wait    %CPU   CPU  Command
06:23:31        0    115575    6.00    0.00    0.00    0.00    6.00     2  hector_mapping_

06:23:30      UID       PID  minflt/s  majflt/s     VSZ     RSS   %MEM  Command
06:23:31        0    115575      0.00      0.00 1075116  451088   2.89  hector_mapping_

06:23:31      UID       PID    %usr %system  %guest   %wait    %CPU   CPU  Command
06:23:32        0    115575    7.00    0.00    0.00    0.00    7.00     2  hector_mapping_

06:23:31      UID       PID  minflt/s  majflt/s     VSZ     RSS   %MEM  Command
06:23:32        0    115575      0.00      0.00 1075116  451088   2.89  hector_mapping_

06:23:32      UID       PID    %usr %system  %guest   %wait    %CPU   CPU  Command
06:23:33        0    115575    6.00    1.00    0.00    0.00    7.00     8  hector_mapping_

06:23:32      UID       PID  minflt/s  majflt/s     VSZ     RSS   %MEM  Command
06:23:33        0    115575      0.00      0.00 1075116  451088   2.89  hector_mapping_

06:23:33      UID       PID    %usr %system  %guest   %wait    %CPU   CPU  Command
06:23:34        0    115575    6.00    1.00    0.00    0.00    7.00     7  hector_mapping_

06:23:33      UID       PID  minflt/s  majflt/s     VSZ     RSS   %MEM  Command
06:23:34        0    115575      0.00      0.00 1075116  451088   2.89  hector_mapping_

06:23:34      UID       PID    %usr %system  %guest   %wait    %CPU   CPU  Command
06:23:35        0    115575    6.00    1.00    0.00    0.00    7.00     7  hector_mapping_

06:23:34      UID       PID  minflt/s  majflt/s     VSZ     RSS   %MEM  Command
06:23:35        0    115575      0.00      0.00 1075116  451088   2.89  hector_mapping_

06:23:35      UID       PID    %usr %system  %guest   %wait    %CPU   CPU  Command
06:23:36        0    115575    7.00    0.00    0.00    0.00    7.00     2  hector_mapping_

06:23:35      UID       PID  minflt/s  majflt/s     VSZ     RSS   %MEM  Command
06:23:36        0    115575      0.00      0.00 1075116  451088   2.89  hector_mapping_

06:23:36      UID       PID    %usr %system  %guest   %wait    %CPU   CPU  Command
06:23:37        0    115575    7.00    1.00    0.00    0.00    8.00    15  hector_mapping_

06:23:36      UID       PID  minflt/s  majflt/s     VSZ     RSS   %MEM  Command
06:23:37        0    115575      0.00      0.00 1075116  451088   2.89  hector_mapping_

06:23:37      UID       PID    %usr %system  %guest   %wait    %CPU   CPU  Command
06:23:38        0    115575    6.00    1.00    0.00    0.00    7.00     8  hector_mapping_

06:23:37      UID       PID  minflt/s  majflt/s     VSZ     RSS   %MEM  Command
06:23:38        0    115575      0.00      0.00 1075116  451088   2.89  hector_mapping_

06:23:38      UID       PID    %usr %system  %guest   %wait    %CPU   CPU  Command
06:23:39        0    115575    6.00    1.00    0.00    0.00    7.00     2  hector_mapping_

06:23:38      UID       PID  minflt/s  majflt/s     VSZ     RSS   %MEM  Command
06:23:39        0    115575      0.00      0.00 1075116  451088   2.89  hector_mapping_

06:23:39      UID       PID    %usr %system  %guest   %wait    %CPU   CPU  Command
06:23:40        0    115575    7.00    0.00    0.00    0.00    7.00     2  hector_mapping_

06:23:39      UID       PID  minflt/s  majflt/s     VSZ     RSS   %MEM  Command
06:23:40        0    115575      0.00      0.00 1075116  451088   2.89  hector_mapping_

06:23:40      UID       PID    %usr %system  %guest   %wait    %CPU   CPU  Command
06:23:41        0    115575    7.00    1.00    0.00    0.00    8.00     2  hector_mapping_

06:23:40      UID       PID  minflt/s  majflt/s     VSZ     RSS   %MEM  Command
06:23:41        0    115575      0.00      0.00 1075116  451088   2.89  hector_mapping_

06:23:41      UID       PID    %usr %system  %guest   %wait    %CPU   CPU  Command
06:23:42        0    115575    6.00    0.00    0.00    0.00    6.00     2  hector_mapping_

06:23:41      UID       PID  minflt/s  majflt/s     VSZ     RSS   %MEM  Command
06:23:42        0    115575      0.00      0.00 1075116  451088   2.89  hector_mapping_

06:23:42      UID       PID    %usr %system  %guest   %wait    %CPU   CPU  Command
06:23:43        0    115575    6.00    1.00    0.00    0.00    7.00     0  hector_mapping_

06:23:42      UID       PID  minflt/s  majflt/s     VSZ     RSS   %MEM  Command
06:23:43        0    115575      0.00      0.00 1075116  451088   2.89  hector_mapping_

06:23:43      UID       PID    %usr %system  %guest   %wait    %CPU   CPU  Command
06:23:44        0    115575    6.00    0.00    0.00    0.00    6.00     2  hector_mapping_

06:23:43      UID       PID  minflt/s  majflt/s     VSZ     RSS   %MEM  Command
06:23:44        0    115575      0.00      0.00 1075116  451088   2.89  hector_mapping_

06:23:44      UID       PID    %usr %system  %guest   %wait    %CPU   CPU  Command
06:23:45        0    115575    6.00    1.00    0.00    0.00    7.00     0  hector_mapping_

06:23:44      UID       PID  minflt/s  majflt/s     VSZ     RSS   %MEM  Command
06:23:45        0    115575      0.00      0.00 1075116  451088   2.89  hector_mapping_

06:23:45      UID       PID    %usr %system  %guest   %wait    %CPU   CPU  Command
06:23:46        0    115575    6.00    1.00    0.00    0.00    7.00     6  hector_mapping_

06:23:45      UID       PID  minflt/s  majflt/s     VSZ     RSS   %MEM  Command
06:23:46        0    115575      0.00      0.00 1075116  451088   2.89  hector_mapping_

06:23:46      UID       PID    %usr %system  %guest   %wait    %CPU   CPU  Command
06:23:47        0    115575    6.00    1.00    0.00    0.00    7.00     5  hector_mapping_

06:23:46      UID       PID  minflt/s  majflt/s     VSZ     RSS   %MEM  Command
06:23:47        0    115575      0.00      0.00 1075116  451088   2.89  hector_mapping_

06:23:47      UID       PID    %usr %system  %guest   %wait    %CPU   CPU  Command
06:23:48        0    115575    6.00    0.00    0.00    0.00    6.00     6  hector_mapping_

06:23:47      UID       PID  minflt/s  majflt/s     VSZ     RSS   %MEM  Command
06:23:48        0    115575      0.00      0.00 1075116  451088   2.89  hector_mapping_

06:23:48      UID       PID    %usr %system  %guest   %wait    %CPU   CPU  Command
06:23:49        0    115575    6.00    1.00    0.00    0.00    7.00     6  hector_mapping_

06:23:48      UID       PID  minflt/s  majflt/s     VSZ     RSS   %MEM  Command
06:23:49        0    115575      0.00      0.00 1075116  451088   2.89  hector_mapping_

06:23:49      UID       PID    %usr %system  %guest   %wait    %CPU   CPU  Command
06:23:50        0    115575    6.00    1.00    0.00    0.00    7.00     6  hector_mapping_

06:23:49      UID       PID  minflt/s  majflt/s     VSZ     RSS   %MEM  Command
06:23:50        0    115575      0.00      0.00 1075116  451088   2.89  hector_mapping_

06:23:50      UID       PID    %usr %system  %guest   %wait    %CPU   CPU  Command
06:23:51        0    115575    6.00    0.00    0.00    0.00    6.00     6  hector_mapping_

06:23:50      UID       PID  minflt/s  majflt/s     VSZ     RSS   %MEM  Command
06:23:51        0    115575      0.00      0.00 1075116  451088   2.89  hector_mapping_

06:23:51      UID       PID    %usr %system  %guest   %wait    %CPU   CPU  Command
06:23:52        0    115575    5.94    0.99    0.00    0.00    6.93     2  hector_mapping_

06:23:51      UID       PID  minflt/s  majflt/s     VSZ     RSS   %MEM  Command
06:23:52        0    115575      0.00      0.00 1075116  451088   2.89  hector_mapping_

06:23:52      UID       PID    %usr %system  %guest   %wait    %CPU   CPU  Command
06:23:53        0    115575    7.00    0.00    0.00    0.00    7.00     2  hector_mapping_

06:23:52      UID       PID  minflt/s  majflt/s     VSZ     RSS   %MEM  Command
06:23:53        0    115575      0.00      0.00 1075116  451088   2.89  hector_mapping_

06:23:53      UID       PID    %usr %system  %guest   %wait    %CPU   CPU  Command
06:23:54        0    115575    6.00    1.00    0.00    0.00    7.00     6  hector_mapping_

06:23:53      UID       PID  minflt/s  majflt/s     VSZ     RSS   %MEM  Command
06:23:54        0    115575      0.00      0.00 1075116  451088   2.89  hector_mapping_

06:23:54      UID       PID    %usr %system  %guest   %wait    %CPU   CPU  Command
06:23:55        0    115575    6.00    1.00    0.00    0.00    7.00     8  hector_mapping_

06:23:54      UID       PID  minflt/s  majflt/s     VSZ     RSS   %MEM  Command
06:23:55        0    115575      0.00      0.00 1075116  451088   2.89  hector_mapping_

06:23:55      UID       PID    %usr %system  %guest   %wait    %CPU   CPU  Command
06:23:56        0    115575    6.00    0.00    0.00    0.00    6.00     2  hector_mapping_

06:23:55      UID       PID  minflt/s  majflt/s     VSZ     RSS   %MEM  Command
06:23:56        0    115575      0.00      0.00 1075116  451088   2.89  hector_mapping_

06:23:56      UID       PID    %usr %system  %guest   %wait    %CPU   CPU  Command
06:23:57        0    115575    6.00    1.00    0.00    0.00    7.00     1  hector_mapping_

06:23:56      UID       PID  minflt/s  majflt/s     VSZ     RSS   %MEM  Command
06:23:57        0    115575      0.00      0.00 1075116  451088   2.89  hector_mapping_

06:23:57      UID       PID    %usr %system  %guest   %wait    %CPU   CPU  Command
06:23:58        0    115575    6.00    1.00    0.00    0.00    7.00     4  hector_mapping_

06:23:57      UID       PID  minflt/s  majflt/s     VSZ     RSS   %MEM  Command
06:23:58        0    115575      0.00      0.00 1075116  451088   2.89  hector_mapping_

06:23:58      UID       PID    %usr %system  %guest   %wait    %CPU   CPU  Command
06:23:59        0    115575    7.00    0.00    0.00    0.00    7.00     4  hector_mapping_

06:23:58      UID       PID  minflt/s  majflt/s     VSZ     RSS   %MEM  Command
06:23:59        0    115575      0.00      0.00 1075116  451088   2.89  hector_mapping_

06:23:59      UID       PID    %usr %system  %guest   %wait    %CPU   CPU  Command
06:24:00        0    115575    6.00    1.00    0.00    0.00    7.00     7  hector_mapping_

06:23:59      UID       PID  minflt/s  majflt/s     VSZ     RSS   %MEM  Command
06:24:00        0    115575      0.00      0.00 1075116  451088   2.89  hector_mapping_

06:24:00      UID       PID    %usr %system  %guest   %wait    %CPU   CPU  Command
06:24:01        0    115575    7.00    0.00    0.00    0.00    7.00     2  hector_mapping_

06:24:00      UID       PID  minflt/s  majflt/s     VSZ     RSS   %MEM  Command
06:24:01        0    115575      0.00      0.00 1075116  451088   2.89  hector_mapping_

06:24:01      UID       PID    %usr %system  %guest   %wait    %CPU   CPU  Command
06:24:02        0    115575    6.00    1.00    0.00    0.00    7.00     7  hector_mapping_

06:24:01      UID       PID  minflt/s  majflt/s     VSZ     RSS   %MEM  Command
06:24:02        0    115575      0.00      0.00 1075116  451088   2.89  hector_mapping_

06:24:02      UID       PID    %usr %system  %guest   %wait    %CPU   CPU  Command
06:24:03        0    115575    6.00    1.00    0.00    0.00    7.00     7  hector_mapping_

06:24:02      UID       PID  minflt/s  majflt/s     VSZ     RSS   %MEM  Command
06:24:03        0    115575      0.00      0.00 1075116  451088   2.89  hector_mapping_

06:24:03      UID       PID    %usr %system  %guest   %wait    %CPU   CPU  Command
06:24:04        0    115575    7.00    0.00    0.00    0.00    7.00     6  hector_mapping_

06:24:03      UID       PID  minflt/s  majflt/s     VSZ     RSS   %MEM  Command
06:24:04        0    115575      0.00      0.00 1075116  451088   2.89  hector_mapping_

06:24:04      UID       PID    %usr %system  %guest   %wait    %CPU   CPU  Command
06:24:05        0    115575    6.00    0.00    0.00    0.00    6.00     2  hector_mapping_

06:24:04      UID       PID  minflt/s  majflt/s     VSZ     RSS   %MEM  Command
06:24:05        0    115575      0.00      0.00 1075116  451088   2.89  hector_mapping_

06:24:05      UID       PID    %usr %system  %guest   %wait    %CPU   CPU  Command
06:24:06        0    115575    7.00    0.00    0.00    1.00    7.00     2  hector_mapping_

06:24:05      UID       PID  minflt/s  majflt/s     VSZ     RSS   %MEM  Command
06:24:06        0    115575      0.00      0.00 1075116  451088   2.89  hector_mapping_

06:24:06      UID       PID    %usr %system  %guest   %wait    %CPU   CPU  Command
06:24:07        0    115575    6.00    1.00    0.00    0.00    7.00     8  hector_mapping_

06:24:06      UID       PID  minflt/s  majflt/s     VSZ     RSS   %MEM  Command
06:24:07        0    115575      0.00      0.00 1075116  451088   2.89  hector_mapping_

06:24:07      UID       PID    %usr %system  %guest   %wait    %CPU   CPU  Command
06:24:08        0    115575    7.00    0.00    0.00    0.00    7.00     2  hector_mapping_

06:24:07      UID       PID  minflt/s  majflt/s     VSZ     RSS   %MEM  Command
06:24:08        0    115575      0.00      0.00 1075116  451088   2.89  hector_mapping_

06:24:08      UID       PID    %usr %system  %guest   %wait    %CPU   CPU  Command
06:24:09        0    115575    6.00    1.00    0.00    0.00    7.00     6  hector_mapping_

06:24:08      UID       PID  minflt/s  majflt/s     VSZ     RSS   %MEM  Command
06:24:09        0    115575      0.00      0.00 1075116  451088   2.89  hector_mapping_

06:24:09      UID       PID    %usr %system  %guest   %wait    %CPU   CPU  Command
06:24:10        0    115575    6.00    0.00    0.00    0.00    6.00     8  hector_mapping_

06:24:09      UID       PID  minflt/s  majflt/s     VSZ     RSS   %MEM  Command
06:24:10        0    115575      0.00      0.00 1075116  451088   2.89  hector_mapping_

06:24:10      UID       PID    %usr %system  %guest   %wait    %CPU   CPU  Command
06:24:11        0    115575    7.00    1.00    0.00    0.00    8.00     6  hector_mapping_

06:24:10      UID       PID  minflt/s  majflt/s     VSZ     RSS   %MEM  Command
06:24:11        0    115575      0.00      0.00 1075116  451088   2.89  hector_mapping_

06:24:11      UID       PID    %usr %system  %guest   %wait    %CPU   CPU  Command
06:24:12        0    115575    6.00    0.00    0.00    0.00    6.00     6  hector_mapping_

06:24:11      UID       PID  minflt/s  majflt/s     VSZ     RSS   %MEM  Command
06:24:12        0    115575      0.00      0.00 1075116  451088   2.89  hector_mapping_

06:24:12      UID       PID    %usr %system  %guest   %wait    %CPU   CPU  Command
06:24:13        0    115575    7.00    1.00    0.00    0.00    8.00     6  hector_mapping_

06:24:12      UID       PID  minflt/s  majflt/s     VSZ     RSS   %MEM  Command
06:24:13        0    115575      0.00      0.00 1075116  451088   2.89  hector_mapping_

06:24:13      UID       PID    %usr %system  %guest   %wait    %CPU   CPU  Command
06:24:14        0    115575    6.00    0.00    0.00    0.00    6.00     2  hector_mapping_

06:24:13      UID       PID  minflt/s  majflt/s     VSZ     RSS   %MEM  Command
06:24:14        0    115575      0.00      0.00 1075116  451088   2.89  hector_mapping_

06:24:14      UID       PID    %usr %system  %guest   %wait    %CPU   CPU  Command
06:24:15        0    115575    7.00    1.00    0.00    0.00    8.00     6  hector_mapping_

06:24:14      UID       PID  minflt/s  majflt/s     VSZ     RSS   %MEM  Command
06:24:15        0    115575      0.00      0.00 1075116  451088   2.89  hector_mapping_

06:24:15      UID       PID    %usr %system  %guest   %wait    %CPU   CPU  Command
06:24:16        0    115575    6.00    0.00    0.00    0.00    6.00     6  hector_mapping_

06:24:15      UID       PID  minflt/s  majflt/s     VSZ     RSS   %MEM  Command
06:24:16        0    115575      0.00      0.00 1075116  451088   2.89  hector_mapping_

06:24:16      UID       PID    %usr %system  %guest   %wait    %CPU   CPU  Command
06:24:17        0    115575    7.00    1.00    0.00    0.00    8.00     6  hector_mapping_

06:24:16      UID       PID  minflt/s  majflt/s     VSZ     RSS   %MEM  Command
06:24:17        0    115575      0.00      0.00 1075116  451088   2.89  hector_mapping_

06:24:17      UID       PID    %usr %system  %guest   %wait    %CPU   CPU  Command
06:24:18        0    115575    6.00    0.00    0.00    0.00    6.00     6  hector_mapping_

06:24:17      UID       PID  minflt/s  majflt/s     VSZ     RSS   %MEM  Command
06:24:18        0    115575      0.00      0.00 1075116  451088   2.89  hector_mapping_

06:24:18      UID       PID    %usr %system  %guest   %wait    %CPU   CPU  Command
06:24:19        0    115575    6.00    1.00    0.00    0.00    7.00     2  hector_mapping_

06:24:18      UID       PID  minflt/s  majflt/s     VSZ     RSS   %MEM  Command
06:24:19        0    115575      0.00      0.00 1075116  451088   2.89  hector_mapping_

06:24:19      UID       PID    %usr %system  %guest   %wait    %CPU   CPU  Command
06:24:20        0    115575    6.00    0.00    0.00    0.00    6.00    14  hector_mapping_

06:24:19      UID       PID  minflt/s  majflt/s     VSZ     RSS   %MEM  Command
06:24:20        0    115575      0.00      0.00 1075116  451088   2.89  hector_mapping_

06:24:20      UID       PID    %usr %system  %guest   %wait    %CPU   CPU  Command
06:24:21        0    115575    7.00    1.00    0.00    0.00    8.00     8  hector_mapping_

06:24:20      UID       PID  minflt/s  majflt/s     VSZ     RSS   %MEM  Command
06:24:21        0    115575      0.00      0.00 1075116  451088   2.89  hector_mapping_

06:24:21      UID       PID    %usr %system  %guest   %wait    %CPU   CPU  Command
06:24:22        0    115575    6.00    1.00    0.00    0.00    7.00     0  hector_mapping_

06:24:21      UID       PID  minflt/s  majflt/s     VSZ     RSS   %MEM  Command
06:24:22        0    115575      0.00      0.00 1075116  451088   2.89  hector_mapping_

06:24:22      UID       PID    %usr %system  %guest   %wait    %CPU   CPU  Command
06:24:23        0    115575    6.00    1.00    0.00    0.00    7.00     6  hector_mapping_

06:24:22      UID       PID  minflt/s  majflt/s     VSZ     RSS   %MEM  Command
06:24:23        0    115575      0.00      0.00 1075116  451088   2.89  hector_mapping_

06:24:23      UID       PID    %usr %system  %guest   %wait    %CPU   CPU  Command
06:24:24        0    115575    6.00    1.00    0.00    0.00    7.00     7  hector_mapping_

06:24:23      UID       PID  minflt/s  majflt/s     VSZ     RSS   %MEM  Command
06:24:24        0    115575      0.00      0.00 1075116  451088   2.89  hector_mapping_

06:24:24      UID       PID    %usr %system  %guest   %wait    %CPU   CPU  Command
06:24:25        0    115575    7.00    0.00    0.00    0.00    7.00     6  hector_mapping_

06:24:24      UID       PID  minflt/s  majflt/s     VSZ     RSS   %MEM  Command
06:24:25        0    115575      0.00      0.00 1075116  451088   2.89  hector_mapping_

06:24:25      UID       PID    %usr %system  %guest   %wait    %CPU   CPU  Command
06:24:26        0    115575    6.00    1.00    0.00    0.00    7.00     6  hector_mapping_

06:24:25      UID       PID  minflt/s  majflt/s     VSZ     RSS   %MEM  Command
06:24:26        0    115575      0.00      0.00 1075116  451088   2.89  hector_mapping_

06:24:26      UID       PID    %usr %system  %guest   %wait    %CPU   CPU  Command
06:24:27        0    115575    6.00    1.00    0.00    0.00    7.00     6  hector_mapping_

06:24:26      UID       PID  minflt/s  majflt/s     VSZ     RSS   %MEM  Command
06:24:27        0    115575      0.00      0.00 1075116  451088   2.89  hector_mapping_

06:24:27      UID       PID    %usr %system  %guest   %wait    %CPU   CPU  Command
06:24:28        0    115575    6.00    0.00    0.00    0.00    6.00     6  hector_mapping_

06:24:27      UID       PID  minflt/s  majflt/s     VSZ     RSS   %MEM  Command
06:24:28        0    115575      0.00      0.00 1075116  451088   2.89  hector_mapping_

06:24:28      UID       PID    %usr %system  %guest   %wait    %CPU   CPU  Command
06:24:29        0    115575    7.00    1.00    0.00    0.00    8.00     4  hector_mapping_

06:24:28      UID       PID  minflt/s  majflt/s     VSZ     RSS   %MEM  Command
06:24:29        0    115575      0.00      0.00 1075116  451088   2.89  hector_mapping_

06:24:29      UID       PID    %usr %system  %guest   %wait    %CPU   CPU  Command
06:24:30        0    115575    6.00    0.00    0.00    0.00    6.00     2  hector_mapping_

06:24:29      UID       PID  minflt/s  majflt/s     VSZ     RSS   %MEM  Command
06:24:30        0    115575      0.00      0.00 1075116  451088   2.89  hector_mapping_

06:24:30      UID       PID    %usr %system  %guest   %wait    %CPU   CPU  Command
06:24:31        0    115575    6.00    1.00    0.00    0.00    7.00     6  hector_mapping_

06:24:30      UID       PID  minflt/s  majflt/s     VSZ     RSS   %MEM  Command
06:24:31        0    115575      0.00      0.00 1075116  451088   2.89  hector_mapping_

06:24:31      UID       PID    %usr %system  %guest   %wait    %CPU   CPU  Command
06:24:32        0    115575    6.00    0.00    0.00    0.00    6.00     2  hector_mapping_

06:24:31      UID       PID  minflt/s  majflt/s     VSZ     RSS   %MEM  Command
06:24:32        0    115575      0.00      0.00 1075116  451088   2.89  hector_mapping_

06:24:32      UID       PID    %usr %system  %guest   %wait    %CPU   CPU  Command
06:24:33        0    115575    7.00    1.00    0.00    0.00    8.00     2  hector_mapping_

06:24:32      UID       PID  minflt/s  majflt/s     VSZ     RSS   %MEM  Command
06:24:33        0    115575      0.00      0.00 1075116  451088   2.89  hector_mapping_

06:24:33      UID       PID    %usr %system  %guest   %wait    %CPU   CPU  Command
06:24:34        0    115575    6.00    0.00    0.00    0.00    6.00     2  hector_mapping_

06:24:33      UID       PID  minflt/s  majflt/s     VSZ     RSS   %MEM  Command
06:24:34        0    115575      0.00      0.00 1075116  451088   2.89  hector_mapping_

06:24:34      UID       PID    %usr %system  %guest   %wait    %CPU   CPU  Command
06:24:35        0    115575    6.00    1.00    0.00    0.00    7.00     4  hector_mapping_

06:24:34      UID       PID  minflt/s  majflt/s     VSZ     RSS   %MEM  Command
06:24:35        0    115575      0.00      0.00 1075116  451088   2.89  hector_mapping_

06:24:35      UID       PID    %usr %system  %guest   %wait    %CPU   CPU  Command
06:24:36        0    115575    7.00    1.00    0.00    0.00    8.00     2  hector_mapping_

06:24:35      UID       PID  minflt/s  majflt/s     VSZ     RSS   %MEM  Command
06:24:36        0    115575      0.00      0.00 1075116  451088   2.89  hector_mapping_

06:24:36      UID       PID    %usr %system  %guest   %wait    %CPU   CPU  Command
06:24:37        0    115575    6.00    0.00    0.00    0.00    6.00     4  hector_mapping_

06:24:36      UID       PID  minflt/s  majflt/s     VSZ     RSS   %MEM  Command
06:24:37        0    115575      0.00      0.00 1075116  451088   2.89  hector_mapping_

06:24:37      UID       PID    %usr %system  %guest   %wait    %CPU   CPU  Command
06:24:38        0    115575    7.00    0.00    0.00    0.00    7.00     4  hector_mapping_

06:24:37      UID       PID  minflt/s  majflt/s     VSZ     RSS   %MEM  Command
06:24:38        0    115575      0.00      0.00 1075116  451088   2.89  hector_mapping_

06:24:38      UID       PID    %usr %system  %guest   %wait    %CPU   CPU  Command
06:24:39        0    115575    7.00    1.00    0.00    0.00    8.00     2  hector_mapping_

06:24:38      UID       PID  minflt/s  majflt/s     VSZ     RSS   %MEM  Command
06:24:39        0    115575      0.00      0.00 1075116  451088   2.89  hector_mapping_

06:24:39      UID       PID    %usr %system  %guest   %wait    %CPU   CPU  Command
06:24:40        0    115575    6.00    0.00    0.00    0.00    6.00     6  hector_mapping_

06:24:39      UID       PID  minflt/s  majflt/s     VSZ     RSS   %MEM  Command
06:24:40        0    115575      0.00      0.00 1075116  451088   2.89  hector_mapping_

06:24:40      UID       PID    %usr %system  %guest   %wait    %CPU   CPU  Command
06:24:41        0    115575    7.00    1.00    0.00    0.00    8.00     0  hector_mapping_

06:24:40      UID       PID  minflt/s  majflt/s     VSZ     RSS   %MEM  Command
06:24:41        0    115575      0.00      0.00 1075116  451088   2.89  hector_mapping_

06:24:41      UID       PID    %usr %system  %guest   %wait    %CPU   CPU  Command
06:24:42        0    115575    6.00    1.00    0.00    0.00    7.00     0  hector_mapping_

06:24:41      UID       PID  minflt/s  majflt/s     VSZ     RSS   %MEM  Command
06:24:42        0    115575      0.00      0.00 1075116  451088   2.89  hector_mapping_

06:24:42      UID       PID    %usr %system  %guest   %wait    %CPU   CPU  Command
06:24:43        0    115575    6.00    0.00    0.00    0.00    6.00     2  hector_mapping_

06:24:42      UID       PID  minflt/s  majflt/s     VSZ     RSS   %MEM  Command
06:24:43        0    115575      0.00      0.00 1075116  451088   2.89  hector_mapping_

06:24:43      UID       PID    %usr %system  %guest   %wait    %CPU   CPU  Command
06:24:44        0    115575    6.00    1.00    0.00    0.00    7.00    12  hector_mapping_

06:24:43      UID       PID  minflt/s  majflt/s     VSZ     RSS   %MEM  Command
06:24:44        0    115575      0.00      0.00 1075116  451088   2.89  hector_mapping_

06:24:44      UID       PID    %usr %system  %guest   %wait    %CPU   CPU  Command
06:24:45        0    115575    7.00    0.00    0.00    0.00    7.00     6  hector_mapping_

06:24:44      UID       PID  minflt/s  majflt/s     VSZ     RSS   %MEM  Command
06:24:45        0    115575      0.00      0.00 1075116  451088   2.89  hector_mapping_

06:24:45      UID       PID    %usr %system  %guest   %wait    %CPU   CPU  Command
06:24:46        0    115575    6.00    1.00    0.00    0.00    7.00     8  hector_mapping_

06:24:45      UID       PID  minflt/s  majflt/s     VSZ     RSS   %MEM  Command
06:24:46        0    115575      0.00      0.00 1075116  451088   2.89  hector_mapping_

06:24:46      UID       PID    %usr %system  %guest   %wait    %CPU   CPU  Command
06:24:47        0    115575    6.00    0.00    0.00    0.00    6.00     2  hector_mapping_

06:24:46      UID       PID  minflt/s  majflt/s     VSZ     RSS   %MEM  Command
06:24:47        0    115575      0.00      0.00 1075116  451088   2.89  hector_mapping_

06:24:47      UID       PID    %usr %system  %guest   %wait    %CPU   CPU  Command
06:24:48        0    115575    7.00    1.00    0.00    0.00    8.00    14  hector_mapping_

06:24:47      UID       PID  minflt/s  majflt/s     VSZ     RSS   %MEM  Command
06:24:48        0    115575      0.00      0.00 1075116  451088   2.89  hector_mapping_

06:24:48      UID       PID    %usr %system  %guest   %wait    %CPU   CPU  Command
06:24:49        0    115575    6.00    0.00    0.00    0.00    6.00     6  hector_mapping_

06:24:48      UID       PID  minflt/s  majflt/s     VSZ     RSS   %MEM  Command
06:24:49        0    115575      0.00      0.00 1075116  451088   2.89  hector_mapping_

06:24:49      UID       PID    %usr %system  %guest   %wait    %CPU   CPU  Command
06:24:50        0    115575    7.00    1.00    0.00    0.00    8.00     6  hector_mapping_

06:24:49      UID       PID  minflt/s  majflt/s     VSZ     RSS   %MEM  Command
06:24:50        0    115575      0.00      0.00 1075116  451088   2.89  hector_mapping_

06:24:50      UID       PID    %usr %system  %guest   %wait    %CPU   CPU  Command
06:24:51        0    115575    6.00    1.00    0.00    0.00    7.00     6  hector_mapping_

06:24:50      UID       PID  minflt/s  majflt/s     VSZ     RSS   %MEM  Command
06:24:51        0    115575      0.00      0.00 1075116  451088   2.89  hector_mapping_

06:24:51      UID       PID    %usr %system  %guest   %wait    %CPU   CPU  Command
06:24:52        0    115575    6.00    1.00    0.00    0.00    7.00     8  hector_mapping_

06:24:51      UID       PID  minflt/s  majflt/s     VSZ     RSS   %MEM  Command
06:24:52        0    115575      0.00      0.00 1075116  451088   2.89  hector_mapping_

06:24:52      UID       PID    %usr %system  %guest   %wait    %CPU   CPU  Command
06:24:53        0    115575    7.00    0.00    0.00    0.00    7.00     2  hector_mapping_

06:24:52      UID       PID  minflt/s  majflt/s     VSZ     RSS   %MEM  Command
06:24:53        0    115575      0.00      0.00 1075116  451088   2.89  hector_mapping_

06:24:53      UID       PID    %usr %system  %guest   %wait    %CPU   CPU  Command
06:24:54        0    115575    6.00    1.00    0.00    0.00    7.00     2  hector_mapping_

06:24:53      UID       PID  minflt/s  majflt/s     VSZ     RSS   %MEM  Command
06:24:54        0    115575      0.00      0.00 1075116  451088   2.89  hector_mapping_

06:24:54      UID       PID    %usr %system  %guest   %wait    %CPU   CPU  Command
06:24:55        0    115575    6.00    0.00    0.00    0.00    6.00     6  hector_mapping_

06:24:54      UID       PID  minflt/s  majflt/s     VSZ     RSS   %MEM  Command
06:24:55        0    115575      0.00      0.00 1075116  451088   2.89  hector_mapping_

06:24:55      UID       PID    %usr %system  %guest   %wait    %CPU   CPU  Command
06:24:56        0    115575    6.00    1.00    0.00    0.00    7.00     2  hector_mapping_

06:24:55      UID       PID  minflt/s  majflt/s     VSZ     RSS   %MEM  Command
06:24:56        0    115575      0.00      0.00 1075116  451088   2.89  hector_mapping_

06:24:56      UID       PID    %usr %system  %guest   %wait    %CPU   CPU  Command
06:24:57        0    115575    7.00    1.00    0.00    0.00    8.00    12  hector_mapping_

06:24:56      UID       PID  minflt/s  majflt/s     VSZ     RSS   %MEM  Command
06:24:57        0    115575      0.00      0.00 1075116  451088   2.89  hector_mapping_

06:24:57      UID       PID    %usr %system  %guest   %wait    %CPU   CPU  Command
06:24:58        0    115575    6.00    0.00    0.00    0.00    6.00     2  hector_mapping_

06:24:57      UID       PID  minflt/s  majflt/s     VSZ     RSS   %MEM  Command
06:24:58        0    115575      0.00      0.00 1075116  451088   2.89  hector_mapping_

06:24:58      UID       PID    %usr %system  %guest   %wait    %CPU   CPU  Command
06:24:59        0    115575    7.00    1.00    0.00    0.00    8.00     4  hector_mapping_

06:24:58      UID       PID  minflt/s  majflt/s     VSZ     RSS   %MEM  Command
06:24:59        0    115575      0.00      0.00 1075116  451088   2.89  hector_mapping_

06:24:59      UID       PID    %usr %system  %guest   %wait    %CPU   CPU  Command
06:25:00        0    115575    5.00    1.00    0.00    0.00    6.00     2  hector_mapping_

06:24:59      UID       PID  minflt/s  majflt/s     VSZ     RSS   %MEM  Command
06:25:00        0    115575      0.00      0.00 1075116  451088   2.89  hector_mapping_

06:25:00      UID       PID    %usr %system  %guest   %wait    %CPU   CPU  Command
06:25:01        0    115575    6.00    0.00    0.00    0.00    6.00     2  hector_mapping_

06:25:00      UID       PID  minflt/s  majflt/s     VSZ     RSS   %MEM  Command
06:25:01        0    115575      0.00      0.00 1075116  451088   2.89  hector_mapping_

06:25:01      UID       PID    %usr %system  %guest   %wait    %CPU   CPU  Command
06:25:02        0    115575    7.00    1.00    0.00    0.00    8.00     2  hector_mapping_

06:25:01      UID       PID  minflt/s  majflt/s     VSZ     RSS   %MEM  Command
06:25:02        0    115575      0.00      0.00 1075116  451088   2.89  hector_mapping_

06:25:02      UID       PID    %usr %system  %guest   %wait    %CPU   CPU  Command
06:25:03        0    115575    6.00    0.00    0.00    0.00    6.00     2  hector_mapping_

06:25:02      UID       PID  minflt/s  majflt/s     VSZ     RSS   %MEM  Command
06:25:03        0    115575      0.00      0.00 1075116  451088   2.89  hector_mapping_

06:25:03      UID       PID    %usr %system  %guest   %wait    %CPU   CPU  Command
06:25:04        0    115575    6.00    1.00    0.00    0.00    7.00     4  hector_mapping_

06:25:03      UID       PID  minflt/s  majflt/s     VSZ     RSS   %MEM  Command
06:25:04        0    115575      0.00      0.00 1075116  451088   2.89  hector_mapping_

06:25:04      UID       PID    %usr %system  %guest   %wait    %CPU   CPU  Command
06:25:05        0    115575    7.00    0.00    0.00    0.00    7.00     0  hector_mapping_

06:25:04      UID       PID  minflt/s  majflt/s     VSZ     RSS   %MEM  Command
06:25:05        0    115575      0.00      0.00 1075116  451088   2.89  hector_mapping_

06:25:05      UID       PID    %usr %system  %guest   %wait    %CPU   CPU  Command
06:25:06        0    115575    5.94    0.99    0.00    0.00    6.93     4  hector_mapping_

06:25:05      UID       PID  minflt/s  majflt/s     VSZ     RSS   %MEM  Command
06:25:06        0    115575      0.00      0.00 1075116  451088   2.89  hector_mapping_

06:25:06      UID       PID    %usr %system  %guest   %wait    %CPU   CPU  Command
06:25:07        0    115575    5.00    2.00    0.00    0.00    7.00     8  hector_mapping_

06:25:06      UID       PID  minflt/s  majflt/s     VSZ     RSS   %MEM  Command
06:25:07        0    115575      0.00      0.00 1075116  451088   2.89  hector_mapping_

06:25:07      UID       PID    %usr %system  %guest   %wait    %CPU   CPU  Command
06:25:08        0    115575    7.00    0.00    0.00    0.00    7.00     2  hector_mapping_

06:25:07      UID       PID  minflt/s  majflt/s     VSZ     RSS   %MEM  Command
06:25:08        0    115575      0.00      0.00 1075116  451088   2.89  hector_mapping_

06:25:08      UID       PID    %usr %system  %guest   %wait    %CPU   CPU  Command
06:25:09        0    115575    6.00    1.00    0.00    0.00    7.00     8  hector_mapping_

06:25:08      UID       PID  minflt/s  majflt/s     VSZ     RSS   %MEM  Command
06:25:09        0    115575      0.00      0.00 1075116  451088   2.89  hector_mapping_

06:25:09      UID       PID    %usr %system  %guest   %wait    %CPU   CPU  Command
06:25:10        0    115575    6.00    1.00    0.00    0.00    7.00     8  hector_mapping_

06:25:09      UID       PID  minflt/s  majflt/s     VSZ     RSS   %MEM  Command
06:25:10        0    115575      0.00      0.00 1075116  451088   2.89  hector_mapping_

06:25:10      UID       PID    %usr %system  %guest   %wait    %CPU   CPU  Command
06:25:11        0    115575    7.00    0.00    0.00    0.00    7.00     6  hector_mapping_

06:25:10      UID       PID  minflt/s  majflt/s     VSZ     RSS   %MEM  Command
06:25:11        0    115575      0.00      0.00 1075116  451088   2.89  hector_mapping_

06:25:11      UID       PID    %usr %system  %guest   %wait    %CPU   CPU  Command
06:25:12        0    115575    6.00    1.00    0.00    0.00    7.00     7  hector_mapping_

06:25:11      UID       PID  minflt/s  majflt/s     VSZ     RSS   %MEM  Command
06:25:12        0    115575      0.00      0.00 1075116  451088   2.89  hector_mapping_

06:25:12      UID       PID    %usr %system  %guest   %wait    %CPU   CPU  Command
06:25:13        0    115575    6.00    0.00    0.00    0.00    6.00     7  hector_mapping_

06:25:12      UID       PID  minflt/s  majflt/s     VSZ     RSS   %MEM  Command
06:25:13        0    115575      0.00      0.00 1075116  451088   2.89  hector_mapping_

06:25:13      UID       PID    %usr %system  %guest   %wait    %CPU   CPU  Command
06:25:14        0    115575    7.00    1.00    0.00    0.00    8.00     7  hector_mapping_

06:25:13      UID       PID  minflt/s  majflt/s     VSZ     RSS   %MEM  Command
06:25:14        0    115575      0.00      0.00 1075116  451088   2.89  hector_mapping_

06:25:14      UID       PID    %usr %system  %guest   %wait    %CPU   CPU  Command
06:25:15        0    115575    6.00    0.00    0.00    0.00    6.00     7  hector_mapping_

06:25:14      UID       PID  minflt/s  majflt/s     VSZ     RSS   %MEM  Command
06:25:15        0    115575      0.00      0.00 1075116  451088   2.89  hector_mapping_

06:25:15      UID       PID    %usr %system  %guest   %wait    %CPU   CPU  Command
06:25:16        0    115575    7.00    1.00    0.00    0.00    8.00     7  hector_mapping_

06:25:15      UID       PID  minflt/s  majflt/s     VSZ     RSS   %MEM  Command
06:25:16        0    115575      0.00      0.00 1075116  451088   2.89  hector_mapping_

06:25:16      UID       PID    %usr %system  %guest   %wait    %CPU   CPU  Command
06:25:17        0    115575    6.00    0.00    0.00    0.00    6.00     6  hector_mapping_

06:25:16      UID       PID  minflt/s  majflt/s     VSZ     RSS   %MEM  Command
06:25:17        0    115575      0.00      0.00 1075116  451088   2.89  hector_mapping_

06:25:17      UID       PID    %usr %system  %guest   %wait    %CPU   CPU  Command
06:25:18        0    115575    6.00    1.00    0.00    0.00    7.00     7  hector_mapping_

06:25:17      UID       PID  minflt/s  majflt/s     VSZ     RSS   %MEM  Command
06:25:18        0    115575      0.00      0.00 1075116  451088   2.89  hector_mapping_

06:25:18      UID       PID    %usr %system  %guest   %wait    %CPU   CPU  Command
06:25:19        0    115575    7.00    0.00    0.00    0.00    7.00     0  hector_mapping_

06:25:18      UID       PID  minflt/s  majflt/s     VSZ     RSS   %MEM  Command
06:25:19        0    115575      0.00      0.00 1075116  451088   2.89  hector_mapping_

06:25:19      UID       PID    %usr %system  %guest   %wait    %CPU   CPU  Command
06:25:20        0    115575    7.00    1.00    0.00    0.00    8.00     7  hector_mapping_

06:25:19      UID       PID  minflt/s  majflt/s     VSZ     RSS   %MEM  Command
06:25:20        0    115575      0.00      0.00 1075116  451088   2.89  hector_mapping_

06:25:20      UID       PID    %usr %system  %guest   %wait    %CPU   CPU  Command
06:25:21        0    115575    6.00    0.00    0.00    0.00    6.00     0  hector_mapping_

06:25:20      UID       PID  minflt/s  majflt/s     VSZ     RSS   %MEM  Command
06:25:21        0    115575      0.00      0.00 1075116  451088   2.89  hector_mapping_

06:25:21      UID       PID    %usr %system  %guest   %wait    %CPU   CPU  Command
06:25:22        0    115575    6.00    1.00    0.00    0.00    7.00     0  hector_mapping_

06:25:21      UID       PID  minflt/s  majflt/s     VSZ     RSS   %MEM  Command
06:25:22        0    115575      0.00      0.00 1075116  451088   2.89  hector_mapping_

06:25:22      UID       PID    %usr %system  %guest   %wait    %CPU   CPU  Command
06:25:23        0    115575    7.00    0.00    0.00    0.00    7.00     7  hector_mapping_

06:25:22      UID       PID  minflt/s  majflt/s     VSZ     RSS   %MEM  Command
06:25:23        0    115575      0.00      0.00 1075116  451088   2.89  hector_mapping_

06:25:23      UID       PID    %usr %system  %guest   %wait    %CPU   CPU  Command
06:25:24        0    115575    7.00    1.00    0.00    0.00    8.00     7  hector_mapping_

06:25:23      UID       PID  minflt/s  majflt/s     VSZ     RSS   %MEM  Command
06:25:24        0    115575      0.00      0.00 1075116  451088   2.89  hector_mapping_

06:25:24      UID       PID    %usr %system  %guest   %wait    %CPU   CPU  Command
06:25:25        0    115575    6.00    1.00    0.00    0.00    7.00     2  hector_mapping_

06:25:24      UID       PID  minflt/s  majflt/s     VSZ     RSS   %MEM  Command
06:25:25        0    115575      0.00      0.00 1075116  451088   2.89  hector_mapping_

06:25:25      UID       PID    %usr %system  %guest   %wait    %CPU   CPU  Command
06:25:26        0    115575    6.00    0.00    0.00    0.00    6.00     7  hector_mapping_

06:25:25      UID       PID  minflt/s  majflt/s     VSZ     RSS   %MEM  Command
06:25:26        0    115575      0.00      0.00 1075116  451088   2.89  hector_mapping_

06:25:26      UID       PID    %usr %system  %guest   %wait    %CPU   CPU  Command
06:25:27        0    115575    6.00    1.00    0.00    0.00    7.00     7  hector_mapping_

06:25:26      UID       PID  minflt/s  majflt/s     VSZ     RSS   %MEM  Command
06:25:27        0    115575      0.00      0.00 1075116  451088   2.89  hector_mapping_

06:25:27      UID       PID    %usr %system  %guest   %wait    %CPU   CPU  Command
06:25:28        0    115575    6.00    1.00    0.00    0.00    7.00     7  hector_mapping_

06:25:27      UID       PID  minflt/s  majflt/s     VSZ     RSS   %MEM  Command
06:25:28        0    115575      0.00      0.00 1075116  451088   2.89  hector_mapping_

06:25:28      UID       PID    %usr %system  %guest   %wait    %CPU   CPU  Command
06:25:29        0    115575    7.00    0.00    0.00    0.00    7.00     7  hector_mapping_

06:25:28      UID       PID  minflt/s  majflt/s     VSZ     RSS   %MEM  Command
06:25:29        0    115575      0.00      0.00 1075116  451088   2.89  hector_mapping_

06:25:29      UID       PID    %usr %system  %guest   %wait    %CPU   CPU  Command
06:25:30        0    115575    6.00    1.00    0.00    0.00    7.00     7  hector_mapping_

06:25:29      UID       PID  minflt/s  majflt/s     VSZ     RSS   %MEM  Command
06:25:30        0    115575      0.00      0.00 1075116  451088   2.89  hector_mapping_

06:25:30      UID       PID    %usr %system  %guest   %wait    %CPU   CPU  Command
06:25:31        0    115575    6.00    0.00    0.00    0.00    6.00     7  hector_mapping_

06:25:30      UID       PID  minflt/s  majflt/s     VSZ     RSS   %MEM  Command
06:25:31        0    115575      0.00      0.00 1075116  451088   2.89  hector_mapping_

06:25:31      UID       PID    %usr %system  %guest   %wait    %CPU   CPU  Command
06:25:32        0    115575    7.00    1.00    0.00    0.00    8.00     8  hector_mapping_

06:25:31      UID       PID  minflt/s  majflt/s     VSZ     RSS   %MEM  Command
06:25:32        0    115575      0.00      0.00 1075116  451088   2.89  hector_mapping_

06:25:32      UID       PID    %usr %system  %guest   %wait    %CPU   CPU  Command
06:25:33        0    115575    6.00    0.00    0.00    0.00    6.00     7  hector_mapping_

06:25:32      UID       PID  minflt/s  majflt/s     VSZ     RSS   %MEM  Command
06:25:33        0    115575      0.00      0.00 1075116  451088   2.89  hector_mapping_

06:25:33      UID       PID    %usr %system  %guest   %wait    %CPU   CPU  Command
06:25:34        0    115575    6.00    0.00    0.00    0.00    6.00     7  hector_mapping_

06:25:33      UID       PID  minflt/s  majflt/s     VSZ     RSS   %MEM  Command
06:25:34        0    115575      0.00      0.00 1075116  451088   2.89  hector_mapping_

06:25:34      UID       PID    %usr %system  %guest   %wait    %CPU   CPU  Command
06:25:35        0    115575    7.00    1.00    0.00    0.00    8.00     8  hector_mapping_

06:25:34      UID       PID  minflt/s  majflt/s     VSZ     RSS   %MEM  Command
06:25:35        0    115575      0.00      0.00 1075116  451088   2.89  hector_mapping_

06:25:35      UID       PID    %usr %system  %guest   %wait    %CPU   CPU  Command
06:25:36        0    115575    6.00    1.00    0.00    0.00    7.00     7  hector_mapping_

06:25:35      UID       PID  minflt/s  majflt/s     VSZ     RSS   %MEM  Command
06:25:36        0    115575      0.00      0.00 1075116  451088   2.89  hector_mapping_

06:25:36      UID       PID    %usr %system  %guest   %wait    %CPU   CPU  Command
06:25:37        0    115575    6.00    0.00    0.00    0.00    6.00     7  hector_mapping_

06:25:36      UID       PID  minflt/s  majflt/s     VSZ     RSS   %MEM  Command
06:25:37        0    115575      0.00      0.00 1075116  451088   2.89  hector_mapping_

06:25:37      UID       PID    %usr %system  %guest   %wait    %CPU   CPU  Command
06:25:38        0    115575    6.00    1.00    0.00    0.00    7.00    10  hector_mapping_

06:25:37      UID       PID  minflt/s  majflt/s     VSZ     RSS   %MEM  Command
06:25:38        0    115575      0.00      0.00 1075116  451088   2.89  hector_mapping_

06:25:38      UID       PID    %usr %system  %guest   %wait    %CPU   CPU  Command
06:25:39        0    115575    7.00    0.00    0.00    0.00    7.00     8  hector_mapping_

06:25:38      UID       PID  minflt/s  majflt/s     VSZ     RSS   %MEM  Command
06:25:39        0    115575      0.00      0.00 1075116  451088   2.89  hector_mapping_

06:25:39      UID       PID    %usr %system  %guest   %wait    %CPU   CPU  Command
06:25:40        0    115575    6.00    1.00    0.00    0.00    7.00     4  hector_mapping_

06:25:39      UID       PID  minflt/s  majflt/s     VSZ     RSS   %MEM  Command
06:25:40        0    115575      0.00      0.00 1075116  451088   2.89  hector_mapping_

06:25:40      UID       PID    %usr %system  %guest   %wait    %CPU   CPU  Command
06:25:41        0    115575    6.00    1.00    0.00    0.00    7.00     2  hector_mapping_

06:25:40      UID       PID  minflt/s  majflt/s     VSZ     RSS   %MEM  Command
06:25:41        0    115575      0.00      0.00 1075116  451088   2.89  hector_mapping_

06:25:41      UID       PID    %usr %system  %guest   %wait    %CPU   CPU  Command
06:25:42        0    115575    6.00    1.00    0.00    0.00    7.00     0  hector_mapping_

06:25:41      UID       PID  minflt/s  majflt/s     VSZ     RSS   %MEM  Command
06:25:42        0    115575      0.00      0.00 1075116  451088   2.89  hector_mapping_

06:25:42      UID       PID    %usr %system  %guest   %wait    %CPU   CPU  Command
06:25:43        0    115575    7.00    0.00    0.00    0.00    7.00     2  hector_mapping_

06:25:42      UID       PID  minflt/s  majflt/s     VSZ     RSS   %MEM  Command
06:25:43        0    115575      0.00      0.00 1075116  451088   2.89  hector_mapping_

06:25:43      UID       PID    %usr %system  %guest   %wait    %CPU   CPU  Command
06:25:44        0    115575    6.00    1.00    0.00    0.00    7.00     8  hector_mapping_

06:25:43      UID       PID  minflt/s  majflt/s     VSZ     RSS   %MEM  Command
06:25:44        0    115575      0.00      0.00 1075116  451088   2.89  hector_mapping_

06:25:44      UID       PID    %usr %system  %guest   %wait    %CPU   CPU  Command
06:25:45        0    115575    7.00    0.00    0.00    0.00    7.00     2  hector_mapping_

06:25:44      UID       PID  minflt/s  majflt/s     VSZ     RSS   %MEM  Command
06:25:45        0    115575      0.00      0.00 1075116  451088   2.89  hector_mapping_

06:25:45      UID       PID    %usr %system  %guest   %wait    %CPU   CPU  Command
06:25:46        0    115575    6.00    1.00    0.00    0.00    7.00     2  hector_mapping_

06:25:45      UID       PID  minflt/s  majflt/s     VSZ     RSS   %MEM  Command
06:25:46        0    115575      0.00      0.00 1075116  451088   2.89  hector_mapping_

06:25:46      UID       PID    %usr %system  %guest   %wait    %CPU   CPU  Command
06:25:47        0    115575    6.00    1.00    0.00    0.00    7.00    12  hector_mapping_

06:25:46      UID       PID  minflt/s  majflt/s     VSZ     RSS   %MEM  Command
06:25:47        0    115575      0.00      0.00 1075116  451088   2.89  hector_mapping_

06:25:47      UID       PID    %usr %system  %guest   %wait    %CPU   CPU  Command
06:25:48        0    115575    6.00    0.00    0.00    0.00    6.00    10  hector_mapping_

06:25:47      UID       PID  minflt/s  majflt/s     VSZ     RSS   %MEM  Command
06:25:48        0    115575      0.00      0.00 1075116  451088   2.89  hector_mapping_

06:25:48      UID       PID    %usr %system  %guest   %wait    %CPU   CPU  Command
06:25:49        0    115575    6.00    1.00    0.00    0.00    7.00    10  hector_mapping_

06:25:48      UID       PID  minflt/s  majflt/s     VSZ     RSS   %MEM  Command
06:25:49        0    115575      0.00      0.00 1075116  451088   2.89  hector_mapping_

06:25:49      UID       PID    %usr %system  %guest   %wait    %CPU   CPU  Command
06:25:50        0    115575    6.00    1.00    0.00    0.00    7.00     6  hector_mapping_

06:25:49      UID       PID  minflt/s  majflt/s     VSZ     RSS   %MEM  Command
06:25:50        0    115575      0.00      0.00 1075116  451088   2.89  hector_mapping_

06:25:50      UID       PID    %usr %system  %guest   %wait    %CPU   CPU  Command
06:25:51        0    115575    6.00    0.00    0.00    0.00    6.00     2  hector_mapping_

06:25:50      UID       PID  minflt/s  majflt/s     VSZ     RSS   %MEM  Command
06:25:51        0    115575      0.00      0.00 1075116  451088   2.89  hector_mapping_

06:25:51      UID       PID    %usr %system  %guest   %wait    %CPU   CPU  Command
06:25:52        0    115575    6.00    1.00    0.00    0.00    7.00     6  hector_mapping_

06:25:51      UID       PID  minflt/s  majflt/s     VSZ     RSS   %MEM  Command
06:25:52        0    115575      0.00      0.00 1075116  451088   2.89  hector_mapping_

06:25:52      UID       PID    %usr %system  %guest   %wait    %CPU   CPU  Command
06:25:53        0    115575    6.00    1.00    0.00    0.00    7.00     2  hector_mapping_

06:25:52      UID       PID  minflt/s  majflt/s     VSZ     RSS   %MEM  Command
06:25:53        0    115575      0.00      0.00 1075116  451088   2.89  hector_mapping_

06:25:53      UID       PID    %usr %system  %guest   %wait    %CPU   CPU  Command
06:25:54        0    115575    7.00    0.00    0.00    0.00    7.00     2  hector_mapping_

06:25:53      UID       PID  minflt/s  majflt/s     VSZ     RSS   %MEM  Command
06:25:54        0    115575      0.00      0.00 1075116  451088   2.89  hector_mapping_

06:25:54      UID       PID    %usr %system  %guest   %wait    %CPU   CPU  Command
06:25:55        0    115575    6.00    1.00    0.00    0.00    7.00     6  hector_mapping_

06:25:54      UID       PID  minflt/s  majflt/s     VSZ     RSS   %MEM  Command
06:25:55        0    115575      0.00      0.00 1075116  451088   2.89  hector_mapping_

06:25:55      UID       PID    %usr %system  %guest   %wait    %CPU   CPU  Command
06:25:56        0    115575    6.00    1.00    0.00    0.00    7.00     2  hector_mapping_

06:25:55      UID       PID  minflt/s  majflt/s     VSZ     RSS   %MEM  Command
06:25:56        0    115575      0.00      0.00 1075116  451088   2.89  hector_mapping_

06:25:56      UID       PID    %usr %system  %guest   %wait    %CPU   CPU  Command
06:25:57        0    115575    6.00    0.00    0.00    0.00    6.00     0  hector_mapping_

06:25:56      UID       PID  minflt/s  majflt/s     VSZ     RSS   %MEM  Command
06:25:57        0    115575      0.00      0.00 1075116  451088   2.89  hector_mapping_

06:25:57      UID       PID    %usr %system  %guest   %wait    %CPU   CPU  Command
06:25:58        0    115575    6.00    1.00    0.00    0.00    7.00    13  hector_mapping_

06:25:57      UID       PID  minflt/s  majflt/s     VSZ     RSS   %MEM  Command
06:25:58        0    115575      0.00      0.00 1075116  451088   2.89  hector_mapping_

06:25:58      UID       PID    %usr %system  %guest   %wait    %CPU   CPU  Command
06:25:59        0    115575    7.00    0.00    0.00    0.00    7.00     2  hector_mapping_

06:25:58      UID       PID  minflt/s  majflt/s     VSZ     RSS   %MEM  Command
06:25:59        0    115575      0.00      0.00 1075116  451088   2.89  hector_mapping_

06:25:59      UID       PID    %usr %system  %guest   %wait    %CPU   CPU  Command
06:26:00        0    115575    6.00    1.00    0.00    0.00    7.00     2  hector_mapping_

06:25:59      UID       PID  minflt/s  majflt/s     VSZ     RSS   %MEM  Command
06:26:00        0    115575      0.00      0.00 1075116  451088   2.89  hector_mapping_

06:26:00      UID       PID    %usr %system  %guest   %wait    %CPU   CPU  Command
06:26:01        0    115575    6.00    1.00    0.00    0.00    7.00     7  hector_mapping_

06:26:00      UID       PID  minflt/s  majflt/s     VSZ     RSS   %MEM  Command
06:26:01        0    115575      0.00      0.00 1075116  451088   2.89  hector_mapping_

06:26:01      UID       PID    %usr %system  %guest   %wait    %CPU   CPU  Command
06:26:02        0    115575    6.00    0.00    0.00    0.00    6.00     6  hector_mapping_

06:26:01      UID       PID  minflt/s  majflt/s     VSZ     RSS   %MEM  Command
06:26:02        0    115575      0.00      0.00 1075116  451088   2.89  hector_mapping_

06:26:02      UID       PID    %usr %system  %guest   %wait    %CPU   CPU  Command
06:26:03        0    115575    6.00    1.00    0.00    0.00    7.00     2  hector_mapping_

06:26:02      UID       PID  minflt/s  majflt/s     VSZ     RSS   %MEM  Command
06:26:03        0    115575      0.00      0.00 1075116  451088   2.89  hector_mapping_

06:26:03      UID       PID    %usr %system  %guest   %wait    %CPU   CPU  Command
06:26:04        0    115575    6.00    0.00    0.00    0.00    6.00     2  hector_mapping_

06:26:03      UID       PID  minflt/s  majflt/s     VSZ     RSS   %MEM  Command
06:26:04        0    115575      0.00      0.00 1075116  451088   2.89  hector_mapping_

06:26:04      UID       PID    %usr %system  %guest   %wait    %CPU   CPU  Command
06:26:05        0    115575    6.00    1.00    0.00    0.00    7.00     2  hector_mapping_

06:26:04      UID       PID  minflt/s  majflt/s     VSZ     RSS   %MEM  Command
06:26:05        0    115575      0.00      0.00 1075116  451088   2.89  hector_mapping_

06:26:05      UID       PID    %usr %system  %guest   %wait    %CPU   CPU  Command
06:26:06        0    115575    7.00    1.00    0.00    0.00    8.00     2  hector_mapping_

06:26:05      UID       PID  minflt/s  majflt/s     VSZ     RSS   %MEM  Command
06:26:06        0    115575      0.00      0.00 1075116  451088   2.89  hector_mapping_

06:26:06      UID       PID    %usr %system  %guest   %wait    %CPU   CPU  Command
06:26:07        0    115575    6.00    0.00    0.00    0.00    6.00     6  hector_mapping_

06:26:06      UID       PID  minflt/s  majflt/s     VSZ     RSS   %MEM  Command
06:26:07        0    115575      0.00      0.00 1075116  451088   2.89  hector_mapping_

06:26:07      UID       PID    %usr %system  %guest   %wait    %CPU   CPU  Command
06:26:08        0    115575    6.00    1.00    0.00    0.00    7.00     6  hector_mapping_

06:26:07      UID       PID  minflt/s  majflt/s     VSZ     RSS   %MEM  Command
06:26:08        0    115575      0.00      0.00 1075116  451088   2.89  hector_mapping_

06:26:08      UID       PID    %usr %system  %guest   %wait    %CPU   CPU  Command
06:26:09        0    115575    7.00    1.00    0.00    0.00    8.00     6  hector_mapping_

06:26:08      UID       PID  minflt/s  majflt/s     VSZ     RSS   %MEM  Command
06:26:09        0    115575      0.00      0.00 1075116  451088   2.89  hector_mapping_

06:26:09      UID       PID    %usr %system  %guest   %wait    %CPU   CPU  Command
06:26:10        0    115575    6.00    0.00    0.00    0.00    6.00     6  hector_mapping_

06:26:09      UID       PID  minflt/s  majflt/s     VSZ     RSS   %MEM  Command
06:26:10        0    115575      0.00      0.00 1075116  451088   2.89  hector_mapping_

06:26:10      UID       PID    %usr %system  %guest   %wait    %CPU   CPU  Command
06:26:11        0    115575    6.00    1.00    0.00    0.00    7.00     6  hector_mapping_

06:26:10      UID       PID  minflt/s  majflt/s     VSZ     RSS   %MEM  Command
06:26:11        0    115575      0.00      0.00 1075116  451088   2.89  hector_mapping_

06:26:11      UID       PID    %usr %system  %guest   %wait    %CPU   CPU  Command
06:26:12        0    115575    6.00    0.00    0.00    0.00    6.00     6  hector_mapping_

06:26:11      UID       PID  minflt/s  majflt/s     VSZ     RSS   %MEM  Command
06:26:12        0    115575      0.00      0.00 1075116  451088   2.89  hector_mapping_

06:26:12      UID       PID    %usr %system  %guest   %wait    %CPU   CPU  Command
06:26:13        0    115575    6.00    1.00    0.00    0.00    7.00     6  hector_mapping_

06:26:12      UID       PID  minflt/s  majflt/s     VSZ     RSS   %MEM  Command
06:26:13        0    115575      0.00      0.00 1075116  451088   2.89  hector_mapping_

06:26:13      UID       PID    %usr %system  %guest   %wait    %CPU   CPU  Command
06:26:14        0    115575    7.00    1.00    0.00    0.00    8.00     6  hector_mapping_

06:26:13      UID       PID  minflt/s  majflt/s     VSZ     RSS   %MEM  Command
06:26:14        0    115575      0.00      0.00 1075116  451088   2.89  hector_mapping_

06:26:14      UID       PID    %usr %system  %guest   %wait    %CPU   CPU  Command
06:26:15        0    115575    6.00    0.00    0.00    0.00    6.00     6  hector_mapping_

06:26:14      UID       PID  minflt/s  majflt/s     VSZ     RSS   %MEM  Command
06:26:15        0    115575      0.00      0.00 1075116  451088   2.89  hector_mapping_

06:26:15      UID       PID    %usr %system  %guest   %wait    %CPU   CPU  Command
06:26:16        0    115575    6.00    1.00    0.00    0.00    7.00     8  hector_mapping_

06:26:15      UID       PID  minflt/s  majflt/s     VSZ     RSS   %MEM  Command
06:26:16        0    115575      0.00      0.00 1075116  451088   2.89  hector_mapping_

06:26:16      UID       PID    %usr %system  %guest   %wait    %CPU   CPU  Command
06:26:17        0    115575    6.00    0.00    0.00    0.00    6.00     4  hector_mapping_

06:26:16      UID       PID  minflt/s  majflt/s     VSZ     RSS   %MEM  Command
06:26:17        0    115575      0.00      0.00 1075116  451088   2.89  hector_mapping_

06:26:17      UID       PID    %usr %system  %guest   %wait    %CPU   CPU  Command
06:26:18        0    115575    7.00    1.00    0.00    0.00    8.00     6  hector_mapping_

06:26:17      UID       PID  minflt/s  majflt/s     VSZ     RSS   %MEM  Command
06:26:18        0    115575      0.00      0.00 1075116  451088   2.89  hector_mapping_

06:26:18      UID       PID    %usr %system  %guest   %wait    %CPU   CPU  Command
06:26:19        0    115575    6.00    1.00    0.00    0.00    7.00     2  hector_mapping_

06:26:18      UID       PID  minflt/s  majflt/s     VSZ     RSS   %MEM  Command
06:26:19        0    115575      0.00      0.00 1075116  451088   2.89  hector_mapping_

06:26:19      UID       PID    %usr %system  %guest   %wait    %CPU   CPU  Command
06:26:20        0    115575    6.00    0.00    0.00    0.00    6.00     6  hector_mapping_

06:26:19      UID       PID  minflt/s  majflt/s     VSZ     RSS   %MEM  Command
06:26:20        0    115575      0.00      0.00 1075116  451088   2.89  hector_mapping_

06:26:20      UID       PID    %usr %system  %guest   %wait    %CPU   CPU  Command
06:26:21        0    115575    7.00    1.00    0.00    0.00    8.00     6  hector_mapping_

06:26:20      UID       PID  minflt/s  majflt/s     VSZ     RSS   %MEM  Command
06:26:21        0    115575      0.00      0.00 1075116  451088   2.89  hector_mapping_

06:26:21      UID       PID    %usr %system  %guest   %wait    %CPU   CPU  Command
06:26:22        0    115575    6.00    1.00    0.00    0.00    7.00    14  hector_mapping_

06:26:21      UID       PID  minflt/s  majflt/s     VSZ     RSS   %MEM  Command
06:26:22        0    115575      0.00      0.00 1075116  451088   2.89  hector_mapping_

06:26:22      UID       PID    %usr %system  %guest   %wait    %CPU   CPU  Command
06:26:23        0    115575    6.00    0.00    0.00    0.00    6.00     6  hector_mapping_

06:26:22      UID       PID  minflt/s  majflt/s     VSZ     RSS   %MEM  Command
06:26:23        0    115575      0.00      0.00 1075116  451088   2.89  hector_mapping_

06:26:23      UID       PID    %usr %system  %guest   %wait    %CPU   CPU  Command
06:26:24        0    115575    6.00    1.00    0.00    0.00    7.00     4  hector_mapping_

06:26:23      UID       PID  minflt/s  majflt/s     VSZ     RSS   %MEM  Command
06:26:24        0    115575      0.00      0.00 1075116  451088   2.89  hector_mapping_

06:26:24      UID       PID    %usr %system  %guest   %wait    %CPU   CPU  Command
06:26:25        0    115575    6.00    1.00    0.00    0.00    7.00     6  hector_mapping_

06:26:24      UID       PID  minflt/s  majflt/s     VSZ     RSS   %MEM  Command
06:26:25        0    115575      0.00      0.00 1075116  451088   2.89  hector_mapping_

06:26:25      UID       PID    %usr %system  %guest   %wait    %CPU   CPU  Command
06:26:26        0    115575    6.00    0.00    0.00    0.00    6.00     2  hector_mapping_

06:26:25      UID       PID  minflt/s  majflt/s     VSZ     RSS   %MEM  Command
06:26:26        0    115575      0.00      0.00 1075116  451088   2.89  hector_mapping_

06:26:26      UID       PID    %usr %system  %guest   %wait    %CPU   CPU  Command
06:26:27        0    115575    6.00    1.00    0.00    0.00    7.00     8  hector_mapping_

06:26:26      UID       PID  minflt/s  majflt/s     VSZ     RSS   %MEM  Command
06:26:27        0    115575      0.00      0.00 1075116  451088   2.89  hector_mapping_

06:26:27      UID       PID    %usr %system  %guest   %wait    %CPU   CPU  Command
06:26:28        0    115575    6.00    1.00    0.00    0.00    7.00     2  hector_mapping_

06:26:27      UID       PID  minflt/s  majflt/s     VSZ     RSS   %MEM  Command
06:26:28        0    115575      0.00      0.00 1075116  451088   2.89  hector_mapping_

06:26:28      UID       PID    %usr %system  %guest   %wait    %CPU   CPU  Command
06:26:29        0    115575    7.00    1.00    0.00    0.00    8.00     4  hector_mapping_

06:26:28      UID       PID  minflt/s  majflt/s     VSZ     RSS   %MEM  Command
06:26:29        0    115575      0.00      0.00 1075116  451088   2.89  hector_mapping_

06:26:29      UID       PID    %usr %system  %guest   %wait    %CPU   CPU  Command
06:26:30        0    115575    6.00    0.00    0.00    0.00    6.00     4  hector_mapping_

06:26:29      UID       PID  minflt/s  majflt/s     VSZ     RSS   %MEM  Command
06:26:30        0    115575      0.00      0.00 1075116  451088   2.89  hector_mapping_

06:26:30      UID       PID    %usr %system  %guest   %wait    %CPU   CPU  Command
06:26:31        0    115575    6.00    1.00    0.00    0.00    7.00     6  hector_mapping_

06:26:30      UID       PID  minflt/s  majflt/s     VSZ     RSS   %MEM  Command
06:26:31        0    115575      0.00      0.00 1075116  451088   2.89  hector_mapping_

06:26:31      UID       PID    %usr %system  %guest   %wait    %CPU   CPU  Command
06:26:32        0    115575    7.00    1.00    0.00    0.00    8.00     0  hector_mapping_

06:26:31      UID       PID  minflt/s  majflt/s     VSZ     RSS   %MEM  Command
06:26:32        0    115575      0.00      0.00 1075116  451088   2.89  hector_mapping_

06:26:32      UID       PID    %usr %system  %guest   %wait    %CPU   CPU  Command
06:26:33        0    115575    6.00    0.00    0.00    0.00    6.00     8  hector_mapping_

06:26:32      UID       PID  minflt/s  majflt/s     VSZ     RSS   %MEM  Command
06:26:33        0    115575      0.00      0.00 1075116  451088   2.89  hector_mapping_

06:26:33      UID       PID    %usr %system  %guest   %wait    %CPU   CPU  Command
06:26:34        0    115575    7.00    1.00    0.00    0.00    8.00     6  hector_mapping_

06:26:33      UID       PID  minflt/s  majflt/s     VSZ     RSS   %MEM  Command
06:26:34        0    115575      0.00      0.00 1075116  451088   2.89  hector_mapping_

06:26:34      UID       PID    %usr %system  %guest   %wait    %CPU   CPU  Command
06:26:35        0    115575    5.00    1.00    0.00    0.00    6.00     6  hector_mapping_

06:26:34      UID       PID  minflt/s  majflt/s     VSZ     RSS   %MEM  Command
06:26:35        0    115575      0.00      0.00 1075116  451088   2.89  hector_mapping_

06:26:35      UID       PID    %usr %system  %guest   %wait    %CPU   CPU  Command
06:26:36        0    115575    6.93    0.00    0.00    0.00    6.93     8  hector_mapping_

06:26:35      UID       PID  minflt/s  majflt/s     VSZ     RSS   %MEM  Command
06:26:36        0    115575      0.00      0.00 1075116  451088   2.89  hector_mapping_

06:26:36      UID       PID    %usr %system  %guest   %wait    %CPU   CPU  Command
06:26:37        0    115575    6.00    1.00    0.00    0.00    7.00     2  hector_mapping_

06:26:36      UID       PID  minflt/s  majflt/s     VSZ     RSS   %MEM  Command
06:26:37        0    115575      0.00      0.00 1075116  451088   2.89  hector_mapping_

06:26:37      UID       PID    %usr %system  %guest   %wait    %CPU   CPU  Command
06:26:38        0    115575    6.00    1.00    0.00    0.00    7.00     6  hector_mapping_

06:26:37      UID       PID  minflt/s  majflt/s     VSZ     RSS   %MEM  Command
06:26:38        0    115575      0.00      0.00 1075116  451088   2.89  hector_mapping_

06:26:38      UID       PID    %usr %system  %guest   %wait    %CPU   CPU  Command
06:26:39        0    115575    6.00    0.00    0.00    0.00    6.00     6  hector_mapping_

06:26:38      UID       PID  minflt/s  majflt/s     VSZ     RSS   %MEM  Command
06:26:39        0    115575      0.00      0.00 1075116  451088   2.89  hector_mapping_

06:26:39      UID       PID    %usr %system  %guest   %wait    %CPU   CPU  Command
06:26:40        0    115575    6.00    1.00    0.00    0.00    7.00     2  hector_mapping_

06:26:39      UID       PID  minflt/s  majflt/s     VSZ     RSS   %MEM  Command
06:26:40        0    115575      0.00      0.00 1075116  451088   2.89  hector_mapping_

06:26:40      UID       PID    %usr %system  %guest   %wait    %CPU   CPU  Command
06:26:41        0    115575    6.00    0.00    0.00    0.00    6.00     2  hector_mapping_

06:26:40      UID       PID  minflt/s  majflt/s     VSZ     RSS   %MEM  Command
06:26:41        0    115575      0.00      0.00 1075116  451088   2.89  hector_mapping_

06:26:41      UID       PID    %usr %system  %guest   %wait    %CPU   CPU  Command
06:26:42        0    115575    7.00    1.00    0.00    0.00    8.00     0  hector_mapping_

06:26:41      UID       PID  minflt/s  majflt/s     VSZ     RSS   %MEM  Command
06:26:42        0    115575      0.00      0.00 1075116  451088   2.89  hector_mapping_

06:26:42      UID       PID    %usr %system  %guest   %wait    %CPU   CPU  Command
06:26:43        0    115575    6.00    0.00    0.00    0.00    6.00     6  hector_mapping_

06:26:42      UID       PID  minflt/s  majflt/s     VSZ     RSS   %MEM  Command
06:26:43        0    115575      0.00      0.00 1075116  451088   2.89  hector_mapping_

06:26:43      UID       PID    %usr %system  %guest   %wait    %CPU   CPU  Command
06:26:44        0    115575    6.00    1.00    0.00    0.00    7.00     8  hector_mapping_

06:26:43      UID       PID  minflt/s  majflt/s     VSZ     RSS   %MEM  Command
06:26:44        0    115575      0.00      0.00 1075116  451088   2.89  hector_mapping_

06:26:44      UID       PID    %usr %system  %guest   %wait    %CPU   CPU  Command
06:26:45        0    115575    6.00    1.00    0.00    0.00    7.00     2  hector_mapping_

06:26:44      UID       PID  minflt/s  majflt/s     VSZ     RSS   %MEM  Command
06:26:45        0    115575      0.00      0.00 1075116  451088   2.89  hector_mapping_

06:26:45      UID       PID    %usr %system  %guest   %wait    %CPU   CPU  Command
06:26:46        0    115575    6.00    1.00    0.00    0.00    7.00     6  hector_mapping_

06:26:45      UID       PID  minflt/s  majflt/s     VSZ     RSS   %MEM  Command
06:26:46        0    115575      0.00      0.00 1075116  451088   2.89  hector_mapping_

06:26:46      UID       PID    %usr %system  %guest   %wait    %CPU   CPU  Command
06:26:47        0    115575    6.00    0.00    0.00    0.00    6.00     6  hector_mapping_

06:26:46      UID       PID  minflt/s  majflt/s     VSZ     RSS   %MEM  Command
06:26:47        0    115575      0.00      0.00 1075116  451088   2.89  hector_mapping_

06:26:47      UID       PID    %usr %system  %guest   %wait    %CPU   CPU  Command
06:26:48        0    115575    7.00    1.00    0.00    0.00    8.00     6  hector_mapping_

06:26:47      UID       PID  minflt/s  majflt/s     VSZ     RSS   %MEM  Command
06:26:48        0    115575      0.00      0.00 1075116  451088   2.89  hector_mapping_

06:26:48      UID       PID    %usr %system  %guest   %wait    %CPU   CPU  Command
06:26:49        0    115575    6.00    1.00    0.00    0.00    7.00     7  hector_mapping_

06:26:48      UID       PID  minflt/s  majflt/s     VSZ     RSS   %MEM  Command
06:26:49        0    115575      0.00      0.00 1075116  451088   2.89  hector_mapping_

06:26:49      UID       PID    %usr %system  %guest   %wait    %CPU   CPU  Command
06:26:50        0    115575    6.00    0.00    0.00    0.00    6.00     7  hector_mapping_

06:26:49      UID       PID  minflt/s  majflt/s     VSZ     RSS   %MEM  Command
06:26:50        0    115575      0.00      0.00 1075116  451088   2.89  hector_mapping_

06:26:50      UID       PID    %usr %system  %guest   %wait    %CPU   CPU  Command
06:26:51        0    115575    7.00    0.00    0.00    0.00    7.00     7  hector_mapping_

06:26:50      UID       PID  minflt/s  majflt/s     VSZ     RSS   %MEM  Command
06:26:51        0    115575      0.00      0.00 1075116  451088   2.89  hector_mapping_

06:26:51      UID       PID    %usr %system  %guest   %wait    %CPU   CPU  Command
06:26:52        0    115575    6.00    1.00    0.00    0.00    7.00     7  hector_mapping_

06:26:51      UID       PID  minflt/s  majflt/s     VSZ     RSS   %MEM  Command
06:26:52        0    115575      0.00      0.00 1075116  451088   2.89  hector_mapping_

06:26:52      UID       PID    %usr %system  %guest   %wait    %CPU   CPU  Command
06:26:53        0    115575    5.00    1.00    0.00    0.00    6.00     7  hector_mapping_

06:26:52      UID       PID  minflt/s  majflt/s     VSZ     RSS   %MEM  Command
06:26:53        0    115575      0.00      0.00 1075116  451088   2.89  hector_mapping_

06:26:53      UID       PID    %usr %system  %guest   %wait    %CPU   CPU  Command
06:26:54        0    115575    6.00    1.00    0.00    0.00    7.00     7  hector_mapping_

06:26:53      UID       PID  minflt/s  majflt/s     VSZ     RSS   %MEM  Command
06:26:54        0    115575      0.00      0.00 1075116  451088   2.89  hector_mapping_

06:26:54      UID       PID    %usr %system  %guest   %wait    %CPU   CPU  Command
06:26:55        0    115575    6.00    1.00    0.00    0.00    7.00     7  hector_mapping_

06:26:54      UID       PID  minflt/s  majflt/s     VSZ     RSS   %MEM  Command
06:26:55        0    115575      0.00      0.00 1075116  451088   2.89  hector_mapping_

06:26:55      UID       PID    %usr %system  %guest   %wait    %CPU   CPU  Command
06:26:56        0    115575    7.00    0.00    0.00    0.00    7.00     6  hector_mapping_

06:26:55      UID       PID  minflt/s  majflt/s     VSZ     RSS   %MEM  Command
06:26:56        0    115575      0.00      0.00 1075116  451088   2.89  hector_mapping_

06:26:56      UID       PID    %usr %system  %guest   %wait    %CPU   CPU  Command
06:26:57        0    115575    6.00    1.00    0.00    0.00    7.00     4  hector_mapping_

06:26:56      UID       PID  minflt/s  majflt/s     VSZ     RSS   %MEM  Command
06:26:57        0    115575      0.00      0.00 1075116  451088   2.89  hector_mapping_

06:26:57      UID       PID    %usr %system  %guest   %wait    %CPU   CPU  Command
06:26:58        0    115575    6.00    1.00    0.00    0.00    7.00     6  hector_mapping_

06:26:57      UID       PID  minflt/s  majflt/s     VSZ     RSS   %MEM  Command
06:26:58        0    115575      0.00      0.00 1075116  451088   2.89  hector_mapping_

06:26:58      UID       PID    %usr %system  %guest   %wait    %CPU   CPU  Command
06:26:59        0    115575    6.00    0.00    0.00    0.00    6.00     8  hector_mapping_

06:26:58      UID       PID  minflt/s  majflt/s     VSZ     RSS   %MEM  Command
06:26:59        0    115575      0.00      0.00 1075116  451088   2.89  hector_mapping_

06:26:59      UID       PID    %usr %system  %guest   %wait    %CPU   CPU  Command
06:27:00        0    115575    6.00    1.00    0.00    0.00    7.00     6  hector_mapping_

06:26:59      UID       PID  minflt/s  majflt/s     VSZ     RSS   %MEM  Command
06:27:00        0    115575      0.00      0.00 1075116  451088   2.89  hector_mapping_

06:27:00      UID       PID    %usr %system  %guest   %wait    %CPU   CPU  Command
06:27:01        0    115575    6.00    1.00    0.00    0.00    7.00     6  hector_mapping_

06:27:00      UID       PID  minflt/s  majflt/s     VSZ     RSS   %MEM  Command
06:27:01        0    115575      0.00      0.00 1075116  451088   2.89  hector_mapping_

06:27:01      UID       PID    %usr %system  %guest   %wait    %CPU   CPU  Command
06:27:02        0    115575    6.00    1.00    0.00    0.00    7.00     6  hector_mapping_

06:27:01      UID       PID  minflt/s  majflt/s     VSZ     RSS   %MEM  Command
06:27:02        0    115575      0.00      0.00 1075116  451088   2.89  hector_mapping_

06:27:02      UID       PID    %usr %system  %guest   %wait    %CPU   CPU  Command
06:27:03        0    115575    6.00    1.00    0.00    0.00    7.00     6  hector_mapping_

06:27:02      UID       PID  minflt/s  majflt/s     VSZ     RSS   %MEM  Command
06:27:03        0    115575      0.00      0.00 1075116  451088   2.89  hector_mapping_

06:27:03      UID       PID    %usr %system  %guest   %wait    %CPU   CPU  Command
06:27:04        0    115575    6.00    0.00    0.00    0.00    6.00     2  hector_mapping_

06:27:03      UID       PID  minflt/s  majflt/s     VSZ     RSS   %MEM  Command
06:27:04        0    115575      0.00      0.00 1075116  451088   2.89  hector_mapping_

06:27:04      UID       PID    %usr %system  %guest   %wait    %CPU   CPU  Command
06:27:05        0    115575    6.00    0.00    0.00    0.00    6.00     3  hector_mapping_

06:27:04      UID       PID  minflt/s  majflt/s     VSZ     RSS   %MEM  Command
06:27:05        0    115575      0.00      0.00 1075116  451088   2.89  hector_mapping_

06:27:05      UID       PID    %usr %system  %guest   %wait    %CPU   CPU  Command
06:27:06        0    115575    7.00    1.00    0.00    0.00    8.00     2  hector_mapping_

06:27:05      UID       PID  minflt/s  majflt/s     VSZ     RSS   %MEM  Command
06:27:06        0    115575      0.00      0.00 1075116  451088   2.89  hector_mapping_

06:27:06      UID       PID    %usr %system  %guest   %wait    %CPU   CPU  Command
06:27:07        0    115575    6.00    1.00    0.00    0.00    7.00     3  hector_mapping_

06:27:06      UID       PID  minflt/s  majflt/s     VSZ     RSS   %MEM  Command
06:27:07        0    115575      0.00      0.00 1075116  451088   2.89  hector_mapping_

06:27:07      UID       PID    %usr %system  %guest   %wait    %CPU   CPU  Command
06:27:08        0    115575    6.00    1.00    0.00    0.00    7.00     3  hector_mapping_

06:27:07      UID       PID  minflt/s  majflt/s     VSZ     RSS   %MEM  Command
06:27:08        0    115575      0.00      0.00 1075116  451088   2.89  hector_mapping_

06:27:08      UID       PID    %usr %system  %guest   %wait    %CPU   CPU  Command
06:27:09        0    115575    7.00    0.00    0.00    0.00    7.00     0  hector_mapping_

06:27:08      UID       PID  minflt/s  majflt/s     VSZ     RSS   %MEM  Command
06:27:09        0    115575      0.00      0.00 1075116  451088   2.89  hector_mapping_

06:27:09      UID       PID    %usr %system  %guest   %wait    %CPU   CPU  Command
06:27:10        0    115575    7.00    0.00    0.00    0.00    7.00     4  hector_mapping_

06:27:09      UID       PID  minflt/s  majflt/s     VSZ     RSS   %MEM  Command
06:27:10        0    115575      0.00      0.00 1075116  451088   2.89  hector_mapping_

06:27:10      UID       PID    %usr %system  %guest   %wait    %CPU   CPU  Command
06:27:11        0    115575    6.00    1.00    0.00    0.00    7.00     6  hector_mapping_

06:27:10      UID       PID  minflt/s  majflt/s     VSZ     RSS   %MEM  Command
06:27:11        0    115575      0.00      0.00 1075116  451088   2.89  hector_mapping_

06:27:11      UID       PID    %usr %system  %guest   %wait    %CPU   CPU  Command
06:27:12        0    115575    6.00    0.00    0.00    0.00    6.00     2  hector_mapping_

06:27:11      UID       PID  minflt/s  majflt/s     VSZ     RSS   %MEM  Command
06:27:12        0    115575      0.00      0.00 1075116  451088   2.89  hector_mapping_

06:27:12      UID       PID    %usr %system  %guest   %wait    %CPU   CPU  Command
06:27:13        0    115575    6.00    1.00    0.00    0.00    7.00     2  hector_mapping_

06:27:12      UID       PID  minflt/s  majflt/s     VSZ     RSS   %MEM  Command
06:27:13        0    115575      0.00      0.00 1075116  451088   2.89  hector_mapping_

06:27:13      UID       PID    %usr %system  %guest   %wait    %CPU   CPU  Command
06:27:14        0    115575    7.00    1.00    0.00    0.00    8.00     2  hector_mapping_

06:27:13      UID       PID  minflt/s  majflt/s     VSZ     RSS   %MEM  Command
06:27:14        0    115575      0.00      0.00 1075116  451088   2.89  hector_mapping_

06:27:14      UID       PID    %usr %system  %guest   %wait    %CPU   CPU  Command
06:27:15        0    115575    6.00    0.00    0.00    0.00    6.00     6  hector_mapping_

06:27:14      UID       PID  minflt/s  majflt/s     VSZ     RSS   %MEM  Command
06:27:15        0    115575      0.00      0.00 1075116  451088   2.89  hector_mapping_

06:27:15      UID       PID    %usr %system  %guest   %wait    %CPU   CPU  Command
06:27:16        0    115575    6.00    1.00    0.00    0.00    7.00     6  hector_mapping_

06:27:15      UID       PID  minflt/s  majflt/s     VSZ     RSS   %MEM  Command
06:27:16        0    115575      0.00      0.00 1075116  451088   2.89  hector_mapping_

06:27:16      UID       PID    %usr %system  %guest   %wait    %CPU   CPU  Command
06:27:17        0    115575    6.00    0.00    0.00    0.00    6.00     6  hector_mapping_

06:27:16      UID       PID  minflt/s  majflt/s     VSZ     RSS   %MEM  Command
06:27:17        0    115575      0.00      0.00 1075116  451088   2.89  hector_mapping_

06:27:17      UID       PID    %usr %system  %guest   %wait    %CPU   CPU  Command
06:27:18        0    115575    7.00    0.00    0.00    0.00    7.00     6  hector_mapping_

06:27:17      UID       PID  minflt/s  majflt/s     VSZ     RSS   %MEM  Command
06:27:18        0    115575      0.00      0.00 1075116  451088   2.89  hector_mapping_

06:27:18      UID       PID    %usr %system  %guest   %wait    %CPU   CPU  Command
06:27:19        0    115575    6.00    1.00    0.00    0.00    7.00     2  hector_mapping_

06:27:18      UID       PID  minflt/s  majflt/s     VSZ     RSS   %MEM  Command
06:27:19        0    115575      0.00      0.00 1075116  451088   2.89  hector_mapping_

06:27:19      UID       PID    %usr %system  %guest   %wait    %CPU   CPU  Command
06:27:20        0    115575    7.00    0.00    0.00    0.00    7.00     6  hector_mapping_

06:27:19      UID       PID  minflt/s  majflt/s     VSZ     RSS   %MEM  Command
06:27:20        0    115575      0.00      0.00 1075116  451088   2.89  hector_mapping_

06:27:20      UID       PID    %usr %system  %guest   %wait    %CPU   CPU  Command
06:27:21        0    115575    6.00    1.00    0.00    0.00    7.00     8  hector_mapping_

06:27:20      UID       PID  minflt/s  majflt/s     VSZ     RSS   %MEM  Command
06:27:21        0    115575      0.00      0.00 1075116  451088   2.89  hector_mapping_

06:27:21      UID       PID    %usr %system  %guest   %wait    %CPU   CPU  Command
06:27:22        0    115575    6.00    0.00    0.00    0.00    6.00     8  hector_mapping_

06:27:21      UID       PID  minflt/s  majflt/s     VSZ     RSS   %MEM  Command
06:27:22        0    115575      0.00      0.00 1075116  451088   2.89  hector_mapping_

06:27:22      UID       PID    %usr %system  %guest   %wait    %CPU   CPU  Command
06:27:23        0    115575    6.00    1.00    0.00    0.00    7.00     3  hector_mapping_

06:27:22      UID       PID  minflt/s  majflt/s     VSZ     RSS   %MEM  Command
06:27:23        0    115575      0.00      0.00 1075116  451088   2.89  hector_mapping_

06:27:23      UID       PID    %usr %system  %guest   %wait    %CPU   CPU  Command
06:27:24        0    115575    6.00    1.00    0.00    0.00    7.00     3  hector_mapping_

06:27:23      UID       PID  minflt/s  majflt/s     VSZ     RSS   %MEM  Command
06:27:24        0    115575      0.00      0.00 1075116  451088   2.89  hector_mapping_

06:27:24      UID       PID    %usr %system  %guest   %wait    %CPU   CPU  Command
06:27:25        0    115575    6.00    1.00    0.00    0.00    7.00     3  hector_mapping_

06:27:24      UID       PID  minflt/s  majflt/s     VSZ     RSS   %MEM  Command
06:27:25        0    115575      0.00      0.00 1075116  451088   2.89  hector_mapping_

06:27:25      UID       PID    %usr %system  %guest   %wait    %CPU   CPU  Command
06:27:26        0    115575    5.00    1.00    0.00    0.00    6.00     3  hector_mapping_

06:27:25      UID       PID  minflt/s  majflt/s     VSZ     RSS   %MEM  Command
06:27:26        0    115575      0.00      0.00 1075116  451088   2.89  hector_mapping_

06:27:26      UID       PID    %usr %system  %guest   %wait    %CPU   CPU  Command
06:27:27        0    115575    6.00    1.00    0.00    0.00    7.00     3  hector_mapping_

06:27:26      UID       PID  minflt/s  majflt/s     VSZ     RSS   %MEM  Command
06:27:27        0    115575      0.00      0.00 1075116  451088   2.89  hector_mapping_

06:27:27      UID       PID    %usr %system  %guest   %wait    %CPU   CPU  Command
06:27:28        0    115575    7.00    1.00    0.00    0.00    8.00     8  hector_mapping_

06:27:27      UID       PID  minflt/s  majflt/s     VSZ     RSS   %MEM  Command
06:27:28        0    115575      0.00      0.00 1075116  451088   2.89  hector_mapping_

06:27:28      UID       PID    %usr %system  %guest   %wait    %CPU   CPU  Command
06:27:29        0    115575    6.00    0.00    0.00    0.00    6.00     0  hector_mapping_

06:27:28      UID       PID  minflt/s  majflt/s     VSZ     RSS   %MEM  Command
06:27:29        0    115575      0.00      0.00 1075116  451088   2.89  hector_mapping_

06:27:29      UID       PID    %usr %system  %guest   %wait    %CPU   CPU  Command
06:27:30        0    115575    6.00    1.00    0.00    0.00    7.00     6  hector_mapping_

06:27:29      UID       PID  minflt/s  majflt/s     VSZ     RSS   %MEM  Command
06:27:30        0    115575      0.00      0.00 1075116  451088   2.89  hector_mapping_

06:27:30      UID       PID    %usr %system  %guest   %wait    %CPU   CPU  Command
06:27:31        0    115575    6.00    1.00    0.00    0.00    7.00     3  hector_mapping_

06:27:30      UID       PID  minflt/s  majflt/s     VSZ     RSS   %MEM  Command
06:27:31        0    115575      0.00      0.00 1075116  451088   2.89  hector_mapping_

06:27:31      UID       PID    %usr %system  %guest   %wait    %CPU   CPU  Command
06:27:32        0    115575    5.00    1.00    0.00    0.00    6.00     3  hector_mapping_

06:27:31      UID       PID  minflt/s  majflt/s     VSZ     RSS   %MEM  Command
06:27:32        0    115575      0.00      0.00 1075116  451088   2.89  hector_mapping_

06:27:32      UID       PID    %usr %system  %guest   %wait    %CPU   CPU  Command
06:27:33        0    115575    7.00    1.00    0.00    0.00    8.00     3  hector_mapping_

06:27:32      UID       PID  minflt/s  majflt/s     VSZ     RSS   %MEM  Command
06:27:33        0    115575      0.00      0.00 1075116  451088   2.89  hector_mapping_

06:27:33      UID       PID    %usr %system  %guest   %wait    %CPU   CPU  Command
06:27:34        0    115575    6.00    0.00    0.00    0.00    6.00     3  hector_mapping_

06:27:33      UID       PID  minflt/s  majflt/s     VSZ     RSS   %MEM  Command
06:27:34        0    115575      0.00      0.00 1075116  451088   2.89  hector_mapping_

06:27:34      UID       PID    %usr %system  %guest   %wait    %CPU   CPU  Command
06:27:35        0    115575    7.00    0.00    0.00    0.00    7.00     3  hector_mapping_

06:27:34      UID       PID  minflt/s  majflt/s     VSZ     RSS   %MEM  Command
06:27:35        0    115575      0.00      0.00 1075116  451088   2.89  hector_mapping_

06:27:35      UID       PID    %usr %system  %guest   %wait    %CPU   CPU  Command
06:27:36        0    115575    6.00    1.00    0.00    0.00    7.00     3  hector_mapping_

06:27:35      UID       PID  minflt/s  majflt/s     VSZ     RSS   %MEM  Command
06:27:36        0    115575      0.00      0.00 1075116  451088   2.89  hector_mapping_

06:27:36      UID       PID    %usr %system  %guest   %wait    %CPU   CPU  Command
06:27:37        0    115575    7.00    0.00    0.00    0.00    7.00     6  hector_mapping_

06:27:36      UID       PID  minflt/s  majflt/s     VSZ     RSS   %MEM  Command
06:27:37        0    115575      0.00      0.00 1075116  451088   2.89  hector_mapping_

06:27:37      UID       PID    %usr %system  %guest   %wait    %CPU   CPU  Command
06:27:38        0    115575    6.00    1.00    0.00    0.00    7.00     0  hector_mapping_

06:27:37      UID       PID  minflt/s  majflt/s     VSZ     RSS   %MEM  Command
06:27:38        0    115575      0.00      0.00 1075116  451088   2.89  hector_mapping_

06:27:38      UID       PID    %usr %system  %guest   %wait    %CPU   CPU  Command
06:27:39        0    115575    5.00    0.00    0.00    0.00    5.00    15  hector_mapping_

06:27:38      UID       PID  minflt/s  majflt/s     VSZ     RSS   %MEM  Command
06:27:39        0    115575      0.00      0.00 1075116  451088   2.89  hector_mapping_

06:27:39      UID       PID    %usr %system  %guest   %wait    %CPU   CPU  Command
06:35:33        0    115575    0.01    0.00    0.00    0.00    0.01     4  hector_mapping_

06:27:39      UID       PID  minflt/s  majflt/s     VSZ     RSS   %MEM  Command
06:35:33        0    115575      0.00      0.00 1075116  451220   2.89  hector_mapping_

06:35:33      UID       PID    %usr %system  %guest   %wait    %CPU   CPU  Command
06:35:34        0    115575   11.00    0.00    0.00    0.00   11.00     4  hector_mapping_

06:35:33      UID       PID  minflt/s  majflt/s     VSZ     RSS   %MEM  Command
06:35:34        0    115575      0.00      0.00 1075116  451220   2.89  hector_mapping_

06:35:34      UID       PID    %usr %system  %guest   %wait    %CPU   CPU  Command
06:35:35        0    115575    7.00    1.00    0.00    1.00    8.00     1  hector_mapping_

06:35:34      UID       PID  minflt/s  majflt/s     VSZ     RSS   %MEM  Command
06:35:35        0    115575      0.00      0.00 1075116  451220   2.89  hector_mapping_

06:35:35      UID       PID    %usr %system  %guest   %wait    %CPU   CPU  Command
06:35:36        0    115575    7.00    0.00    0.00    0.00    7.00     5  hector_mapping_

06:35:35      UID       PID  minflt/s  majflt/s     VSZ     RSS   %MEM  Command
06:35:36        0    115575      0.00      0.00 1075116  451220   2.89  hector_mapping_

06:35:36      UID       PID    %usr %system  %guest   %wait    %CPU   CPU  Command
06:35:37        0    115575    8.00    0.00    0.00    0.00    8.00     6  hector_mapping_

06:35:36      UID       PID  minflt/s  majflt/s     VSZ     RSS   %MEM  Command
06:35:37        0    115575      0.00      0.00 1075116  451220   2.89  hector_mapping_

06:35:37      UID       PID    %usr %system  %guest   %wait    %CPU   CPU  Command
06:35:38        0    115575    6.00    1.00    0.00    0.00    7.00     2  hector_mapping_

06:35:37      UID       PID  minflt/s  majflt/s     VSZ     RSS   %MEM  Command
06:35:38        0    115575      0.00      0.00 1075116  451220   2.89  hector_mapping_

06:35:38      UID       PID    %usr %system  %guest   %wait    %CPU   CPU  Command
06:35:39        0    115575    6.00    1.00    0.00    0.00    7.00    14  hector_mapping_

06:35:38      UID       PID  minflt/s  majflt/s     VSZ     RSS   %MEM  Command
06:35:39        0    115575      0.00      0.00 1075116  451220   2.89  hector_mapping_

06:35:39      UID       PID    %usr %system  %guest   %wait    %CPU   CPU  Command
06:35:40        0    115575    6.00    0.00    0.00    0.00    6.00     2  hector_mapping_

06:35:39      UID       PID  minflt/s  majflt/s     VSZ     RSS   %MEM  Command
06:35:40        0    115575      0.00      0.00 1075116  451220   2.89  hector_mapping_

06:35:40      UID       PID    %usr %system  %guest   %wait    %CPU   CPU  Command
06:35:41        0    115575    5.00    0.00    0.00    0.00    5.00     2  hector_mapping_

06:35:40      UID       PID  minflt/s  majflt/s     VSZ     RSS   %MEM  Command
06:35:41        0    115575      0.00      0.00 1075116  451220   2.89  hector_mapping_

06:35:41      UID       PID    %usr %system  %guest   %wait    %CPU   CPU  Command
06:35:42        0    115575    5.00    1.00    0.00    0.00    6.00     6  hector_mapping_

06:35:41      UID       PID  minflt/s  majflt/s     VSZ     RSS   %MEM  Command
06:35:42        0    115575      0.00      0.00 1075116  451220   2.89  hector_mapping_

06:35:42      UID       PID    %usr %system  %guest   %wait    %CPU   CPU  Command
06:35:43        0    115575    7.00    1.00    0.00    0.00    8.00     2  hector_mapping_

06:35:42      UID       PID  minflt/s  majflt/s     VSZ     RSS   %MEM  Command
06:35:43        0    115575      0.00      0.00 1075116  451220   2.89  hector_mapping_

06:35:43      UID       PID    %usr %system  %guest   %wait    %CPU   CPU  Command
06:35:44        0    115575    6.00    1.00    0.00    0.00    7.00     2  hector_mapping_

06:35:43      UID       PID  minflt/s  majflt/s     VSZ     RSS   %MEM  Command
06:35:44        0    115575      0.00      0.00 1075116  451220   2.89  hector_mapping_

06:35:44      UID       PID    %usr %system  %guest   %wait    %CPU   CPU  Command
06:35:45        0    115575    6.00    1.00    0.00    0.00    7.00     0  hector_mapping_

06:35:44      UID       PID  minflt/s  majflt/s     VSZ     RSS   %MEM  Command
06:35:45        0    115575      0.00      0.00 1075116  451220   2.89  hector_mapping_

06:35:45      UID       PID    %usr %system  %guest   %wait    %CPU   CPU  Command
06:35:46        0    115575    7.00    0.00    0.00    0.00    7.00    12  hector_mapping_

06:35:45      UID       PID  minflt/s  majflt/s     VSZ     RSS   %MEM  Command
06:35:46        0    115575      0.00      0.00 1075116  451220   2.89  hector_mapping_

06:35:46      UID       PID    %usr %system  %guest   %wait    %CPU   CPU  Command
06:35:47        0    115575    6.00    1.00    0.00    0.00    7.00     0  hector_mapping_

06:35:46      UID       PID  minflt/s  majflt/s     VSZ     RSS   %MEM  Command
06:35:47        0    115575      0.00      0.00 1075116  451220   2.89  hector_mapping_

06:35:47      UID       PID    %usr %system  %guest   %wait    %CPU   CPU  Command
06:35:48        0    115575    6.00    0.00    0.00    0.00    6.00    10  hector_mapping_

06:35:47      UID       PID  minflt/s  majflt/s     VSZ     RSS   %MEM  Command
06:35:48        0    115575      0.00      0.00 1075116  451220   2.89  hector_mapping_

06:35:48      UID       PID    %usr %system  %guest   %wait    %CPU   CPU  Command
06:35:49        0    115575    6.00    1.00    0.00    0.00    7.00    14  hector_mapping_

06:35:48      UID       PID  minflt/s  majflt/s     VSZ     RSS   %MEM  Command
06:35:49        0    115575      0.00      0.00 1075116  451220   2.89  hector_mapping_

06:35:49      UID       PID    %usr %system  %guest   %wait    %CPU   CPU  Command
06:35:50        0    115575    6.00    1.00    0.00    0.00    7.00    15  hector_mapping_

06:35:49      UID       PID  minflt/s  majflt/s     VSZ     RSS   %MEM  Command
06:35:50        0    115575      0.00      0.00 1075116  451220   2.89  hector_mapping_

06:35:50      UID       PID    %usr %system  %guest   %wait    %CPU   CPU  Command
06:35:51        0    115575    7.00    0.00    0.00    0.00    7.00     2  hector_mapping_

06:35:50      UID       PID  minflt/s  majflt/s     VSZ     RSS   %MEM  Command
06:35:51        0    115575      0.00      0.00 1075116  451220   2.89  hector_mapping_

06:35:51      UID       PID    %usr %system  %guest   %wait    %CPU   CPU  Command
06:35:52        0    115575    6.00    1.00    0.00    0.00    7.00     2  hector_mapping_

06:35:51      UID       PID  minflt/s  majflt/s     VSZ     RSS   %MEM  Command
06:35:52        0    115575      0.00      0.00 1075116  451220   2.89  hector_mapping_

06:35:52      UID       PID    %usr %system  %guest   %wait    %CPU   CPU  Command
06:35:53        0    115575    6.00    1.00    0.00    0.00    7.00     2  hector_mapping_

06:35:52      UID       PID  minflt/s  majflt/s     VSZ     RSS   %MEM  Command
06:35:53        0    115575      0.00      0.00 1075116  451220   2.89  hector_mapping_

06:35:53      UID       PID    %usr %system  %guest   %wait    %CPU   CPU  Command
06:35:54        0    115575    6.00    1.00    0.00    0.00    7.00     3  hector_mapping_

06:35:53      UID       PID  minflt/s  majflt/s     VSZ     RSS   %MEM  Command
06:35:54        0    115575      0.00      0.00 1075116  451220   2.89  hector_mapping_

06:35:54      UID       PID    %usr %system  %guest   %wait    %CPU   CPU  Command
06:35:55        0    115575    6.00    1.00    0.00    0.00    7.00     6  hector_mapping_

06:35:54      UID       PID  minflt/s  majflt/s     VSZ     RSS   %MEM  Command
06:35:55        0    115575      0.00      0.00 1075116  451220   2.89  hector_mapping_

06:35:55      UID       PID    %usr %system  %guest   %wait    %CPU   CPU  Command
06:35:56        0    115575    7.00    0.00    0.00    0.00    7.00     6  hector_mapping_

06:35:55      UID       PID  minflt/s  majflt/s     VSZ     RSS   %MEM  Command
06:35:56        0    115575      0.00      0.00 1075116  451220   2.89  hector_mapping_

06:35:56      UID       PID    %usr %system  %guest   %wait    %CPU   CPU  Command
06:35:57        0    115575    6.00    1.00    0.00    0.00    7.00     3  hector_mapping_

06:35:56      UID       PID  minflt/s  majflt/s     VSZ     RSS   %MEM  Command
06:35:57        0    115575      0.00      0.00 1075116  451220   2.89  hector_mapping_

06:35:57      UID       PID    %usr %system  %guest   %wait    %CPU   CPU  Command
06:35:58        0    115575    6.00    1.00    0.00    0.00    7.00     3  hector_mapping_

06:35:57      UID       PID  minflt/s  majflt/s     VSZ     RSS   %MEM  Command
06:35:58        0    115575      0.00      0.00 1075116  451220   2.89  hector_mapping_

06:35:58      UID       PID    %usr %system  %guest   %wait    %CPU   CPU  Command
06:35:59        0    115575    6.00    0.00    0.00    0.00    6.00     6  hector_mapping_

06:35:58      UID       PID  minflt/s  majflt/s     VSZ     RSS   %MEM  Command
06:35:59        0    115575      0.00      0.00 1075116  451220   2.89  hector_mapping_

06:35:59      UID       PID    %usr %system  %guest   %wait    %CPU   CPU  Command
06:36:00        0    115575    6.00    1.00    0.00    0.00    7.00    12  hector_mapping_

06:35:59      UID       PID  minflt/s  majflt/s     VSZ     RSS   %MEM  Command
06:36:00        0    115575      0.00      0.00 1075116  451220   2.89  hector_mapping_

06:36:00      UID       PID    %usr %system  %guest   %wait    %CPU   CPU  Command
06:36:01        0    115575    5.94    0.99    0.00    0.00    6.93     4  hector_mapping_

06:36:00      UID       PID  minflt/s  majflt/s     VSZ     RSS   %MEM  Command
06:36:01        0    115575      0.00      0.00 1075116  451220   2.89  hector_mapping_

06:36:01      UID       PID    %usr %system  %guest   %wait    %CPU   CPU  Command
06:36:02        0    115575    7.00    0.00    0.00    0.00    7.00     2  hector_mapping_

06:36:01      UID       PID  minflt/s  majflt/s     VSZ     RSS   %MEM  Command
06:36:02        0    115575      0.00      0.00 1075116  451220   2.89  hector_mapping_

06:36:02      UID       PID    %usr %system  %guest   %wait    %CPU   CPU  Command
06:36:03        0    115575    6.00    1.00    0.00    0.00    7.00     4  hector_mapping_

06:36:02      UID       PID  minflt/s  majflt/s     VSZ     RSS   %MEM  Command
06:36:03        0    115575      0.00      0.00 1075116  451220   2.89  hector_mapping_

06:36:03      UID       PID    %usr %system  %guest   %wait    %CPU   CPU  Command
06:36:04        0    115575    6.00    0.00    0.00    0.00    6.00     2  hector_mapping_

06:36:03      UID       PID  minflt/s  majflt/s     VSZ     RSS   %MEM  Command
06:36:04        0    115575      0.00      0.00 1075116  451220   2.89  hector_mapping_

06:36:04      UID       PID    %usr %system  %guest   %wait    %CPU   CPU  Command
06:36:05        0    115575    6.00    1.00    0.00    0.00    7.00     6  hector_mapping_

06:36:04      UID       PID  minflt/s  majflt/s     VSZ     RSS   %MEM  Command
06:36:05        0    115575      0.00      0.00 1075116  451220   2.89  hector_mapping_

06:36:05      UID       PID    %usr %system  %guest   %wait    %CPU   CPU  Command
06:36:06        0    115575    6.00    1.00    0.00    0.00    7.00     6  hector_mapping_

06:36:05      UID       PID  minflt/s  majflt/s     VSZ     RSS   %MEM  Command
06:36:06        0    115575      0.00      0.00 1075116  451220   2.89  hector_mapping_

06:36:06      UID       PID    %usr %system  %guest   %wait    %CPU   CPU  Command
06:36:07        0    115575    6.00    0.00    0.00    0.00    6.00     2  hector_mapping_

06:36:06      UID       PID  minflt/s  majflt/s     VSZ     RSS   %MEM  Command
06:36:07        0    115575      0.00      0.00 1075116  451220   2.89  hector_mapping_

06:36:07      UID       PID    %usr %system  %guest   %wait    %CPU   CPU  Command
06:36:08        0    115575    7.00    1.00    0.00    0.00    8.00     6  hector_mapping_

06:36:07      UID       PID  minflt/s  majflt/s     VSZ     RSS   %MEM  Command
06:36:08        0    115575      0.00      0.00 1075116  451220   2.89  hector_mapping_

06:36:08      UID       PID    %usr %system  %guest   %wait    %CPU   CPU  Command
06:36:09        0    115575    6.00    1.00    0.00    0.00    7.00     8  hector_mapping_

06:36:08      UID       PID  minflt/s  majflt/s     VSZ     RSS   %MEM  Command
06:36:09        0    115575      0.00      0.00 1075116  451220   2.89  hector_mapping_

06:36:09      UID       PID    %usr %system  %guest   %wait    %CPU   CPU  Command
06:36:10        0    115575    6.00    0.00    0.00    0.00    6.00     2  hector_mapping_

06:36:09      UID       PID  minflt/s  majflt/s     VSZ     RSS   %MEM  Command
06:36:10        0    115575      0.00      0.00 1075116  451220   2.89  hector_mapping_

06:36:10      UID       PID    %usr %system  %guest   %wait    %CPU   CPU  Command
06:36:11        0    115575    7.00    1.00    0.00    0.00    8.00     2  hector_mapping_

06:36:10      UID       PID  minflt/s  majflt/s     VSZ     RSS   %MEM  Command
06:36:11        0    115575      0.00      0.00 1075116  451220   2.89  hector_mapping_

06:36:11      UID       PID    %usr %system  %guest   %wait    %CPU   CPU  Command
06:36:12        0    115575    6.00    0.00    0.00    0.00    6.00     6  hector_mapping_

06:36:11      UID       PID  minflt/s  majflt/s     VSZ     RSS   %MEM  Command
06:36:12        0    115575      0.00      0.00 1075116  451220   2.89  hector_mapping_

06:36:12      UID       PID    %usr %system  %guest   %wait    %CPU   CPU  Command
06:36:13        0    115575    6.00    1.00    0.00    0.00    7.00     6  hector_mapping_

06:36:12      UID       PID  minflt/s  majflt/s     VSZ     RSS   %MEM  Command
06:36:13        0    115575      0.00      0.00 1075116  451220   2.89  hector_mapping_

06:36:13      UID       PID    %usr %system  %guest   %wait    %CPU   CPU  Command
06:36:14        0    115575    6.00    1.00    0.00    0.00    7.00     7  hector_mapping_

06:36:13      UID       PID  minflt/s  majflt/s     VSZ     RSS   %MEM  Command
06:36:14        0    115575      0.00      0.00 1075116  451220   2.89  hector_mapping_

06:36:14      UID       PID    %usr %system  %guest   %wait    %CPU   CPU  Command
06:36:15        0    115575    6.00    1.00    0.00    0.00    7.00     2  hector_mapping_

06:36:14      UID       PID  minflt/s  majflt/s     VSZ     RSS   %MEM  Command
06:36:15        0    115575      0.00      0.00 1075116  451220   2.89  hector_mapping_

06:36:15      UID       PID    %usr %system  %guest   %wait    %CPU   CPU  Command
06:36:16        0    115575    6.00    0.00    0.00    0.00    6.00    14  hector_mapping_

06:36:15      UID       PID  minflt/s  majflt/s     VSZ     RSS   %MEM  Command
06:36:16        0    115575      0.00      0.00 1075116  451220   2.89  hector_mapping_

06:36:16      UID       PID    %usr %system  %guest   %wait    %CPU   CPU  Command
06:36:17        0    115575    6.00    1.00    0.00    0.00    7.00     7  hector_mapping_

06:36:16      UID       PID  minflt/s  majflt/s     VSZ     RSS   %MEM  Command
06:36:17        0    115575      0.00      0.00 1075116  451220   2.89  hector_mapping_

06:36:17      UID       PID    %usr %system  %guest   %wait    %CPU   CPU  Command
06:36:18        0    115575    7.00    0.00    0.00    0.00    7.00     7  hector_mapping_

06:36:17      UID       PID  minflt/s  majflt/s     VSZ     RSS   %MEM  Command
06:36:18        0    115575      0.00      0.00 1075116  451220   2.89  hector_mapping_

06:36:18      UID       PID    %usr %system  %guest   %wait    %CPU   CPU  Command
06:36:19        0    115575    6.00    1.00    0.00    0.00    7.00     8  hector_mapping_

06:36:18      UID       PID  minflt/s  majflt/s     VSZ     RSS   %MEM  Command
06:36:19        0    115575      0.00      0.00 1075116  451220   2.89  hector_mapping_

06:36:19      UID       PID    %usr %system  %guest   %wait    %CPU   CPU  Command
06:36:20        0    115575    7.00    0.00    0.00    0.00    7.00     6  hector_mapping_

06:36:19      UID       PID  minflt/s  majflt/s     VSZ     RSS   %MEM  Command
06:36:20        0    115575      0.00      0.00 1075116  451220   2.89  hector_mapping_

06:36:20      UID       PID    %usr %system  %guest   %wait    %CPU   CPU  Command
06:36:21        0    115575    6.00    0.00    0.00    0.00    6.00     8  hector_mapping_

06:36:20      UID       PID  minflt/s  majflt/s     VSZ     RSS   %MEM  Command
06:36:21        0    115575      0.00      0.00 1075116  451220   2.89  hector_mapping_

06:36:21      UID       PID    %usr %system  %guest   %wait    %CPU   CPU  Command
06:36:22        0    115575    6.00    1.00    0.00    0.00    7.00     6  hector_mapping_

06:36:21      UID       PID  minflt/s  majflt/s     VSZ     RSS   %MEM  Command
06:36:22        0    115575      0.00      0.00 1075116  451220   2.89  hector_mapping_

06:36:22      UID       PID    %usr %system  %guest   %wait    %CPU   CPU  Command
06:36:23        0    115575    6.00    1.00    0.00    0.00    7.00     6  hector_mapping_

06:36:22      UID       PID  minflt/s  majflt/s     VSZ     RSS   %MEM  Command
06:36:23        0    115575      0.00      0.00 1075116  451220   2.89  hector_mapping_

06:36:23      UID       PID    %usr %system  %guest   %wait    %CPU   CPU  Command
06:36:24        0    115575    6.00    0.00    0.00    0.00    6.00     0  hector_mapping_

06:36:23      UID       PID  minflt/s  majflt/s     VSZ     RSS   %MEM  Command
06:36:24        0    115575      0.00      0.00 1075116  451220   2.89  hector_mapping_

06:36:24      UID       PID    %usr %system  %guest   %wait    %CPU   CPU  Command
06:36:25        0    115575    6.00    1.00    0.00    0.00    7.00     0  hector_mapping_

06:36:24      UID       PID  minflt/s  majflt/s     VSZ     RSS   %MEM  Command
06:36:25        0    115575      0.00      0.00 1075116  451220   2.89  hector_mapping_

06:36:25      UID       PID    %usr %system  %guest   %wait    %CPU   CPU  Command
06:36:26        0    115575    6.00    1.00    0.00    0.00    7.00     6  hector_mapping_

06:36:25      UID       PID  minflt/s  majflt/s     VSZ     RSS   %MEM  Command
06:36:26        0    115575      0.00      0.00 1075116  451220   2.89  hector_mapping_

06:36:26      UID       PID    %usr %system  %guest   %wait    %CPU   CPU  Command
06:36:27        0    115575    7.00    1.00    0.00    0.00    8.00     6  hector_mapping_

06:36:26      UID       PID  minflt/s  majflt/s     VSZ     RSS   %MEM  Command
06:36:27        0    115575      0.00      0.00 1075116  451220   2.89  hector_mapping_

06:36:27      UID       PID    %usr %system  %guest   %wait    %CPU   CPU  Command
06:36:28        0    115575    6.00    0.00    0.00    0.00    6.00     6  hector_mapping_

06:36:27      UID       PID  minflt/s  majflt/s     VSZ     RSS   %MEM  Command
06:36:28        0    115575      0.00      0.00 1075116  451220   2.89  hector_mapping_

06:36:28      UID       PID    %usr %system  %guest   %wait    %CPU   CPU  Command
06:36:29        0    115575    7.00    0.00    0.00    0.00    7.00     4  hector_mapping_

06:36:28      UID       PID  minflt/s  majflt/s     VSZ     RSS   %MEM  Command
06:36:29        0    115575      0.00      0.00 1075116  451220   2.89  hector_mapping_

06:36:29      UID       PID    %usr %system  %guest   %wait    %CPU   CPU  Command
06:36:30        0    115575    6.00    1.00    0.00    0.00    7.00     4  hector_mapping_

06:36:29      UID       PID  minflt/s  majflt/s     VSZ     RSS   %MEM  Command
06:36:30        0    115575      0.00      0.00 1075116  451220   2.89  hector_mapping_

06:36:30      UID       PID    %usr %system  %guest   %wait    %CPU   CPU  Command
06:36:31        0    115575    7.00    0.00    0.00    0.00    7.00     2  hector_mapping_

06:36:30      UID       PID  minflt/s  majflt/s     VSZ     RSS   %MEM  Command
06:36:31        0    115575      0.00      0.00 1075116  451220   2.89  hector_mapping_

06:36:31      UID       PID    %usr %system  %guest   %wait    %CPU   CPU  Command
06:36:32        0    115575    6.00    1.00    0.00    0.00    7.00    12  hector_mapping_

06:36:31      UID       PID  minflt/s  majflt/s     VSZ     RSS   %MEM  Command
06:36:32        0    115575      0.00      0.00 1075116  451220   2.89  hector_mapping_

06:36:32      UID       PID    %usr %system  %guest   %wait    %CPU   CPU  Command
06:36:33        0    115575    7.00    0.00    0.00    0.00    7.00    14  hector_mapping_

06:36:32      UID       PID  minflt/s  majflt/s     VSZ     RSS   %MEM  Command
06:36:33        0    115575      0.00      0.00 1075116  451220   2.89  hector_mapping_

06:36:33      UID       PID    %usr %system  %guest   %wait    %CPU   CPU  Command
06:36:34        0    115575    6.00    1.00    0.00    0.00    7.00     6  hector_mapping_

06:36:33      UID       PID  minflt/s  majflt/s     VSZ     RSS   %MEM  Command
06:36:34        0    115575      0.00      0.00 1075116  451220   2.89  hector_mapping_

06:36:34      UID       PID    %usr %system  %guest   %wait    %CPU   CPU  Command
06:36:35        0    115575    7.00    0.00    0.00    0.00    7.00     0  hector_mapping_

06:36:34      UID       PID  minflt/s  majflt/s     VSZ     RSS   %MEM  Command
06:36:35        0    115575      0.00      0.00 1075116  451220   2.89  hector_mapping_

06:36:35      UID       PID    %usr %system  %guest   %wait    %CPU   CPU  Command
06:36:36        0    115575    6.00    1.00    0.00    0.00    7.00    10  hector_mapping_

06:36:35      UID       PID  minflt/s  majflt/s     VSZ     RSS   %MEM  Command
06:36:36        0    115575      0.00      0.00 1075116  451220   2.89  hector_mapping_

06:36:36      UID       PID    %usr %system  %guest   %wait    %CPU   CPU  Command
06:36:37        0    115575    7.00    0.00    0.00    0.00    7.00     6  hector_mapping_

06:36:36      UID       PID  minflt/s  majflt/s     VSZ     RSS   %MEM  Command
06:36:37        0    115575      0.00      0.00 1075116  451220   2.89  hector_mapping_

06:36:37      UID       PID    %usr %system  %guest   %wait    %CPU   CPU  Command
06:36:38        0    115575    6.00    1.00    0.00    0.00    7.00     2  hector_mapping_

06:36:37      UID       PID  minflt/s  majflt/s     VSZ     RSS   %MEM  Command
06:36:38        0    115575      0.00      0.00 1075116  451220   2.89  hector_mapping_

06:36:38      UID       PID    %usr %system  %guest   %wait    %CPU   CPU  Command
06:36:39        0    115575    6.00    1.00    0.00    0.00    7.00     7  hector_mapping_

06:36:38      UID       PID  minflt/s  majflt/s     VSZ     RSS   %MEM  Command
06:36:39        0    115575      0.00      0.00 1075116  451220   2.89  hector_mapping_

06:36:39      UID       PID    %usr %system  %guest   %wait    %CPU   CPU  Command
06:36:40        0    115575    6.00    1.00    0.00    0.00    7.00     7  hector_mapping_

06:36:39      UID       PID  minflt/s  majflt/s     VSZ     RSS   %MEM  Command
06:36:40        0    115575      0.00      0.00 1075116  451220   2.89  hector_mapping_

06:36:40      UID       PID    %usr %system  %guest   %wait    %CPU   CPU  Command
06:36:41        0    115575    6.00    0.00    0.00    0.00    6.00     2  hector_mapping_

06:36:40      UID       PID  minflt/s  majflt/s     VSZ     RSS   %MEM  Command
06:36:41        0    115575      0.00      0.00 1075116  451220   2.89  hector_mapping_

06:36:41      UID       PID    %usr %system  %guest   %wait    %CPU   CPU  Command
06:36:42        0    115575    7.00    1.00    0.00    1.00    8.00     7  hector_mapping_

06:36:41      UID       PID  minflt/s  majflt/s     VSZ     RSS   %MEM  Command
06:36:42        0    115575      0.00      0.00 1075116  451220   2.89  hector_mapping_

06:36:42      UID       PID    %usr %system  %guest   %wait    %CPU   CPU  Command
06:36:43        0    115575    6.00    0.00    0.00    0.00    6.00     7  hector_mapping_

06:36:42      UID       PID  minflt/s  majflt/s     VSZ     RSS   %MEM  Command
06:36:43        0    115575      0.00      0.00 1075116  451220   2.89  hector_mapping_

06:36:43      UID       PID    %usr %system  %guest   %wait    %CPU   CPU  Command
06:36:44        0    115575    6.00    1.00    0.00    0.00    7.00     2  hector_mapping_

06:36:43      UID       PID  minflt/s  majflt/s     VSZ     RSS   %MEM  Command
06:36:44        0    115575      0.00      0.00 1075116  451220   2.89  hector_mapping_

06:36:44      UID       PID    %usr %system  %guest   %wait    %CPU   CPU  Command
06:36:45        0    115575    6.00    1.00    0.00    0.00    7.00     1  hector_mapping_

06:36:44      UID       PID  minflt/s  majflt/s     VSZ     RSS   %MEM  Command
06:36:45        0    115575      0.00      0.00 1075116  451220   2.89  hector_mapping_

06:36:45      UID       PID    %usr %system  %guest   %wait    %CPU   CPU  Command
06:36:46        0    115575    7.00    0.00    0.00    0.00    7.00     3  hector_mapping_

06:36:45      UID       PID  minflt/s  majflt/s     VSZ     RSS   %MEM  Command
06:36:46        0    115575      0.00      0.00 1075116  451220   2.89  hector_mapping_

06:36:46      UID       PID    %usr %system  %guest   %wait    %CPU   CPU  Command
06:36:47        0    115575    6.00    1.00    0.00    0.00    7.00     7  hector_mapping_

06:36:46      UID       PID  minflt/s  majflt/s     VSZ     RSS   %MEM  Command
06:36:47        0    115575      0.00      0.00 1075116  451220   2.89  hector_mapping_

06:36:47      UID       PID    %usr %system  %guest   %wait    %CPU   CPU  Command
06:36:48        0    115575    6.00    0.00    0.00    0.00    6.00     3  hector_mapping_

06:36:47      UID       PID  minflt/s  majflt/s     VSZ     RSS   %MEM  Command
06:36:48        0    115575      0.00      0.00 1075116  451220   2.89  hector_mapping_

06:36:48      UID       PID    %usr %system  %guest   %wait    %CPU   CPU  Command
06:36:49        0    115575    7.00    1.00    0.00    0.00    8.00     7  hector_mapping_

06:36:48      UID       PID  minflt/s  majflt/s     VSZ     RSS   %MEM  Command
06:36:49        0    115575      0.00      0.00 1075116  451220   2.89  hector_mapping_

06:36:49      UID       PID    %usr %system  %guest   %wait    %CPU   CPU  Command
06:36:50        0    115575    6.00    1.00    0.00    0.00    7.00     3  hector_mapping_

06:36:49      UID       PID  minflt/s  majflt/s     VSZ     RSS   %MEM  Command
06:36:50        0    115575      0.00      0.00 1075116  451220   2.89  hector_mapping_

06:36:50      UID       PID    %usr %system  %guest   %wait    %CPU   CPU  Command
06:36:51        0    115575    7.00    0.00    0.00    0.00    7.00     0  hector_mapping_

06:36:50      UID       PID  minflt/s  majflt/s     VSZ     RSS   %MEM  Command
06:36:51        0    115575      0.00      0.00 1075116  451220   2.89  hector_mapping_

06:36:51      UID       PID    %usr %system  %guest   %wait    %CPU   CPU  Command
06:36:52        0    115575    6.00    1.00    0.00    0.00    7.00     3  hector_mapping_

06:36:51      UID       PID  minflt/s  majflt/s     VSZ     RSS   %MEM  Command
06:36:52        0    115575      0.00      0.00 1075116  451220   2.89  hector_mapping_

06:36:52      UID       PID    %usr %system  %guest   %wait    %CPU   CPU  Command
06:36:53        0    115575    6.00    0.00    0.00    0.00    6.00     6  hector_mapping_

06:36:52      UID       PID  minflt/s  majflt/s     VSZ     RSS   %MEM  Command
06:36:53        0    115575      0.00      0.00 1075116  451220   2.89  hector_mapping_

06:36:53      UID       PID    %usr %system  %guest   %wait    %CPU   CPU  Command
06:36:54        0    115575    7.00    1.00    0.00    0.00    8.00     8  hector_mapping_

06:36:53      UID       PID  minflt/s  majflt/s     VSZ     RSS   %MEM  Command
06:36:54        0    115575      0.00      0.00 1075116  451220   2.89  hector_mapping_

06:36:54      UID       PID    %usr %system  %guest   %wait    %CPU   CPU  Command
06:36:55        0    115575    6.00    1.00    0.00    0.00    7.00     3  hector_mapping_

06:36:54      UID       PID  minflt/s  majflt/s     VSZ     RSS   %MEM  Command
06:36:55        0    115575      0.00      0.00 1075116  451220   2.89  hector_mapping_

06:36:55      UID       PID    %usr %system  %guest   %wait    %CPU   CPU  Command
06:36:56        0    115575    6.00    0.00    0.00    0.00    6.00     4  hector_mapping_

06:36:55      UID       PID  minflt/s  majflt/s     VSZ     RSS   %MEM  Command
06:36:56        0    115575      0.00      0.00 1075116  451220   2.89  hector_mapping_

06:36:56      UID       PID    %usr %system  %guest   %wait    %CPU   CPU  Command
06:36:57        0    115575    7.00    1.00    0.00    0.00    8.00     3  hector_mapping_

06:36:56      UID       PID  minflt/s  majflt/s     VSZ     RSS   %MEM  Command
06:36:57        0    115575      0.00      0.00 1075116  451220   2.89  hector_mapping_

06:36:57      UID       PID    %usr %system  %guest   %wait    %CPU   CPU  Command
06:36:58        0    115575    6.00    1.00    0.00    0.00    7.00     8  hector_mapping_

06:36:57      UID       PID  minflt/s  majflt/s     VSZ     RSS   %MEM  Command
06:36:58        0    115575      0.00      0.00 1075116  451220   2.89  hector_mapping_

06:36:58      UID       PID    %usr %system  %guest   %wait    %CPU   CPU  Command
06:36:59        0    115575    7.00    0.00    0.00    0.00    7.00     0  hector_mapping_

06:36:58      UID       PID  minflt/s  majflt/s     VSZ     RSS   %MEM  Command
06:36:59        0    115575      0.00      0.00 1075116  451220   2.89  hector_mapping_

06:36:59      UID       PID    %usr %system  %guest   %wait    %CPU   CPU  Command
06:37:00        0    115575    6.00    1.00    0.00    0.00    7.00     3  hector_mapping_

06:36:59      UID       PID  minflt/s  majflt/s     VSZ     RSS   %MEM  Command
06:37:00        0    115575      0.00      0.00 1075116  451220   2.89  hector_mapping_

06:37:00      UID       PID    %usr %system  %guest   %wait    %CPU   CPU  Command
06:37:01        0    115575    6.00    0.00    0.00    0.00    6.00     3  hector_mapping_

06:37:00      UID       PID  minflt/s  majflt/s     VSZ     RSS   %MEM  Command
06:37:01        0    115575      0.00      0.00 1075116  451220   2.89  hector_mapping_

06:37:01      UID       PID    %usr %system  %guest   %wait    %CPU   CPU  Command
06:37:02        0    115575    6.00    1.00    0.00    0.00    7.00     3  hector_mapping_

06:37:01      UID       PID  minflt/s  majflt/s     VSZ     RSS   %MEM  Command
06:37:02        0    115575      0.00      0.00 1075116  451220   2.89  hector_mapping_

06:37:02      UID       PID    %usr %system  %guest   %wait    %CPU   CPU  Command
06:37:03        0    115575    7.00    1.00    0.00    0.00    8.00     3  hector_mapping_

06:37:02      UID       PID  minflt/s  majflt/s     VSZ     RSS   %MEM  Command
06:37:03        0    115575      0.00      0.00 1075116  451220   2.89  hector_mapping_

06:37:03      UID       PID    %usr %system  %guest   %wait    %CPU   CPU  Command
06:37:04        0    115575    6.00    0.00    0.00    0.00    6.00     7  hector_mapping_

06:37:03      UID       PID  minflt/s  majflt/s     VSZ     RSS   %MEM  Command
06:37:04        0    115575      0.00      0.00 1075116  451220   2.89  hector_mapping_

06:37:04      UID       PID    %usr %system  %guest   %wait    %CPU   CPU  Command
06:37:05        0    115575    6.00    1.00    0.00    0.00    7.00     7  hector_mapping_

06:37:04      UID       PID  minflt/s  majflt/s     VSZ     RSS   %MEM  Command
06:37:05        0    115575      0.00      0.00 1075116  451220   2.89  hector_mapping_

06:37:05      UID       PID    %usr %system  %guest   %wait    %CPU   CPU  Command
06:37:06        0    115575    6.00    1.00    0.00    0.00    7.00     8  hector_mapping_

06:37:05      UID       PID  minflt/s  majflt/s     VSZ     RSS   %MEM  Command
06:37:06        0    115575      0.00      0.00 1075116  451220   2.89  hector_mapping_

06:37:06      UID       PID    %usr %system  %guest   %wait    %CPU   CPU  Command
06:37:07        0    115575    6.00    1.00    0.00    0.00    7.00     3  hector_mapping_

06:37:06      UID       PID  minflt/s  majflt/s     VSZ     RSS   %MEM  Command
06:37:07        0    115575      0.00      0.00 1075116  451220   2.89  hector_mapping_

06:37:07      UID       PID    %usr %system  %guest   %wait    %CPU   CPU  Command
06:37:08        0    115575    6.00    1.00    0.00    0.00    7.00     8  hector_mapping_

06:37:07      UID       PID  minflt/s  majflt/s     VSZ     RSS   %MEM  Command
06:37:08        0    115575      0.00      0.00 1075116  451220   2.89  hector_mapping_

06:37:08      UID       PID    %usr %system  %guest   %wait    %CPU   CPU  Command
06:37:09        0    115575    5.00    0.00    0.00    0.00    5.00     2  hector_mapping_

06:37:08      UID       PID  minflt/s  majflt/s     VSZ     RSS   %MEM  Command
06:37:09        0    115575      0.00      0.00 1075116  451220   2.89  hector_mapping_

06:37:09      UID       PID    %usr %system  %guest   %wait    %CPU   CPU  Command
06:37:10        0    115575    5.00    0.00    0.00    0.00    5.00     6  hector_mapping_

06:37:09      UID       PID  minflt/s  majflt/s     VSZ     RSS   %MEM  Command
06:37:10        0    115575      0.00      0.00 1075116  451220   2.89  hector_mapping_

06:37:10      UID       PID    %usr %system  %guest   %wait    %CPU   CPU  Command
06:37:11        0    115575    5.00    1.00    0.00    0.00    6.00     0  hector_mapping_

06:37:10      UID       PID  minflt/s  majflt/s     VSZ     RSS   %MEM  Command
06:37:11        0    115575      0.00      0.00 1075116  451220   2.89  hector_mapping_

06:37:11      UID       PID    %usr %system  %guest   %wait    %CPU   CPU  Command
06:37:12        0    115575    5.00    0.00    0.00    0.00    5.00     6  hector_mapping_

06:37:11      UID       PID  minflt/s  majflt/s     VSZ     RSS   %MEM  Command
06:37:12        0    115575      0.00      0.00 1075116  451220   2.89  hector_mapping_

06:37:12      UID       PID    %usr %system  %guest   %wait    %CPU   CPU  Command
06:37:13        0    115575    5.00    0.00    0.00    0.00    5.00     6  hector_mapping_

06:37:12      UID       PID  minflt/s  majflt/s     VSZ     RSS   %MEM  Command
06:37:13        0    115575      0.00      0.00 1075116  451220   2.89  hector_mapping_

06:37:13      UID       PID    %usr %system  %guest   %wait    %CPU   CPU  Command
06:37:14        0    115575    5.00    1.00    0.00    0.00    6.00     2  hector_mapping_

06:37:13      UID       PID  minflt/s  majflt/s     VSZ     RSS   %MEM  Command
06:37:14        0    115575      0.00      0.00 1075116  451220   2.89  hector_mapping_

06:37:14      UID       PID    %usr %system  %guest   %wait    %CPU   CPU  Command
06:37:15        0    115575    5.00    0.00    0.00    0.00    5.00     3  hector_mapping_

06:37:14      UID       PID  minflt/s  majflt/s     VSZ     RSS   %MEM  Command
06:37:15        0    115575      0.00      0.00 1075116  451220   2.89  hector_mapping_

06:37:15      UID       PID    %usr %system  %guest   %wait    %CPU   CPU  Command
06:37:16        0    115575    5.00    1.00    0.00    0.00    6.00     4  hector_mapping_

06:37:15      UID       PID  minflt/s  majflt/s     VSZ     RSS   %MEM  Command
06:37:16        0    115575      0.00      0.00 1075116  451220   2.89  hector_mapping_

06:37:16      UID       PID    %usr %system  %guest   %wait    %CPU   CPU  Command
06:37:17        0    115575    5.00    0.00    0.00    0.00    5.00     6  hector_mapping_

06:37:16      UID       PID  minflt/s  majflt/s     VSZ     RSS   %MEM  Command
06:37:17        0    115575      0.00      0.00 1075116  451220   2.89  hector_mapping_

06:37:17      UID       PID    %usr %system  %guest   %wait    %CPU   CPU  Command
06:37:18        0    115575    5.00    0.00    0.00    0.00    5.00     3  hector_mapping_

06:37:17      UID       PID  minflt/s  majflt/s     VSZ     RSS   %MEM  Command
06:37:18        0    115575      0.00      0.00 1075116  451220   2.89  hector_mapping_

06:37:18      UID       PID    %usr %system  %guest   %wait    %CPU   CPU  Command
06:37:19        0    115575    5.00    1.00    0.00    0.00    6.00     3  hector_mapping_

06:37:18      UID       PID  minflt/s  majflt/s     VSZ     RSS   %MEM  Command
06:37:19        0    115575      0.00      0.00 1075116  451220   2.89  hector_mapping_

06:37:19      UID       PID    %usr %system  %guest   %wait    %CPU   CPU  Command
06:37:20        0    115575    5.00    0.00    0.00    0.00    5.00     3  hector_mapping_

06:37:19      UID       PID  minflt/s  majflt/s     VSZ     RSS   %MEM  Command
06:37:20        0    115575      0.00      0.00 1075116  451220   2.89  hector_mapping_

06:37:20      UID       PID    %usr %system  %guest   %wait    %CPU   CPU  Command
06:37:21        0    115575    5.00    0.00    0.00    0.00    5.00     3  hector_mapping_

06:37:20      UID       PID  minflt/s  majflt/s     VSZ     RSS   %MEM  Command
06:37:21        0    115575      0.00      0.00 1075116  451220   2.89  hector_mapping_

06:37:21      UID       PID    %usr %system  %guest   %wait    %CPU   CPU  Command
06:37:22        0    115575    5.00    1.00    0.00    0.00    6.00     3  hector_mapping_

06:37:21      UID       PID  minflt/s  majflt/s     VSZ     RSS   %MEM  Command
06:37:22        0    115575      0.00      0.00 1075116  451220   2.89  hector_mapping_

06:37:22      UID       PID    %usr %system  %guest   %wait    %CPU   CPU  Command
06:37:23        0    115575    5.00    1.00    0.00    0.00    6.00     3  hector_mapping_

06:37:22      UID       PID  minflt/s  majflt/s     VSZ     RSS   %MEM  Command
06:37:23        0    115575      0.00      0.00 1075116  451220   2.89  hector_mapping_

06:37:23      UID       PID    %usr %system  %guest   %wait    %CPU   CPU  Command
06:37:24        0    115575    5.00    0.00    0.00    0.00    5.00     3  hector_mapping_

06:37:23      UID       PID  minflt/s  majflt/s     VSZ     RSS   %MEM  Command
06:37:24        0    115575      0.00      0.00 1075116  451220   2.89  hector_mapping_

06:37:24      UID       PID    %usr %system  %guest   %wait    %CPU   CPU  Command
06:37:25        0    115575    4.00    1.00    0.00    0.00    5.00     3  hector_mapping_

06:37:24      UID       PID  minflt/s  majflt/s     VSZ     RSS   %MEM  Command
06:37:25        0    115575      0.00      0.00 1075116  451220   2.89  hector_mapping_

06:37:25      UID       PID    %usr %system  %guest   %wait    %CPU   CPU  Command
06:37:26        0    115575    5.00    0.00    0.00    0.00    5.00     7  hector_mapping_

06:37:25      UID       PID  minflt/s  majflt/s     VSZ     RSS   %MEM  Command
06:37:26        0    115575      0.00      0.00 1075116  451220   2.89  hector_mapping_

06:37:26      UID       PID    %usr %system  %guest   %wait    %CPU   CPU  Command
06:37:27        0    115575    5.00    0.00    0.00    0.00    5.00    14  hector_mapping_

06:37:26      UID       PID  minflt/s  majflt/s     VSZ     RSS   %MEM  Command
06:37:27        0    115575      0.00      0.00 1075116  451220   2.89  hector_mapping_

06:37:27      UID       PID    %usr %system  %guest   %wait    %CPU   CPU  Command
06:37:28        0    115575    4.00    2.00    0.00    0.00    6.00     2  hector_mapping_

06:37:27      UID       PID  minflt/s  majflt/s     VSZ     RSS   %MEM  Command
06:37:28        0    115575      0.00      0.00 1075116  451220   2.89  hector_mapping_

06:37:28      UID       PID    %usr %system  %guest   %wait    %CPU   CPU  Command
06:37:29        0    115575    5.00    0.00    0.00    0.00    5.00     3  hector_mapping_

06:37:28      UID       PID  minflt/s  majflt/s     VSZ     RSS   %MEM  Command
06:37:29        0    115575      0.00      0.00 1075116  451220   2.89  hector_mapping_

06:37:29      UID       PID    %usr %system  %guest   %wait    %CPU   CPU  Command
06:37:30        0    115575    5.00    1.00    0.00    0.00    6.00     3  hector_mapping_

06:37:29      UID       PID  minflt/s  majflt/s     VSZ     RSS   %MEM  Command
06:37:30        0    115575      0.00      0.00 1075116  451220   2.89  hector_mapping_

06:37:30      UID       PID    %usr %system  %guest   %wait    %CPU   CPU  Command
06:37:31        0    115575    5.00    0.00    0.00    0.00    5.00     3  hector_mapping_

06:37:30      UID       PID  minflt/s  majflt/s     VSZ     RSS   %MEM  Command
06:37:31        0    115575      0.00      0.00 1075116  451220   2.89  hector_mapping_

06:37:31      UID       PID    %usr %system  %guest   %wait    %CPU   CPU  Command
06:37:32        0    115575    5.00    0.00    0.00    0.00    5.00     3  hector_mapping_

06:37:31      UID       PID  minflt/s  majflt/s     VSZ     RSS   %MEM  Command
06:37:32        0    115575      0.00      0.00 1075116  451220   2.89  hector_mapping_

06:37:32      UID       PID    %usr %system  %guest   %wait    %CPU   CPU  Command
06:37:33        0    115575    5.00    1.00    0.00    0.00    6.00     3  hector_mapping_

06:37:32      UID       PID  minflt/s  majflt/s     VSZ     RSS   %MEM  Command
06:37:33        0    115575      0.00      0.00 1075116  451220   2.89  hector_mapping_

06:37:33      UID       PID    %usr %system  %guest   %wait    %CPU   CPU  Command
06:37:34        0    115575    5.00    0.00    0.00    0.00    5.00     3  hector_mapping_

06:37:33      UID       PID  minflt/s  majflt/s     VSZ     RSS   %MEM  Command
06:37:34        0    115575      0.00      0.00 1075116  451220   2.89  hector_mapping_

06:37:34      UID       PID    %usr %system  %guest   %wait    %CPU   CPU  Command
06:37:35        0    115575    5.00    1.00    0.00    0.00    6.00     3  hector_mapping_

06:37:34      UID       PID  minflt/s  majflt/s     VSZ     RSS   %MEM  Command
06:37:35        0    115575      0.00      0.00 1075116  451220   2.89  hector_mapping_

06:37:35      UID       PID    %usr %system  %guest   %wait    %CPU   CPU  Command
06:37:36        0    115575    4.00    0.00    0.00    0.00    4.00     3  hector_mapping_

06:37:35      UID       PID  minflt/s  majflt/s     VSZ     RSS   %MEM  Command
06:37:36        0    115575      0.00      0.00 1075116  451220   2.89  hector_mapping_

06:37:36      UID       PID    %usr %system  %guest   %wait    %CPU   CPU  Command
06:37:37        0    115575    5.00    0.00    0.00    0.00    5.00     3  hector_mapping_

06:37:36      UID       PID  minflt/s  majflt/s     VSZ     RSS   %MEM  Command
06:37:37        0    115575      0.00      0.00 1075116  451220   2.89  hector_mapping_

06:37:37      UID       PID    %usr %system  %guest   %wait    %CPU   CPU  Command
06:37:38        0    115575    5.00    1.00    0.00    0.00    6.00     3  hector_mapping_

06:37:37      UID       PID  minflt/s  majflt/s     VSZ     RSS   %MEM  Command
06:37:38        0    115575      0.00      0.00 1075116  451220   2.89  hector_mapping_

06:37:38      UID       PID    %usr %system  %guest   %wait    %CPU   CPU  Command
06:37:39        0    115575    5.00    0.00    0.00    0.00    5.00     3  hector_mapping_

06:37:38      UID       PID  minflt/s  majflt/s     VSZ     RSS   %MEM  Command
06:37:39        0    115575      0.00      0.00 1075116  451220   2.89  hector_mapping_

06:37:39      UID       PID    %usr %system  %guest   %wait    %CPU   CPU  Command
06:37:40        0    115575    6.00    1.00    0.00    0.00    7.00     2  hector_mapping_

06:37:39      UID       PID  minflt/s  majflt/s     VSZ     RSS   %MEM  Command
06:37:40        0    115575      0.00      0.00 1075116  451220   2.89  hector_mapping_

06:37:40      UID       PID    %usr %system  %guest   %wait    %CPU   CPU  Command
06:37:41        0    115575    5.00    0.00    0.00    0.00    5.00     0  hector_mapping_

06:37:40      UID       PID  minflt/s  majflt/s     VSZ     RSS   %MEM  Command
06:37:41        0    115575      0.00      0.00 1075116  451220   2.89  hector_mapping_

06:37:41      UID       PID    %usr %system  %guest   %wait    %CPU   CPU  Command
06:37:42        0    115575    6.00    1.00    0.00    0.00    7.00     3  hector_mapping_

06:37:41      UID       PID  minflt/s  majflt/s     VSZ     RSS   %MEM  Command
06:37:42        0    115575      0.00      0.00 1075116  451220   2.89  hector_mapping_

06:37:42      UID       PID    %usr %system  %guest   %wait    %CPU   CPU  Command
06:37:43        0    115575    7.00    0.00    0.00    0.00    7.00     3  hector_mapping_

06:37:42      UID       PID  minflt/s  majflt/s     VSZ     RSS   %MEM  Command
06:37:43        0    115575      0.00      0.00 1075116  451220   2.89  hector_mapping_

06:37:43      UID       PID    %usr %system  %guest   %wait    %CPU   CPU  Command
06:37:44        0    115575    6.00    1.00    0.00    0.00    7.00     3  hector_mapping_

06:37:43      UID       PID  minflt/s  majflt/s     VSZ     RSS   %MEM  Command
06:37:44        0    115575      0.00      0.00 1075116  451220   2.89  hector_mapping_

06:37:44      UID       PID    %usr %system  %guest   %wait    %CPU   CPU  Command
06:37:45        0    115575    7.00    1.00    0.00    0.00    8.00     3  hector_mapping_

06:37:44      UID       PID  minflt/s  majflt/s     VSZ     RSS   %MEM  Command
06:37:45        0    115575      0.00      0.00 1075116  451220   2.89  hector_mapping_

06:37:45      UID       PID    %usr %system  %guest   %wait    %CPU   CPU  Command
06:37:46        0    115575    6.00    0.00    0.00    0.00    6.00     3  hector_mapping_

06:37:45      UID       PID  minflt/s  majflt/s     VSZ     RSS   %MEM  Command
06:37:46        0    115575      0.00      0.00 1075116  451220   2.89  hector_mapping_

06:37:46      UID       PID    %usr %system  %guest   %wait    %CPU   CPU  Command
06:37:47        0    115575    7.00    0.00    0.00    0.00    7.00     3  hector_mapping_

06:37:46      UID       PID  minflt/s  majflt/s     VSZ     RSS   %MEM  Command
06:37:47        0    115575      0.00      0.00 1075116  451220   2.89  hector_mapping_

06:37:47      UID       PID    %usr %system  %guest   %wait    %CPU   CPU  Command
06:37:48        0    115575    7.00    1.00    0.00    0.00    8.00     3  hector_mapping_

06:37:47      UID       PID  minflt/s  majflt/s     VSZ     RSS   %MEM  Command
06:37:48        0    115575      0.00      0.00 1075116  451220   2.89  hector_mapping_

06:37:48      UID       PID    %usr %system  %guest   %wait    %CPU   CPU  Command
06:37:49        0    115575    6.00    0.00    0.00    0.00    6.00     8  hector_mapping_

06:37:48      UID       PID  minflt/s  majflt/s     VSZ     RSS   %MEM  Command
06:37:49        0    115575      0.00      0.00 1075116  451220   2.89  hector_mapping_

06:37:49      UID       PID    %usr %system  %guest   %wait    %CPU   CPU  Command
06:37:50        0    115575    6.00    1.00    0.00    0.00    7.00     8  hector_mapping_

06:37:49      UID       PID  minflt/s  majflt/s     VSZ     RSS   %MEM  Command
06:37:50        0    115575      0.00      0.00 1075116  451220   2.89  hector_mapping_

06:37:50      UID       PID    %usr %system  %guest   %wait    %CPU   CPU  Command
06:37:51        0    115575    7.00    1.00    0.00    0.00    8.00     6  hector_mapping_

06:37:50      UID       PID  minflt/s  majflt/s     VSZ     RSS   %MEM  Command
06:37:51        0    115575      0.00      0.00 1075116  451220   2.89  hector_mapping_

06:37:51      UID       PID    %usr %system  %guest   %wait    %CPU   CPU  Command
06:37:52        0    115575    6.00    0.00    0.00    0.00    6.00     2  hector_mapping_

06:37:51      UID       PID  minflt/s  majflt/s     VSZ     RSS   %MEM  Command
06:37:52        0    115575      0.00      0.00 1075116  451220   2.89  hector_mapping_

06:37:52      UID       PID    %usr %system  %guest   %wait    %CPU   CPU  Command
06:37:53        0    115575    6.00    1.00    0.00    0.00    7.00     9  hector_mapping_

06:37:52      UID       PID  minflt/s  majflt/s     VSZ     RSS   %MEM  Command
06:37:53        0    115575      0.00      0.00 1075116  451220   2.89  hector_mapping_

06:37:53      UID       PID    %usr %system  %guest   %wait    %CPU   CPU  Command
06:37:54        0    115575    7.00    0.00    0.00    0.00    7.00     6  hector_mapping_

06:37:53      UID       PID  minflt/s  majflt/s     VSZ     RSS   %MEM  Command
06:37:54        0    115575      0.00      0.00 1075116  451220   2.89  hector_mapping_

06:37:54      UID       PID    %usr %system  %guest   %wait    %CPU   CPU  Command
06:37:55        0    115575    5.00    1.00    0.00    0.00    6.00    12  hector_mapping_

06:37:54      UID       PID  minflt/s  majflt/s     VSZ     RSS   %MEM  Command
06:37:55        0    115575      0.00      0.00 1075116  451220   2.89  hector_mapping_

06:37:55      UID       PID    %usr %system  %guest   %wait    %CPU   CPU  Command
06:37:56        0    115575    6.00    1.00    0.00    0.00    7.00     3  hector_mapping_

06:37:55      UID       PID  minflt/s  majflt/s     VSZ     RSS   %MEM  Command
06:37:56        0    115575      0.00      0.00 1075116  451220   2.89  hector_mapping_

06:37:56      UID       PID    %usr %system  %guest   %wait    %CPU   CPU  Command
06:37:57        0    115575    7.00    0.00    0.00    0.00    7.00     3  hector_mapping_

06:37:56      UID       PID  minflt/s  majflt/s     VSZ     RSS   %MEM  Command
06:37:57        0    115575      0.00      0.00 1075116  451220   2.89  hector_mapping_

06:37:57      UID       PID    %usr %system  %guest   %wait    %CPU   CPU  Command
06:37:58        0    115575    6.00    1.00    0.00    0.00    7.00     3  hector_mapping_

06:37:57      UID       PID  minflt/s  majflt/s     VSZ     RSS   %MEM  Command
06:37:58        0    115575      0.00      0.00 1075116  451220   2.89  hector_mapping_

06:37:58      UID       PID    %usr %system  %guest   %wait    %CPU   CPU  Command
06:37:59        0    115575    6.00    0.00    0.00    0.00    6.00     3  hector_mapping_

06:37:58      UID       PID  minflt/s  majflt/s     VSZ     RSS   %MEM  Command
06:37:59        0    115575      0.00      0.00 1075116  451220   2.89  hector_mapping_

06:37:59      UID       PID    %usr %system  %guest   %wait    %CPU   CPU  Command
06:38:00        0    115575    5.94    0.99    0.00    0.00    6.93     3  hector_mapping_

06:37:59      UID       PID  minflt/s  majflt/s     VSZ     RSS   %MEM  Command
06:38:00        0    115575      0.00      0.00 1075116  451220   2.89  hector_mapping_

06:38:00      UID       PID    %usr %system  %guest   %wait    %CPU   CPU  Command
06:38:01        0    115575    6.00    1.00    0.00    0.00    7.00     6  hector_mapping_

06:38:00      UID       PID  minflt/s  majflt/s     VSZ     RSS   %MEM  Command
06:38:01        0    115575      0.00      0.00 1075116  451220   2.89  hector_mapping_

06:38:01      UID       PID    %usr %system  %guest   %wait    %CPU   CPU  Command
06:38:02        0    115575    6.00    1.00    0.00    0.00    7.00     2  hector_mapping_

06:38:01      UID       PID  minflt/s  majflt/s     VSZ     RSS   %MEM  Command
06:38:02        0    115575      0.00      0.00 1075116  451220   2.89  hector_mapping_

06:38:02      UID       PID    %usr %system  %guest   %wait    %CPU   CPU  Command
06:38:03        0    115575    6.00    0.00    0.00    0.00    6.00     1  hector_mapping_

06:38:02      UID       PID  minflt/s  majflt/s     VSZ     RSS   %MEM  Command
06:38:03        0    115575      0.00      0.00 1075116  451220   2.89  hector_mapping_

06:38:03      UID       PID    %usr %system  %guest   %wait    %CPU   CPU  Command
06:38:04        0    115575    6.00    1.00    0.00    0.00    7.00     3  hector_mapping_

06:38:03      UID       PID  minflt/s  majflt/s     VSZ     RSS   %MEM  Command
06:38:04        0    115575      0.00      0.00 1075116  451220   2.89  hector_mapping_

06:38:04      UID       PID    %usr %system  %guest   %wait    %CPU   CPU  Command
06:38:05        0    115575    6.00    1.00    0.00    0.00    7.00     3  hector_mapping_

06:38:04      UID       PID  minflt/s  majflt/s     VSZ     RSS   %MEM  Command
06:38:05        0    115575      0.00      0.00 1075116  451220   2.89  hector_mapping_

06:38:05      UID       PID    %usr %system  %guest   %wait    %CPU   CPU  Command
06:38:06        0    115575    6.00    1.00    0.00    0.00    7.00     3  hector_mapping_

06:38:05      UID       PID  minflt/s  majflt/s     VSZ     RSS   %MEM  Command
06:38:06        0    115575      0.00      0.00 1075116  451220   2.89  hector_mapping_

06:38:06      UID       PID    %usr %system  %guest   %wait    %CPU   CPU  Command
06:38:07        0    115575    6.00    1.00    0.00    0.00    7.00     3  hector_mapping_

06:38:06      UID       PID  minflt/s  majflt/s     VSZ     RSS   %MEM  Command
06:38:07        0    115575      0.00      0.00 1075116  451220   2.89  hector_mapping_

06:38:07      UID       PID    %usr %system  %guest   %wait    %CPU   CPU  Command
06:38:08        0    115575    6.00    0.00    0.00    0.00    6.00     3  hector_mapping_

06:38:07      UID       PID  minflt/s  majflt/s     VSZ     RSS   %MEM  Command
06:38:08        0    115575      0.00      0.00 1075116  451220   2.89  hector_mapping_

06:38:08      UID       PID    %usr %system  %guest   %wait    %CPU   CPU  Command
06:38:09        0    115575    6.00    1.00    0.00    0.00    7.00     3  hector_mapping_

06:38:08      UID       PID  minflt/s  majflt/s     VSZ     RSS   %MEM  Command
06:38:09        0    115575      0.00      0.00 1075116  451220   2.89  hector_mapping_

06:38:09      UID       PID    %usr %system  %guest   %wait    %CPU   CPU  Command
06:38:10        0    115575    6.00    1.00    0.00    0.00    7.00     3  hector_mapping_

06:38:09      UID       PID  minflt/s  majflt/s     VSZ     RSS   %MEM  Command
06:38:10        0    115575      0.00      0.00 1075116  451220   2.89  hector_mapping_

06:38:10      UID       PID    %usr %system  %guest   %wait    %CPU   CPU  Command
06:38:11        0    115575    7.00    0.00    0.00    0.00    7.00     3  hector_mapping_

06:38:10      UID       PID  minflt/s  majflt/s     VSZ     RSS   %MEM  Command
06:38:11        0    115575      0.00      0.00 1075116  451220   2.89  hector_mapping_

06:38:11      UID       PID    %usr %system  %guest   %wait    %CPU   CPU  Command
06:38:12        0    115575    6.00    1.00    0.00    0.00    7.00     3  hector_mapping_

06:38:11      UID       PID  minflt/s  majflt/s     VSZ     RSS   %MEM  Command
06:38:12        0    115575      0.00      0.00 1075116  451220   2.89  hector_mapping_

06:38:12      UID       PID    %usr %system  %guest   %wait    %CPU   CPU  Command
06:38:13        0    115575    6.00    0.00    0.00    0.00    6.00     3  hector_mapping_

06:38:12      UID       PID  minflt/s  majflt/s     VSZ     RSS   %MEM  Command
06:38:13        0    115575      0.00      0.00 1075116  451220   2.89  hector_mapping_

06:38:13      UID       PID    %usr %system  %guest   %wait    %CPU   CPU  Command
06:38:14        0    115575    6.00    0.00    0.00    0.00    6.00     3  hector_mapping_

06:38:13      UID       PID  minflt/s  majflt/s     VSZ     RSS   %MEM  Command
06:38:14        0    115575      0.00      0.00 1075116  451220   2.89  hector_mapping_

06:38:14      UID       PID    %usr %system  %guest   %wait    %CPU   CPU  Command
06:38:15        0    115575    7.00    1.00    0.00    0.00    8.00     3  hector_mapping_

06:38:14      UID       PID  minflt/s  majflt/s     VSZ     RSS   %MEM  Command
06:38:15        0    115575      0.00      0.00 1075116  451220   2.89  hector_mapping_

06:38:15      UID       PID    %usr %system  %guest   %wait    %CPU   CPU  Command
06:38:16        0    115575    6.00    0.00    0.00    0.00    6.00    12  hector_mapping_

06:38:15      UID       PID  minflt/s  majflt/s     VSZ     RSS   %MEM  Command
06:38:16        0    115575      0.00      0.00 1075116  451220   2.89  hector_mapping_

06:38:16      UID       PID    %usr %system  %guest   %wait    %CPU   CPU  Command
06:38:17        0    115575    6.00    1.00    0.00    0.00    7.00     2  hector_mapping_

06:38:16      UID       PID  minflt/s  majflt/s     VSZ     RSS   %MEM  Command
06:38:17        0    115575      0.00      0.00 1075116  451220   2.89  hector_mapping_

06:38:17      UID       PID    %usr %system  %guest   %wait    %CPU   CPU  Command
06:38:18        0    115575    6.00    1.00    0.00    0.00    7.00     6  hector_mapping_

06:38:17      UID       PID  minflt/s  majflt/s     VSZ     RSS   %MEM  Command
06:38:18        0    115575      0.00      0.00 1075116  451220   2.89  hector_mapping_

06:38:18      UID       PID    %usr %system  %guest   %wait    %CPU   CPU  Command
06:38:19        0    115575    7.00    1.00    0.00    0.00    8.00     2  hector_mapping_

06:38:18      UID       PID  minflt/s  majflt/s     VSZ     RSS   %MEM  Command
06:38:19        0    115575      0.00      0.00 1075116  451220   2.89  hector_mapping_

06:38:19      UID       PID    %usr %system  %guest   %wait    %CPU   CPU  Command
06:38:20        0    115575    6.00    0.00    0.00    0.00    6.00     2  hector_mapping_

06:38:19      UID       PID  minflt/s  majflt/s     VSZ     RSS   %MEM  Command
06:38:20        0    115575      0.00      0.00 1075116  451220   2.89  hector_mapping_

06:38:20      UID       PID    %usr %system  %guest   %wait    %CPU   CPU  Command
06:38:21        0    115575    7.00    0.00    0.00    0.00    7.00     8  hector_mapping_

06:38:20      UID       PID  minflt/s  majflt/s     VSZ     RSS   %MEM  Command
06:38:21        0    115575      0.00      0.00 1075116  451220   2.89  hector_mapping_

06:38:21      UID       PID    %usr %system  %guest   %wait    %CPU   CPU  Command
06:38:22        0    115575    6.00    0.00    0.00    1.00    6.00     0  hector_mapping_

06:38:21      UID       PID  minflt/s  majflt/s     VSZ     RSS   %MEM  Command
06:38:22        0    115575      0.00      0.00 1075116  451220   2.89  hector_mapping_

06:38:22      UID       PID    %usr %system  %guest   %wait    %CPU   CPU  Command
06:38:23        0    115575    7.00    1.00    0.00    0.00    8.00     2  hector_mapping_

06:38:22      UID       PID  minflt/s  majflt/s     VSZ     RSS   %MEM  Command
06:38:23        0    115575      0.00      0.00 1075116  451220   2.89  hector_mapping_

06:38:23      UID       PID    %usr %system  %guest   %wait    %CPU   CPU  Command
06:38:24        0    115575    6.00    1.00    0.00    0.00    7.00     6  hector_mapping_

06:38:23      UID       PID  minflt/s  majflt/s     VSZ     RSS   %MEM  Command
06:38:24        0    115575      0.00      0.00 1075116  451220   2.89  hector_mapping_

06:38:24      UID       PID    %usr %system  %guest   %wait    %CPU   CPU  Command
06:38:25        0    115575    7.00    0.00    0.00    0.00    7.00     6  hector_mapping_

06:38:24      UID       PID  minflt/s  majflt/s     VSZ     RSS   %MEM  Command
06:38:25        0    115575      0.00      0.00 1075116  451220   2.89  hector_mapping_

06:38:25      UID       PID    %usr %system  %guest   %wait    %CPU   CPU  Command
06:38:26        0    115575    6.00    0.00    0.00    0.00    6.00     6  hector_mapping_

06:38:25      UID       PID  minflt/s  majflt/s     VSZ     RSS   %MEM  Command
06:38:26        0    115575      0.00      0.00 1075116  451220   2.89  hector_mapping_

06:38:26      UID       PID    %usr %system  %guest   %wait    %CPU   CPU  Command
06:38:27        0    115575    6.00    1.00    0.00    0.00    7.00     0  hector_mapping_

06:38:26      UID       PID  minflt/s  majflt/s     VSZ     RSS   %MEM  Command
06:38:27        0    115575      0.00      0.00 1075116  451220   2.89  hector_mapping_

06:38:27      UID       PID    %usr %system  %guest   %wait    %CPU   CPU  Command
06:38:28        0    115575    6.00    1.00    0.00    0.00    7.00    12  hector_mapping_

06:38:27      UID       PID  minflt/s  majflt/s     VSZ     RSS   %MEM  Command
06:38:28        0    115575      0.00      0.00 1075116  451220   2.89  hector_mapping_

06:38:28      UID       PID    %usr %system  %guest   %wait    %CPU   CPU  Command
06:38:29        0    115575    7.00    0.00    0.00    0.00    7.00     6  hector_mapping_

06:38:28      UID       PID  minflt/s  majflt/s     VSZ     RSS   %MEM  Command
06:38:29        0    115575      0.00      0.00 1075116  451220   2.89  hector_mapping_

06:38:29      UID       PID    %usr %system  %guest   %wait    %CPU   CPU  Command
06:38:30        0    115575    6.00    1.00    0.00    0.00    7.00     6  hector_mapping_

06:38:29      UID       PID  minflt/s  majflt/s     VSZ     RSS   %MEM  Command
06:38:30        0    115575      0.00      0.00 1075116  451220   2.89  hector_mapping_

06:38:30      UID       PID    %usr %system  %guest   %wait    %CPU   CPU  Command
06:38:31        0    115575    6.00    1.00    0.00    0.00    7.00    12  hector_mapping_

06:38:30      UID       PID  minflt/s  majflt/s     VSZ     RSS   %MEM  Command
06:38:31        0    115575      0.00      0.00 1075116  451220   2.89  hector_mapping_

06:38:31      UID       PID    %usr %system  %guest   %wait    %CPU   CPU  Command
06:38:32        0    115575    6.00    0.00    0.00    0.00    6.00     2  hector_mapping_

06:38:31      UID       PID  minflt/s  majflt/s     VSZ     RSS   %MEM  Command
06:38:32        0    115575      0.00      0.00 1075116  451220   2.89  hector_mapping_

06:38:32      UID       PID    %usr %system  %guest   %wait    %CPU   CPU  Command
06:38:33        0    115575    7.00    1.00    0.00    0.00    8.00    14  hector_mapping_

06:38:32      UID       PID  minflt/s  majflt/s     VSZ     RSS   %MEM  Command
06:38:33        0    115575      0.00      0.00 1075116  451220   2.89  hector_mapping_

06:38:33      UID       PID    %usr %system  %guest   %wait    %CPU   CPU  Command
06:38:34        0    115575    7.00    0.00    0.00    0.00    7.00     6  hector_mapping_

06:38:33      UID       PID  minflt/s  majflt/s     VSZ     RSS   %MEM  Command
06:38:34        0    115575      0.00      0.00 1075116  451220   2.89  hector_mapping_

06:38:34      UID       PID    %usr %system  %guest   %wait    %CPU   CPU  Command
06:38:35        0    115575    6.00    0.00    0.00    0.00    6.00     7  hector_mapping_

06:38:34      UID       PID  minflt/s  majflt/s     VSZ     RSS   %MEM  Command
06:38:35        0    115575      0.00      0.00 1075116  451220   2.89  hector_mapping_

06:38:35      UID       PID    %usr %system  %guest   %wait    %CPU   CPU  Command
06:38:36        0    115575    6.00    1.00    0.00    0.00    7.00    15  hector_mapping_

06:38:35      UID       PID  minflt/s  majflt/s     VSZ     RSS   %MEM  Command
06:38:36        0    115575      0.00      0.00 1075116  451220   2.89  hector_mapping_

06:38:36      UID       PID    %usr %system  %guest   %wait    %CPU   CPU  Command
06:38:37        0    115575    6.00    1.00    0.00    0.00    7.00     2  hector_mapping_

06:38:36      UID       PID  minflt/s  majflt/s     VSZ     RSS   %MEM  Command
06:38:37        0    115575      0.00      0.00 1075116  451220   2.89  hector_mapping_

06:38:37      UID       PID    %usr %system  %guest   %wait    %CPU   CPU  Command
06:38:38        0    115575    7.00    0.00    0.00    0.00    7.00     0  hector_mapping_

06:38:37      UID       PID  minflt/s  majflt/s     VSZ     RSS   %MEM  Command
06:38:38        0    115575      0.00      0.00 1075116  451220   2.89  hector_mapping_

06:38:38      UID       PID    %usr %system  %guest   %wait    %CPU   CPU  Command
06:38:39        0    115575    6.00    1.00    0.00    0.00    7.00     2  hector_mapping_

06:38:38      UID       PID  minflt/s  majflt/s     VSZ     RSS   %MEM  Command
06:38:39        0    115575      0.00      0.00 1075116  451220   2.89  hector_mapping_

06:38:39      UID       PID    %usr %system  %guest   %wait    %CPU   CPU  Command
06:38:40        0    115575    6.00    0.00    0.00    0.00    6.00     6  hector_mapping_

06:38:39      UID       PID  minflt/s  majflt/s     VSZ     RSS   %MEM  Command
06:38:40        0    115575      0.00      0.00 1075116  451220   2.89  hector_mapping_

06:38:40      UID       PID    %usr %system  %guest   %wait    %CPU   CPU  Command
06:38:41        0    115575    6.00    1.00    0.00    0.00    7.00     6  hector_mapping_

06:38:40      UID       PID  minflt/s  majflt/s     VSZ     RSS   %MEM  Command
06:38:41        0    115575      0.00      0.00 1075116  451220   2.89  hector_mapping_

06:38:41      UID       PID    %usr %system  %guest   %wait    %CPU   CPU  Command
06:38:42        0    115575    7.00    0.00    0.00    0.00    7.00     6  hector_mapping_

06:38:41      UID       PID  minflt/s  majflt/s     VSZ     RSS   %MEM  Command
06:38:42        0    115575      0.00      0.00 1075116  451220   2.89  hector_mapping_

06:38:42      UID       PID    %usr %system  %guest   %wait    %CPU   CPU  Command
06:38:43        0    115575    6.00    1.00    0.00    0.00    7.00     8  hector_mapping_

06:38:42      UID       PID  minflt/s  majflt/s     VSZ     RSS   %MEM  Command
06:38:43        0    115575      0.00      0.00 1075116  451220   2.89  hector_mapping_

06:38:43      UID       PID    %usr %system  %guest   %wait    %CPU   CPU  Command
06:38:44        0    115575    6.00    0.00    0.00    0.00    6.00     8  hector_mapping_

06:38:43      UID       PID  minflt/s  majflt/s     VSZ     RSS   %MEM  Command
06:38:44        0    115575      0.00      0.00 1075116  451220   2.89  hector_mapping_

06:38:44      UID       PID    %usr %system  %guest   %wait    %CPU   CPU  Command
06:38:45        0    115575    6.00    1.00    0.00    1.00    7.00     2  hector_mapping_

06:38:44      UID       PID  minflt/s  majflt/s     VSZ     RSS   %MEM  Command
06:38:45        0    115575      0.00      0.00 1075116  451220   2.89  hector_mapping_

06:38:45      UID       PID    %usr %system  %guest   %wait    %CPU   CPU  Command
06:38:46        0    115575    7.00    0.00    0.00    0.00    7.00     6  hector_mapping_

06:38:45      UID       PID  minflt/s  majflt/s     VSZ     RSS   %MEM  Command
06:38:46        0    115575      0.00      0.00 1075116  451220   2.89  hector_mapping_

06:38:46      UID       PID    %usr %system  %guest   %wait    %CPU   CPU  Command
06:38:47        0    115575    6.00    1.00    0.00    0.00    7.00     0  hector_mapping_

06:38:46      UID       PID  minflt/s  majflt/s     VSZ     RSS   %MEM  Command
06:38:47        0    115575      0.00      0.00 1075116  451220   2.89  hector_mapping_

06:38:47      UID       PID    %usr %system  %guest   %wait    %CPU   CPU  Command
06:38:48        0    115575    6.00    1.00    0.00    0.00    7.00     8  hector_mapping_

06:38:47      UID       PID  minflt/s  majflt/s     VSZ     RSS   %MEM  Command
06:38:48        0    115575      0.00      0.00 1075116  451220   2.89  hector_mapping_

06:38:48      UID       PID    %usr %system  %guest   %wait    %CPU   CPU  Command
06:38:49        0    115575    6.00    0.00    0.00    0.00    6.00     6  hector_mapping_

06:38:48      UID       PID  minflt/s  majflt/s     VSZ     RSS   %MEM  Command
06:38:49        0    115575      0.00      0.00 1075116  451220   2.89  hector_mapping_

06:38:49      UID       PID    %usr %system  %guest   %wait    %CPU   CPU  Command
06:38:50        0    115575    7.00    1.00    0.00    0.00    8.00     0  hector_mapping_

06:38:49      UID       PID  minflt/s  majflt/s     VSZ     RSS   %MEM  Command
06:38:50        0    115575      0.00      0.00 1075116  451220   2.89  hector_mapping_

06:38:50      UID       PID    %usr %system  %guest   %wait    %CPU   CPU  Command
06:38:51        0    115575    6.00    0.00    0.00    0.00    6.00     2  hector_mapping_

06:38:50      UID       PID  minflt/s  majflt/s     VSZ     RSS   %MEM  Command
06:38:51        0    115575      0.00      0.00 1075116  451220   2.89  hector_mapping_

06:38:51      UID       PID    %usr %system  %guest   %wait    %CPU   CPU  Command
06:38:52        0    115575    7.00    1.00    0.00    0.00    8.00     2  hector_mapping_

06:38:51      UID       PID  minflt/s  majflt/s     VSZ     RSS   %MEM  Command
06:38:52        0    115575      0.00      0.00 1075116  451220   2.89  hector_mapping_

06:38:52      UID       PID    %usr %system  %guest   %wait    %CPU   CPU  Command
06:38:53        0    115575    6.00    1.00    0.00    0.00    7.00    12  hector_mapping_

06:38:52      UID       PID  minflt/s  majflt/s     VSZ     RSS   %MEM  Command
06:38:53        0    115575      0.00      0.00 1075116  451220   2.89  hector_mapping_

06:38:53      UID       PID    %usr %system  %guest   %wait    %CPU   CPU  Command
06:38:54        0    115575    7.00    0.00    0.00    0.00    7.00     4  hector_mapping_

06:38:53      UID       PID  minflt/s  majflt/s     VSZ     RSS   %MEM  Command
06:38:54        0    115575      0.00      0.00 1075116  451220   2.89  hector_mapping_

06:38:54      UID       PID    %usr %system  %guest   %wait    %CPU   CPU  Command
06:38:55        0    115575    6.00    0.00    0.00    0.00    6.00     6  hector_mapping_

06:38:54      UID       PID  minflt/s  majflt/s     VSZ     RSS   %MEM  Command
06:38:55        0    115575      0.00      0.00 1075116  451220   2.89  hector_mapping_

06:38:55      UID       PID    %usr %system  %guest   %wait    %CPU   CPU  Command
06:38:56        0    115575    7.00    1.00    0.00    0.00    8.00     6  hector_mapping_

06:38:55      UID       PID  minflt/s  majflt/s     VSZ     RSS   %MEM  Command
06:38:56        0    115575      0.00      0.00 1075116  451220   2.89  hector_mapping_

06:38:56      UID       PID    %usr %system  %guest   %wait    %CPU   CPU  Command
06:38:57        0    115575    6.00    1.00    0.00    0.00    7.00     0  hector_mapping_

06:38:56      UID       PID  minflt/s  majflt/s     VSZ     RSS   %MEM  Command
06:38:57        0    115575      0.00      0.00 1075116  451220   2.89  hector_mapping_

06:38:57      UID       PID    %usr %system  %guest   %wait    %CPU   CPU  Command
06:38:58        0    115575    6.00    0.00    0.00    0.00    6.00     2  hector_mapping_

06:38:57      UID       PID  minflt/s  majflt/s     VSZ     RSS   %MEM  Command
06:38:58        0    115575      0.00      0.00 1075116  451220   2.89  hector_mapping_

06:38:58      UID       PID    %usr %system  %guest   %wait    %CPU   CPU  Command
06:38:59        0    115575    7.00    1.00    0.00    0.00    8.00     6  hector_mapping_

06:38:58      UID       PID  minflt/s  majflt/s     VSZ     RSS   %MEM  Command
06:38:59        0    115575      0.00      0.00 1075116  451220   2.89  hector_mapping_

06:38:59      UID       PID    %usr %system  %guest   %wait    %CPU   CPU  Command
06:39:00        0    115575    6.00    1.00    0.00    0.00    7.00     8  hector_mapping_

06:38:59      UID       PID  minflt/s  majflt/s     VSZ     RSS   %MEM  Command
06:39:00        0    115575      0.00      0.00 1075116  451220   2.89  hector_mapping_

06:39:00      UID       PID    %usr %system  %guest   %wait    %CPU   CPU  Command
06:39:01        0    115575    6.00    0.00    0.00    0.00    6.00    10  hector_mapping_

06:39:00      UID       PID  minflt/s  majflt/s     VSZ     RSS   %MEM  Command
06:39:01        0    115575      0.00      0.00 1075116  451220   2.89  hector_mapping_

06:39:01      UID       PID    %usr %system  %guest   %wait    %CPU   CPU  Command
06:39:02        0    115575    7.00    1.00    0.00    0.00    8.00     2  hector_mapping_

06:39:01      UID       PID  minflt/s  majflt/s     VSZ     RSS   %MEM  Command
06:39:02        0    115575      0.00      0.00 1075116  451220   2.89  hector_mapping_

06:39:02      UID       PID    %usr %system  %guest   %wait    %CPU   CPU  Command
06:39:03        0    115575    6.00    0.00    0.00    0.00    6.00     6  hector_mapping_

06:39:02      UID       PID  minflt/s  majflt/s     VSZ     RSS   %MEM  Command
06:39:03        0    115575      0.00      0.00 1075116  451220   2.89  hector_mapping_

06:39:03      UID       PID    %usr %system  %guest   %wait    %CPU   CPU  Command
06:39:04        0    115575    7.00    1.00    0.00    0.00    8.00    14  hector_mapping_

06:39:03      UID       PID  minflt/s  majflt/s     VSZ     RSS   %MEM  Command
06:39:04        0    115575      0.00      0.00 1075116  451220   2.89  hector_mapping_

06:39:04      UID       PID    %usr %system  %guest   %wait    %CPU   CPU  Command
06:39:05        0    115575    6.00    0.00    0.00    0.00    6.00     6  hector_mapping_

06:39:04      UID       PID  minflt/s  majflt/s     VSZ     RSS   %MEM  Command
06:39:05        0    115575      0.00      0.00 1075116  451220   2.89  hector_mapping_

06:39:05      UID       PID    %usr %system  %guest   %wait    %CPU   CPU  Command
06:39:06        0    115575    6.00    1.00    0.00    0.00    7.00     2  hector_mapping_

06:39:05      UID       PID  minflt/s  majflt/s     VSZ     RSS   %MEM  Command
06:39:06        0    115575      0.00      0.00 1075116  451220   2.89  hector_mapping_

06:39:06      UID       PID    %usr %system  %guest   %wait    %CPU   CPU  Command
06:39:07        0    115575    6.00    0.00    0.00    0.00    6.00     2  hector_mapping_

06:39:06      UID       PID  minflt/s  majflt/s     VSZ     RSS   %MEM  Command
06:39:07        0    115575      0.00      0.00 1075116  451220   2.89  hector_mapping_

06:39:07      UID       PID    %usr %system  %guest   %wait    %CPU   CPU  Command
06:39:08        0    115575    7.00    0.00    0.00    0.00    7.00     6  hector_mapping_

06:39:07      UID       PID  minflt/s  majflt/s     VSZ     RSS   %MEM  Command
06:39:08        0    115575      0.00      0.00 1075116  451220   2.89  hector_mapping_

06:39:08      UID       PID    %usr %system  %guest   %wait    %CPU   CPU  Command
06:39:09        0    115575    6.00    1.00    0.00    0.00    7.00     2  hector_mapping_

06:39:08      UID       PID  minflt/s  majflt/s     VSZ     RSS   %MEM  Command
06:39:09        0    115575      0.00      0.00 1075116  451220   2.89  hector_mapping_

06:39:09      UID       PID    %usr %system  %guest   %wait    %CPU   CPU  Command
06:39:10        0    115575    7.00    0.00    0.00    0.00    7.00     8  hector_mapping_

06:39:09      UID       PID  minflt/s  majflt/s     VSZ     RSS   %MEM  Command
06:39:10        0    115575      0.00      0.00 1075116  451220   2.89  hector_mapping_

06:39:10      UID       PID    %usr %system  %guest   %wait    %CPU   CPU  Command
06:39:11        0    115575    6.00    1.00    0.00    0.00    7.00     2  hector_mapping_

06:39:10      UID       PID  minflt/s  majflt/s     VSZ     RSS   %MEM  Command
06:39:11        0    115575      0.00      0.00 1075116  451220   2.89  hector_mapping_

06:39:11      UID       PID    %usr %system  %guest   %wait    %CPU   CPU  Command
06:39:12        0    115575    6.00    1.00    0.00    0.00    7.00     2  hector_mapping_

06:39:11      UID       PID  minflt/s  majflt/s     VSZ     RSS   %MEM  Command
06:39:12        0    115575      0.00      0.00 1075116  451220   2.89  hector_mapping_

06:39:12      UID       PID    %usr %system  %guest   %wait    %CPU   CPU  Command
06:39:13        0    115575    6.00    1.00    0.00    0.00    7.00     2  hector_mapping_

06:39:12      UID       PID  minflt/s  majflt/s     VSZ     RSS   %MEM  Command
06:39:13        0    115575      0.00      0.00 1075116  451220   2.89  hector_mapping_

06:39:13      UID       PID    %usr %system  %guest   %wait    %CPU   CPU  Command
06:39:14        0    115575    6.00    0.00    0.00    0.00    6.00     0  hector_mapping_

06:39:13      UID       PID  minflt/s  majflt/s     VSZ     RSS   %MEM  Command
06:39:14        0    115575      0.00      0.00 1075116  451220   2.89  hector_mapping_

06:39:14      UID       PID    %usr %system  %guest   %wait    %CPU   CPU  Command
06:39:15        0    115575    6.00    1.00    0.00    0.00    7.00    10  hector_mapping_

06:39:14      UID       PID  minflt/s  majflt/s     VSZ     RSS   %MEM  Command
06:39:15        0    115575      0.00      0.00 1075116  451220   2.89  hector_mapping_

06:39:15      UID       PID    %usr %system  %guest   %wait    %CPU   CPU  Command
06:39:16        0    115575    7.00    0.00    0.00    0.00    7.00     7  hector_mapping_

06:39:15      UID       PID  minflt/s  majflt/s     VSZ     RSS   %MEM  Command
06:39:16        0    115575      0.00      0.00 1075116  451220   2.89  hector_mapping_

06:39:16      UID       PID    %usr %system  %guest   %wait    %CPU   CPU  Command
06:39:17        0    115575    6.00    1.00    0.00    0.00    7.00     4  hector_mapping_

06:39:16      UID       PID  minflt/s  majflt/s     VSZ     RSS   %MEM  Command
06:39:17        0    115575      0.00      0.00 1075116  451220   2.89  hector_mapping_

06:39:17      UID       PID    %usr %system  %guest   %wait    %CPU   CPU  Command
06:39:18        0    115575    6.00    1.00    0.00    0.00    7.00     0  hector_mapping_

06:39:17      UID       PID  minflt/s  majflt/s     VSZ     RSS   %MEM  Command
06:39:18        0    115575      0.00      0.00 1075116  451220   2.89  hector_mapping_

06:39:18      UID       PID    %usr %system  %guest   %wait    %CPU   CPU  Command
06:39:19        0    115575    6.00    0.00    0.00    0.00    6.00     7  hector_mapping_

06:39:18      UID       PID  minflt/s  majflt/s     VSZ     RSS   %MEM  Command
06:39:19        0    115575      0.00      0.00 1075116  451220   2.89  hector_mapping_

06:39:19      UID       PID    %usr %system  %guest   %wait    %CPU   CPU  Command
06:39:20        0    115575    7.00    0.00    0.00    0.00    7.00     7  hector_mapping_

06:39:19      UID       PID  minflt/s  majflt/s     VSZ     RSS   %MEM  Command
06:39:20        0    115575      0.00      0.00 1075116  451220   2.89  hector_mapping_

06:39:20      UID       PID    %usr %system  %guest   %wait    %CPU   CPU  Command
06:39:21        0    115575    6.00    1.00    0.00    0.00    7.00     7  hector_mapping_

06:39:20      UID       PID  minflt/s  majflt/s     VSZ     RSS   %MEM  Command
06:39:21        0    115575      0.00      0.00 1075116  451220   2.89  hector_mapping_

06:39:21      UID       PID    %usr %system  %guest   %wait    %CPU   CPU  Command
06:39:22        0    115575    6.00    1.00    0.00    0.00    7.00     0  hector_mapping_

06:39:21      UID       PID  minflt/s  majflt/s     VSZ     RSS   %MEM  Command
06:39:22        0    115575      0.00      0.00 1075116  451220   2.89  hector_mapping_

06:39:22      UID       PID    %usr %system  %guest   %wait    %CPU   CPU  Command
06:39:23        0    115575    6.00    0.00    0.00    0.00    6.00     0  hector_mapping_

06:39:22      UID       PID  minflt/s  majflt/s     VSZ     RSS   %MEM  Command
06:39:23        0    115575      0.00      0.00 1075116  451220   2.89  hector_mapping_

06:39:23      UID       PID    %usr %system  %guest   %wait    %CPU   CPU  Command
06:39:24        0    115575    6.00    1.00    0.00    0.00    7.00    10  hector_mapping_

06:39:23      UID       PID  minflt/s  majflt/s     VSZ     RSS   %MEM  Command
06:39:24        0    115575      0.00      0.00 1075116  451220   2.89  hector_mapping_

06:39:24      UID       PID    %usr %system  %guest   %wait    %CPU   CPU  Command
06:39:25        0    115575    7.00    1.00    0.00    0.00    8.00     8  hector_mapping_

06:39:24      UID       PID  minflt/s  majflt/s     VSZ     RSS   %MEM  Command
06:39:25        0    115575      0.00      0.00 1075116  451220   2.89  hector_mapping_

06:39:25      UID       PID    %usr %system  %guest   %wait    %CPU   CPU  Command
06:39:26        0    115575    6.00    0.00    0.00    1.00    6.00     6  hector_mapping_

06:39:25      UID       PID  minflt/s  majflt/s     VSZ     RSS   %MEM  Command
06:39:26        0    115575      0.00      0.00 1075116  451220   2.89  hector_mapping_

06:39:26      UID       PID    %usr %system  %guest   %wait    %CPU   CPU  Command
06:39:27        0    115575    5.00    1.00    0.00    0.00    6.00     8  hector_mapping_

06:39:26      UID       PID  minflt/s  majflt/s     VSZ     RSS   %MEM  Command
06:39:27        0    115575      0.00      0.00 1075116  451220   2.89  hector_mapping_

06:39:27      UID       PID    %usr %system  %guest   %wait    %CPU   CPU  Command
06:39:28        0    115575    7.00    1.00    0.00    0.00    8.00     6  hector_mapping_

06:39:27      UID       PID  minflt/s  majflt/s     VSZ     RSS   %MEM  Command
06:39:28        0    115575      0.00      0.00 1075116  451220   2.89  hector_mapping_

06:39:28      UID       PID    %usr %system  %guest   %wait    %CPU   CPU  Command
06:39:29        0    115575    6.00    0.00    0.00    0.00    6.00     8  hector_mapping_

06:39:28      UID       PID  minflt/s  majflt/s     VSZ     RSS   %MEM  Command
06:39:29        0    115575      0.00      0.00 1075116  451220   2.89  hector_mapping_

06:39:29      UID       PID    %usr %system  %guest   %wait    %CPU   CPU  Command
06:39:30        0    115575    6.00    1.00    0.00    0.00    7.00    10  hector_mapping_

06:39:29      UID       PID  minflt/s  majflt/s     VSZ     RSS   %MEM  Command
06:39:30        0    115575      0.00      0.00 1075116  451220   2.89  hector_mapping_

06:39:30      UID       PID    %usr %system  %guest   %wait    %CPU   CPU  Command
06:39:31        0    115575    6.00    1.00    0.00    0.00    7.00     0  hector_mapping_

06:39:30      UID       PID  minflt/s  majflt/s     VSZ     RSS   %MEM  Command
06:39:31        0    115575      0.00      0.00 1075116  451220   2.89  hector_mapping_

06:39:31      UID       PID    %usr %system  %guest   %wait    %CPU   CPU  Command
06:39:32        0    115575    6.00    0.00    0.00    0.00    6.00     6  hector_mapping_

06:39:31      UID       PID  minflt/s  majflt/s     VSZ     RSS   %MEM  Command
06:39:32        0    115575      0.00      0.00 1075116  451220   2.89  hector_mapping_

06:39:32      UID       PID    %usr %system  %guest   %wait    %CPU   CPU  Command
06:39:33        0    115575    6.00    1.00    0.00    0.00    7.00     6  hector_mapping_

06:39:32      UID       PID  minflt/s  majflt/s     VSZ     RSS   %MEM  Command
06:39:33        0    115575      0.00      0.00 1075116  451220   2.89  hector_mapping_

06:39:33      UID       PID    %usr %system  %guest   %wait    %CPU   CPU  Command
06:39:34        0    115575    7.00    1.00    0.00    0.00    8.00     0  hector_mapping_

06:39:33      UID       PID  minflt/s  majflt/s     VSZ     RSS   %MEM  Command
06:39:34        0    115575      0.00      0.00 1075116  451220   2.89  hector_mapping_

06:39:34      UID       PID    %usr %system  %guest   %wait    %CPU   CPU  Command
06:39:35        0    115575    6.00    0.00    0.00    0.00    6.00     6  hector_mapping_

06:39:34      UID       PID  minflt/s  majflt/s     VSZ     RSS   %MEM  Command
06:39:35        0    115575      0.00      0.00 1075116  451220   2.89  hector_mapping_

06:39:35      UID       PID    %usr %system  %guest   %wait    %CPU   CPU  Command
06:39:36        0    115575    6.00    0.00    0.00    0.00    6.00     6  hector_mapping_

06:39:35      UID       PID  minflt/s  majflt/s     VSZ     RSS   %MEM  Command
06:39:36        0    115575      0.00      0.00 1075116  451220   2.89  hector_mapping_

06:39:36      UID       PID    %usr %system  %guest   %wait    %CPU   CPU  Command
06:39:37        0    115575    6.00    1.00    0.00    0.00    7.00     6  hector_mapping_

06:39:36      UID       PID  minflt/s  majflt/s     VSZ     RSS   %MEM  Command
06:39:37        0    115575      0.00      0.00 1075116  451220   2.89  hector_mapping_

06:39:37      UID       PID    %usr %system  %guest   %wait    %CPU   CPU  Command
06:39:38        0    115575    6.00    1.00    0.00    0.00    7.00     6  hector_mapping_

06:39:37      UID       PID  minflt/s  majflt/s     VSZ     RSS   %MEM  Command
06:39:38        0    115575      0.00      0.00 1075116  451220   2.89  hector_mapping_

06:39:38      UID       PID    %usr %system  %guest   %wait    %CPU   CPU  Command
06:39:39        0    115575    6.00    0.00    0.00    0.00    6.00     6  hector_mapping_

06:39:38      UID       PID  minflt/s  majflt/s     VSZ     RSS   %MEM  Command
06:39:39        0    115575      0.00      0.00 1075116  451220   2.89  hector_mapping_

06:39:39      UID       PID    %usr %system  %guest   %wait    %CPU   CPU  Command
06:39:40        0    115575    6.00    1.00    0.00    0.00    7.00     6  hector_mapping_

06:39:39      UID       PID  minflt/s  majflt/s     VSZ     RSS   %MEM  Command
06:39:40        0    115575      0.00      0.00 1075116  451220   2.89  hector_mapping_

06:39:40      UID       PID    %usr %system  %guest   %wait    %CPU   CPU  Command
06:39:41        0    115575    6.00    1.00    0.00    0.00    7.00     2  hector_mapping_

06:39:40      UID       PID  minflt/s  majflt/s     VSZ     RSS   %MEM  Command
06:39:41        0    115575      0.00      0.00 1075116  451220   2.89  hector_mapping_

06:39:41      UID       PID    %usr %system  %guest   %wait    %CPU   CPU  Command
06:39:42        0    115575    6.00    1.00    0.00    0.00    7.00     2  hector_mapping_

06:39:41      UID       PID  minflt/s  majflt/s     VSZ     RSS   %MEM  Command
06:39:42        0    115575      0.00      0.00 1075116  451220   2.89  hector_mapping_

06:39:42      UID       PID    %usr %system  %guest   %wait    %CPU   CPU  Command
06:39:43        0    115575    6.00    0.00    0.00    0.00    6.00     3  hector_mapping_

06:39:42      UID       PID  minflt/s  majflt/s     VSZ     RSS   %MEM  Command
06:39:43        0    115575      0.00      0.00 1075116  451220   2.89  hector_mapping_

06:39:43      UID       PID    %usr %system  %guest   %wait    %CPU   CPU  Command
06:39:44        0    115575    6.00    1.00    0.00    0.00    7.00     6  hector_mapping_

06:39:43      UID       PID  minflt/s  majflt/s     VSZ     RSS   %MEM  Command
06:39:44        0    115575      0.00      0.00 1075116  451220   2.89  hector_mapping_

06:39:44      UID       PID    %usr %system  %guest   %wait    %CPU   CPU  Command
06:39:45        0    115575    7.00    0.00    0.00    0.00    7.00     9  hector_mapping_

06:39:44      UID       PID  minflt/s  majflt/s     VSZ     RSS   %MEM  Command
06:39:45        0    115575      0.00      0.00 1075116  451220   2.89  hector_mapping_

06:39:45      UID       PID    %usr %system  %guest   %wait    %CPU   CPU  Command
06:39:46        0    115575    6.00    1.00    0.00    0.00    7.00    14  hector_mapping_

06:39:45      UID       PID  minflt/s  majflt/s     VSZ     RSS   %MEM  Command
06:39:46        0    115575      0.00      0.00 1075116  451220   2.89  hector_mapping_

06:39:46      UID       PID    %usr %system  %guest   %wait    %CPU   CPU  Command
06:39:47        0    115575    5.94    0.99    0.00    0.00    6.93     2  hector_mapping_

06:39:46      UID       PID  minflt/s  majflt/s     VSZ     RSS   %MEM  Command
06:39:47        0    115575      0.00      0.00 1075116  451220   2.89  hector_mapping_

06:39:47      UID       PID    %usr %system  %guest   %wait    %CPU   CPU  Command
06:39:48        0    115575    6.00    0.00    0.00    0.00    6.00    14  hector_mapping_

06:39:47      UID       PID  minflt/s  majflt/s     VSZ     RSS   %MEM  Command
06:39:48        0    115575      0.00      0.00 1075116  451220   2.89  hector_mapping_

06:39:48      UID       PID    %usr %system  %guest   %wait    %CPU   CPU  Command
06:39:49        0    115575    6.00    0.00    0.00    0.00    6.00     0  hector_mapping_

06:39:48      UID       PID  minflt/s  majflt/s     VSZ     RSS   %MEM  Command
06:39:49        0    115575      0.00      0.00 1075116  451220   2.89  hector_mapping_

06:39:49      UID       PID    %usr %system  %guest   %wait    %CPU   CPU  Command
06:39:50        0    115575    6.00    1.00    0.00    0.00    7.00     6  hector_mapping_

06:39:49      UID       PID  minflt/s  majflt/s     VSZ     RSS   %MEM  Command
06:39:50        0    115575      0.00      0.00 1075116  451220   2.89  hector_mapping_

06:39:50      UID       PID    %usr %system  %guest   %wait    %CPU   CPU  Command
06:39:51        0    115575    6.00    1.00    0.00    0.00    7.00     6  hector_mapping_

06:39:50      UID       PID  minflt/s  majflt/s     VSZ     RSS   %MEM  Command
06:39:51        0    115575      0.00      0.00 1075116  451220   2.89  hector_mapping_

06:39:51      UID       PID    %usr %system  %guest   %wait    %CPU   CPU  Command
06:39:52        0    115575    7.00    0.00    0.00    0.00    7.00     4  hector_mapping_

06:39:51      UID       PID  minflt/s  majflt/s     VSZ     RSS   %MEM  Command
06:39:52        0    115575      0.00      0.00 1075116  451220   2.89  hector_mapping_

06:39:52      UID       PID    %usr %system  %guest   %wait    %CPU   CPU  Command
06:39:53        0    115575    7.00    0.00    0.00    0.00    7.00     0  hector_mapping_

06:39:52      UID       PID  minflt/s  majflt/s     VSZ     RSS   %MEM  Command
06:39:53        0    115575      0.00      0.00 1075116  451220   2.89  hector_mapping_

06:39:53      UID       PID    %usr %system  %guest   %wait    %CPU   CPU  Command
06:39:54        0    115575    6.00    1.00    0.00    0.00    7.00     8  hector_mapping_

06:39:53      UID       PID  minflt/s  majflt/s     VSZ     RSS   %MEM  Command
06:39:54        0    115575      0.00      0.00 1075116  451220   2.89  hector_mapping_

06:39:54      UID       PID    %usr %system  %guest   %wait    %CPU   CPU  Command
06:39:55        0    115575    6.00    1.00    0.00    0.00    7.00     4  hector_mapping_

06:39:54      UID       PID  minflt/s  majflt/s     VSZ     RSS   %MEM  Command
06:39:55        0    115575      0.00      0.00 1075116  451220   2.89  hector_mapping_

06:39:55      UID       PID    %usr %system  %guest   %wait    %CPU   CPU  Command
06:39:56        0    115575    7.00    0.00    0.00    0.00    7.00     2  hector_mapping_

06:39:55      UID       PID  minflt/s  majflt/s     VSZ     RSS   %MEM  Command
06:39:56        0    115575      0.00      0.00 1075116  451220   2.89  hector_mapping_

06:39:56      UID       PID    %usr %system  %guest   %wait    %CPU   CPU  Command
06:39:57        0    115575    6.00    1.00    0.00    0.00    7.00     6  hector_mapping_

06:39:56      UID       PID  minflt/s  majflt/s     VSZ     RSS   %MEM  Command
06:39:57        0    115575      0.00      0.00 1075116  451220   2.89  hector_mapping_

06:39:57      UID       PID    %usr %system  %guest   %wait    %CPU   CPU  Command
06:39:58        0    115575    6.00    0.00    0.00    0.00    6.00    10  hector_mapping_

06:39:57      UID       PID  minflt/s  majflt/s     VSZ     RSS   %MEM  Command
06:39:58        0    115575      0.00      0.00 1075116  451220   2.89  hector_mapping_

06:39:58      UID       PID    %usr %system  %guest   %wait    %CPU   CPU  Command
06:39:59        0    115575    6.00    1.00    0.00    0.00    7.00     0  hector_mapping_

06:39:58      UID       PID  minflt/s  majflt/s     VSZ     RSS   %MEM  Command
06:39:59        0    115575      0.00      0.00 1075116  451220   2.89  hector_mapping_

06:39:59      UID       PID    %usr %system  %guest   %wait    %CPU   CPU  Command
06:40:00        0    115575    6.00    1.00    0.00    0.00    7.00     2  hector_mapping_

06:39:59      UID       PID  minflt/s  majflt/s     VSZ     RSS   %MEM  Command
06:40:00        0    115575      0.00      0.00 1075116  451220   2.89  hector_mapping_

06:40:00      UID       PID    %usr %system  %guest   %wait    %CPU   CPU  Command
06:40:01        0    115575    6.00    1.00    0.00    0.00    7.00     2  hector_mapping_

06:40:00      UID       PID  minflt/s  majflt/s     VSZ     RSS   %MEM  Command
06:40:01        0    115575      0.00      0.00 1075116  451220   2.89  hector_mapping_

06:40:01      UID       PID    %usr %system  %guest   %wait    %CPU   CPU  Command
06:40:02        0    115575    6.00    0.00    0.00    0.00    6.00    10  hector_mapping_

06:40:01      UID       PID  minflt/s  majflt/s     VSZ     RSS   %MEM  Command
06:40:02        0    115575      0.00      0.00 1075116  451220   2.89  hector_mapping_

06:40:02      UID       PID    %usr %system  %guest   %wait    %CPU   CPU  Command
06:40:03        0    115575    6.00    1.00    0.00    0.00    7.00     0  hector_mapping_

06:40:02      UID       PID  minflt/s  majflt/s     VSZ     RSS   %MEM  Command
06:40:03        0    115575      0.00      0.00 1075116  451220   2.89  hector_mapping_

06:40:03      UID       PID    %usr %system  %guest   %wait    %CPU   CPU  Command
06:40:04        0    115575    6.00    1.00    0.00    0.00    7.00     2  hector_mapping_

06:40:03      UID       PID  minflt/s  majflt/s     VSZ     RSS   %MEM  Command
06:40:04        0    115575      0.00      0.00 1075116  451220   2.89  hector_mapping_

06:40:04      UID       PID    %usr %system  %guest   %wait    %CPU   CPU  Command
06:40:05        0    115575    5.00    1.00    0.00    1.00    6.00     6  hector_mapping_

06:40:04      UID       PID  minflt/s  majflt/s     VSZ     RSS   %MEM  Command
06:40:05        0    115575      0.00      0.00 1075116  451220   2.89  hector_mapping_

06:40:05      UID       PID    %usr %system  %guest   %wait    %CPU   CPU  Command
06:40:06        0    115575    6.00    1.00    0.00    0.00    7.00     6  hector_mapping_

06:40:05      UID       PID  minflt/s  majflt/s     VSZ     RSS   %MEM  Command
06:40:06        0    115575      0.00      0.00 1075116  451220   2.89  hector_mapping_

06:40:06      UID       PID    %usr %system  %guest   %wait    %CPU   CPU  Command
06:40:07        0    115575    6.00    1.00    0.00    0.00    7.00     4  hector_mapping_

06:40:06      UID       PID  minflt/s  majflt/s     VSZ     RSS   %MEM  Command
06:40:07        0    115575      0.00      0.00 1075116  451220   2.89  hector_mapping_

06:40:07      UID       PID    %usr %system  %guest   %wait    %CPU   CPU  Command
06:40:08        0    115575    7.00    0.00    0.00    0.00    7.00     0  hector_mapping_

06:40:07      UID       PID  minflt/s  majflt/s     VSZ     RSS   %MEM  Command
06:40:08        0    115575      0.00      0.00 1075116  451220   2.89  hector_mapping_

06:40:08      UID       PID    %usr %system  %guest   %wait    %CPU   CPU  Command
06:40:09        0    115575    6.00    1.00    0.00    0.00    7.00     4  hector_mapping_

06:40:08      UID       PID  minflt/s  majflt/s     VSZ     RSS   %MEM  Command
06:40:09        0    115575      0.00      0.00 1075116  451220   2.89  hector_mapping_

06:40:09      UID       PID    %usr %system  %guest   %wait    %CPU   CPU  Command
06:40:10        0    115575    6.00    1.00    0.00    0.00    7.00    14  hector_mapping_

06:40:09      UID       PID  minflt/s  majflt/s     VSZ     RSS   %MEM  Command
06:40:10        0    115575      0.00      0.00 1075116  451220   2.89  hector_mapping_

06:40:10      UID       PID    %usr %system  %guest   %wait    %CPU   CPU  Command
06:40:11        0    115575    6.00    0.00    0.00    0.00    6.00     2  hector_mapping_

06:40:10      UID       PID  minflt/s  majflt/s     VSZ     RSS   %MEM  Command
06:40:11        0    115575      0.00      0.00 1075116  451220   2.89  hector_mapping_

06:40:11      UID       PID    %usr %system  %guest   %wait    %CPU   CPU  Command
06:40:12        0    115575    6.00    1.00    0.00    0.00    7.00    14  hector_mapping_

06:40:11      UID       PID  minflt/s  majflt/s     VSZ     RSS   %MEM  Command
06:40:12        0    115575      0.00      0.00 1075116  451220   2.89  hector_mapping_

06:40:12      UID       PID    %usr %system  %guest   %wait    %CPU   CPU  Command
06:40:13        0    115575    6.00    0.00    0.00    0.00    6.00     6  hector_mapping_

06:40:12      UID       PID  minflt/s  majflt/s     VSZ     RSS   %MEM  Command
06:40:13        0    115575      0.00      0.00 1075116  451220   2.89  hector_mapping_

06:40:13      UID       PID    %usr %system  %guest   %wait    %CPU   CPU  Command
06:40:14        0    115575    6.00    2.00    0.00    0.00    8.00     4  hector_mapping_

06:40:13      UID       PID  minflt/s  majflt/s     VSZ     RSS   %MEM  Command
06:40:14        0    115575      0.00      0.00 1075116  451220   2.89  hector_mapping_

06:40:14      UID       PID    %usr %system  %guest   %wait    %CPU   CPU  Command
06:40:15        0    115575    5.00    1.00    0.00    0.00    6.00     6  hector_mapping_

06:40:14      UID       PID  minflt/s  majflt/s     VSZ     RSS   %MEM  Command
06:40:15        0    115575      0.00      0.00 1075116  451220   2.89  hector_mapping_

06:40:15      UID       PID    %usr %system  %guest   %wait    %CPU   CPU  Command
06:40:16        0    115575    7.00    0.00    0.00    0.00    7.00    12  hector_mapping_

06:40:15      UID       PID  minflt/s  majflt/s     VSZ     RSS   %MEM  Command
06:40:16        0    115575      0.00      0.00 1075116  451220   2.89  hector_mapping_

06:40:16      UID       PID    %usr %system  %guest   %wait    %CPU   CPU  Command
06:40:17        0    115575    6.00    0.00    0.00    0.00    6.00     6  hector_mapping_

06:40:16      UID       PID  minflt/s  majflt/s     VSZ     RSS   %MEM  Command
06:40:17        0    115575      0.00      0.00 1075116  451220   2.89  hector_mapping_

06:40:17      UID       PID    %usr %system  %guest   %wait    %CPU   CPU  Command
06:40:18        0    115575    6.00    1.00    0.00    0.00    7.00     6  hector_mapping_

06:40:17      UID       PID  minflt/s  majflt/s     VSZ     RSS   %MEM  Command
06:40:18        0    115575      0.00      0.00 1075116  451220   2.89  hector_mapping_

06:40:18      UID       PID    %usr %system  %guest   %wait    %CPU   CPU  Command
06:40:19        0    115575    7.00    0.00    0.00    0.00    7.00     2  hector_mapping_

06:40:18      UID       PID  minflt/s  majflt/s     VSZ     RSS   %MEM  Command
06:40:19        0    115575      0.00      0.00 1075116  451220   2.89  hector_mapping_

06:40:19      UID       PID    %usr %system  %guest   %wait    %CPU   CPU  Command
06:40:20        0    115575    6.00    1.00    0.00    0.00    7.00     8  hector_mapping_

06:40:19      UID       PID  minflt/s  majflt/s     VSZ     RSS   %MEM  Command
06:40:20        0    115575      0.00      0.00 1075116  451220   2.89  hector_mapping_

06:40:20      UID       PID    %usr %system  %guest   %wait    %CPU   CPU  Command
06:40:21        0    115575    6.00    0.00    0.00    0.00    6.00     4  hector_mapping_

06:40:20      UID       PID  minflt/s  majflt/s     VSZ     RSS   %MEM  Command
06:40:21        0    115575      0.00      0.00 1075116  451220   2.89  hector_mapping_

06:40:21      UID       PID    %usr %system  %guest   %wait    %CPU   CPU  Command
06:40:22        0    115575    7.00    1.00    0.00    0.00    8.00     2  hector_mapping_

06:40:21      UID       PID  minflt/s  majflt/s     VSZ     RSS   %MEM  Command
06:40:22        0    115575      0.00      0.00 1075116  451220   2.89  hector_mapping_

06:40:22      UID       PID    %usr %system  %guest   %wait    %CPU   CPU  Command
06:40:23        0    115575    6.00    0.00    0.00    0.00    6.00    14  hector_mapping_

06:40:22      UID       PID  minflt/s  majflt/s     VSZ     RSS   %MEM  Command
06:40:23        0    115575      0.00      0.00 1075116  451220   2.89  hector_mapping_

06:40:23      UID       PID    %usr %system  %guest   %wait    %CPU   CPU  Command
06:40:24        0    115575    7.00    1.00    0.00    0.00    8.00     4  hector_mapping_

06:40:23      UID       PID  minflt/s  majflt/s     VSZ     RSS   %MEM  Command
06:40:24        0    115575      0.00      0.00 1075116  451220   2.89  hector_mapping_

06:40:24      UID       PID    %usr %system  %guest   %wait    %CPU   CPU  Command
06:40:25        0    115575    6.00    0.00    0.00    0.00    6.00     2  hector_mapping_

06:40:24      UID       PID  minflt/s  majflt/s     VSZ     RSS   %MEM  Command
06:40:25        0    115575      0.00      0.00 1075116  451220   2.89  hector_mapping_

06:40:25      UID       PID    %usr %system  %guest   %wait    %CPU   CPU  Command
06:40:26        0    115575    7.00    1.00    0.00    0.00    8.00     4  hector_mapping_

06:40:25      UID       PID  minflt/s  majflt/s     VSZ     RSS   %MEM  Command
06:40:26        0    115575      0.00      0.00 1075116  451220   2.89  hector_mapping_

06:40:26      UID       PID    %usr %system  %guest   %wait    %CPU   CPU  Command
06:40:27        0    115575    6.00    1.00    0.00    0.00    7.00    12  hector_mapping_

06:40:26      UID       PID  minflt/s  majflt/s     VSZ     RSS   %MEM  Command
06:40:27        0    115575      0.00      0.00 1075116  451220   2.89  hector_mapping_

06:40:27      UID       PID    %usr %system  %guest   %wait    %CPU   CPU  Command
06:40:28        0    115575    6.00    0.00    0.00    0.00    6.00     8  hector_mapping_

06:40:27      UID       PID  minflt/s  majflt/s     VSZ     RSS   %MEM  Command
06:40:28        0    115575      0.00      0.00 1075116  451220   2.89  hector_mapping_

06:40:28      UID       PID    %usr %system  %guest   %wait    %CPU   CPU  Command
06:40:29        0    115575    6.00    1.00    0.00    0.00    7.00     6  hector_mapping_

06:40:28      UID       PID  minflt/s  majflt/s     VSZ     RSS   %MEM  Command
06:40:29        0    115575      0.00      0.00 1075116  451220   2.89  hector_mapping_

06:40:29      UID       PID    %usr %system  %guest   %wait    %CPU   CPU  Command
06:40:30        0    115575    7.00    1.00    0.00    0.00    8.00     2  hector_mapping_

06:40:29      UID       PID  minflt/s  majflt/s     VSZ     RSS   %MEM  Command
06:40:30        0    115575      0.00      0.00 1075116  451220   2.89  hector_mapping_

06:40:30      UID       PID    %usr %system  %guest   %wait    %CPU   CPU  Command
06:40:31        0    115575    6.00    0.00    0.00    0.00    6.00     2  hector_mapping_

06:40:30      UID       PID  minflt/s  majflt/s     VSZ     RSS   %MEM  Command
06:40:31        0    115575      0.00      0.00 1075116  451220   2.89  hector_mapping_

06:40:31      UID       PID    %usr %system  %guest   %wait    %CPU   CPU  Command
06:40:32        0    115575    7.00    1.00    0.00    0.00    8.00     6  hector_mapping_

06:40:31      UID       PID  minflt/s  majflt/s     VSZ     RSS   %MEM  Command
06:40:32        0    115575      0.00      0.00 1075116  451220   2.89  hector_mapping_

06:40:32      UID       PID    %usr %system  %guest   %wait    %CPU   CPU  Command
06:40:33        0    115575    6.00    0.00    0.00    0.00    6.00    12  hector_mapping_

06:40:32      UID       PID  minflt/s  majflt/s     VSZ     RSS   %MEM  Command
06:40:33        0    115575      0.00      0.00 1075116  451220   2.89  hector_mapping_

06:40:33      UID       PID    %usr %system  %guest   %wait    %CPU   CPU  Command
06:40:34        0    115575    7.00    1.00    0.00    0.00    8.00     8  hector_mapping_

06:40:33      UID       PID  minflt/s  majflt/s     VSZ     RSS   %MEM  Command
06:40:34        0    115575      0.00      0.00 1075116  451220   2.89  hector_mapping_

06:40:34      UID       PID    %usr %system  %guest   %wait    %CPU   CPU  Command
06:40:35        0    115575    6.00    0.00    0.00    0.00    6.00     6  hector_mapping_

06:40:34      UID       PID  minflt/s  majflt/s     VSZ     RSS   %MEM  Command
06:40:35        0    115575      0.00      0.00 1075116  451220   2.89  hector_mapping_

06:40:35      UID       PID    %usr %system  %guest   %wait    %CPU   CPU  Command
06:40:36        0    115575    6.00    1.00    0.00    0.00    7.00    12  hector_mapping_

06:40:35      UID       PID  minflt/s  majflt/s     VSZ     RSS   %MEM  Command
06:40:36        0    115575      0.00      0.00 1075116  451220   2.89  hector_mapping_

06:40:36      UID       PID    %usr %system  %guest   %wait    %CPU   CPU  Command
06:40:37        0    115575    7.00    0.00    0.00    0.00    7.00     0  hector_mapping_

06:40:36      UID       PID  minflt/s  majflt/s     VSZ     RSS   %MEM  Command
06:40:37        0    115575      0.00      0.00 1075116  451220   2.89  hector_mapping_

06:40:37      UID       PID    %usr %system  %guest   %wait    %CPU   CPU  Command
06:40:38        0    115575    7.00    1.00    0.00    0.00    8.00     4  hector_mapping_

06:40:37      UID       PID  minflt/s  majflt/s     VSZ     RSS   %MEM  Command
06:40:38        0    115575      0.00      0.00 1075116  451220   2.89  hector_mapping_

06:40:38      UID       PID    %usr %system  %guest   %wait    %CPU   CPU  Command
06:40:39        0    115575    6.00    1.00    0.00    0.00    7.00     6  hector_mapping_

06:40:38      UID       PID  minflt/s  majflt/s     VSZ     RSS   %MEM  Command
06:40:39        0    115575      0.00      0.00 1075116  451220   2.89  hector_mapping_

06:40:39      UID       PID    %usr %system  %guest   %wait    %CPU   CPU  Command
06:40:40        0    115575    7.00    0.00    0.00    0.00    7.00     6  hector_mapping_

06:40:39      UID       PID  minflt/s  majflt/s     VSZ     RSS   %MEM  Command
06:40:40        0    115575      0.00      0.00 1075116  451220   2.89  hector_mapping_

06:40:40      UID       PID    %usr %system  %guest   %wait    %CPU   CPU  Command
06:40:41        0    115575    6.00    0.00    0.00    0.00    6.00     7  hector_mapping_

06:40:40      UID       PID  minflt/s  majflt/s     VSZ     RSS   %MEM  Command
06:40:41        0    115575      0.00      0.00 1075116  451220   2.89  hector_mapping_

06:40:41      UID       PID    %usr %system  %guest   %wait    %CPU   CPU  Command
06:40:42        0    115575    7.00    1.00    0.00    0.00    8.00     6  hector_mapping_

06:40:41      UID       PID  minflt/s  majflt/s     VSZ     RSS   %MEM  Command
06:40:42        0    115575      0.00      0.00 1075116  451220   2.89  hector_mapping_

06:40:42      UID       PID    %usr %system  %guest   %wait    %CPU   CPU  Command
06:40:43        0    115575    6.00    0.00    0.00    0.00    6.00     4  hector_mapping_

06:40:42      UID       PID  minflt/s  majflt/s     VSZ     RSS   %MEM  Command
06:40:43        0    115575      0.00      0.00 1075116  451220   2.89  hector_mapping_

06:40:43      UID       PID    %usr %system  %guest   %wait    %CPU   CPU  Command
06:40:44        0    115575    6.00    1.00    0.00    0.00    7.00     0  hector_mapping_

06:40:43      UID       PID  minflt/s  majflt/s     VSZ     RSS   %MEM  Command
06:40:44        0    115575      0.00      0.00 1075116  451220   2.89  hector_mapping_

06:40:44      UID       PID    %usr %system  %guest   %wait    %CPU   CPU  Command
06:40:45        0    115575    7.00    0.00    0.00    0.00    7.00     6  hector_mapping_

06:40:44      UID       PID  minflt/s  majflt/s     VSZ     RSS   %MEM  Command
06:40:45        0    115575      0.00      0.00 1075116  451220   2.89  hector_mapping_

06:40:45      UID       PID    %usr %system  %guest   %wait    %CPU   CPU  Command
06:40:46        0    115575    7.00    1.00    0.00    0.00    8.00     2  hector_mapping_

06:40:45      UID       PID  minflt/s  majflt/s     VSZ     RSS   %MEM  Command
06:40:46        0    115575      0.00      0.00 1075116  451220   2.89  hector_mapping_

06:40:46      UID       PID    %usr %system  %guest   %wait    %CPU   CPU  Command
06:40:47        0    115575    6.00    1.00    0.00    0.00    7.00     3  hector_mapping_

06:40:46      UID       PID  minflt/s  majflt/s     VSZ     RSS   %MEM  Command
06:40:47        0    115575      0.00      0.00 1075116  451220   2.89  hector_mapping_

06:40:47      UID       PID    %usr %system  %guest   %wait    %CPU   CPU  Command
06:40:48        0    115575    7.00    0.00    0.00    0.00    7.00     3  hector_mapping_

06:40:47      UID       PID  minflt/s  majflt/s     VSZ     RSS   %MEM  Command
06:40:48        0    115575      0.00      0.00 1075116  451220   2.89  hector_mapping_

06:40:48      UID       PID    %usr %system  %guest   %wait    %CPU   CPU  Command
06:40:49        0    115575    6.00    0.00    0.00    0.00    6.00     2  hector_mapping_

06:40:48      UID       PID  minflt/s  majflt/s     VSZ     RSS   %MEM  Command
06:40:49        0    115575      0.00      0.00 1075116  451220   2.89  hector_mapping_

06:40:49      UID       PID    %usr %system  %guest   %wait    %CPU   CPU  Command
06:40:50        0    115575    7.00    1.00    0.00    0.00    8.00    14  hector_mapping_

06:40:49      UID       PID  minflt/s  majflt/s     VSZ     RSS   %MEM  Command
06:40:50        0    115575      0.00      0.00 1075116  451220   2.89  hector_mapping_

06:40:50      UID       PID    %usr %system  %guest   %wait    %CPU   CPU  Command
06:40:51        0    115575    6.00    0.00    0.00    0.00    6.00     2  hector_mapping_

06:40:50      UID       PID  minflt/s  majflt/s     VSZ     RSS   %MEM  Command
06:40:51        0    115575      0.00      0.00 1075116  451220   2.89  hector_mapping_

06:40:51      UID       PID    %usr %system  %guest   %wait    %CPU   CPU  Command
06:40:52        0    115575    7.00    1.00    0.00    0.00    8.00     0  hector_mapping_

06:40:51      UID       PID  minflt/s  majflt/s     VSZ     RSS   %MEM  Command
06:40:52        0    115575      0.00      0.00 1075116  451220   2.89  hector_mapping_

06:40:52      UID       PID    %usr %system  %guest   %wait    %CPU   CPU  Command
06:40:53        0    115575    7.00    0.00    0.00    0.00    7.00     6  hector_mapping_

06:40:52      UID       PID  minflt/s  majflt/s     VSZ     RSS   %MEM  Command
06:40:53        0    115575      0.00      0.00 1075116  451220   2.89  hector_mapping_

06:40:53      UID       PID    %usr %system  %guest   %wait    %CPU   CPU  Command
06:40:54        0    115575    6.00    1.00    0.00    0.00    7.00     8  hector_mapping_

06:40:53      UID       PID  minflt/s  majflt/s     VSZ     RSS   %MEM  Command
06:40:54        0    115575      0.00      0.00 1075116  451220   2.89  hector_mapping_

06:40:54      UID       PID    %usr %system  %guest   %wait    %CPU   CPU  Command
06:40:55        0    115575    7.00    0.00    0.00    0.00    7.00     6  hector_mapping_

06:40:54      UID       PID  minflt/s  majflt/s     VSZ     RSS   %MEM  Command
06:40:55        0    115575      0.00      0.00 1075116  451220   2.89  hector_mapping_

06:40:55      UID       PID    %usr %system  %guest   %wait    %CPU   CPU  Command
06:40:56        0    115575    6.00    1.00    0.00    0.00    7.00     2  hector_mapping_

06:40:55      UID       PID  minflt/s  majflt/s     VSZ     RSS   %MEM  Command
06:40:56        0    115575      0.00      0.00 1075116  451220   2.89  hector_mapping_

06:40:56      UID       PID    %usr %system  %guest   %wait    %CPU   CPU  Command
06:40:57        0    115575    7.00    0.00    0.00    0.00    7.00     6  hector_mapping_

06:40:56      UID       PID  minflt/s  majflt/s     VSZ     RSS   %MEM  Command
06:40:57        0    115575      0.00      0.00 1075116  451220   2.89  hector_mapping_

06:40:57      UID       PID    %usr %system  %guest   %wait    %CPU   CPU  Command
06:40:58        0    115575    6.00    1.00    0.00    0.00    7.00     4  hector_mapping_

06:40:57      UID       PID  minflt/s  majflt/s     VSZ     RSS   %MEM  Command
06:40:58        0    115575      0.00      0.00 1075116  451220   2.89  hector_mapping_

06:40:58      UID       PID    %usr %system  %guest   %wait    %CPU   CPU  Command
06:40:59        0    115575    6.00    1.00    0.00    0.00    7.00     6  hector_mapping_

06:40:58      UID       PID  minflt/s  majflt/s     VSZ     RSS   %MEM  Command
06:40:59        0    115575      0.00      0.00 1075116  451220   2.89  hector_mapping_

06:40:59      UID       PID    %usr %system  %guest   %wait    %CPU   CPU  Command
06:41:00        0    115575    6.00    1.00    0.00    0.00    7.00    12  hector_mapping_

06:40:59      UID       PID  minflt/s  majflt/s     VSZ     RSS   %MEM  Command
06:41:00        0    115575      0.00      0.00 1075116  451220   2.89  hector_mapping_

06:41:00      UID       PID    %usr %system  %guest   %wait    %CPU   CPU  Command
06:41:01        0    115575    6.00    0.00    0.00    0.00    6.00     8  hector_mapping_

06:41:00      UID       PID  minflt/s  majflt/s     VSZ     RSS   %MEM  Command
06:41:01        0    115575      0.00      0.00 1075116  451220   2.89  hector_mapping_

06:41:01      UID       PID    %usr %system  %guest   %wait    %CPU   CPU  Command
06:41:02        0    115575    6.00    1.00    0.00    0.00    7.00     0  hector_mapping_

06:41:01      UID       PID  minflt/s  majflt/s     VSZ     RSS   %MEM  Command
06:41:02        0    115575      0.00      0.00 1075116  451220   2.89  hector_mapping_

06:41:02      UID       PID    %usr %system  %guest   %wait    %CPU   CPU  Command
06:41:03        0    115575    7.00    0.00    0.00    0.00    7.00     0  hector_mapping_

06:41:02      UID       PID  minflt/s  majflt/s     VSZ     RSS   %MEM  Command
06:41:03        0    115575      0.00      0.00 1075116  451220   2.89  hector_mapping_

06:41:03      UID       PID    %usr %system  %guest   %wait    %CPU   CPU  Command
06:41:04        0    115575    6.00    1.00    0.00    0.00    7.00     1  hector_mapping_

06:41:03      UID       PID  minflt/s  majflt/s     VSZ     RSS   %MEM  Command
06:41:04        0    115575      0.00      0.00 1075116  451220   2.89  hector_mapping_

06:41:04      UID       PID    %usr %system  %guest   %wait    %CPU   CPU  Command
06:41:05        0    115575    6.00    0.00    0.00    0.00    6.00     1  hector_mapping_

06:41:04      UID       PID  minflt/s  majflt/s     VSZ     RSS   %MEM  Command
06:41:05        0    115575      0.00      0.00 1075116  451220   2.89  hector_mapping_

06:41:05      UID       PID    %usr %system  %guest   %wait    %CPU   CPU  Command
06:41:06        0    115575    6.00    1.00    0.00    0.00    7.00     6  hector_mapping_

06:41:05      UID       PID  minflt/s  majflt/s     VSZ     RSS   %MEM  Command
06:41:06        0    115575      0.00      0.00 1075116  451220   2.89  hector_mapping_

06:41:06      UID       PID    %usr %system  %guest   %wait    %CPU   CPU  Command
06:41:07        0    115575    6.00    1.00    0.00    0.00    7.00     2  hector_mapping_

06:41:06      UID       PID  minflt/s  majflt/s     VSZ     RSS   %MEM  Command
06:41:07        0    115575      0.00      0.00 1075116  451220   2.89  hector_mapping_

06:41:07      UID       PID    %usr %system  %guest   %wait    %CPU   CPU  Command
06:41:08        0    115575    6.00    1.00    0.00    0.00    7.00     4  hector_mapping_

06:41:07      UID       PID  minflt/s  majflt/s     VSZ     RSS   %MEM  Command
06:41:08        0    115575      0.00      0.00 1075116  451220   2.89  hector_mapping_

06:41:08      UID       PID    %usr %system  %guest   %wait    %CPU   CPU  Command
06:41:09        0    115575    6.00    0.00    0.00    0.00    6.00     0  hector_mapping_

06:41:08      UID       PID  minflt/s  majflt/s     VSZ     RSS   %MEM  Command
06:41:09        0    115575      0.00      0.00 1075116  451220   2.89  hector_mapping_

06:41:09      UID       PID    %usr %system  %guest   %wait    %CPU   CPU  Command
06:41:10        0    115575    7.00    0.00    0.00    0.00    7.00     0  hector_mapping_

06:41:09      UID       PID  minflt/s  majflt/s     VSZ     RSS   %MEM  Command
06:41:10        0    115575      0.00      0.00 1075116  451220   2.89  hector_mapping_

06:41:10      UID       PID    %usr %system  %guest   %wait    %CPU   CPU  Command
06:41:11        0    115575    5.00    1.00    0.00    0.00    6.00     0  hector_mapping_

06:41:10      UID       PID  minflt/s  majflt/s     VSZ     RSS   %MEM  Command
06:41:11        0    115575      0.00      0.00 1075116  451220   2.89  hector_mapping_

06:41:11      UID       PID    %usr %system  %guest   %wait    %CPU   CPU  Command
06:41:12        0    115575    7.00    0.00    0.00    0.00    7.00     0  hector_mapping_

06:41:11      UID       PID  minflt/s  majflt/s     VSZ     RSS   %MEM  Command
06:41:12        0    115575      0.00      0.00 1075116  451220   2.89  hector_mapping_

06:41:12      UID       PID    %usr %system  %guest   %wait    %CPU   CPU  Command
06:41:13        0    115575    6.00    1.00    0.00    0.00    7.00     4  hector_mapping_

06:41:12      UID       PID  minflt/s  majflt/s     VSZ     RSS   %MEM  Command
06:41:13        0    115575      0.00      0.00 1075116  451220   2.89  hector_mapping_

06:41:13      UID       PID    %usr %system  %guest   %wait    %CPU   CPU  Command
06:41:14        0    115575    6.00    1.00    0.00    0.00    7.00     3  hector_mapping_

06:41:13      UID       PID  minflt/s  majflt/s     VSZ     RSS   %MEM  Command
06:41:14        0    115575      0.00      0.00 1075116  451220   2.89  hector_mapping_

06:41:14      UID       PID    %usr %system  %guest   %wait    %CPU   CPU  Command
06:41:15        0    115575    6.00    0.00    0.00    0.00    6.00     3  hector_mapping_

06:41:14      UID       PID  minflt/s  majflt/s     VSZ     RSS   %MEM  Command
06:41:15        0    115575      0.00      0.00 1075116  451220   2.89  hector_mapping_

06:41:15      UID       PID    %usr %system  %guest   %wait    %CPU   CPU  Command
06:41:16        0    115575    6.00    1.00    0.00    0.00    7.00     3  hector_mapping_

06:41:15      UID       PID  minflt/s  majflt/s     VSZ     RSS   %MEM  Command
06:41:16        0    115575      0.00      0.00 1075116  451220   2.89  hector_mapping_

06:41:16      UID       PID    %usr %system  %guest   %wait    %CPU   CPU  Command
06:41:17        0    115575    6.00    0.00    0.00    0.00    6.00     3  hector_mapping_

06:41:16      UID       PID  minflt/s  majflt/s     VSZ     RSS   %MEM  Command
06:41:17        0    115575      0.00      0.00 1075116  451220   2.89  hector_mapping_

06:41:17      UID       PID    %usr %system  %guest   %wait    %CPU   CPU  Command
06:41:18        0    115575    6.00    1.00    0.00    0.00    7.00    12  hector_mapping_

06:41:17      UID       PID  minflt/s  majflt/s     VSZ     RSS   %MEM  Command
06:41:18        0    115575      0.00      0.00 1075116  451220   2.89  hector_mapping_

06:41:18      UID       PID    %usr %system  %guest   %wait    %CPU   CPU  Command
06:41:19        0    115575    5.00    0.00    0.00    0.00    5.00     3  hector_mapping_

06:41:18      UID       PID  minflt/s  majflt/s     VSZ     RSS   %MEM  Command
06:41:19        0    115575      0.00      0.00 1075116  451220   2.89  hector_mapping_

06:41:19      UID       PID    %usr %system  %guest   %wait    %CPU   CPU  Command
06:41:20        0    115575    6.00    0.00    0.00    0.00    6.00     2  hector_mapping_

06:41:19      UID       PID  minflt/s  majflt/s     VSZ     RSS   %MEM  Command
06:41:20        0    115575      0.00      0.00 1075116  451220   2.89  hector_mapping_

06:41:20      UID       PID    %usr %system  %guest   %wait    %CPU   CPU  Command
06:41:21        0    115575    5.00    0.00    0.00    0.00    5.00     2  hector_mapping_

06:41:20      UID       PID  minflt/s  majflt/s     VSZ     RSS   %MEM  Command
06:41:21        0    115575      0.00      0.00 1075116  451220   2.89  hector_mapping_

06:41:21      UID       PID    %usr %system  %guest   %wait    %CPU   CPU  Command
06:41:22        0    115575    5.00    1.00    0.00    0.00    6.00     0  hector_mapping_

06:41:21      UID       PID  minflt/s  majflt/s     VSZ     RSS   %MEM  Command
06:41:22        0    115575      0.00      0.00 1075116  451220   2.89  hector_mapping_

06:41:22      UID       PID    %usr %system  %guest   %wait    %CPU   CPU  Command
06:41:23        0    115575    5.00    0.00    0.00    0.00    5.00     2  hector_mapping_

06:41:22      UID       PID  minflt/s  majflt/s     VSZ     RSS   %MEM  Command
06:41:23        0    115575      0.00      0.00 1075116  451220   2.89  hector_mapping_

06:41:23      UID       PID    %usr %system  %guest   %wait    %CPU   CPU  Command
06:41:24        0    115575    6.00    0.00    0.00    0.00    6.00     2  hector_mapping_

06:41:23      UID       PID  minflt/s  majflt/s     VSZ     RSS   %MEM  Command
06:41:24        0    115575      0.00      0.00 1075116  451220   2.89  hector_mapping_

06:41:24      UID       PID    %usr %system  %guest   %wait    %CPU   CPU  Command
06:41:25        0    115575    5.00    0.00    0.00    0.00    5.00     4  hector_mapping_

06:41:24      UID       PID  minflt/s  majflt/s     VSZ     RSS   %MEM  Command
06:41:25        0    115575      0.00      0.00 1075116  451220   2.89  hector_mapping_

06:41:25      UID       PID    %usr %system  %guest   %wait    %CPU   CPU  Command
06:41:26        0    115575    5.00    0.00    0.00    0.00    5.00     2  hector_mapping_

06:41:25      UID       PID  minflt/s  majflt/s     VSZ     RSS   %MEM  Command
06:41:26        0    115575      0.00      0.00 1075116  451220   2.89  hector_mapping_

06:41:26      UID       PID    %usr %system  %guest   %wait    %CPU   CPU  Command
06:41:27        0    115575    5.00    1.00    0.00    0.00    6.00     0  hector_mapping_

06:41:26      UID       PID  minflt/s  majflt/s     VSZ     RSS   %MEM  Command
06:41:27        0    115575      0.00      0.00 1075116  451220   2.89  hector_mapping_

06:41:27      UID       PID    %usr %system  %guest   %wait    %CPU   CPU  Command
06:41:28        0    115575    5.00    0.00    0.00    0.00    5.00     6  hector_mapping_

06:41:27      UID       PID  minflt/s  majflt/s     VSZ     RSS   %MEM  Command
06:41:28        0    115575      0.00      0.00 1075116  451220   2.89  hector_mapping_

06:41:28      UID       PID    %usr %system  %guest   %wait    %CPU   CPU  Command
06:41:29        0    115575    5.00    1.00    0.00    0.00    6.00    15  hector_mapping_

06:41:28      UID       PID  minflt/s  majflt/s     VSZ     RSS   %MEM  Command
06:41:29        0    115575      0.00      0.00 1075116  451220   2.89  hector_mapping_

06:41:29      UID       PID    %usr %system  %guest   %wait    %CPU   CPU  Command
06:41:30        0    115575    5.00    0.00    0.00    0.00    5.00     6  hector_mapping_

06:41:29      UID       PID  minflt/s  majflt/s     VSZ     RSS   %MEM  Command
06:41:30        0    115575      0.00      0.00 1075116  451220   2.89  hector_mapping_

06:41:30      UID       PID    %usr %system  %guest   %wait    %CPU   CPU  Command
06:41:31        0    115575    5.00    1.00    0.00    0.00    6.00     2  hector_mapping_

06:41:30      UID       PID  minflt/s  majflt/s     VSZ     RSS   %MEM  Command
06:41:31        0    115575      0.00      0.00 1075116  451220   2.89  hector_mapping_

06:41:31      UID       PID    %usr %system  %guest   %wait    %CPU   CPU  Command
06:41:32        0    115575    5.00    0.00    0.00    0.00    5.00     6  hector_mapping_

06:41:31      UID       PID  minflt/s  majflt/s     VSZ     RSS   %MEM  Command
06:41:32        0    115575      0.00      0.00 1075116  451220   2.89  hector_mapping_

06:41:32      UID       PID    %usr %system  %guest   %wait    %CPU   CPU  Command
06:41:33        0    115575    5.00    1.00    0.00    0.00    6.00     6  hector_mapping_

06:41:32      UID       PID  minflt/s  majflt/s     VSZ     RSS   %MEM  Command
06:41:33        0    115575      0.00      0.00 1075116  451220   2.89  hector_mapping_

06:41:33      UID       PID    %usr %system  %guest   %wait    %CPU   CPU  Command
06:41:34        0    115575    5.00    0.00    0.00    0.00    5.00     2  hector_mapping_

06:41:33      UID       PID  minflt/s  majflt/s     VSZ     RSS   %MEM  Command
06:41:34        0    115575      0.00      0.00 1075116  451220   2.89  hector_mapping_

06:41:34      UID       PID    %usr %system  %guest   %wait    %CPU   CPU  Command
06:41:35        0    115575    5.00    0.00    0.00    0.00    5.00     6  hector_mapping_

06:41:34      UID       PID  minflt/s  majflt/s     VSZ     RSS   %MEM  Command
06:41:35        0    115575      0.00      0.00 1075116  451220   2.89  hector_mapping_

06:41:35      UID       PID    %usr %system  %guest   %wait    %CPU   CPU  Command
06:41:36        0    115575    5.94    0.99    0.00    0.00    6.93     6  hector_mapping_

06:41:35      UID       PID  minflt/s  majflt/s     VSZ     RSS   %MEM  Command
06:41:36        0    115575      0.00      0.00 1075116  451220   2.89  hector_mapping_

06:41:36      UID       PID    %usr %system  %guest   %wait    %CPU   CPU  Command
06:41:37        0    115575    6.00    1.00    0.00    0.00    7.00     4  hector_mapping_

06:41:36      UID       PID  minflt/s  majflt/s     VSZ     RSS   %MEM  Command
06:41:37        0    115575      0.00      0.00 1075116  451220   2.89  hector_mapping_

06:41:37      UID       PID    %usr %system  %guest   %wait    %CPU   CPU  Command
06:41:38        0    115575    6.00    0.00    0.00    0.00    6.00     6  hector_mapping_

06:41:37      UID       PID  minflt/s  majflt/s     VSZ     RSS   %MEM  Command
06:41:38        0    115575      0.00      0.00 1075116  451220   2.89  hector_mapping_

06:41:38      UID       PID    %usr %system  %guest   %wait    %CPU   CPU  Command
06:41:39        0    115575    6.00    1.00    0.00    0.00    7.00     8  hector_mapping_

06:41:38      UID       PID  minflt/s  majflt/s     VSZ     RSS   %MEM  Command
06:41:39        0    115575      0.00      0.00 1075116  451220   2.89  hector_mapping_

06:41:39      UID       PID    %usr %system  %guest   %wait    %CPU   CPU  Command
06:41:40        0    115575    6.00    0.00    0.00    0.00    6.00     2  hector_mapping_

06:41:39      UID       PID  minflt/s  majflt/s     VSZ     RSS   %MEM  Command
06:41:40        0    115575      0.00      0.00 1075116  451220   2.89  hector_mapping_

06:41:40      UID       PID    %usr %system  %guest   %wait    %CPU   CPU  Command
06:41:41        0    115575    7.00    1.00    0.00    0.00    8.00     2  hector_mapping_

06:41:40      UID       PID  minflt/s  majflt/s     VSZ     RSS   %MEM  Command
06:41:41        0    115575      0.00      0.00 1075116  451220   2.89  hector_mapping_

06:41:41      UID       PID    %usr %system  %guest   %wait    %CPU   CPU  Command
06:41:42        0    115575    7.00    0.00    0.00    0.00    7.00     6  hector_mapping_

06:41:41      UID       PID  minflt/s  majflt/s     VSZ     RSS   %MEM  Command
06:41:42        0    115575      0.00      0.00 1075116  451220   2.89  hector_mapping_

06:41:42      UID       PID    %usr %system  %guest   %wait    %CPU   CPU  Command
06:41:43        0    115575    7.00    0.00    0.00    0.00    7.00     6  hector_mapping_

06:41:42      UID       PID  minflt/s  majflt/s     VSZ     RSS   %MEM  Command
06:41:43        0    115575      0.00      0.00 1075116  451220   2.89  hector_mapping_

06:41:43      UID       PID    %usr %system  %guest   %wait    %CPU   CPU  Command
06:41:44        0    115575    6.00    1.00    0.00    0.00    7.00     6  hector_mapping_

06:41:43      UID       PID  minflt/s  majflt/s     VSZ     RSS   %MEM  Command
06:41:44        0    115575      0.00      0.00 1075116  451220   2.89  hector_mapping_

06:41:44      UID       PID    %usr %system  %guest   %wait    %CPU   CPU  Command
06:41:45        0    115575    6.00    1.00    0.00    0.00    7.00     2  hector_mapping_

06:41:44      UID       PID  minflt/s  majflt/s     VSZ     RSS   %MEM  Command
06:41:45        0    115575      0.00      0.00 1075116  451220   2.89  hector_mapping_

06:41:45      UID       PID    %usr %system  %guest   %wait    %CPU   CPU  Command
06:41:46        0    115575    7.00    0.00    0.00    0.00    7.00     2  hector_mapping_

06:41:45      UID       PID  minflt/s  majflt/s     VSZ     RSS   %MEM  Command
06:41:46        0    115575      0.00      0.00 1075116  451220   2.89  hector_mapping_

06:41:46      UID       PID    %usr %system  %guest   %wait    %CPU   CPU  Command
06:41:47        0    115575    7.00    1.00    0.00    0.00    8.00     8  hector_mapping_

06:41:46      UID       PID  minflt/s  majflt/s     VSZ     RSS   %MEM  Command
06:41:47        0    115575      0.00      0.00 1075116  451220   2.89  hector_mapping_

06:41:47      UID       PID    %usr %system  %guest   %wait    %CPU   CPU  Command
06:41:48        0    115575    7.00    0.00    0.00    0.00    7.00     6  hector_mapping_

06:41:47      UID       PID  minflt/s  majflt/s     VSZ     RSS   %MEM  Command
06:41:48        0    115575      0.00      0.00 1075116  451220   2.89  hector_mapping_

06:41:48      UID       PID    %usr %system  %guest   %wait    %CPU   CPU  Command
06:41:49        0    115575    7.00    0.00    0.00    0.00    7.00     2  hector_mapping_

06:41:48      UID       PID  minflt/s  majflt/s     VSZ     RSS   %MEM  Command
06:41:49        0    115575      0.00      0.00 1075116  451220   2.89  hector_mapping_

06:41:49      UID       PID    %usr %system  %guest   %wait    %CPU   CPU  Command
06:41:50        0    115575    7.00    1.00    0.00    0.00    8.00     2  hector_mapping_

06:41:49      UID       PID  minflt/s  majflt/s     VSZ     RSS   %MEM  Command
06:41:50        0    115575      0.00      0.00 1075116  451220   2.89  hector_mapping_

06:41:50      UID       PID    %usr %system  %guest   %wait    %CPU   CPU  Command
06:41:51        0    115575    6.00    0.00    0.00    0.00    6.00     8  hector_mapping_

06:41:50      UID       PID  minflt/s  majflt/s     VSZ     RSS   %MEM  Command
06:41:51        0    115575      0.00      0.00 1075116  451220   2.89  hector_mapping_

06:41:51      UID       PID    %usr %system  %guest   %wait    %CPU   CPU  Command
06:41:52        0    115575    7.00    1.00    0.00    0.00    8.00     4  hector_mapping_

06:41:51      UID       PID  minflt/s  majflt/s     VSZ     RSS   %MEM  Command
06:41:52        0    115575      0.00      0.00 1075116  451220   2.89  hector_mapping_

06:41:52      UID       PID    %usr %system  %guest   %wait    %CPU   CPU  Command
06:41:53        0    115575    7.00    0.00    0.00    0.00    7.00     6  hector_mapping_

06:41:52      UID       PID  minflt/s  majflt/s     VSZ     RSS   %MEM  Command
06:41:53        0    115575      0.00      0.00 1075116  451220   2.89  hector_mapping_

06:41:53      UID       PID    %usr %system  %guest   %wait    %CPU   CPU  Command
06:41:54        0    115575    6.00    1.00    0.00    0.00    7.00    10  hector_mapping_

06:41:53      UID       PID  minflt/s  majflt/s     VSZ     RSS   %MEM  Command
06:41:54        0    115575      0.00      0.00 1075116  451220   2.89  hector_mapping_

06:41:54      UID       PID    %usr %system  %guest   %wait    %CPU   CPU  Command
06:41:55        0    115575    6.00    1.00    0.00    0.00    7.00    10  hector_mapping_

06:41:54      UID       PID  minflt/s  majflt/s     VSZ     RSS   %MEM  Command
06:41:55        0    115575      0.00      0.00 1075116  451220   2.89  hector_mapping_

06:41:55      UID       PID    %usr %system  %guest   %wait    %CPU   CPU  Command
06:41:56        0    115575    6.00    0.00    0.00    0.00    6.00     2  hector_mapping_

06:41:55      UID       PID  minflt/s  majflt/s     VSZ     RSS   %MEM  Command
06:41:56        0    115575      0.00      0.00 1075116  451220   2.89  hector_mapping_

06:41:56      UID       PID    %usr %system  %guest   %wait    %CPU   CPU  Command
06:41:57        0    115575    7.00    1.00    0.00    0.00    8.00     6  hector_mapping_

06:41:56      UID       PID  minflt/s  majflt/s     VSZ     RSS   %MEM  Command
06:41:57        0    115575      0.00      0.00 1075116  451220   2.89  hector_mapping_

06:41:57      UID       PID    %usr %system  %guest   %wait    %CPU   CPU  Command
06:41:58        0    115575    6.00    1.00    0.00    0.00    7.00    12  hector_mapping_

06:41:57      UID       PID  minflt/s  majflt/s     VSZ     RSS   %MEM  Command
06:41:58        0    115575      0.00      0.00 1075116  451220   2.89  hector_mapping_

06:41:58      UID       PID    %usr %system  %guest   %wait    %CPU   CPU  Command
06:41:59        0    115575    7.00    0.00    0.00    0.00    7.00     6  hector_mapping_

06:41:58      UID       PID  minflt/s  majflt/s     VSZ     RSS   %MEM  Command
06:41:59        0    115575      0.00      0.00 1075116  451220   2.89  hector_mapping_

06:41:59      UID       PID    %usr %system  %guest   %wait    %CPU   CPU  Command
06:42:00        0    115575    7.00    0.00    0.00    0.00    7.00     7  hector_mapping_

06:41:59      UID       PID  minflt/s  majflt/s     VSZ     RSS   %MEM  Command
06:42:00        0    115575      0.00      0.00 1075116  451220   2.89  hector_mapping_

06:42:00      UID       PID    %usr %system  %guest   %wait    %CPU   CPU  Command
06:42:01        0    115575    7.00    1.00    0.00    0.00    8.00     6  hector_mapping_

06:42:00      UID       PID  minflt/s  majflt/s     VSZ     RSS   %MEM  Command
06:42:01        0    115575      0.00      0.00 1075116  451220   2.89  hector_mapping_

06:42:01      UID       PID    %usr %system  %guest   %wait    %CPU   CPU  Command
06:42:02        0    115575    6.00    0.00    0.00    0.00    6.00    12  hector_mapping_

06:42:01      UID       PID  minflt/s  majflt/s     VSZ     RSS   %MEM  Command
06:42:02        0    115575      0.00      0.00 1075116  451220   2.89  hector_mapping_

06:42:02      UID       PID    %usr %system  %guest   %wait    %CPU   CPU  Command
06:42:03        0    115575    7.00    1.00    0.00    0.00    8.00     0  hector_mapping_

06:42:02      UID       PID  minflt/s  majflt/s     VSZ     RSS   %MEM  Command
06:42:03        0    115575      0.00      0.00 1075116  451220   2.89  hector_mapping_

06:42:03      UID       PID    %usr %system  %guest   %wait    %CPU   CPU  Command
06:42:04        0    115575    6.00    1.00    0.00    0.00    7.00     2  hector_mapping_

06:42:03      UID       PID  minflt/s  majflt/s     VSZ     RSS   %MEM  Command
06:42:04        0    115575      0.00      0.00 1075116  451220   2.89  hector_mapping_

06:42:04      UID       PID    %usr %system  %guest   %wait    %CPU   CPU  Command
06:42:05        0    115575    7.00    1.00    0.00    0.00    8.00     3  hector_mapping_

06:42:04      UID       PID  minflt/s  majflt/s     VSZ     RSS   %MEM  Command
06:42:05        0    115575      0.00      0.00 1075116  451220   2.89  hector_mapping_

06:42:05      UID       PID    %usr %system  %guest   %wait    %CPU   CPU  Command
06:42:06        0    115575    6.00    0.00    0.00    0.00    6.00     6  hector_mapping_

06:42:05      UID       PID  minflt/s  majflt/s     VSZ     RSS   %MEM  Command
06:42:06        0    115575      0.00      0.00 1075116  451220   2.89  hector_mapping_

06:42:06      UID       PID    %usr %system  %guest   %wait    %CPU   CPU  Command
06:42:07        0    115575    6.00    1.00    0.00    0.00    7.00     0  hector_mapping_

06:42:06      UID       PID  minflt/s  majflt/s     VSZ     RSS   %MEM  Command
06:42:07        0    115575      0.00      0.00 1075116  451220   2.89  hector_mapping_

06:42:07      UID       PID    %usr %system  %guest   %wait    %CPU   CPU  Command
06:42:08        0    115575    7.00    1.00    0.00    0.00    8.00     6  hector_mapping_

06:42:07      UID       PID  minflt/s  majflt/s     VSZ     RSS   %MEM  Command
06:42:08        0    115575      0.00      0.00 1075116  451220   2.89  hector_mapping_

06:42:08      UID       PID    %usr %system  %guest   %wait    %CPU   CPU  Command
06:42:09        0    115575    7.00    0.00    0.00    0.00    7.00     6  hector_mapping_

06:42:08      UID       PID  minflt/s  majflt/s     VSZ     RSS   %MEM  Command
06:42:09        0    115575      0.00      0.00 1075116  451220   2.89  hector_mapping_

06:42:09      UID       PID    %usr %system  %guest   %wait    %CPU   CPU  Command
06:42:10        0    115575    6.00    1.00    0.00    0.00    7.00     4  hector_mapping_

06:42:09      UID       PID  minflt/s  majflt/s     VSZ     RSS   %MEM  Command
06:42:10        0    115575      0.00      0.00 1075116  451220   2.89  hector_mapping_

06:42:10      UID       PID    %usr %system  %guest   %wait    %CPU   CPU  Command
06:42:11        0    115575    7.00    0.00    0.00    0.00    7.00     3  hector_mapping_

06:42:10      UID       PID  minflt/s  majflt/s     VSZ     RSS   %MEM  Command
06:42:11        0    115575      0.00      0.00 1075116  451220   2.89  hector_mapping_

06:42:11      UID       PID    %usr %system  %guest   %wait    %CPU   CPU  Command
06:42:12        0    115575    7.00    1.00    0.00    0.00    8.00     2  hector_mapping_

06:42:11      UID       PID  minflt/s  majflt/s     VSZ     RSS   %MEM  Command
06:42:12        0    115575      0.00      0.00 1075116  451220   2.89  hector_mapping_

06:42:12      UID       PID    %usr %system  %guest   %wait    %CPU   CPU  Command
06:42:13        0    115575    6.00    0.00    0.00    0.00    6.00     2  hector_mapping_

06:42:12      UID       PID  minflt/s  majflt/s     VSZ     RSS   %MEM  Command
06:42:13        0    115575      0.00      0.00 1075116  451220   2.89  hector_mapping_

06:42:13      UID       PID    %usr %system  %guest   %wait    %CPU   CPU  Command
06:42:14        0    115575    7.00    0.00    0.00    0.00    7.00     6  hector_mapping_

06:42:13      UID       PID  minflt/s  majflt/s     VSZ     RSS   %MEM  Command
06:42:14        0    115575      0.00      0.00 1075116  451220   2.89  hector_mapping_

06:42:14      UID       PID    %usr %system  %guest   %wait    %CPU   CPU  Command
06:42:15        0    115575    6.00    1.00    0.00    0.00    7.00    15  hector_mapping_

06:42:14      UID       PID  minflt/s  majflt/s     VSZ     RSS   %MEM  Command
06:42:15        0    115575      0.00      0.00 1075116  451220   2.89  hector_mapping_

06:42:15      UID       PID    %usr %system  %guest   %wait    %CPU   CPU  Command
06:42:16        0    115575    7.00    1.00    0.00    0.00    8.00     6  hector_mapping_

06:42:15      UID       PID  minflt/s  majflt/s     VSZ     RSS   %MEM  Command
06:42:16        0    115575      0.00      0.00 1075116  451220   2.89  hector_mapping_

06:42:16      UID       PID    %usr %system  %guest   %wait    %CPU   CPU  Command
06:42:17        0    115575    6.00    0.00    0.00    0.00    6.00     2  hector_mapping_

06:42:16      UID       PID  minflt/s  majflt/s     VSZ     RSS   %MEM  Command
06:42:17        0    115575      0.00      0.00 1075116  451220   2.89  hector_mapping_

06:42:17      UID       PID    %usr %system  %guest   %wait    %CPU   CPU  Command
06:42:18        0    115575    6.00    1.00    0.00    0.00    7.00     2  hector_mapping_

06:42:17      UID       PID  minflt/s  majflt/s     VSZ     RSS   %MEM  Command
06:42:18        0    115575      0.00      0.00 1075116  451220   2.89  hector_mapping_

06:42:18      UID       PID    %usr %system  %guest   %wait    %CPU   CPU  Command
06:42:19        0    115575    7.00    1.00    0.00    0.00    8.00     2  hector_mapping_

06:42:18      UID       PID  minflt/s  majflt/s     VSZ     RSS   %MEM  Command
06:42:19        0    115575      0.00      0.00 1075116  451220   2.89  hector_mapping_

06:42:19      UID       PID    %usr %system  %guest   %wait    %CPU   CPU  Command
06:42:20        0    115575    6.00    0.00    0.00    0.00    6.00     2  hector_mapping_

06:42:19      UID       PID  minflt/s  majflt/s     VSZ     RSS   %MEM  Command
06:42:20        0    115575      0.00      0.00 1075116  451220   2.89  hector_mapping_

06:42:20      UID       PID    %usr %system  %guest   %wait    %CPU   CPU  Command
06:42:21        0    115575    7.00    0.00    0.00    0.00    7.00    14  hector_mapping_

06:42:20      UID       PID  minflt/s  majflt/s     VSZ     RSS   %MEM  Command
06:42:21        0    115575      0.00      0.00 1075116  451220   2.89  hector_mapping_

06:42:21      UID       PID    %usr %system  %guest   %wait    %CPU   CPU  Command
06:42:22        0    115575    6.00    1.00    0.00    0.00    7.00     2  hector_mapping_

06:42:21      UID       PID  minflt/s  majflt/s     VSZ     RSS   %MEM  Command
06:42:22        0    115575      0.00      0.00 1075116  451220   2.89  hector_mapping_

06:42:22      UID       PID    %usr %system  %guest   %wait    %CPU   CPU  Command
06:42:23        0    115575    7.00    0.00    0.00    0.00    7.00     6  hector_mapping_

06:42:22      UID       PID  minflt/s  majflt/s     VSZ     RSS   %MEM  Command
06:42:23        0    115575      0.00      0.00 1075116  451220   2.89  hector_mapping_

06:42:23      UID       PID    %usr %system  %guest   %wait    %CPU   CPU  Command
06:42:24        0    115575    6.00    1.00    0.00    0.00    7.00    10  hector_mapping_

06:42:23      UID       PID  minflt/s  majflt/s     VSZ     RSS   %MEM  Command
06:42:24        0    115575      0.00      0.00 1075116  451220   2.89  hector_mapping_

06:42:24      UID       PID    %usr %system  %guest   %wait    %CPU   CPU  Command
06:42:25        0    115575    6.00    1.00    0.00    0.00    7.00    14  hector_mapping_

06:42:24      UID       PID  minflt/s  majflt/s     VSZ     RSS   %MEM  Command
06:42:25        0    115575      0.00      0.00 1075116  451220   2.89  hector_mapping_

06:42:25      UID       PID    %usr %system  %guest   %wait    %CPU   CPU  Command
06:42:26        0    115575    6.00    0.00    0.00    0.00    6.00     2  hector_mapping_

06:42:25      UID       PID  minflt/s  majflt/s     VSZ     RSS   %MEM  Command
06:42:26        0    115575      0.00      0.00 1075116  451220   2.89  hector_mapping_

06:42:26      UID       PID    %usr %system  %guest   %wait    %CPU   CPU  Command
06:42:27        0    115575    5.00    1.00    0.00    0.00    6.00     3  hector_mapping_

06:42:26      UID       PID  minflt/s  majflt/s     VSZ     RSS   %MEM  Command
06:42:27        0    115575      0.00      0.00 1075116  451220   2.89  hector_mapping_

06:42:27      UID       PID    %usr %system  %guest   %wait    %CPU   CPU  Command
06:42:28        0    115575    6.00    1.00    0.00    0.00    7.00    10  hector_mapping_

06:42:27      UID       PID  minflt/s  majflt/s     VSZ     RSS   %MEM  Command
06:42:28        0    115575      0.00      0.00 1075116  451220   2.89  hector_mapping_

06:42:28      UID       PID    %usr %system  %guest   %wait    %CPU   CPU  Command
06:42:29        0    115575    7.00    1.00    0.00    0.00    8.00     3  hector_mapping_

06:42:28      UID       PID  minflt/s  majflt/s     VSZ     RSS   %MEM  Command
06:42:29        0    115575      0.00      0.00 1075116  451220   2.89  hector_mapping_

06:42:29      UID       PID    %usr %system  %guest   %wait    %CPU   CPU  Command
06:42:30        0    115575    6.00    0.00    0.00    0.00    6.00     6  hector_mapping_

06:42:29      UID       PID  minflt/s  majflt/s     VSZ     RSS   %MEM  Command
06:42:30        0    115575      0.00      0.00 1075116  451220   2.89  hector_mapping_

06:42:30      UID       PID    %usr %system  %guest   %wait    %CPU   CPU  Command
06:42:31        0    115575    6.00    0.00    0.00    1.00    6.00     8  hector_mapping_

06:42:30      UID       PID  minflt/s  majflt/s     VSZ     RSS   %MEM  Command
06:42:31        0    115575      0.00      0.00 1075116  451220   2.89  hector_mapping_

06:42:31      UID       PID    %usr %system  %guest   %wait    %CPU   CPU  Command
06:42:32        0    115575    5.00    1.00    0.00    0.00    6.00    14  hector_mapping_

06:42:31      UID       PID  minflt/s  majflt/s     VSZ     RSS   %MEM  Command
06:42:32        0    115575      0.00      0.00 1075116  451220   2.89  hector_mapping_

06:42:32      UID       PID    %usr %system  %guest   %wait    %CPU   CPU  Command
06:42:33        0    115575    6.00    0.00    0.00    0.00    6.00     2  hector_mapping_

06:42:32      UID       PID  minflt/s  majflt/s     VSZ     RSS   %MEM  Command
06:42:33        0    115575      0.00      0.00 1075116  451220   2.89  hector_mapping_

06:42:33      UID       PID    %usr %system  %guest   %wait    %CPU   CPU  Command
06:42:34        0    115575    4.00    1.00    0.00    0.00    5.00     8  hector_mapping_

06:42:33      UID       PID  minflt/s  majflt/s     VSZ     RSS   %MEM  Command
06:42:34        0    115575      0.00      0.00 1075116  451220   2.89  hector_mapping_

06:42:34      UID       PID    %usr %system  %guest   %wait    %CPU   CPU  Command
06:42:35        0    115575    5.00    0.00    0.00    0.00    5.00     8  hector_mapping_

06:42:34      UID       PID  minflt/s  majflt/s     VSZ     RSS   %MEM  Command
06:42:35        0    115575      0.00      0.00 1075116  451220   2.89  hector_mapping_

06:42:35      UID       PID    %usr %system  %guest   %wait    %CPU   CPU  Command
06:42:36        0    115575    4.00    0.00    0.00    0.00    4.00     7  hector_mapping_

06:42:35      UID       PID  minflt/s  majflt/s     VSZ     RSS   %MEM  Command
06:42:36        0    115575      0.00      0.00 1075116  451220   2.89  hector_mapping_

06:42:36      UID       PID    %usr %system  %guest   %wait    %CPU   CPU  Command
06:42:37        0    115575    5.00    1.00    0.00    0.00    6.00     7  hector_mapping_

06:42:36      UID       PID  minflt/s  majflt/s     VSZ     RSS   %MEM  Command
06:42:37        0    115575      0.00      0.00 1075116  451220   2.89  hector_mapping_

06:42:37      UID       PID    %usr %system  %guest   %wait    %CPU   CPU  Command
06:42:38        0    115575    6.00    0.00    0.00    0.00    6.00     2  hector_mapping_

06:42:37      UID       PID  minflt/s  majflt/s     VSZ     RSS   %MEM  Command
06:42:38        0    115575      0.00      0.00 1075116  451220   2.89  hector_mapping_

06:42:38      UID       PID    %usr %system  %guest   %wait    %CPU   CPU  Command
06:42:39        0    115575    4.00    1.00    0.00    0.00    5.00     7  hector_mapping_

06:42:38      UID       PID  minflt/s  majflt/s     VSZ     RSS   %MEM  Command
06:42:39        0    115575      0.00      0.00 1075116  451220   2.89  hector_mapping_

06:42:39      UID       PID    %usr %system  %guest   %wait    %CPU   CPU  Command
06:42:40        0    115575    6.00    0.00    0.00    0.00    6.00     6  hector_mapping_

06:42:39      UID       PID  minflt/s  majflt/s     VSZ     RSS   %MEM  Command
06:42:40        0    115575      0.00      0.00 1075116  451220   2.89  hector_mapping_

06:42:40      UID       PID    %usr %system  %guest   %wait    %CPU   CPU  Command
06:42:41        0    115575    7.00    0.00    0.00    0.00    7.00     0  hector_mapping_

06:42:40      UID       PID  minflt/s  majflt/s     VSZ     RSS   %MEM  Command
06:42:41        0    115575      0.00      0.00 1075116  451220   2.89  hector_mapping_

06:42:41      UID       PID    %usr %system  %guest   %wait    %CPU   CPU  Command
06:42:42        0    115575    6.00    1.00    0.00    0.00    7.00     3  hector_mapping_

06:42:41      UID       PID  minflt/s  majflt/s     VSZ     RSS   %MEM  Command
06:42:42        0    115575      0.00      0.00 1075116  451220   2.89  hector_mapping_

06:42:42      UID       PID    %usr %system  %guest   %wait    %CPU   CPU  Command
06:42:43        0    115575    6.00    1.00    0.00    0.00    7.00     3  hector_mapping_

06:42:42      UID       PID  minflt/s  majflt/s     VSZ     RSS   %MEM  Command
06:42:43        0    115575      0.00      0.00 1075116  451220   2.89  hector_mapping_

06:42:43      UID       PID    %usr %system  %guest   %wait    %CPU   CPU  Command
06:42:44        0    115575    6.00    0.00    0.00    0.00    6.00     3  hector_mapping_

06:42:43      UID       PID  minflt/s  majflt/s     VSZ     RSS   %MEM  Command
06:42:44        0    115575      0.00      0.00 1075116  451220   2.89  hector_mapping_

06:42:44      UID       PID    %usr %system  %guest   %wait    %CPU   CPU  Command
06:42:45        0    115575    7.00    1.00    0.00    0.00    8.00     3  hector_mapping_

06:42:44      UID       PID  minflt/s  majflt/s     VSZ     RSS   %MEM  Command
06:42:45        0    115575      0.00      0.00 1075116  451220   2.89  hector_mapping_

06:42:45      UID       PID    %usr %system  %guest   %wait    %CPU   CPU  Command
06:42:46        0    115575    6.00    0.00    0.00    0.00    6.00     3  hector_mapping_

06:42:45      UID       PID  minflt/s  majflt/s     VSZ     RSS   %MEM  Command
06:42:46        0    115575      0.00      0.00 1075116  451220   2.89  hector_mapping_

06:42:46      UID       PID    %usr %system  %guest   %wait    %CPU   CPU  Command
06:42:47        0    115575    6.00    1.00    0.00    0.00    7.00     6  hector_mapping_

06:42:46      UID       PID  minflt/s  majflt/s     VSZ     RSS   %MEM  Command
06:42:47        0    115575      0.00      0.00 1075116  451220   2.89  hector_mapping_

06:42:47      UID       PID    %usr %system  %guest   %wait    %CPU   CPU  Command
06:42:48        0    115575    6.00    1.00    0.00    0.00    7.00     3  hector_mapping_

06:42:47      UID       PID  minflt/s  majflt/s     VSZ     RSS   %MEM  Command
06:42:48        0    115575      0.00      0.00 1075116  451220   2.89  hector_mapping_

06:42:48      UID       PID    %usr %system  %guest   %wait    %CPU   CPU  Command
06:42:49        0    115575    6.00    0.00    0.00    0.00    6.00     6  hector_mapping_

06:42:48      UID       PID  minflt/s  majflt/s     VSZ     RSS   %MEM  Command
06:42:49        0    115575      0.00      0.00 1075116  451220   2.89  hector_mapping_

06:42:49      UID       PID    %usr %system  %guest   %wait    %CPU   CPU  Command
06:42:50        0    115575    5.00    1.00    0.00    0.00    6.00     2  hector_mapping_

06:42:49      UID       PID  minflt/s  majflt/s     VSZ     RSS   %MEM  Command
06:42:50        0    115575      0.00      0.00 1075116  451220   2.89  hector_mapping_

06:42:50      UID       PID    %usr %system  %guest   %wait    %CPU   CPU  Command
06:42:51        0    115575    6.00    1.00    0.00    0.00    7.00     0  hector_mapping_

06:42:50      UID       PID  minflt/s  majflt/s     VSZ     RSS   %MEM  Command
06:42:51        0    115575      0.00      0.00 1075116  451220   2.89  hector_mapping_

06:42:51      UID       PID    %usr %system  %guest   %wait    %CPU   CPU  Command
06:42:52        0    115575    6.00    0.00    0.00    0.00    6.00     2  hector_mapping_

06:42:51      UID       PID  minflt/s  majflt/s     VSZ     RSS   %MEM  Command
06:42:52        0    115575      0.00      0.00 1075116  451220   2.89  hector_mapping_

06:42:52      UID       PID    %usr %system  %guest   %wait    %CPU   CPU  Command
06:42:53        0    115575    6.00    0.00    0.00    0.00    6.00     2  hector_mapping_

06:42:52      UID       PID  minflt/s  majflt/s     VSZ     RSS   %MEM  Command
06:42:53        0    115575      0.00      0.00 1075116  451220   2.89  hector_mapping_

06:42:53      UID       PID    %usr %system  %guest   %wait    %CPU   CPU  Command
06:42:54        0    115575    7.00    1.00    0.00    0.00    8.00     6  hector_mapping_

06:42:53      UID       PID  minflt/s  majflt/s     VSZ     RSS   %MEM  Command
06:42:54        0    115575      0.00      0.00 1075116  451220   2.89  hector_mapping_

06:42:54      UID       PID    %usr %system  %guest   %wait    %CPU   CPU  Command
06:42:55        0    115575    6.00    0.00    0.00    0.00    6.00    13  hector_mapping_

06:42:54      UID       PID  minflt/s  majflt/s     VSZ     RSS   %MEM  Command
06:42:55        0    115575      0.00      0.00 1075116  451220   2.89  hector_mapping_

06:42:55      UID       PID    %usr %system  %guest   %wait    %CPU   CPU  Command
06:42:56        0    115575    6.00    0.00    0.00    0.00    6.00    14  hector_mapping_

06:42:55      UID       PID  minflt/s  majflt/s     VSZ     RSS   %MEM  Command
06:42:56        0    115575      0.00      0.00 1075116  451220   2.89  hector_mapping_

06:42:56      UID       PID    %usr %system  %guest   %wait    %CPU   CPU  Command
06:42:57        0    115575    6.00    1.00    0.00    0.00    7.00     2  hector_mapping_

06:42:56      UID       PID  minflt/s  majflt/s     VSZ     RSS   %MEM  Command
06:42:57        0    115575      0.00      0.00 1075116  451220   2.89  hector_mapping_

06:42:57      UID       PID    %usr %system  %guest   %wait    %CPU   CPU  Command
06:42:58        0    115575    5.00    1.00    0.00    0.00    6.00     2  hector_mapping_

06:42:57      UID       PID  minflt/s  majflt/s     VSZ     RSS   %MEM  Command
06:42:58        0    115575      0.00      0.00 1075116  451220   2.89  hector_mapping_

06:42:58      UID       PID    %usr %system  %guest   %wait    %CPU   CPU  Command
06:42:59        0    115575    6.00    0.00    0.00    0.00    6.00     4  hector_mapping_

06:42:58      UID       PID  minflt/s  majflt/s     VSZ     RSS   %MEM  Command
06:42:59        0    115575      0.00      0.00 1075116  451220   2.89  hector_mapping_

06:42:59      UID       PID    %usr %system  %guest   %wait    %CPU   CPU  Command
06:43:00        0    115575    5.00    2.00    0.00    0.00    7.00     7  hector_mapping_

06:42:59      UID       PID  minflt/s  majflt/s     VSZ     RSS   %MEM  Command
06:43:00        0    115575      0.00      0.00 1075116  451220   2.89  hector_mapping_

06:43:00      UID       PID    %usr %system  %guest   %wait    %CPU   CPU  Command
06:43:01        0    115575    6.00    0.00    0.00    0.00    6.00     6  hector_mapping_

06:43:00      UID       PID  minflt/s  majflt/s     VSZ     RSS   %MEM  Command
06:43:01        0    115575      0.00      0.00 1075116  451220   2.89  hector_mapping_

06:43:01      UID       PID    %usr %system  %guest   %wait    %CPU   CPU  Command
06:43:02        0    115575    6.00    1.00    0.00    0.00    7.00     7  hector_mapping_

06:43:01      UID       PID  minflt/s  majflt/s     VSZ     RSS   %MEM  Command
06:43:02        0    115575      0.00      0.00 1075116  451220   2.89  hector_mapping_

06:43:02      UID       PID    %usr %system  %guest   %wait    %CPU   CPU  Command
06:43:03        0    115575    6.00    1.00    0.00    0.00    7.00     4  hector_mapping_

06:43:02      UID       PID  minflt/s  majflt/s     VSZ     RSS   %MEM  Command
06:43:03        0    115575      0.00      0.00 1075116  451220   2.89  hector_mapping_

06:43:03      UID       PID    %usr %system  %guest   %wait    %CPU   CPU  Command
06:43:04        0    115575    6.00    0.00    0.00    0.00    6.00     3  hector_mapping_

06:43:03      UID       PID  minflt/s  majflt/s     VSZ     RSS   %MEM  Command
06:43:04        0    115575      0.00      0.00 1075116  451220   2.89  hector_mapping_

06:43:04      UID       PID    %usr %system  %guest   %wait    %CPU   CPU  Command
06:43:05        0    115575    6.00    1.00    0.00    0.00    7.00     0  hector_mapping_

06:43:04      UID       PID  minflt/s  majflt/s     VSZ     RSS   %MEM  Command
06:43:05        0    115575      0.00      0.00 1075116  451220   2.89  hector_mapping_

06:43:05      UID       PID    %usr %system  %guest   %wait    %CPU   CPU  Command
06:43:06        0    115575    6.00    1.00    0.00    0.00    7.00     2  hector_mapping_

06:43:05      UID       PID  minflt/s  majflt/s     VSZ     RSS   %MEM  Command
06:43:06        0    115575      0.00      0.00 1075116  451220   2.89  hector_mapping_

06:43:06      UID       PID    %usr %system  %guest   %wait    %CPU   CPU  Command
06:43:07        0    115575    6.00    0.00    0.00    0.00    6.00     2  hector_mapping_

06:43:06      UID       PID  minflt/s  majflt/s     VSZ     RSS   %MEM  Command
06:43:07        0    115575      0.00      0.00 1075116  451220   2.89  hector_mapping_

06:43:07      UID       PID    %usr %system  %guest   %wait    %CPU   CPU  Command
06:43:08        0    115575    6.00    0.00    0.00    0.00    6.00     6  hector_mapping_

06:43:07      UID       PID  minflt/s  majflt/s     VSZ     RSS   %MEM  Command
06:43:08        0    115575      0.00      0.00 1075116  451220   2.89  hector_mapping_

06:43:08      UID       PID    %usr %system  %guest   %wait    %CPU   CPU  Command
06:43:09        0    115575    6.00    1.00    0.00    0.00    7.00     4  hector_mapping_

06:43:08      UID       PID  minflt/s  majflt/s     VSZ     RSS   %MEM  Command
06:43:09        0    115575      0.00      0.00 1075116  451220   2.89  hector_mapping_

06:43:09      UID       PID    %usr %system  %guest   %wait    %CPU   CPU  Command
06:43:10        0    115575    6.00    1.00    0.00    0.00    7.00     6  hector_mapping_

06:43:09      UID       PID  minflt/s  majflt/s     VSZ     RSS   %MEM  Command
06:43:10        0    115575      0.00      0.00 1075116  451220   2.89  hector_mapping_

06:43:10      UID       PID    %usr %system  %guest   %wait    %CPU   CPU  Command
06:43:11        0    115575    6.00    1.00    0.00    0.00    7.00     4  hector_mapping_

06:43:10      UID       PID  minflt/s  majflt/s     VSZ     RSS   %MEM  Command
06:43:11        0    115575      0.00      0.00 1075116  451220   2.89  hector_mapping_

06:43:11      UID       PID    %usr %system  %guest   %wait    %CPU   CPU  Command
06:43:12        0    115575    7.00    0.00    0.00    0.00    7.00    12  hector_mapping_

06:43:11      UID       PID  minflt/s  majflt/s     VSZ     RSS   %MEM  Command
06:43:12        0    115575      0.00      0.00 1075116  451220   2.89  hector_mapping_

06:43:12      UID       PID    %usr %system  %guest   %wait    %CPU   CPU  Command
06:43:13        0    115575    6.00    1.00    0.00    0.00    7.00     2  hector_mapping_

06:43:12      UID       PID  minflt/s  majflt/s     VSZ     RSS   %MEM  Command
06:43:13        0    115575      0.00      0.00 1075116  451220   2.89  hector_mapping_

06:43:13      UID       PID    %usr %system  %guest   %wait    %CPU   CPU  Command
06:43:14        0    115575    5.00    1.00    0.00    0.00    6.00     7  hector_mapping_

06:43:13      UID       PID  minflt/s  majflt/s     VSZ     RSS   %MEM  Command
06:43:14        0    115575      0.00      0.00 1075116  451220   2.89  hector_mapping_

06:43:14      UID       PID    %usr %system  %guest   %wait    %CPU   CPU  Command
06:43:15        0    115575    7.00    0.00    0.00    0.00    7.00     7  hector_mapping_

06:43:14      UID       PID  minflt/s  majflt/s     VSZ     RSS   %MEM  Command
06:43:15        0    115575      0.00      0.00 1075116  451220   2.89  hector_mapping_

06:43:15      UID       PID    %usr %system  %guest   %wait    %CPU   CPU  Command
06:43:16        0    115575    6.00    1.00    0.00    0.00    7.00     7  hector_mapping_

06:43:15      UID       PID  minflt/s  majflt/s     VSZ     RSS   %MEM  Command
06:43:16        0    115575      0.00      0.00 1075116  451220   2.89  hector_mapping_

06:43:16      UID       PID    %usr %system  %guest   %wait    %CPU   CPU  Command
06:43:17        0    115575    7.00    1.00    0.00    0.00    8.00     7  hector_mapping_

06:43:16      UID       PID  minflt/s  majflt/s     VSZ     RSS   %MEM  Command
06:43:17        0    115575      0.00      0.00 1075116  451220   2.89  hector_mapping_

06:43:17      UID       PID    %usr %system  %guest   %wait    %CPU   CPU  Command
06:43:18        0    115575    6.00    0.00    0.00    0.00    6.00     7  hector_mapping_

06:43:17      UID       PID  minflt/s  majflt/s     VSZ     RSS   %MEM  Command
06:43:18        0    115575      0.00      0.00 1075116  451220   2.89  hector_mapping_

06:43:18      UID       PID    %usr %system  %guest   %wait    %CPU   CPU  Command
06:43:19        0    115575    6.00    1.00    0.00    0.00    7.00     6  hector_mapping_

06:43:18      UID       PID  minflt/s  majflt/s     VSZ     RSS   %MEM  Command
06:43:19        0    115575      0.00      0.00 1075116  451220   2.89  hector_mapping_

06:43:19      UID       PID    %usr %system  %guest   %wait    %CPU   CPU  Command
06:43:20        0    115575    7.00    0.00    0.00    0.00    7.00     8  hector_mapping_

06:43:19      UID       PID  minflt/s  majflt/s     VSZ     RSS   %MEM  Command
06:43:20        0    115575      0.00      0.00 1075116  451220   2.89  hector_mapping_

06:43:20      UID       PID    %usr %system  %guest   %wait    %CPU   CPU  Command
06:43:21        0    115575    6.00    1.00    0.00    0.00    7.00     0  hector_mapping_

06:43:20      UID       PID  minflt/s  majflt/s     VSZ     RSS   %MEM  Command
06:43:21        0    115575      0.00      0.00 1075116  451220   2.89  hector_mapping_

06:43:21      UID       PID    %usr %system  %guest   %wait    %CPU   CPU  Command
06:43:22        0    115575    7.00    0.00    0.00    0.00    7.00     3  hector_mapping_

06:43:21      UID       PID  minflt/s  majflt/s     VSZ     RSS   %MEM  Command
06:43:22        0    115575      0.00      0.00 1075116  451220   2.89  hector_mapping_

06:43:22      UID       PID    %usr %system  %guest   %wait    %CPU   CPU  Command
06:43:23        0    115575    6.00    1.00    0.00    0.00    7.00     6  hector_mapping_

06:43:22      UID       PID  minflt/s  majflt/s     VSZ     RSS   %MEM  Command
06:43:23        0    115575      0.00      0.00 1075116  451220   2.89  hector_mapping_

06:43:23      UID       PID    %usr %system  %guest   %wait    %CPU   CPU  Command
06:43:24        0    115575    6.00    0.00    0.00    0.00    6.00     6  hector_mapping_

06:43:23      UID       PID  minflt/s  majflt/s     VSZ     RSS   %MEM  Command
06:43:24        0    115575      0.00      0.00 1075116  451220   2.89  hector_mapping_

06:43:24      UID       PID    %usr %system  %guest   %wait    %CPU   CPU  Command
06:43:25        0    115575    7.00    0.00    0.00    0.00    7.00     8  hector_mapping_

06:43:24      UID       PID  minflt/s  majflt/s     VSZ     RSS   %MEM  Command
06:43:25        0    115575      0.00      0.00 1075116  451220   2.89  hector_mapping_

06:43:25      UID       PID    %usr %system  %guest   %wait    %CPU   CPU  Command
06:43:26        0    115575    6.00    1.00    0.00    0.00    7.00     6  hector_mapping_

06:43:25      UID       PID  minflt/s  majflt/s     VSZ     RSS   %MEM  Command
06:43:26        0    115575      0.00      0.00 1075116  451220   2.89  hector_mapping_

06:43:26      UID       PID    %usr %system  %guest   %wait    %CPU   CPU  Command
06:43:27        0    115575    6.00    0.00    0.00    0.00    6.00     2  hector_mapping_

06:43:26      UID       PID  minflt/s  majflt/s     VSZ     RSS   %MEM  Command
06:43:27        0    115575      0.00      0.00 1075116  451220   2.89  hector_mapping_

06:43:27      UID       PID    %usr %system  %guest   %wait    %CPU   CPU  Command
06:43:28        0    115575    6.00    1.00    0.00    0.00    7.00     9  hector_mapping_

06:43:27      UID       PID  minflt/s  majflt/s     VSZ     RSS   %MEM  Command
06:43:28        0    115575      0.00      0.00 1075116  451220   2.89  hector_mapping_

06:43:28      UID       PID    %usr %system  %guest   %wait    %CPU   CPU  Command
06:43:29        0    115575    7.00    0.00    0.00    1.00    7.00     8  hector_mapping_

06:43:28      UID       PID  minflt/s  majflt/s     VSZ     RSS   %MEM  Command
06:43:29        0    115575      0.00      0.00 1075116  451220   2.89  hector_mapping_

06:43:29      UID       PID    %usr %system  %guest   %wait    %CPU   CPU  Command
06:43:30        0    115575    6.00    1.00    0.00    0.00    7.00     2  hector_mapping_

06:43:29      UID       PID  minflt/s  majflt/s     VSZ     RSS   %MEM  Command
06:43:30        0    115575      0.00      0.00 1075116  451220   2.89  hector_mapping_

06:43:30      UID       PID    %usr %system  %guest   %wait    %CPU   CPU  Command
06:43:31        0    115575    5.94    0.99    0.00    0.00    6.93    10  hector_mapping_

06:43:30      UID       PID  minflt/s  majflt/s     VSZ     RSS   %MEM  Command
06:43:31        0    115575      0.00      0.00 1075116  451220   2.89  hector_mapping_

06:43:31      UID       PID    %usr %system  %guest   %wait    %CPU   CPU  Command
06:43:32        0    115575    7.00    0.00    0.00    0.00    7.00     7  hector_mapping_

06:43:31      UID       PID  minflt/s  majflt/s     VSZ     RSS   %MEM  Command
06:43:32        0    115575      0.00      0.00 1075116  451220   2.89  hector_mapping_

06:43:32      UID       PID    %usr %system  %guest   %wait    %CPU   CPU  Command
06:43:33        0    115575    6.00    1.00    0.00    0.00    7.00     7  hector_mapping_

06:43:32      UID       PID  minflt/s  majflt/s     VSZ     RSS   %MEM  Command
06:43:33        0    115575      0.00      0.00 1075116  451220   2.89  hector_mapping_

06:43:33      UID       PID    %usr %system  %guest   %wait    %CPU   CPU  Command
06:43:34        0    115575    6.00    0.00    0.00    0.00    6.00     7  hector_mapping_

06:43:33      UID       PID  minflt/s  majflt/s     VSZ     RSS   %MEM  Command
06:43:34        0    115575      0.00      0.00 1075116  451220   2.89  hector_mapping_

06:43:34      UID       PID    %usr %system  %guest   %wait    %CPU   CPU  Command
06:43:35        0    115575    6.00    1.00    0.00    0.00    7.00     0  hector_mapping_

06:43:34      UID       PID  minflt/s  majflt/s     VSZ     RSS   %MEM  Command
06:43:35        0    115575      0.00      0.00 1075116  451220   2.89  hector_mapping_

06:43:35      UID       PID    %usr %system  %guest   %wait    %CPU   CPU  Command
06:43:36        0    115575    6.00    0.00    0.00    0.00    6.00     2  hector_mapping_

06:43:35      UID       PID  minflt/s  majflt/s     VSZ     RSS   %MEM  Command
06:43:36        0    115575      0.00      0.00 1075116  451220   2.89  hector_mapping_

06:43:36      UID       PID    %usr %system  %guest   %wait    %CPU   CPU  Command
06:43:37        0    115575    6.00    1.00    0.00    0.00    7.00     7  hector_mapping_

06:43:36      UID       PID  minflt/s  majflt/s     VSZ     RSS   %MEM  Command
06:43:37        0    115575      0.00      0.00 1075116  451220   2.89  hector_mapping_

06:43:37      UID       PID    %usr %system  %guest   %wait    %CPU   CPU  Command
06:43:38        0    115575    6.00    1.00    0.00    0.00    7.00     7  hector_mapping_

06:43:37      UID       PID  minflt/s  majflt/s     VSZ     RSS   %MEM  Command
06:43:38        0    115575      0.00      0.00 1075116  451220   2.89  hector_mapping_

06:43:38      UID       PID    %usr %system  %guest   %wait    %CPU   CPU  Command
06:43:39        0    115575    7.00    0.00    0.00    0.00    7.00     7  hector_mapping_

06:43:38      UID       PID  minflt/s  majflt/s     VSZ     RSS   %MEM  Command
06:43:39        0    115575      0.00      0.00 1075116  451220   2.89  hector_mapping_

06:43:39      UID       PID    %usr %system  %guest   %wait    %CPU   CPU  Command
06:43:40        0    115575    6.00    0.00    0.00    0.00    6.00     2  hector_mapping_

06:43:39      UID       PID  minflt/s  majflt/s     VSZ     RSS   %MEM  Command
06:43:40        0    115575      0.00      0.00 1075116  451220   2.89  hector_mapping_

06:43:40      UID       PID    %usr %system  %guest   %wait    %CPU   CPU  Command
06:43:41        0    115575    6.00    1.00    0.00    0.00    7.00     8  hector_mapping_

06:43:40      UID       PID  minflt/s  majflt/s     VSZ     RSS   %MEM  Command
06:43:41        0    115575      0.00      0.00 1075116  451220   2.89  hector_mapping_

06:43:41      UID       PID    %usr %system  %guest   %wait    %CPU   CPU  Command
06:43:42        0    115575    6.00    0.00    0.00    0.00    6.00     3  hector_mapping_

06:43:41      UID       PID  minflt/s  majflt/s     VSZ     RSS   %MEM  Command
06:43:42        0    115575      0.00      0.00 1075116  451220   2.89  hector_mapping_

06:43:42      UID       PID    %usr %system  %guest   %wait    %CPU   CPU  Command
06:43:43        0    115575    6.00    1.00    0.00    0.00    7.00     7  hector_mapping_

06:43:42      UID       PID  minflt/s  majflt/s     VSZ     RSS   %MEM  Command
06:43:43        0    115575      0.00      0.00 1075116  451220   2.89  hector_mapping_

06:43:43      UID       PID    %usr %system  %guest   %wait    %CPU   CPU  Command
06:43:44        0    115575    7.00    0.00    0.00    0.00    7.00     7  hector_mapping_

06:43:43      UID       PID  minflt/s  majflt/s     VSZ     RSS   %MEM  Command
06:43:44        0    115575      0.00      0.00 1075116  451220   2.89  hector_mapping_

06:43:44      UID       PID    %usr %system  %guest   %wait    %CPU   CPU  Command
06:43:45        0    115575    6.00    1.00    0.00    0.00    7.00     7  hector_mapping_

06:43:44      UID       PID  minflt/s  majflt/s     VSZ     RSS   %MEM  Command
06:43:45        0    115575      0.00      0.00 1075116  451220   2.89  hector_mapping_

06:43:45      UID       PID    %usr %system  %guest   %wait    %CPU   CPU  Command
06:43:46        0    115575    7.00    0.00    0.00    0.00    7.00     3  hector_mapping_

06:43:45      UID       PID  minflt/s  majflt/s     VSZ     RSS   %MEM  Command
06:43:46        0    115575      0.00      0.00 1075116  451220   2.89  hector_mapping_

06:43:46      UID       PID    %usr %system  %guest   %wait    %CPU   CPU  Command
06:43:47        0    115575    5.00    1.00    0.00    0.00    6.00     3  hector_mapping_

06:43:46      UID       PID  minflt/s  majflt/s     VSZ     RSS   %MEM  Command
06:43:47        0    115575      0.00      0.00 1075116  451220   2.89  hector_mapping_

06:43:47      UID       PID    %usr %system  %guest   %wait    %CPU   CPU  Command
06:43:48        0    115575    7.00    1.00    0.00    0.00    8.00     7  hector_mapping_

06:43:47      UID       PID  minflt/s  majflt/s     VSZ     RSS   %MEM  Command
06:43:48        0    115575      0.00      0.00 1075116  451220   2.89  hector_mapping_

06:43:48      UID       PID    %usr %system  %guest   %wait    %CPU   CPU  Command
06:43:49        0    115575    6.00    0.00    0.00    0.00    6.00    14  hector_mapping_

06:43:48      UID       PID  minflt/s  majflt/s     VSZ     RSS   %MEM  Command
06:43:49        0    115575      0.00      0.00 1075116  451220   2.89  hector_mapping_

06:43:49      UID       PID    %usr %system  %guest   %wait    %CPU   CPU  Command
06:43:50        0    115575    6.00    1.00    0.00    0.00    7.00     2  hector_mapping_

06:43:49      UID       PID  minflt/s  majflt/s     VSZ     RSS   %MEM  Command
06:43:50        0    115575      0.00      0.00 1075116  451220   2.89  hector_mapping_

06:43:50      UID       PID    %usr %system  %guest   %wait    %CPU   CPU  Command
06:43:51        0    115575    7.00    0.00    0.00    0.00    7.00     8  hector_mapping_

06:43:50      UID       PID  minflt/s  majflt/s     VSZ     RSS   %MEM  Command
06:43:51        0    115575      0.00      0.00 1075116  451220   2.89  hector_mapping_

06:43:51      UID       PID    %usr %system  %guest   %wait    %CPU   CPU  Command
06:43:52        0    115575    6.00    1.00    0.00    0.00    7.00     6  hector_mapping_

06:43:51      UID       PID  minflt/s  majflt/s     VSZ     RSS   %MEM  Command
06:43:52        0    115575      0.00      0.00 1075116  451220   2.89  hector_mapping_

06:43:52      UID       PID    %usr %system  %guest   %wait    %CPU   CPU  Command
06:43:53        0    115575    7.00    0.00    0.00    0.00    7.00     7  hector_mapping_

06:43:52      UID       PID  minflt/s  majflt/s     VSZ     RSS   %MEM  Command
06:43:53        0    115575      0.00      0.00 1075116  451220   2.89  hector_mapping_

06:43:53      UID       PID    %usr %system  %guest   %wait    %CPU   CPU  Command
06:43:54        0    115575    7.00    1.00    0.00    0.00    8.00     7  hector_mapping_

06:43:53      UID       PID  minflt/s  majflt/s     VSZ     RSS   %MEM  Command
06:43:54        0    115575      0.00      0.00 1075116  451220   2.89  hector_mapping_

06:43:54      UID       PID    %usr %system  %guest   %wait    %CPU   CPU  Command
06:43:55        0    115575    6.00    0.00    0.00    0.00    6.00     7  hector_mapping_

06:43:54      UID       PID  minflt/s  majflt/s     VSZ     RSS   %MEM  Command
06:43:55        0    115575      0.00      0.00 1075116  451220   2.89  hector_mapping_

06:43:55      UID       PID    %usr %system  %guest   %wait    %CPU   CPU  Command
06:43:56        0    115575    6.00    0.00    0.00    0.00    6.00     7  hector_mapping_

06:43:55      UID       PID  minflt/s  majflt/s     VSZ     RSS   %MEM  Command
06:43:56        0    115575      0.00      0.00 1075116  451220   2.89  hector_mapping_

06:43:56      UID       PID    %usr %system  %guest   %wait    %CPU   CPU  Command
06:43:57        0    115575    6.00    1.00    0.00    0.00    7.00     2  hector_mapping_

06:43:56      UID       PID  minflt/s  majflt/s     VSZ     RSS   %MEM  Command
06:43:57        0    115575      0.00      0.00 1075116  451220   2.89  hector_mapping_

06:43:57      UID       PID    %usr %system  %guest   %wait    %CPU   CPU  Command
06:43:58        0    115575    7.00    0.00    0.00    0.00    7.00     7  hector_mapping_

06:43:57      UID       PID  minflt/s  majflt/s     VSZ     RSS   %MEM  Command
06:43:58        0    115575      0.00      0.00 1075116  451220   2.89  hector_mapping_

06:43:58      UID       PID    %usr %system  %guest   %wait    %CPU   CPU  Command
06:43:59        0    115575    6.00    1.00    0.00    0.00    7.00     7  hector_mapping_

06:43:58      UID       PID  minflt/s  majflt/s     VSZ     RSS   %MEM  Command
06:43:59        0    115575      0.00      0.00 1075116  451220   2.89  hector_mapping_

06:43:59      UID       PID    %usr %system  %guest   %wait    %CPU   CPU  Command
06:44:00        0    115575    6.00    1.00    0.00    0.00    7.00     7  hector_mapping_

06:43:59      UID       PID  minflt/s  majflt/s     VSZ     RSS   %MEM  Command
06:44:00        0    115575      0.00      0.00 1075116  451220   2.89  hector_mapping_

06:44:00      UID       PID    %usr %system  %guest   %wait    %CPU   CPU  Command
06:44:01        0    115575    6.00    1.00    0.00    0.00    7.00    12  hector_mapping_

06:44:00      UID       PID  minflt/s  majflt/s     VSZ     RSS   %MEM  Command
06:44:01        0    115575      0.00      0.00 1075116  451220   2.89  hector_mapping_

06:44:01      UID       PID    %usr %system  %guest   %wait    %CPU   CPU  Command
06:44:02        0    115575    6.00    1.00    0.00    0.00    7.00     2  hector_mapping_

06:44:01      UID       PID  minflt/s  majflt/s     VSZ     RSS   %MEM  Command
06:44:02        0    115575      0.00      0.00 1075116  451220   2.89  hector_mapping_

06:44:02      UID       PID    %usr %system  %guest   %wait    %CPU   CPU  Command
06:44:03        0    115575    7.00    0.00    0.00    0.00    7.00     6  hector_mapping_

06:44:02      UID       PID  minflt/s  majflt/s     VSZ     RSS   %MEM  Command
06:44:03        0    115575      0.00      0.00 1075116  451220   2.89  hector_mapping_

06:44:03      UID       PID    %usr %system  %guest   %wait    %CPU   CPU  Command
06:44:04        0    115575    7.00    0.00    0.00    0.00    7.00     6  hector_mapping_

06:44:03      UID       PID  minflt/s  majflt/s     VSZ     RSS   %MEM  Command
06:44:04        0    115575      0.00      0.00 1075116  451220   2.89  hector_mapping_

06:44:04      UID       PID    %usr %system  %guest   %wait    %CPU   CPU  Command
06:44:05        0    115575    6.00    1.00    0.00    0.00    7.00     2  hector_mapping_

06:44:04      UID       PID  minflt/s  majflt/s     VSZ     RSS   %MEM  Command
06:44:05        0    115575      0.00      0.00 1075116  451220   2.89  hector_mapping_

06:44:05      UID       PID    %usr %system  %guest   %wait    %CPU   CPU  Command
06:44:06        0    115575    6.00    1.00    0.00    0.00    7.00     2  hector_mapping_

06:44:05      UID       PID  minflt/s  majflt/s     VSZ     RSS   %MEM  Command
06:44:06        0    115575      0.00      0.00 1075116  451220   2.89  hector_mapping_

06:44:06      UID       PID    %usr %system  %guest   %wait    %CPU   CPU  Command
06:44:07        0    115575    6.00    0.00    0.00    0.00    6.00     2  hector_mapping_

06:44:06      UID       PID  minflt/s  majflt/s     VSZ     RSS   %MEM  Command
06:44:07        0    115575      0.00      0.00 1075116  451220   2.89  hector_mapping_

06:44:07      UID       PID    %usr %system  %guest   %wait    %CPU   CPU  Command
06:44:08        0    115575    6.00    1.00    0.00    0.00    7.00     2  hector_mapping_

06:44:07      UID       PID  minflt/s  majflt/s     VSZ     RSS   %MEM  Command
06:44:08        0    115575      0.00      0.00 1075116  451220   2.89  hector_mapping_

06:44:08      UID       PID    %usr %system  %guest   %wait    %CPU   CPU  Command
06:44:09        0    115575    6.00    0.00    0.00    0.00    6.00     2  hector_mapping_

06:44:08      UID       PID  minflt/s  majflt/s     VSZ     RSS   %MEM  Command
06:44:09        0    115575      0.00      0.00 1075116  451220   2.89  hector_mapping_

06:44:09      UID       PID    %usr %system  %guest   %wait    %CPU   CPU  Command
06:44:10        0    115575    6.00    1.00    0.00    0.00    7.00    10  hector_mapping_

06:44:09      UID       PID  minflt/s  majflt/s     VSZ     RSS   %MEM  Command
06:44:10        0    115575      0.00      0.00 1075116  451220   2.89  hector_mapping_

06:44:10      UID       PID    %usr %system  %guest   %wait    %CPU   CPU  Command
06:44:11        0    115575    6.00    1.00    0.00    0.00    7.00     2  hector_mapping_

06:44:10      UID       PID  minflt/s  majflt/s     VSZ     RSS   %MEM  Command
06:44:11        0    115575      0.00      0.00 1075116  451220   2.89  hector_mapping_

06:44:11      UID       PID    %usr %system  %guest   %wait    %CPU   CPU  Command
06:44:12        0    115575    6.00    1.00    0.00    0.00    7.00     3  hector_mapping_

06:44:11      UID       PID  minflt/s  majflt/s     VSZ     RSS   %MEM  Command
06:44:12        0    115575      0.00      0.00 1075116  451220   2.89  hector_mapping_

06:44:12      UID       PID    %usr %system  %guest   %wait    %CPU   CPU  Command
06:44:13        0    115575    7.00    0.00    0.00    0.00    7.00     3  hector_mapping_

06:44:12      UID       PID  minflt/s  majflt/s     VSZ     RSS   %MEM  Command
06:44:13        0    115575      0.00      0.00 1075116  451220   2.89  hector_mapping_

06:44:13      UID       PID    %usr %system  %guest   %wait    %CPU   CPU  Command
06:44:14        0    115575    6.00    0.00    0.00    1.00    6.00     3  hector_mapping_

06:44:13      UID       PID  minflt/s  majflt/s     VSZ     RSS   %MEM  Command
06:44:14        0    115575      0.00      0.00 1075116  451220   2.89  hector_mapping_

06:44:14      UID       PID    %usr %system  %guest   %wait    %CPU   CPU  Command
06:44:15        0    115575    7.00    1.00    0.00    0.00    8.00     3  hector_mapping_

06:44:14      UID       PID  minflt/s  majflt/s     VSZ     RSS   %MEM  Command
06:44:15        0    115575      0.00      0.00 1075116  451220   2.89  hector_mapping_

06:44:15      UID       PID    %usr %system  %guest   %wait    %CPU   CPU  Command
06:44:16        0    115575    6.00    0.00    0.00    0.00    6.00     7  hector_mapping_

06:44:15      UID       PID  minflt/s  majflt/s     VSZ     RSS   %MEM  Command
06:44:16        0    115575      0.00      0.00 1075116  451220   2.89  hector_mapping_

06:44:16      UID       PID    %usr %system  %guest   %wait    %CPU   CPU  Command
06:44:17        0    115575    6.00    1.00    0.00    0.00    7.00    12  hector_mapping_

06:44:16      UID       PID  minflt/s  majflt/s     VSZ     RSS   %MEM  Command
06:44:17        0    115575      0.00      0.00 1075116  451220   2.89  hector_mapping_

06:44:17      UID       PID    %usr %system  %guest   %wait    %CPU   CPU  Command
06:44:18        0    115575    7.00    0.00    0.00    0.00    7.00     0  hector_mapping_

06:44:17      UID       PID  minflt/s  majflt/s     VSZ     RSS   %MEM  Command
06:44:18        0    115575      0.00      0.00 1075116  451220   2.89  hector_mapping_

06:44:18      UID       PID    %usr %system  %guest   %wait    %CPU   CPU  Command
06:44:19        0    115575    6.00    1.00    0.00    0.00    7.00     3  hector_mapping_

06:44:18      UID       PID  minflt/s  majflt/s     VSZ     RSS   %MEM  Command
06:44:19        0    115575      0.00      0.00 1075116  451220   2.89  hector_mapping_

06:44:19      UID       PID    %usr %system  %guest   %wait    %CPU   CPU  Command
06:44:20        0    115575    6.00    1.00    0.00    0.00    7.00     8  hector_mapping_

06:44:19      UID       PID  minflt/s  majflt/s     VSZ     RSS   %MEM  Command
06:44:20        0    115575      0.00      0.00 1075116  451220   2.89  hector_mapping_

06:44:20      UID       PID    %usr %system  %guest   %wait    %CPU   CPU  Command
06:44:21        0    115575    6.00    0.00    0.00    0.00    6.00     3  hector_mapping_

06:44:20      UID       PID  minflt/s  majflt/s     VSZ     RSS   %MEM  Command
06:44:21        0    115575      0.00      0.00 1075116  451220   2.89  hector_mapping_

06:44:21      UID       PID    %usr %system  %guest   %wait    %CPU   CPU  Command
06:44:22        0    115575    6.00    1.00    0.00    0.00    7.00     8  hector_mapping_

06:44:21      UID       PID  minflt/s  majflt/s     VSZ     RSS   %MEM  Command
06:44:22        0    115575      0.00      0.00 1075116  451220   2.89  hector_mapping_

06:44:22      UID       PID    %usr %system  %guest   %wait    %CPU   CPU  Command
06:44:23        0    115575    6.00    1.00    0.00    0.00    7.00     3  hector_mapping_

06:44:22      UID       PID  minflt/s  majflt/s     VSZ     RSS   %MEM  Command
06:44:23        0    115575      0.00      0.00 1075116  451220   2.89  hector_mapping_

06:44:23      UID       PID    %usr %system  %guest   %wait    %CPU   CPU  Command
06:44:24        0    115575    6.00    1.00    0.00    0.00    7.00     3  hector_mapping_

06:44:23      UID       PID  minflt/s  majflt/s     VSZ     RSS   %MEM  Command
06:44:24        0    115575      0.00      0.00 1075116  451220   2.89  hector_mapping_

06:44:24      UID       PID    %usr %system  %guest   %wait    %CPU   CPU  Command
06:44:25        0    115575    6.00    0.00    0.00    0.00    6.00     6  hector_mapping_

06:44:24      UID       PID  minflt/s  majflt/s     VSZ     RSS   %MEM  Command
06:44:25        0    115575      0.00      0.00 1075116  451220   2.89  hector_mapping_

06:44:25      UID       PID    %usr %system  %guest   %wait    %CPU   CPU  Command
06:44:26        0    115575    6.00    1.00    0.00    0.00    7.00     3  hector_mapping_

06:44:25      UID       PID  minflt/s  majflt/s     VSZ     RSS   %MEM  Command
06:44:26        0    115575      0.00      0.00 1075116  451220   2.89  hector_mapping_

06:44:26      UID       PID    %usr %system  %guest   %wait    %CPU   CPU  Command
06:44:27        0    115575    7.00    0.00    0.00    0.00    7.00     0  hector_mapping_

06:44:26      UID       PID  minflt/s  majflt/s     VSZ     RSS   %MEM  Command
06:44:27        0    115575      0.00      0.00 1075116  451220   2.89  hector_mapping_

06:44:27      UID       PID    %usr %system  %guest   %wait    %CPU   CPU  Command
06:44:28        0    115575    6.00    1.00    0.00    0.00    7.00     4  hector_mapping_

06:44:27      UID       PID  minflt/s  majflt/s     VSZ     RSS   %MEM  Command
06:44:28        0    115575      0.00      0.00 1075116  451220   2.89  hector_mapping_

06:44:28      UID       PID    %usr %system  %guest   %wait    %CPU   CPU  Command
06:44:29        0    115575    7.00    1.00    0.00    0.00    8.00     6  hector_mapping_

06:44:28      UID       PID  minflt/s  majflt/s     VSZ     RSS   %MEM  Command
06:44:29        0    115575      0.00      0.00 1075116  451220   2.89  hector_mapping_

06:44:29      UID       PID    %usr %system  %guest   %wait    %CPU   CPU  Command
06:44:30        0    115575    6.00    0.00    0.00    0.00    6.00     3  hector_mapping_

06:44:29      UID       PID  minflt/s  majflt/s     VSZ     RSS   %MEM  Command
06:44:30        0    115575      0.00      0.00 1075116  451220   2.89  hector_mapping_

06:44:30      UID       PID    %usr %system  %guest   %wait    %CPU   CPU  Command
06:44:31        0    115575    7.00    1.00    0.00    0.00    8.00     3  hector_mapping_

06:44:30      UID       PID  minflt/s  majflt/s     VSZ     RSS   %MEM  Command
06:44:31        0    115575      0.00      0.00 1075116  451220   2.89  hector_mapping_

06:44:31      UID       PID    %usr %system  %guest   %wait    %CPU   CPU  Command
06:44:32        0    115575    5.00    1.00    0.00    0.00    6.00     6  hector_mapping_

06:44:31      UID       PID  minflt/s  majflt/s     VSZ     RSS   %MEM  Command
06:44:32        0    115575      0.00      0.00 1075116  451220   2.89  hector_mapping_

06:44:32      UID       PID    %usr %system  %guest   %wait    %CPU   CPU  Command
06:44:33        0    115575    6.00    1.00    0.00    0.00    7.00     8  hector_mapping_

06:44:32      UID       PID  minflt/s  majflt/s     VSZ     RSS   %MEM  Command
06:44:33        0    115575      0.00      0.00 1075116  451220   2.89  hector_mapping_

06:44:33      UID       PID    %usr %system  %guest   %wait    %CPU   CPU  Command
06:44:34        0    115575    7.00    0.00    0.00    0.00    7.00     8  hector_mapping_

06:44:33      UID       PID  minflt/s  majflt/s     VSZ     RSS   %MEM  Command
06:44:34        0    115575      0.00      0.00 1075116  451220   2.89  hector_mapping_

06:44:34      UID       PID    %usr %system  %guest   %wait    %CPU   CPU  Command
06:44:35        0    115575    7.00    0.00    0.00    0.00    7.00     2  hector_mapping_

06:44:34      UID       PID  minflt/s  majflt/s     VSZ     RSS   %MEM  Command
06:44:35        0    115575      0.00      0.00 1075116  451220   2.89  hector_mapping_

06:44:35      UID       PID    %usr %system  %guest   %wait    %CPU   CPU  Command
06:44:36        0    115575    6.00    0.00    0.00    0.00    6.00     2  hector_mapping_

06:44:35      UID       PID  minflt/s  majflt/s     VSZ     RSS   %MEM  Command
06:44:36        0    115575      0.00      0.00 1075116  451220   2.89  hector_mapping_

06:44:36      UID       PID    %usr %system  %guest   %wait    %CPU   CPU  Command
06:44:37        0    115575    6.00    1.00    0.00    0.00    7.00     1  hector_mapping_

06:44:36      UID       PID  minflt/s  majflt/s     VSZ     RSS   %MEM  Command
06:44:37        0    115575      0.00      0.00 1075116  451220   2.89  hector_mapping_

06:44:37      UID       PID    %usr %system  %guest   %wait    %CPU   CPU  Command
06:44:38        0    115575    7.00    1.00    0.00    0.00    8.00     2  hector_mapping_

06:44:37      UID       PID  minflt/s  majflt/s     VSZ     RSS   %MEM  Command
06:44:38        0    115575      0.00      0.00 1075116  451220   2.89  hector_mapping_

06:44:38      UID       PID    %usr %system  %guest   %wait    %CPU   CPU  Command
06:44:39        0    115575    6.00    0.00    0.00    0.00    6.00     4  hector_mapping_

06:44:38      UID       PID  minflt/s  majflt/s     VSZ     RSS   %MEM  Command
06:44:39        0    115575      0.00      0.00 1075116  451220   2.89  hector_mapping_

06:44:39      UID       PID    %usr %system  %guest   %wait    %CPU   CPU  Command
06:44:40        0    115575    6.00    1.00    0.00    0.00    7.00     2  hector_mapping_

06:44:39      UID       PID  minflt/s  majflt/s     VSZ     RSS   %MEM  Command
06:44:40        0    115575      0.00      0.00 1075116  451220   2.89  hector_mapping_

06:44:40      UID       PID    %usr %system  %guest   %wait    %CPU   CPU  Command
06:44:41        0    115575    7.00    0.00    0.00    0.00    7.00     6  hector_mapping_

06:44:40      UID       PID  minflt/s  majflt/s     VSZ     RSS   %MEM  Command
06:44:41        0    115575      0.00      0.00 1075116  451220   2.89  hector_mapping_

06:44:41      UID       PID    %usr %system  %guest   %wait    %CPU   CPU  Command
06:44:42        0    115575    5.00    1.00    0.00    0.00    6.00     6  hector_mapping_

06:44:41      UID       PID  minflt/s  majflt/s     VSZ     RSS   %MEM  Command
06:44:42        0    115575      0.00      0.00 1075116  451220   2.89  hector_mapping_

06:44:42      UID       PID    %usr %system  %guest   %wait    %CPU   CPU  Command
06:44:43        0    115575    6.00    1.00    0.00    0.00    7.00     2  hector_mapping_

06:44:42      UID       PID  minflt/s  majflt/s     VSZ     RSS   %MEM  Command
06:44:43        0    115575      0.00      0.00 1075116  451220   2.89  hector_mapping_

06:44:43      UID       PID    %usr %system  %guest   %wait    %CPU   CPU  Command
06:44:44        0    115575    7.00    0.00    0.00    0.00    7.00    12  hector_mapping_

06:44:43      UID       PID  minflt/s  majflt/s     VSZ     RSS   %MEM  Command
06:44:44        0    115575      0.00      0.00 1075116  451220   2.89  hector_mapping_

06:44:44      UID       PID    %usr %system  %guest   %wait    %CPU   CPU  Command
06:44:45        0    115575    6.00    1.00    0.00    0.00    7.00     2  hector_mapping_

06:44:44      UID       PID  minflt/s  majflt/s     VSZ     RSS   %MEM  Command
06:44:45        0    115575      0.00      0.00 1075116  451220   2.89  hector_mapping_

06:44:45      UID       PID    %usr %system  %guest   %wait    %CPU   CPU  Command
06:44:46        0    115575    7.00    1.00    0.00    0.00    8.00     2  hector_mapping_

06:44:45      UID       PID  minflt/s  majflt/s     VSZ     RSS   %MEM  Command
06:44:46        0    115575      0.00      0.00 1075116  451220   2.89  hector_mapping_

06:44:46      UID       PID    %usr %system  %guest   %wait    %CPU   CPU  Command
06:44:47        0    115575    6.00    0.00    0.00    0.00    6.00     8  hector_mapping_

06:44:46      UID       PID  minflt/s  majflt/s     VSZ     RSS   %MEM  Command
06:44:47        0    115575      0.00      0.00 1075116  451220   2.89  hector_mapping_

06:44:47      UID       PID    %usr %system  %guest   %wait    %CPU   CPU  Command
06:44:48        0    115575    6.00    1.00    0.00    0.00    7.00     3  hector_mapping_

06:44:47      UID       PID  minflt/s  majflt/s     VSZ     RSS   %MEM  Command
06:44:48        0    115575      0.00      0.00 1075116  451220   2.89  hector_mapping_

06:44:48      UID       PID    %usr %system  %guest   %wait    %CPU   CPU  Command
06:44:49        0    115575    6.00    1.00    0.00    1.00    7.00     3  hector_mapping_

06:44:48      UID       PID  minflt/s  majflt/s     VSZ     RSS   %MEM  Command
06:44:49        0    115575      0.00      0.00 1075116  451220   2.89  hector_mapping_

06:44:49      UID       PID    %usr %system  %guest   %wait    %CPU   CPU  Command
06:44:50        0    115575    6.00    0.00    0.00    0.00    6.00     8  hector_mapping_

06:44:49      UID       PID  minflt/s  majflt/s     VSZ     RSS   %MEM  Command
06:44:50        0    115575      0.00      0.00 1075116  451220   2.89  hector_mapping_

06:44:50      UID       PID    %usr %system  %guest   %wait    %CPU   CPU  Command
06:44:51        0    115575    6.00    1.00    0.00    0.00    7.00     4  hector_mapping_

06:44:50      UID       PID  minflt/s  majflt/s     VSZ     RSS   %MEM  Command
06:44:51        0    115575      0.00      0.00 1075116  451220   2.89  hector_mapping_

06:44:51      UID       PID    %usr %system  %guest   %wait    %CPU   CPU  Command
06:44:52        0    115575    7.00    0.00    0.00    0.00    7.00     6  hector_mapping_

06:44:51      UID       PID  minflt/s  majflt/s     VSZ     RSS   %MEM  Command
06:44:52        0    115575      0.00      0.00 1075116  451220   2.89  hector_mapping_

06:44:52      UID       PID    %usr %system  %guest   %wait    %CPU   CPU  Command
06:44:53        0    115575    5.00    1.00    0.00    0.00    6.00     6  hector_mapping_

06:44:52      UID       PID  minflt/s  majflt/s     VSZ     RSS   %MEM  Command
06:44:53        0    115575      0.00      0.00 1075116  451220   2.89  hector_mapping_

06:44:53      UID       PID    %usr %system  %guest   %wait    %CPU   CPU  Command
06:44:54        0    115575    7.00    0.00    0.00    0.00    7.00     3  hector_mapping_

06:44:53      UID       PID  minflt/s  majflt/s     VSZ     RSS   %MEM  Command
06:44:54        0    115575      0.00      0.00 1075116  451220   2.89  hector_mapping_

06:44:54      UID       PID    %usr %system  %guest   %wait    %CPU   CPU  Command
06:44:55        0    115575    6.00    1.00    0.00    0.00    7.00     6  hector_mapping_

06:44:54      UID       PID  minflt/s  majflt/s     VSZ     RSS   %MEM  Command
06:44:55        0    115575      0.00      0.00 1075116  451220   2.89  hector_mapping_

06:44:55      UID       PID    %usr %system  %guest   %wait    %CPU   CPU  Command
06:44:56        0    115575    7.00    0.00    0.00    0.00    7.00     7  hector_mapping_

06:44:55      UID       PID  minflt/s  majflt/s     VSZ     RSS   %MEM  Command
06:44:56        0    115575      0.00      0.00 1075116  451220   2.89  hector_mapping_

06:44:56      UID       PID    %usr %system  %guest   %wait    %CPU   CPU  Command
06:44:57        0    115575    6.00    1.00    0.00    0.00    7.00     7  hector_mapping_

06:44:56      UID       PID  minflt/s  majflt/s     VSZ     RSS   %MEM  Command
06:44:57        0    115575      0.00      0.00 1075116  451220   2.89  hector_mapping_

06:44:57      UID       PID    %usr %system  %guest   %wait    %CPU   CPU  Command
06:44:58        0    115575    6.00    1.00    0.00    0.00    7.00     8  hector_mapping_

06:44:57      UID       PID  minflt/s  majflt/s     VSZ     RSS   %MEM  Command
06:44:58        0    115575      0.00      0.00 1075116  451220   2.89  hector_mapping_

06:44:58      UID       PID    %usr %system  %guest   %wait    %CPU   CPU  Command
06:44:59        0    115575    7.00    0.00    0.00    0.00    7.00     6  hector_mapping_

06:44:58      UID       PID  minflt/s  majflt/s     VSZ     RSS   %MEM  Command
06:44:59        0    115575      0.00      0.00 1075116  451220   2.89  hector_mapping_

06:44:59      UID       PID    %usr %system  %guest   %wait    %CPU   CPU  Command
06:45:00        0    115575    6.00    1.00    0.00    0.00    7.00     0  hector_mapping_

06:44:59      UID       PID  minflt/s  majflt/s     VSZ     RSS   %MEM  Command
06:45:00        0    115575      0.00      0.00 1075116  451220   2.89  hector_mapping_

06:45:00      UID       PID    %usr %system  %guest   %wait    %CPU   CPU  Command
06:45:01        0    115575    6.00    1.00    0.00    0.00    7.00     6  hector_mapping_

06:45:00      UID       PID  minflt/s  majflt/s     VSZ     RSS   %MEM  Command
06:45:01        0    115575      0.00      0.00 1075116  451220   2.89  hector_mapping_

06:45:01      UID       PID    %usr %system  %guest   %wait    %CPU   CPU  Command
06:45:02        0    115575    7.00    0.00    0.00    0.00    7.00     0  hector_mapping_

06:45:01      UID       PID  minflt/s  majflt/s     VSZ     RSS   %MEM  Command
06:45:02        0    115575      0.00      0.00 1075116  451220   2.89  hector_mapping_

06:45:02      UID       PID    %usr %system  %guest   %wait    %CPU   CPU  Command
06:45:03        0    115575    6.00    1.00    0.00    0.00    7.00     4  hector_mapping_

06:45:02      UID       PID  minflt/s  majflt/s     VSZ     RSS   %MEM  Command
06:45:03        0    115575      0.00      0.00 1075116  451220   2.89  hector_mapping_

06:45:03      UID       PID    %usr %system  %guest   %wait    %CPU   CPU  Command
06:45:04        0    115575    6.00    0.00    0.00    0.00    6.00     2  hector_mapping_

06:45:03      UID       PID  minflt/s  majflt/s     VSZ     RSS   %MEM  Command
06:45:04        0    115575      0.00      0.00 1075116  451220   2.89  hector_mapping_

06:45:04      UID       PID    %usr %system  %guest   %wait    %CPU   CPU  Command
06:45:05        0    115575    7.00    1.00    0.00    0.00    8.00     6  hector_mapping_

06:45:04      UID       PID  minflt/s  majflt/s     VSZ     RSS   %MEM  Command
06:45:05        0    115575      0.00      0.00 1075116  451220   2.89  hector_mapping_

06:45:05      UID       PID    %usr %system  %guest   %wait    %CPU   CPU  Command
06:45:06        0    115575    6.00    0.00    0.00    0.00    6.00     6  hector_mapping_

06:45:05      UID       PID  minflt/s  majflt/s     VSZ     RSS   %MEM  Command
06:45:06        0    115575      0.00      0.00 1075116  451220   2.89  hector_mapping_

06:45:06      UID       PID    %usr %system  %guest   %wait    %CPU   CPU  Command
06:45:07        0    115575    6.00    1.00    0.00    0.00    7.00     2  hector_mapping_

06:45:06      UID       PID  minflt/s  majflt/s     VSZ     RSS   %MEM  Command
06:45:07        0    115575      0.00      0.00 1075116  451220   2.89  hector_mapping_

06:45:07      UID       PID    %usr %system  %guest   %wait    %CPU   CPU  Command
06:45:08        0    115575    7.00    0.00    0.00    0.00    7.00    10  hector_mapping_

06:45:07      UID       PID  minflt/s  majflt/s     VSZ     RSS   %MEM  Command
06:45:08        0    115575      0.00      0.00 1075116  451220   2.89  hector_mapping_

06:45:08      UID       PID    %usr %system  %guest   %wait    %CPU   CPU  Command
06:45:09        0    115575    6.00    1.00    0.00    0.00    7.00     8  hector_mapping_

06:45:08      UID       PID  minflt/s  majflt/s     VSZ     RSS   %MEM  Command
06:45:09        0    115575      0.00      0.00 1075116  451220   2.89  hector_mapping_

06:45:09      UID       PID    %usr %system  %guest   %wait    %CPU   CPU  Command
06:45:10        0    115575    6.00    1.00    0.00    0.00    7.00     2  hector_mapping_

06:45:09      UID       PID  minflt/s  majflt/s     VSZ     RSS   %MEM  Command
06:45:10        0    115575      0.00      0.00 1075116  451220   2.89  hector_mapping_

06:45:10      UID       PID    %usr %system  %guest   %wait    %CPU   CPU  Command
06:45:11        0    115575    7.00    0.00    0.00    0.00    7.00     6  hector_mapping_

06:45:10      UID       PID  minflt/s  majflt/s     VSZ     RSS   %MEM  Command
06:45:11        0    115575      0.00      0.00 1075116  451220   2.89  hector_mapping_

06:45:11      UID       PID    %usr %system  %guest   %wait    %CPU   CPU  Command
06:45:12        0    115575    6.00    1.00    0.00    0.00    7.00     0  hector_mapping_

06:45:11      UID       PID  minflt/s  majflt/s     VSZ     RSS   %MEM  Command
06:45:12        0    115575      0.00      0.00 1075116  451220   2.89  hector_mapping_

06:45:12      UID       PID    %usr %system  %guest   %wait    %CPU   CPU  Command
06:45:13        0    115575    6.00    1.00    0.00    0.00    7.00    14  hector_mapping_

06:45:12      UID       PID  minflt/s  majflt/s     VSZ     RSS   %MEM  Command
06:45:13        0    115575      0.00      0.00 1075116  451220   2.89  hector_mapping_

06:45:13      UID       PID    %usr %system  %guest   %wait    %CPU   CPU  Command
06:45:14        0    115575    6.00    0.00    0.00    0.00    6.00    14  hector_mapping_

06:45:13      UID       PID  minflt/s  majflt/s     VSZ     RSS   %MEM  Command
06:45:14        0    115575      0.00      0.00 1075116  451220   2.89  hector_mapping_

06:45:14      UID       PID    %usr %system  %guest   %wait    %CPU   CPU  Command
06:45:15        0    115575    6.00    1.00    0.00    0.00    7.00     6  hector_mapping_

06:45:14      UID       PID  minflt/s  majflt/s     VSZ     RSS   %MEM  Command
06:45:15        0    115575      0.00      0.00 1075116  451220   2.89  hector_mapping_

06:45:15      UID       PID    %usr %system  %guest   %wait    %CPU   CPU  Command
06:45:16        0    115575    6.00    1.00    0.00    0.00    7.00     6  hector_mapping_

06:45:15      UID       PID  minflt/s  majflt/s     VSZ     RSS   %MEM  Command
06:45:16        0    115575      0.00      0.00 1075116  451220   2.89  hector_mapping_

06:45:16      UID       PID    %usr %system  %guest   %wait    %CPU   CPU  Command
06:45:17        0    115575    6.00    0.00    0.00    0.00    6.00    14  hector_mapping_

06:45:16      UID       PID  minflt/s  majflt/s     VSZ     RSS   %MEM  Command
06:45:17        0    115575      0.00      0.00 1075116  451220   2.89  hector_mapping_

06:45:17      UID       PID    %usr %system  %guest   %wait    %CPU   CPU  Command
06:45:18        0    115575    6.00    1.00    0.00    0.00    7.00     6  hector_mapping_

06:45:17      UID       PID  minflt/s  majflt/s     VSZ     RSS   %MEM  Command
06:45:18        0    115575      0.00      0.00 1075116  451220   2.89  hector_mapping_

06:45:18      UID       PID    %usr %system  %guest   %wait    %CPU   CPU  Command
06:45:19        0    115575    7.00    0.00    0.00    0.00    7.00     0  hector_mapping_

06:45:18      UID       PID  minflt/s  majflt/s     VSZ     RSS   %MEM  Command
06:45:19        0    115575      0.00      0.00 1075116  451220   2.89  hector_mapping_

06:45:19      UID       PID    %usr %system  %guest   %wait    %CPU   CPU  Command
06:45:20        0    115575    6.00    1.00    0.00    0.00    7.00     4  hector_mapping_

06:45:19      UID       PID  minflt/s  majflt/s     VSZ     RSS   %MEM  Command
06:45:20        0    115575      0.00      0.00 1075116  451220   2.89  hector_mapping_

06:45:20      UID       PID    %usr %system  %guest   %wait    %CPU   CPU  Command
06:45:21        0    115575    7.00    0.00    0.00    0.00    7.00    12  hector_mapping_

06:45:20      UID       PID  minflt/s  majflt/s     VSZ     RSS   %MEM  Command
06:45:21        0    115575      0.00      0.00 1075116  451220   2.89  hector_mapping_

06:45:21      UID       PID    %usr %system  %guest   %wait    %CPU   CPU  Command
06:45:22        0    115575    7.00    0.00    0.00    0.00    7.00    12  hector_mapping_

06:45:21      UID       PID  minflt/s  majflt/s     VSZ     RSS   %MEM  Command
06:45:22        0    115575      0.00      0.00 1075116  451220   2.89  hector_mapping_

06:45:22      UID       PID    %usr %system  %guest   %wait    %CPU   CPU  Command
06:45:23        0    115575    6.00    1.00    0.00    0.00    7.00     3  hector_mapping_

06:45:22      UID       PID  minflt/s  majflt/s     VSZ     RSS   %MEM  Command
06:45:23        0    115575      0.00      0.00 1075116  451220   2.89  hector_mapping_

06:45:23      UID       PID    %usr %system  %guest   %wait    %CPU   CPU  Command
06:45:24        0    115575    6.00    1.00    0.00    0.00    7.00     3  hector_mapping_

06:45:23      UID       PID  minflt/s  majflt/s     VSZ     RSS   %MEM  Command
06:45:24        0    115575      0.00      0.00 1075116  451220   2.89  hector_mapping_

06:45:24      UID       PID    %usr %system  %guest   %wait    %CPU   CPU  Command
06:45:25        0    115575    6.00    1.00    0.00    0.00    7.00     3  hector_mapping_

06:45:24      UID       PID  minflt/s  majflt/s     VSZ     RSS   %MEM  Command
06:45:25        0    115575      0.00      0.00 1075116  451220   2.89  hector_mapping_

06:45:25      UID       PID    %usr %system  %guest   %wait    %CPU   CPU  Command
06:45:26        0    115575    6.00    1.00    0.00    0.00    7.00     3  hector_mapping_

06:45:25      UID       PID  minflt/s  majflt/s     VSZ     RSS   %MEM  Command
06:45:26        0    115575      0.00      0.00 1075116  451220   2.89  hector_mapping_

06:45:26      UID       PID    %usr %system  %guest   %wait    %CPU   CPU  Command
06:45:27        0    115575    6.00    0.00    0.00    0.00    6.00     0  hector_mapping_

06:45:26      UID       PID  minflt/s  majflt/s     VSZ     RSS   %MEM  Command
06:45:27        0    115575      0.00      0.00 1075116  451220   2.89  hector_mapping_

06:45:27      UID       PID    %usr %system  %guest   %wait    %CPU   CPU  Command
06:45:28        0    115575    6.00    1.00    0.00    0.00    7.00     2  hector_mapping_

06:45:27      UID       PID  minflt/s  majflt/s     VSZ     RSS   %MEM  Command
06:45:28        0    115575      0.00      0.00 1075116  451220   2.89  hector_mapping_

06:45:28      UID       PID    %usr %system  %guest   %wait    %CPU   CPU  Command
06:45:29        0    115575    7.00    0.00    0.00    0.00    7.00     2  hector_mapping_

06:45:28      UID       PID  minflt/s  majflt/s     VSZ     RSS   %MEM  Command
06:45:29        0    115575      0.00      0.00 1075116  451220   2.89  hector_mapping_

06:45:29      UID       PID    %usr %system  %guest   %wait    %CPU   CPU  Command
06:45:30        0    115575    7.00    1.00    0.00    0.00    8.00     2  hector_mapping_

06:45:29      UID       PID  minflt/s  majflt/s     VSZ     RSS   %MEM  Command
06:45:30        0    115575      0.00      0.00 1075116  451220   2.89  hector_mapping_

06:45:30      UID       PID    %usr %system  %guest   %wait    %CPU   CPU  Command
06:45:31        0    115575    6.00    0.00    0.00    0.00    6.00     2  hector_mapping_

06:45:30      UID       PID  minflt/s  majflt/s     VSZ     RSS   %MEM  Command
06:45:31        0    115575      0.00      0.00 1075116  451220   2.89  hector_mapping_

06:45:31      UID       PID    %usr %system  %guest   %wait    %CPU   CPU  Command
06:45:32        0    115575    7.00    0.00    0.00    0.00    7.00     0  hector_mapping_

06:45:31      UID       PID  minflt/s  majflt/s     VSZ     RSS   %MEM  Command
06:45:32        0    115575      0.00      0.00 1075116  451220   2.89  hector_mapping_

06:45:32      UID       PID    %usr %system  %guest   %wait    %CPU   CPU  Command
06:45:33        0    115575    6.00    1.00    0.00    0.00    7.00     2  hector_mapping_

06:45:32      UID       PID  minflt/s  majflt/s     VSZ     RSS   %MEM  Command
06:45:33        0    115575      0.00      0.00 1075116  451220   2.89  hector_mapping_

06:45:33      UID       PID    %usr %system  %guest   %wait    %CPU   CPU  Command
06:45:34        0    115575    6.00    1.00    0.00    0.00    7.00    14  hector_mapping_

06:45:33      UID       PID  minflt/s  majflt/s     VSZ     RSS   %MEM  Command
06:45:34        0    115575      0.00      0.00 1075116  451220   2.89  hector_mapping_

06:45:34      UID       PID    %usr %system  %guest   %wait    %CPU   CPU  Command
06:45:35        0    115575    6.00    1.00    0.00    0.00    7.00     0  hector_mapping_

06:45:34      UID       PID  minflt/s  majflt/s     VSZ     RSS   %MEM  Command
06:45:35        0    115575      0.00      0.00 1075116  451220   2.89  hector_mapping_

06:45:35      UID       PID    %usr %system  %guest   %wait    %CPU   CPU  Command
06:45:36        0    115575    6.93    0.00    0.00    0.00    6.93     0  hector_mapping_

06:45:35      UID       PID  minflt/s  majflt/s     VSZ     RSS   %MEM  Command
06:45:36        0    115575      0.00      0.00 1075116  451220   2.89  hector_mapping_

06:45:36      UID       PID    %usr %system  %guest   %wait    %CPU   CPU  Command
06:45:37        0    115575    6.00    1.00    0.00    0.00    7.00     8  hector_mapping_

06:45:36      UID       PID  minflt/s  majflt/s     VSZ     RSS   %MEM  Command
06:45:37        0    115575      0.00      0.00 1075116  451220   2.89  hector_mapping_

06:45:37      UID       PID    %usr %system  %guest   %wait    %CPU   CPU  Command
06:45:38        0    115575    7.00    0.00    0.00    0.00    7.00     6  hector_mapping_

06:45:37      UID       PID  minflt/s  majflt/s     VSZ     RSS   %MEM  Command
06:45:38        0    115575      0.00      0.00 1075116  451220   2.89  hector_mapping_

06:45:38      UID       PID    %usr %system  %guest   %wait    %CPU   CPU  Command
06:45:39        0    115575    6.00    1.00    0.00    0.00    7.00     7  hector_mapping_

06:45:38      UID       PID  minflt/s  majflt/s     VSZ     RSS   %MEM  Command
06:45:39        0    115575      0.00      0.00 1075116  451220   2.89  hector_mapping_

06:45:39      UID       PID    %usr %system  %guest   %wait    %CPU   CPU  Command
06:45:40        0    115575    6.00    0.00    0.00    0.00    6.00     7  hector_mapping_

06:45:39      UID       PID  minflt/s  majflt/s     VSZ     RSS   %MEM  Command
06:45:40        0    115575      0.00      0.00 1075116  451220   2.89  hector_mapping_

06:45:40      UID       PID    %usr %system  %guest   %wait    %CPU   CPU  Command
06:45:41        0    115575    7.00    1.00    0.00    0.00    8.00     8  hector_mapping_

06:45:40      UID       PID  minflt/s  majflt/s     VSZ     RSS   %MEM  Command
06:45:41        0    115575      0.00      0.00 1075116  451220   2.89  hector_mapping_

06:45:41      UID       PID    %usr %system  %guest   %wait    %CPU   CPU  Command
06:45:42        0    115575    6.00    0.00    0.00    0.00    6.00     2  hector_mapping_

06:45:41      UID       PID  minflt/s  majflt/s     VSZ     RSS   %MEM  Command
06:45:42        0    115575      0.00      0.00 1075116  451220   2.89  hector_mapping_

06:45:42      UID       PID    %usr %system  %guest   %wait    %CPU   CPU  Command
06:45:43        0    115575    6.00    1.00    0.00    0.00    7.00     6  hector_mapping_

06:45:42      UID       PID  minflt/s  majflt/s     VSZ     RSS   %MEM  Command
06:45:43        0    115575      0.00      0.00 1075116  451220   2.89  hector_mapping_

06:45:43      UID       PID    %usr %system  %guest   %wait    %CPU   CPU  Command
06:45:44        0    115575    6.00    1.00    0.00    0.00    7.00     8  hector_mapping_

06:45:43      UID       PID  minflt/s  majflt/s     VSZ     RSS   %MEM  Command
06:45:44        0    115575      0.00      0.00 1075116  451220   2.89  hector_mapping_

06:45:44      UID       PID    %usr %system  %guest   %wait    %CPU   CPU  Command
06:45:45        0    115575    7.00    0.00    0.00    0.00    7.00     2  hector_mapping_

06:45:44      UID       PID  minflt/s  majflt/s     VSZ     RSS   %MEM  Command
06:45:45        0    115575      0.00      0.00 1075116  451220   2.89  hector_mapping_

06:45:45      UID       PID    %usr %system  %guest   %wait    %CPU   CPU  Command
06:45:46        0    115575    6.00    1.00    0.00    0.00    7.00     6  hector_mapping_

06:45:45      UID       PID  minflt/s  majflt/s     VSZ     RSS   %MEM  Command
06:45:46        0    115575      0.00      0.00 1075116  451220   2.89  hector_mapping_

06:45:46      UID       PID    %usr %system  %guest   %wait    %CPU   CPU  Command
06:45:47        0    115575    5.00    0.00    0.00    0.00    5.00     2  hector_mapping_

06:45:46      UID       PID  minflt/s  majflt/s     VSZ     RSS   %MEM  Command
06:45:47        0    115575      0.00      0.00 1075116  451220   2.89  hector_mapping_

06:45:47      UID       PID    %usr %system  %guest   %wait    %CPU   CPU  Command
06:45:48        0    115575    7.00    1.00    0.00    0.00    8.00     6  hector_mapping_

06:45:47      UID       PID  minflt/s  majflt/s     VSZ     RSS   %MEM  Command
06:45:48        0    115575      0.00      0.00 1075116  451220   2.89  hector_mapping_

06:45:48      UID       PID    %usr %system  %guest   %wait    %CPU   CPU  Command
06:45:49        0    115575    6.00    0.00    0.00    0.00    6.00     6  hector_mapping_

06:45:48      UID       PID  minflt/s  majflt/s     VSZ     RSS   %MEM  Command
06:45:49        0    115575      0.00      0.00 1075116  451220   2.89  hector_mapping_

06:45:49      UID       PID    %usr %system  %guest   %wait    %CPU   CPU  Command
06:45:50        0    115575    6.00    1.00    0.00    0.00    7.00     7  hector_mapping_

06:45:49      UID       PID  minflt/s  majflt/s     VSZ     RSS   %MEM  Command
06:45:50        0    115575      0.00      0.00 1075116  451220   2.89  hector_mapping_

06:45:50      UID       PID    %usr %system  %guest   %wait    %CPU   CPU  Command
06:45:51        0    115575    6.00    1.00    0.00    0.00    7.00     8  hector_mapping_

06:45:50      UID       PID  minflt/s  majflt/s     VSZ     RSS   %MEM  Command
06:45:51        0    115575      0.00      0.00 1075116  451220   2.89  hector_mapping_

06:45:51      UID       PID    %usr %system  %guest   %wait    %CPU   CPU  Command
06:45:52        0    115575    6.00    1.00    0.00    0.00    7.00     7  hector_mapping_

06:45:51      UID       PID  minflt/s  majflt/s     VSZ     RSS   %MEM  Command
06:45:52        0    115575      0.00      0.00 1075116  451220   2.89  hector_mapping_

06:45:52      UID       PID    %usr %system  %guest   %wait    %CPU   CPU  Command
06:45:53        0    115575    7.00    0.00    0.00    0.00    7.00     7  hector_mapping_

06:45:52      UID       PID  minflt/s  majflt/s     VSZ     RSS   %MEM  Command
06:45:53        0    115575      0.00      0.00 1075116  451220   2.89  hector_mapping_

06:45:53      UID       PID    %usr %system  %guest   %wait    %CPU   CPU  Command
06:45:54        0    115575    6.00    1.00    0.00    0.00    7.00     2  hector_mapping_

06:45:53      UID       PID  minflt/s  majflt/s     VSZ     RSS   %MEM  Command
06:45:54        0    115575      0.00      0.00 1075116  451220   2.89  hector_mapping_

06:45:54      UID       PID    %usr %system  %guest   %wait    %CPU   CPU  Command
06:45:55        0    115575    7.00    0.00    0.00    0.00    7.00     2  hector_mapping_

06:45:54      UID       PID  minflt/s  majflt/s     VSZ     RSS   %MEM  Command
06:45:55        0    115575      0.00      0.00 1075116  451220   2.89  hector_mapping_

06:45:55      UID       PID    %usr %system  %guest   %wait    %CPU   CPU  Command
06:45:56        0    115575    6.00    1.00    0.00    0.00    7.00     7  hector_mapping_

06:45:55      UID       PID  minflt/s  majflt/s     VSZ     RSS   %MEM  Command
06:45:56        0    115575      0.00      0.00 1075116  451220   2.89  hector_mapping_

06:45:56      UID       PID    %usr %system  %guest   %wait    %CPU   CPU  Command
06:45:57        0    115575    6.00    0.00    0.00    0.00    6.00     1  hector_mapping_

06:45:56      UID       PID  minflt/s  majflt/s     VSZ     RSS   %MEM  Command
06:45:57        0    115575      0.00      0.00 1075116  451220   2.89  hector_mapping_

06:45:57      UID       PID    %usr %system  %guest   %wait    %CPU   CPU  Command
06:45:58        0    115575    6.00    1.00    0.00    0.00    7.00     6  hector_mapping_

06:45:57      UID       PID  minflt/s  majflt/s     VSZ     RSS   %MEM  Command
06:45:58        0    115575      0.00      0.00 1075116  451220   2.89  hector_mapping_

06:45:58      UID       PID    %usr %system  %guest   %wait    %CPU   CPU  Command
06:45:59        0    115575    7.00    0.00    0.00    0.00    7.00    14  hector_mapping_

06:45:58      UID       PID  minflt/s  majflt/s     VSZ     RSS   %MEM  Command
06:45:59        0    115575      0.00      0.00 1075116  451220   2.89  hector_mapping_

06:45:59      UID       PID    %usr %system  %guest   %wait    %CPU   CPU  Command
06:46:00        0    115575    6.00    1.00    0.00    0.00    7.00     2  hector_mapping_

06:45:59      UID       PID  minflt/s  majflt/s     VSZ     RSS   %MEM  Command
06:46:00        0    115575      0.00      0.00 1075116  451220   2.89  hector_mapping_

06:46:00      UID       PID    %usr %system  %guest   %wait    %CPU   CPU  Command
06:46:01        0    115575    7.00    0.00    0.00    0.00    7.00     6  hector_mapping_

06:46:00      UID       PID  minflt/s  majflt/s     VSZ     RSS   %MEM  Command
06:46:01        0    115575      0.00      0.00 1075116  451220   2.89  hector_mapping_

06:46:01      UID       PID    %usr %system  %guest   %wait    %CPU   CPU  Command
06:46:02        0    115575    5.00    1.00    0.00    0.00    6.00     8  hector_mapping_

06:46:01      UID       PID  minflt/s  majflt/s     VSZ     RSS   %MEM  Command
06:46:02        0    115575      0.00      0.00 1075116  451220   2.89  hector_mapping_

06:46:02      UID       PID    %usr %system  %guest   %wait    %CPU   CPU  Command
06:46:03        0    115575    7.00    0.00    0.00    0.00    7.00     2  hector_mapping_

06:46:02      UID       PID  minflt/s  majflt/s     VSZ     RSS   %MEM  Command
06:46:03        0    115575      0.00      0.00 1075116  451220   2.89  hector_mapping_

06:46:03      UID       PID    %usr %system  %guest   %wait    %CPU   CPU  Command
06:46:04        0    115575    6.00    1.00    0.00    0.00    7.00     2  hector_mapping_

06:46:03      UID       PID  minflt/s  majflt/s     VSZ     RSS   %MEM  Command
06:46:04        0    115575      0.00      0.00 1075116  451220   2.89  hector_mapping_

06:46:04      UID       PID    %usr %system  %guest   %wait    %CPU   CPU  Command
06:46:05        0    115575    6.00    0.00    0.00    0.00    6.00    10  hector_mapping_

06:46:04      UID       PID  minflt/s  majflt/s     VSZ     RSS   %MEM  Command
06:46:05        0    115575      0.00      0.00 1075116  451220   2.89  hector_mapping_

06:46:05      UID       PID    %usr %system  %guest   %wait    %CPU   CPU  Command
06:46:06        0    115575    7.00    0.00    0.00    0.00    7.00     6  hector_mapping_

06:46:05      UID       PID  minflt/s  majflt/s     VSZ     RSS   %MEM  Command
06:46:06        0    115575      0.00      0.00 1075116  451220   2.89  hector_mapping_

06:46:06      UID       PID    %usr %system  %guest   %wait    %CPU   CPU  Command
06:46:07        0    115575    5.00    2.00    0.00    0.00    7.00     3  hector_mapping_

06:46:06      UID       PID  minflt/s  majflt/s     VSZ     RSS   %MEM  Command
06:46:07        0    115575      0.00      0.00 1075116  451220   2.89  hector_mapping_

06:46:07      UID       PID    %usr %system  %guest   %wait    %CPU   CPU  Command
06:46:08        0    115575    7.00    0.00    0.00    0.00    7.00     6  hector_mapping_

06:46:07      UID       PID  minflt/s  majflt/s     VSZ     RSS   %MEM  Command
06:46:08        0    115575      0.00      0.00 1075116  451220   2.89  hector_mapping_

06:46:08      UID       PID    %usr %system  %guest   %wait    %CPU   CPU  Command
06:46:09        0    115575    6.00    1.00    0.00    0.00    7.00     7  hector_mapping_

06:46:08      UID       PID  minflt/s  majflt/s     VSZ     RSS   %MEM  Command
06:46:09        0    115575      0.00      0.00 1075116  451220   2.89  hector_mapping_

06:46:09      UID       PID    %usr %system  %guest   %wait    %CPU   CPU  Command
06:46:10        0    115575    7.00    0.00    0.00    0.00    7.00     7  hector_mapping_

06:46:09      UID       PID  minflt/s  majflt/s     VSZ     RSS   %MEM  Command
06:46:10        0    115575      0.00      0.00 1075116  451220   2.89  hector_mapping_

06:46:10      UID       PID    %usr %system  %guest   %wait    %CPU   CPU  Command
06:46:11        0    115575    6.00    1.00    0.00    0.00    7.00     0  hector_mapping_

06:46:10      UID       PID  minflt/s  majflt/s     VSZ     RSS   %MEM  Command
06:46:11        0    115575      0.00      0.00 1075116  451220   2.89  hector_mapping_

06:46:11      UID       PID    %usr %system  %guest   %wait    %CPU   CPU  Command
06:46:12        0    115575    6.00    1.00    0.00    0.00    7.00     6  hector_mapping_

06:46:11      UID       PID  minflt/s  majflt/s     VSZ     RSS   %MEM  Command
06:46:12        0    115575      0.00      0.00 1075116  451220   2.89  hector_mapping_

06:46:12      UID       PID    %usr %system  %guest   %wait    %CPU   CPU  Command
06:46:13        0    115575    7.00    0.00    0.00    0.00    7.00    14  hector_mapping_

06:46:12      UID       PID  minflt/s  majflt/s     VSZ     RSS   %MEM  Command
06:46:13        0    115575      0.00      0.00 1075116  451220   2.89  hector_mapping_

06:46:13      UID       PID    %usr %system  %guest   %wait    %CPU   CPU  Command
06:46:14        0    115575    6.00    1.00    0.00    0.00    7.00     3  hector_mapping_

06:46:13      UID       PID  minflt/s  majflt/s     VSZ     RSS   %MEM  Command
06:46:14        0    115575      0.00      0.00 1075116  451220   2.89  hector_mapping_

06:46:14      UID       PID    %usr %system  %guest   %wait    %CPU   CPU  Command
06:46:15        0    115575    6.00    0.00    0.00    0.00    6.00     3  hector_mapping_

06:46:14      UID       PID  minflt/s  majflt/s     VSZ     RSS   %MEM  Command
06:46:15        0    115575      0.00      0.00 1075116  451220   2.89  hector_mapping_

06:46:15      UID       PID    %usr %system  %guest   %wait    %CPU   CPU  Command
06:46:16        0    115575    5.00    1.00    0.00    0.00    6.00     7  hector_mapping_

06:46:15      UID       PID  minflt/s  majflt/s     VSZ     RSS   %MEM  Command
06:46:16        0    115575      0.00      0.00 1075116  451220   2.89  hector_mapping_

06:46:16      UID       PID    %usr %system  %guest   %wait    %CPU   CPU  Command
06:46:17        0    115575    7.00    1.00    0.00    0.00    8.00     7  hector_mapping_

06:46:16      UID       PID  minflt/s  majflt/s     VSZ     RSS   %MEM  Command
06:46:17        0    115575      0.00      0.00 1075116  451220   2.89  hector_mapping_

06:46:17      UID       PID    %usr %system  %guest   %wait    %CPU   CPU  Command
06:46:18        0    115575    6.00    0.00    0.00    0.00    6.00     7  hector_mapping_

06:46:17      UID       PID  minflt/s  majflt/s     VSZ     RSS   %MEM  Command
06:46:18        0    115575      0.00      0.00 1075116  451220   2.89  hector_mapping_

06:46:18      UID       PID    %usr %system  %guest   %wait    %CPU   CPU  Command
06:46:19        0    115575    7.00    0.00    0.00    0.00    7.00     6  hector_mapping_

06:46:18      UID       PID  minflt/s  majflt/s     VSZ     RSS   %MEM  Command
06:46:19        0    115575      0.00      0.00 1075116  451220   2.89  hector_mapping_

06:46:19      UID       PID    %usr %system  %guest   %wait    %CPU   CPU  Command
06:46:20        0    115575    6.00    1.00    0.00    1.00    7.00     3  hector_mapping_

06:46:19      UID       PID  minflt/s  majflt/s     VSZ     RSS   %MEM  Command
06:46:20        0    115575      0.00      0.00 1075116  451220   2.89  hector_mapping_

06:46:20      UID       PID    %usr %system  %guest   %wait    %CPU   CPU  Command
06:46:21        0    115575    7.00    0.00    0.00    0.00    7.00     7  hector_mapping_

06:46:20      UID       PID  minflt/s  majflt/s     VSZ     RSS   %MEM  Command
06:46:21        0    115575      0.00      0.00 1075116  451220   2.89  hector_mapping_

06:46:21      UID       PID    %usr %system  %guest   %wait    %CPU   CPU  Command
06:46:22        0    115575    5.00    2.00    0.00    0.00    7.00     7  hector_mapping_

06:46:21      UID       PID  minflt/s  majflt/s     VSZ     RSS   %MEM  Command
06:46:22        0    115575      0.00      0.00 1075116  451220   2.89  hector_mapping_

06:46:22      UID       PID    %usr %system  %guest   %wait    %CPU   CPU  Command
06:46:23        0    115575    6.00    0.00    0.00    0.00    6.00     3  hector_mapping_

06:46:22      UID       PID  minflt/s  majflt/s     VSZ     RSS   %MEM  Command
06:46:23        0    115575      0.00      0.00 1075116  451220   2.89  hector_mapping_

06:46:23      UID       PID    %usr %system  %guest   %wait    %CPU   CPU  Command
06:46:24        0    115575    7.00    1.00    0.00    0.00    8.00     6  hector_mapping_

06:46:23      UID       PID  minflt/s  majflt/s     VSZ     RSS   %MEM  Command
06:46:24        0    115575      0.00      0.00 1075116  451220   2.89  hector_mapping_

06:46:24      UID       PID    %usr %system  %guest   %wait    %CPU   CPU  Command
06:46:25        0    115575    6.00    1.00    0.00    0.00    7.00     8  hector_mapping_

06:46:24      UID       PID  minflt/s  majflt/s     VSZ     RSS   %MEM  Command
06:46:25        0    115575      0.00      0.00 1075116  451220   2.89  hector_mapping_

06:46:25      UID       PID    %usr %system  %guest   %wait    %CPU   CPU  Command
06:46:26        0    115575    6.00    0.00    0.00    0.00    6.00     0  hector_mapping_

06:46:25      UID       PID  minflt/s  majflt/s     VSZ     RSS   %MEM  Command
06:46:26        0    115575      0.00      0.00 1075116  451220   2.89  hector_mapping_

06:46:26      UID       PID    %usr %system  %guest   %wait    %CPU   CPU  Command
06:46:27        0    115575    6.00    1.00    0.00    0.00    7.00    10  hector_mapping_

06:46:26      UID       PID  minflt/s  majflt/s     VSZ     RSS   %MEM  Command
06:46:27        0    115575      0.00      0.00 1075116  451220   2.89  hector_mapping_

06:46:27      UID       PID    %usr %system  %guest   %wait    %CPU   CPU  Command
06:46:28        0    115575    6.00    1.00    0.00    0.00    7.00     4  hector_mapping_

06:46:27      UID       PID  minflt/s  majflt/s     VSZ     RSS   %MEM  Command
06:46:28        0    115575      0.00      0.00 1075116  451220   2.89  hector_mapping_

06:46:28      UID       PID    %usr %system  %guest   %wait    %CPU   CPU  Command
06:46:29        0    115575    7.00    0.00    0.00    0.00    7.00     0  hector_mapping_

06:46:28      UID       PID  minflt/s  majflt/s     VSZ     RSS   %MEM  Command
06:46:29        0    115575      0.00      0.00 1075116  451220   2.89  hector_mapping_

06:46:29      UID       PID    %usr %system  %guest   %wait    %CPU   CPU  Command
06:46:30        0    115575    6.00    0.00    0.00    0.00    6.00     2  hector_mapping_

06:46:29      UID       PID  minflt/s  majflt/s     VSZ     RSS   %MEM  Command
06:46:30        0    115575      0.00      0.00 1075116  451220   2.89  hector_mapping_

06:46:30      UID       PID    %usr %system  %guest   %wait    %CPU   CPU  Command
06:46:31        0    115575    7.00    0.00    0.00    0.00    7.00     0  hector_mapping_

06:46:30      UID       PID  minflt/s  majflt/s     VSZ     RSS   %MEM  Command
06:46:31        0    115575      0.00      0.00 1075116  451220   2.89  hector_mapping_

06:46:31      UID       PID    %usr %system  %guest   %wait    %CPU   CPU  Command
06:46:32        0    115575    6.00    1.00    0.00    0.00    7.00     7  hector_mapping_

06:46:31      UID       PID  minflt/s  majflt/s     VSZ     RSS   %MEM  Command
06:46:32        0    115575      0.00      0.00 1075116  451220   2.89  hector_mapping_

06:46:32      UID       PID    %usr %system  %guest   %wait    %CPU   CPU  Command
06:46:33        0    115575    7.00    0.00    0.00    0.00    7.00     7  hector_mapping_

06:46:32      UID       PID  minflt/s  majflt/s     VSZ     RSS   %MEM  Command
06:46:33        0    115575      0.00      0.00 1075116  451220   2.89  hector_mapping_

06:46:33      UID       PID    %usr %system  %guest   %wait    %CPU   CPU  Command
06:46:34        0    115575    6.00    1.00    0.00    0.00    7.00     7  hector_mapping_

06:46:33      UID       PID  minflt/s  majflt/s     VSZ     RSS   %MEM  Command
06:46:34        0    115575      0.00      0.00 1075116  451220   2.89  hector_mapping_

06:46:34      UID       PID    %usr %system  %guest   %wait    %CPU   CPU  Command
06:46:35        0    115575    6.00    0.00    0.00    0.00    6.00    10  hector_mapping_

06:46:34      UID       PID  minflt/s  majflt/s     VSZ     RSS   %MEM  Command
06:46:35        0    115575      0.00      0.00 1075116  451220   2.89  hector_mapping_

06:46:35      UID       PID    %usr %system  %guest   %wait    %CPU   CPU  Command
06:46:36        0    115575    6.00    1.00    0.00    0.00    7.00     0  hector_mapping_

06:46:35      UID       PID  minflt/s  majflt/s     VSZ     RSS   %MEM  Command
06:46:36        0    115575      0.00      0.00 1075116  451220   2.89  hector_mapping_

06:46:36      UID       PID    %usr %system  %guest   %wait    %CPU   CPU  Command
06:46:37        0    115575    6.00    1.00    0.00    0.00    7.00     6  hector_mapping_

06:46:36      UID       PID  minflt/s  majflt/s     VSZ     RSS   %MEM  Command
06:46:37        0    115575      0.00      0.00 1075116  451220   2.89  hector_mapping_

06:46:37      UID       PID    %usr %system  %guest   %wait    %CPU   CPU  Command
06:46:38        0    115575    6.00    1.00    0.00    0.00    7.00     6  hector_mapping_

06:46:37      UID       PID  minflt/s  majflt/s     VSZ     RSS   %MEM  Command
06:46:38        0    115575      0.00      0.00 1075116  451220   2.89  hector_mapping_

06:46:38      UID       PID    %usr %system  %guest   %wait    %CPU   CPU  Command
06:46:39        0    115575    6.00    1.00    0.00    0.00    7.00     8  hector_mapping_

06:46:38      UID       PID  minflt/s  majflt/s     VSZ     RSS   %MEM  Command
06:46:39        0    115575      0.00      0.00 1075116  451220   2.89  hector_mapping_

06:46:39      UID       PID    %usr %system  %guest   %wait    %CPU   CPU  Command
06:46:40        0    115575    6.00    0.00    0.00    0.00    6.00     6  hector_mapping_

06:46:39      UID       PID  minflt/s  majflt/s     VSZ     RSS   %MEM  Command
06:46:40        0    115575      0.00      0.00 1075116  451220   2.89  hector_mapping_

06:46:40      UID       PID    %usr %system  %guest   %wait    %CPU   CPU  Command
06:46:41        0    115575    7.00    1.00    0.00    0.00    8.00     2  hector_mapping_

06:46:40      UID       PID  minflt/s  majflt/s     VSZ     RSS   %MEM  Command
06:46:41        0    115575      0.00      0.00 1075116  451220   2.89  hector_mapping_

06:46:41      UID       PID    %usr %system  %guest   %wait    %CPU   CPU  Command
06:46:42        0    115575    6.00    0.00    0.00    0.00    6.00     2  hector_mapping_

06:46:41      UID       PID  minflt/s  majflt/s     VSZ     RSS   %MEM  Command
06:46:42        0    115575      0.00      0.00 1075116  451220   2.89  hector_mapping_

06:46:42      UID       PID    %usr %system  %guest   %wait    %CPU   CPU  Command
06:46:43        0    115575    6.00    1.00    0.00    0.00    7.00     6  hector_mapping_

06:46:42      UID       PID  minflt/s  majflt/s     VSZ     RSS   %MEM  Command
06:46:43        0    115575      0.00      0.00 1075116  451220   2.89  hector_mapping_

06:46:43      UID       PID    %usr %system  %guest   %wait    %CPU   CPU  Command
06:46:44        0    115575    7.00    0.00    0.00    0.00    7.00     2  hector_mapping_

06:46:43      UID       PID  minflt/s  majflt/s     VSZ     RSS   %MEM  Command
06:46:44        0    115575      0.00      0.00 1075116  451220   2.89  hector_mapping_

06:46:44      UID       PID    %usr %system  %guest   %wait    %CPU   CPU  Command
06:46:45        0    115575    6.00    1.00    0.00    0.00    7.00     2  hector_mapping_

06:46:44      UID       PID  minflt/s  majflt/s     VSZ     RSS   %MEM  Command
06:46:45        0    115575      0.00      0.00 1075116  451220   2.89  hector_mapping_

06:46:45      UID       PID    %usr %system  %guest   %wait    %CPU   CPU  Command
06:46:46        0    115575    6.00    0.00    0.00    0.00    6.00     0  hector_mapping_

06:46:45      UID       PID  minflt/s  majflt/s     VSZ     RSS   %MEM  Command
06:46:46        0    115575      0.00      0.00 1075116  451220   2.89  hector_mapping_

06:46:46      UID       PID    %usr %system  %guest   %wait    %CPU   CPU  Command
06:46:47        0    115575    7.00    1.00    0.00    0.00    8.00     2  hector_mapping_

06:46:46      UID       PID  minflt/s  majflt/s     VSZ     RSS   %MEM  Command
06:46:47        0    115575      0.00      0.00 1075116  451220   2.89  hector_mapping_

06:46:47      UID       PID    %usr %system  %guest   %wait    %CPU   CPU  Command
06:46:48        0    115575    6.00    0.00    0.00    0.00    6.00     6  hector_mapping_

06:46:47      UID       PID  minflt/s  majflt/s     VSZ     RSS   %MEM  Command
06:46:48        0    115575      0.00      0.00 1075116  451220   2.89  hector_mapping_

06:46:48      UID       PID    %usr %system  %guest   %wait    %CPU   CPU  Command
06:46:49        0    115575    6.00    1.00    0.00    0.00    7.00     0  hector_mapping_

06:46:48      UID       PID  minflt/s  majflt/s     VSZ     RSS   %MEM  Command
06:46:49        0    115575      0.00      0.00 1075116  451220   2.89  hector_mapping_

06:46:49      UID       PID    %usr %system  %guest   %wait    %CPU   CPU  Command
06:46:50        0    115575    6.00    0.00    0.00    0.00    6.00     8  hector_mapping_

06:46:49      UID       PID  minflt/s  majflt/s     VSZ     RSS   %MEM  Command
06:46:50        0    115575      0.00      0.00 1075116  451220   2.89  hector_mapping_

06:46:50      UID       PID    %usr %system  %guest   %wait    %CPU   CPU  Command
06:46:51        0    115575    6.00    1.00    0.00    0.00    7.00     2  hector_mapping_

06:46:50      UID       PID  minflt/s  majflt/s     VSZ     RSS   %MEM  Command
06:46:51        0    115575      0.00      0.00 1075116  451220   2.89  hector_mapping_

06:46:51      UID       PID    %usr %system  %guest   %wait    %CPU   CPU  Command
06:46:52        0    115575    6.00    1.00    0.00    0.00    7.00     8  hector_mapping_

06:46:51      UID       PID  minflt/s  majflt/s     VSZ     RSS   %MEM  Command
06:46:52        0    115575      0.00      0.00 1075116  451220   2.89  hector_mapping_

06:46:52      UID       PID    %usr %system  %guest   %wait    %CPU   CPU  Command
06:46:53        0    115575    6.00    1.00    0.00    0.00    7.00     6  hector_mapping_

06:46:52      UID       PID  minflt/s  majflt/s     VSZ     RSS   %MEM  Command
06:46:53        0    115575      0.00      0.00 1075116  451220   2.89  hector_mapping_

06:46:53      UID       PID    %usr %system  %guest   %wait    %CPU   CPU  Command
06:46:54        0    115575    6.00    0.00    0.00    0.00    6.00     6  hector_mapping_

06:46:53      UID       PID  minflt/s  majflt/s     VSZ     RSS   %MEM  Command
06:46:54        0    115575      0.00      0.00 1075116  451220   2.89  hector_mapping_

06:46:54      UID       PID    %usr %system  %guest   %wait    %CPU   CPU  Command
06:46:55        0    115575    7.00    1.00    0.00    0.00    8.00     4  hector_mapping_

06:46:54      UID       PID  minflt/s  majflt/s     VSZ     RSS   %MEM  Command
06:46:55        0    115575      0.00      0.00 1075116  451220   2.89  hector_mapping_

06:46:55      UID       PID    %usr %system  %guest   %wait    %CPU   CPU  Command
06:46:56        0    115575    6.00    0.00    0.00    0.00    6.00     2  hector_mapping_

06:46:55      UID       PID  minflt/s  majflt/s     VSZ     RSS   %MEM  Command
06:46:56        0    115575      0.00      0.00 1075116  451220   2.89  hector_mapping_

06:46:56      UID       PID    %usr %system  %guest   %wait    %CPU   CPU  Command
06:46:57        0    115575    6.00    1.00    0.00    0.00    7.00     3  hector_mapping_

06:46:56      UID       PID  minflt/s  majflt/s     VSZ     RSS   %MEM  Command
06:46:57        0    115575      0.00      0.00 1075116  451220   2.89  hector_mapping_

06:46:57      UID       PID    %usr %system  %guest   %wait    %CPU   CPU  Command
06:46:58        0    115575    7.00    1.00    0.00    0.00    8.00     6  hector_mapping_

06:46:57      UID       PID  minflt/s  majflt/s     VSZ     RSS   %MEM  Command
06:46:58        0    115575      0.00      0.00 1075116  451220   2.89  hector_mapping_

06:46:58      UID       PID    %usr %system  %guest   %wait    %CPU   CPU  Command
06:46:59        0    115575    6.00    0.00    0.00    0.00    6.00     0  hector_mapping_

06:46:58      UID       PID  minflt/s  majflt/s     VSZ     RSS   %MEM  Command
06:46:59        0    115575      0.00      0.00 1075116  451220   2.89  hector_mapping_

06:46:59      UID       PID    %usr %system  %guest   %wait    %CPU   CPU  Command
06:47:00        0    115575    7.00    1.00    0.00    0.00    8.00     2  hector_mapping_

06:46:59      UID       PID  minflt/s  majflt/s     VSZ     RSS   %MEM  Command
06:47:00        0    115575      0.00      0.00 1075116  451220   2.89  hector_mapping_

06:47:00      UID       PID    %usr %system  %guest   %wait    %CPU   CPU  Command
06:47:01        0    115575    6.00    0.00    0.00    0.00    6.00     2  hector_mapping_

06:47:00      UID       PID  minflt/s  majflt/s     VSZ     RSS   %MEM  Command
06:47:01        0    115575      0.00      0.00 1075116  451220   2.89  hector_mapping_

06:47:01      UID       PID    %usr %system  %guest   %wait    %CPU   CPU  Command
06:47:02        0    115575    7.00    1.00    0.00    0.00    8.00    10  hector_mapping_

06:47:01      UID       PID  minflt/s  majflt/s     VSZ     RSS   %MEM  Command
06:47:02        0    115575      0.00      0.00 1075116  451220   2.89  hector_mapping_

06:47:02      UID       PID    %usr %system  %guest   %wait    %CPU   CPU  Command
06:47:03        0    115575    6.00    0.00    0.00    0.00    6.00     2  hector_mapping_

06:47:02      UID       PID  minflt/s  majflt/s     VSZ     RSS   %MEM  Command
06:47:03        0    115575      0.00      0.00 1075116  451220   2.89  hector_mapping_

06:47:03      UID       PID    %usr %system  %guest   %wait    %CPU   CPU  Command
06:47:04        0    115575    6.00    1.00    0.00    0.00    7.00     2  hector_mapping_

06:47:03      UID       PID  minflt/s  majflt/s     VSZ     RSS   %MEM  Command
06:47:04        0    115575      0.00      0.00 1075116  451220   2.89  hector_mapping_

06:47:04      UID       PID    %usr %system  %guest   %wait    %CPU   CPU  Command
06:47:05        0    115575    6.00    1.00    0.00    0.00    7.00     6  hector_mapping_

06:47:04      UID       PID  minflt/s  majflt/s     VSZ     RSS   %MEM  Command
06:47:05        0    115575      0.00      0.00 1075116  451220   2.89  hector_mapping_

06:47:05      UID       PID    %usr %system  %guest   %wait    %CPU   CPU  Command
06:47:06        0    115575    7.00    0.00    0.00    0.00    7.00     2  hector_mapping_

06:47:05      UID       PID  minflt/s  majflt/s     VSZ     RSS   %MEM  Command
06:47:06        0    115575      0.00      0.00 1075116  451220   2.89  hector_mapping_

06:47:06      UID       PID    %usr %system  %guest   %wait    %CPU   CPU  Command
06:47:07        0    115575    6.00    1.00    0.00    0.00    7.00     2  hector_mapping_

06:47:06      UID       PID  minflt/s  majflt/s     VSZ     RSS   %MEM  Command
06:47:07        0    115575      0.00      0.00 1075116  451220   2.89  hector_mapping_

06:47:07      UID       PID    %usr %system  %guest   %wait    %CPU   CPU  Command
06:47:08        0    115575    7.00    0.00    0.00    0.00    7.00     2  hector_mapping_

06:47:07      UID       PID  minflt/s  majflt/s     VSZ     RSS   %MEM  Command
06:47:08        0    115575      0.00      0.00 1075116  451220   2.89  hector_mapping_

06:47:08      UID       PID    %usr %system  %guest   %wait    %CPU   CPU  Command
06:47:09        0    115575    6.00    1.00    0.00    0.00    7.00     6  hector_mapping_

06:47:08      UID       PID  minflt/s  majflt/s     VSZ     RSS   %MEM  Command
06:47:09        0    115575      0.00      0.00 1075116  451220   2.89  hector_mapping_

06:47:09      UID       PID    %usr %system  %guest   %wait    %CPU   CPU  Command
06:47:10        0    115575    7.00    0.00    0.00    0.00    7.00     8  hector_mapping_

06:47:09      UID       PID  minflt/s  majflt/s     VSZ     RSS   %MEM  Command
06:47:10        0    115575      0.00      0.00 1075116  451220   2.89  hector_mapping_

06:47:10      UID       PID    %usr %system  %guest   %wait    %CPU   CPU  Command
06:47:11        0    115575    7.00    1.00    0.00    0.00    8.00     6  hector_mapping_

06:47:10      UID       PID  minflt/s  majflt/s     VSZ     RSS   %MEM  Command
06:47:11        0    115575      0.00      0.00 1075116  451220   2.89  hector_mapping_

06:47:11      UID       PID    %usr %system  %guest   %wait    %CPU   CPU  Command
06:47:12        0    115575    7.00    0.00    0.00    0.00    7.00     6  hector_mapping_

06:47:11      UID       PID  minflt/s  majflt/s     VSZ     RSS   %MEM  Command
06:47:12        0    115575      0.00      0.00 1075116  451220   2.89  hector_mapping_

06:47:12      UID       PID    %usr %system  %guest   %wait    %CPU   CPU  Command
06:47:13        0    115575    8.00    1.00    0.00    0.00    9.00     8  hector_mapping_

06:47:12      UID       PID  minflt/s  majflt/s     VSZ     RSS   %MEM  Command
06:47:13        0    115575      0.00      0.00 1075116  451220   2.89  hector_mapping_

06:47:13      UID       PID    %usr %system  %guest   %wait    %CPU   CPU  Command
06:47:14        0    115575    6.00    0.00    0.00    0.00    6.00    12  hector_mapping_

06:47:13      UID       PID  minflt/s  majflt/s     VSZ     RSS   %MEM  Command
06:47:14        0    115575      0.00      0.00 1075116  451220   2.89  hector_mapping_

06:47:14      UID       PID    %usr %system  %guest   %wait    %CPU   CPU  Command
06:47:15        0    115575    4.00    0.00    0.00    0.00    4.00     6  hector_mapping_

06:47:14      UID       PID  minflt/s  majflt/s     VSZ     RSS   %MEM  Command
06:47:15        0    115575      0.00      0.00 1075064  451220   2.89  hector_mapping_

06:47:15      UID       PID    %usr %system  %guest   %wait    %CPU   CPU  Command
06:47:16        0    115575    4.00    0.00    0.00    0.00    4.00     2  hector_mapping_

06:47:15      UID       PID  minflt/s  majflt/s     VSZ     RSS   %MEM  Command
06:47:16        0    115575      0.00      0.00 1075064  451220   2.89  hector_mapping_

06:47:16      UID       PID    %usr %system  %guest   %wait    %CPU   CPU  Command
06:47:17        0    115575    3.96    0.00    0.00    0.00    3.96     8  hector_mapping_

06:47:16      UID       PID  minflt/s  majflt/s     VSZ     RSS   %MEM  Command
06:47:17        0    115575      0.00      0.00 1075064  451220   2.89  hector_mapping_

06:47:17      UID       PID    %usr %system  %guest   %wait    %CPU   CPU  Command
06:47:18        0    115575    3.00    0.00    0.00    0.00    3.00     6  hector_mapping_

06:47:17      UID       PID  minflt/s  majflt/s     VSZ     RSS   %MEM  Command
06:47:18        0    115575      0.00      0.00 1075064  451220   2.89  hector_mapping_

06:47:18      UID       PID    %usr %system  %guest   %wait    %CPU   CPU  Command
06:47:19        0    115575    4.00    0.00    0.00    0.00    4.00     6  hector_mapping_

06:47:18      UID       PID  minflt/s  majflt/s     VSZ     RSS   %MEM  Command
06:47:19        0    115575      0.00      0.00 1074524  451092   2.89  hector_mapping_

06:47:19      UID       PID    %usr %system  %guest   %wait    %CPU   CPU  Command
06:47:20        0    115575    3.00    0.00    0.00    0.00    3.00     6  hector_mapping_

06:47:19      UID       PID  minflt/s  majflt/s     VSZ     RSS   %MEM  Command
06:47:20        0    115575      0.00      0.00 1074524  451092   2.89  hector_mapping_

06:47:20      UID       PID    %usr %system  %guest   %wait    %CPU   CPU  Command
06:47:21        0    115575    4.00    1.00    0.00    0.00    5.00     6  hector_mapping_

06:47:20      UID       PID  minflt/s  majflt/s     VSZ     RSS   %MEM  Command
06:47:21        0    115575      0.00      0.00 1074524  451092   2.89  hector_mapping_

06:47:21      UID       PID    %usr %system  %guest   %wait    %CPU   CPU  Command
06:47:22        0    115575    3.00    0.00    0.00    0.00    3.00     6  hector_mapping_

06:47:21      UID       PID  minflt/s  majflt/s     VSZ     RSS   %MEM  Command
06:47:22        0    115575      0.00      0.00 1074524  451092   2.89  hector_mapping_

06:47:22      UID       PID    %usr %system  %guest   %wait    %CPU   CPU  Command
06:47:23        0    115575    4.00    0.00    0.00    0.00    4.00     6  hector_mapping_

06:47:22      UID       PID  minflt/s  majflt/s     VSZ     RSS   %MEM  Command
06:47:23        0    115575      0.00      0.00 1074524  451092   2.89  hector_mapping_

06:47:23      UID       PID    %usr %system  %guest   %wait    %CPU   CPU  Command
06:47:24        0    115575    4.00    0.00    0.00    0.00    4.00     6  hector_mapping_

06:47:23      UID       PID  minflt/s  majflt/s     VSZ     RSS   %MEM  Command
06:47:24        0    115575      0.00      0.00 1074524  451092   2.89  hector_mapping_

06:47:24      UID       PID    %usr %system  %guest   %wait    %CPU   CPU  Command
06:47:25        0    115575    3.00    0.00    0.00    0.00    3.00     3  hector_mapping_

06:47:24      UID       PID  minflt/s  majflt/s     VSZ     RSS   %MEM  Command
06:47:25        0    115575      0.00      0.00 1074524  451092   2.89  hector_mapping_

06:47:25      UID       PID    %usr %system  %guest   %wait    %CPU   CPU  Command
06:47:26        0    115575    4.00    0.00    0.00    0.00    4.00     3  hector_mapping_

06:47:25      UID       PID  minflt/s  majflt/s     VSZ     RSS   %MEM  Command
06:47:26        0    115575      0.00      0.00 1074524  451092   2.89  hector_mapping_

06:47:26      UID       PID    %usr %system  %guest   %wait    %CPU   CPU  Command
06:47:27        0    115575    3.00    0.00    0.00    0.00    3.00     3  hector_mapping_

06:47:26      UID       PID  minflt/s  majflt/s     VSZ     RSS   %MEM  Command
06:47:27        0    115575      0.00      0.00 1074524  451092   2.89  hector_mapping_

06:47:27      UID       PID    %usr %system  %guest   %wait    %CPU   CPU  Command
06:47:28        0    115575    4.00    0.00    0.00    0.00    4.00     3  hector_mapping_

06:47:27      UID       PID  minflt/s  majflt/s     VSZ     RSS   %MEM  Command
06:47:28        0    115575      0.00      0.00 1074524  451092   2.89  hector_mapping_

06:47:28      UID       PID    %usr %system  %guest   %wait    %CPU   CPU  Command
06:47:29        0    115575    5.00    0.00    0.00    0.00    5.00     3  hector_mapping_

06:47:28      UID       PID  minflt/s  majflt/s     VSZ     RSS   %MEM  Command
06:47:29        0    115575      0.00      0.00 1074524  451092   2.89  hector_mapping_

06:47:29      UID       PID    %usr %system  %guest   %wait    %CPU   CPU  Command
06:47:30        0    115575    4.00    0.00    0.00    0.00    4.00     3  hector_mapping_

06:47:29      UID       PID  minflt/s  majflt/s     VSZ     RSS   %MEM  Command
06:47:30        0    115575      0.00      0.00 1074524  451092   2.89  hector_mapping_

06:47:30      UID       PID    %usr %system  %guest   %wait    %CPU   CPU  Command
06:47:31        0    115575    3.00    0.00    0.00    0.00    3.00     3  hector_mapping_

06:47:30      UID       PID  minflt/s  majflt/s     VSZ     RSS   %MEM  Command
06:47:31        0    115575      0.00      0.00 1074524  451092   2.89  hector_mapping_

06:47:31      UID       PID    %usr %system  %guest   %wait    %CPU   CPU  Command
06:47:32        0    115575    4.00    0.00    0.00    0.00    4.00     3  hector_mapping_

06:47:31      UID       PID  minflt/s  majflt/s     VSZ     RSS   %MEM  Command
06:47:32        0    115575      0.00      0.00 1074524  451092   2.89  hector_mapping_

06:47:32      UID       PID    %usr %system  %guest   %wait    %CPU   CPU  Command
06:47:33        0    115575    4.00    0.00    0.00    0.00    4.00     3  hector_mapping_

06:47:32      UID       PID  minflt/s  majflt/s     VSZ     RSS   %MEM  Command
06:47:33        0    115575      0.00      0.00 1074524  451092   2.89  hector_mapping_

06:47:33      UID       PID    %usr %system  %guest   %wait    %CPU   CPU  Command
06:47:34        0    115575    3.00    0.00    0.00    0.00    3.00     3  hector_mapping_

06:47:33      UID       PID  minflt/s  majflt/s     VSZ     RSS   %MEM  Command
06:47:34        0    115575      0.00      0.00 1074524  451092   2.89  hector_mapping_

06:47:34      UID       PID    %usr %system  %guest   %wait    %CPU   CPU  Command
06:47:35        0    115575    5.00    0.00    0.00    0.00    5.00     7  hector_mapping_

06:47:34      UID       PID  minflt/s  majflt/s     VSZ     RSS   %MEM  Command
06:47:35        0    115575      3.00      0.00 1075116  451092   2.89  hector_mapping_

06:47:35      UID       PID    %usr %system  %guest   %wait    %CPU   CPU  Command
06:47:36        0    115575    3.00    0.00    0.00    0.00    3.00     7  hector_mapping_

06:47:35      UID       PID  minflt/s  majflt/s     VSZ     RSS   %MEM  Command
06:47:36        0    115575      0.00      0.00 1075116  451092   2.89  hector_mapping_

06:47:36      UID       PID    %usr %system  %guest   %wait    %CPU   CPU  Command
06:47:37        0    115575    2.00    0.00    0.00    0.00    2.00     7  hector_mapping_

06:47:36      UID       PID  minflt/s  majflt/s     VSZ     RSS   %MEM  Command
06:47:37        0    115575      0.00      0.00 1075116  451092   2.89  hector_mapping_

06:47:37      UID       PID    %usr %system  %guest   %wait    %CPU   CPU  Command
06:47:38        0    115575    2.00    0.00    0.00    0.00    2.00     7  hector_mapping_

06:47:37      UID       PID  minflt/s  majflt/s     VSZ     RSS   %MEM  Command
06:47:38        0    115575      0.00      0.00 1075116  451092   2.89  hector_mapping_

06:47:38      UID       PID    %usr %system  %guest   %wait    %CPU   CPU  Command
06:47:39        0    115575    2.00    0.00    0.00    0.00    2.00     7  hector_mapping_

06:47:38      UID       PID  minflt/s  majflt/s     VSZ     RSS   %MEM  Command
06:47:39        0    115575      0.00      0.00 1075064  451092   2.89  hector_mapping_

06:47:39      UID       PID    %usr %system  %guest   %wait    %CPU   CPU  Command
06:47:40        0    115575    3.00    0.00    0.00    0.00    3.00     7  hector_mapping_

06:47:39      UID       PID  minflt/s  majflt/s     VSZ     RSS   %MEM  Command
06:47:40        0    115575      0.00      0.00 1075064  451092   2.89  hector_mapping_

06:47:40      UID       PID    %usr %system  %guest   %wait    %CPU   CPU  Command
06:47:41        0    115575    3.00    0.00    0.00    0.00    3.00     7  hector_mapping_

06:47:40      UID       PID  minflt/s  majflt/s     VSZ     RSS   %MEM  Command
06:47:41        0    115575      0.00      0.00 1075064  451092   2.89  hector_mapping_

06:47:41      UID       PID    %usr %system  %guest   %wait    %CPU   CPU  Command
06:47:42        0    115575    4.00    0.00    0.00    0.00    4.00     7  hector_mapping_

06:47:41      UID       PID  minflt/s  majflt/s     VSZ     RSS   %MEM  Command
06:47:42        0    115575      0.00      0.00 1075064  451092   2.89  hector_mapping_

06:47:42      UID       PID    %usr %system  %guest   %wait    %CPU   CPU  Command
06:47:43        0    115575    4.00    0.00    0.00    0.00    4.00     7  hector_mapping_

06:47:42      UID       PID  minflt/s  majflt/s     VSZ     RSS   %MEM  Command
06:47:43        0    115575      0.00      0.00 1075064  451092   2.89  hector_mapping_

06:47:43      UID       PID    %usr %system  %guest   %wait    %CPU   CPU  Command
06:47:44        0    115575    3.00    0.00    0.00    1.00    3.00     7  hector_mapping_

06:47:43      UID       PID  minflt/s  majflt/s     VSZ     RSS   %MEM  Command
06:47:44        0    115575      0.00      0.00 1075064  451092   2.89  hector_mapping_

06:47:44      UID       PID    %usr %system  %guest   %wait    %CPU   CPU  Command
06:47:45        0    115575    4.00    1.00    0.00    0.00    5.00     7  hector_mapping_

06:47:44      UID       PID  minflt/s  majflt/s     VSZ     RSS   %MEM  Command
06:47:45        0    115575      0.00      0.00 1075064  451092   2.89  hector_mapping_

06:47:45      UID       PID    %usr %system  %guest   %wait    %CPU   CPU  Command
06:47:46        0    115575    4.00    0.00    0.00    0.00    4.00     6  hector_mapping_

06:47:45      UID       PID  minflt/s  majflt/s     VSZ     RSS   %MEM  Command
06:47:46        0    115575      0.00      0.00 1074524  451092   2.89  hector_mapping_

06:47:46      UID       PID    %usr %system  %guest   %wait    %CPU   CPU  Command
06:47:47        0    115575    4.00    0.00    0.00    0.00    4.00     6  hector_mapping_

06:47:46      UID       PID  minflt/s  majflt/s     VSZ     RSS   %MEM  Command
06:47:47        0    115575      0.00      0.00 1074524  451092   2.89  hector_mapping_

06:47:47      UID       PID    %usr %system  %guest   %wait    %CPU   CPU  Command
06:47:48        0    115575    3.00    0.00    0.00    0.00    3.00     3  hector_mapping_

06:47:47      UID       PID  minflt/s  majflt/s     VSZ     RSS   %MEM  Command
06:47:48        0    115575      0.00      0.00 1074524  451092   2.89  hector_mapping_

06:47:48      UID       PID    %usr %system  %guest   %wait    %CPU   CPU  Command
06:47:49        0    115575    4.00    0.00    0.00    0.00    4.00     3  hector_mapping_

06:47:48      UID       PID  minflt/s  majflt/s     VSZ     RSS   %MEM  Command
06:47:49        0    115575      0.00      0.00 1074524  451092   2.89  hector_mapping_

06:47:49      UID       PID    %usr %system  %guest   %wait    %CPU   CPU  Command
06:47:50        0    115575    3.00    0.00    0.00    0.00    3.00     3  hector_mapping_

06:47:49      UID       PID  minflt/s  majflt/s     VSZ     RSS   %MEM  Command
06:47:50        0    115575      0.00      0.00 1074524  451092   2.89  hector_mapping_

06:47:50      UID       PID    %usr %system  %guest   %wait    %CPU   CPU  Command
06:47:51        0    115575    5.00    0.00    0.00    0.00    5.00     3  hector_mapping_

06:47:50      UID       PID  minflt/s  majflt/s     VSZ     RSS   %MEM  Command
06:47:51        0    115575      0.00      0.00 1074524  451092   2.89  hector_mapping_

06:47:51      UID       PID    %usr %system  %guest   %wait    %CPU   CPU  Command
06:47:52        0    115575    1.00    0.00    0.00    0.00    1.00     3  hector_mapping_

06:47:51      UID       PID  minflt/s  majflt/s     VSZ     RSS   %MEM  Command
06:47:52        0    115575      0.00      0.00 1074524  451092   2.89  hector_mapping_

06:47:52      UID       PID    %usr %system  %guest   %wait    %CPU   CPU  Command
06:47:53        0    115575    3.00    0.00    0.00    0.00    3.00     3  hector_mapping_

06:47:52      UID       PID  minflt/s  majflt/s     VSZ     RSS   %MEM  Command
06:47:53        0    115575      0.00      0.00 1074524  451092   2.89  hector_mapping_

06:47:53      UID       PID    %usr %system  %guest   %wait    %CPU   CPU  Command
06:47:54        0    115575    3.00    0.00    0.00    0.00    3.00     3  hector_mapping_

06:47:53      UID       PID  minflt/s  majflt/s     VSZ     RSS   %MEM  Command
06:47:54        0    115575      0.00      0.00 1074524  451092   2.89  hector_mapping_

06:47:54      UID       PID    %usr %system  %guest   %wait    %CPU   CPU  Command
06:47:55        0    115575    2.00    0.00    0.00    0.00    2.00     6  hector_mapping_

06:47:54      UID       PID  minflt/s  majflt/s     VSZ     RSS   %MEM  Command
06:47:55        0    115575      0.00      0.00 1074524  451092   2.89  hector_mapping_

06:47:55      UID       PID    %usr %system  %guest   %wait    %CPU   CPU  Command
06:47:56        0    115575    3.00    0.00    0.00    0.00    3.00     2  hector_mapping_

06:47:55      UID       PID  minflt/s  majflt/s     VSZ     RSS   %MEM  Command
06:47:56        0    115575      0.00      0.00 1074524  451092   2.89  hector_mapping_

06:47:56      UID       PID    %usr %system  %guest   %wait    %CPU   CPU  Command
06:47:57        0    115575    3.00    0.00    0.00    0.00    3.00     6  hector_mapping_

06:47:56      UID       PID  minflt/s  majflt/s     VSZ     RSS   %MEM  Command
06:47:57        0    115575      0.00      0.00 1074524  451092   2.89  hector_mapping_

06:47:57      UID       PID    %usr %system  %guest   %wait    %CPU   CPU  Command
06:47:58        0    115575    3.00    0.00    0.00    0.00    3.00     2  hector_mapping_

06:47:57      UID       PID  minflt/s  majflt/s     VSZ     RSS   %MEM  Command
06:47:58        0    115575      0.00      0.00 1074524  451092   2.89  hector_mapping_

06:47:58      UID       PID    %usr %system  %guest   %wait    %CPU   CPU  Command
06:47:59        0    115575    4.00    0.00    0.00    0.00    4.00     2  hector_mapping_

06:47:58      UID       PID  minflt/s  majflt/s     VSZ     RSS   %MEM  Command
06:47:59        0    115575      0.00      0.00 1074524  451092   2.89  hector_mapping_

06:47:59      UID       PID    %usr %system  %guest   %wait    %CPU   CPU  Command
06:48:00        0    115575    2.00    1.00    0.00    0.00    3.00     2  hector_mapping_

06:47:59      UID       PID  minflt/s  majflt/s     VSZ     RSS   %MEM  Command
06:48:00        0    115575      1.00      0.00 1073932  450964   2.89  hector_mapping_

06:48:00      UID       PID    %usr %system  %guest   %wait    %CPU   CPU  Command
06:48:01        0    115575    3.00    0.00    0.00    0.00    3.00     3  hector_mapping_

06:48:00      UID       PID  minflt/s  majflt/s     VSZ     RSS   %MEM  Command
06:48:01        0    115575      0.00      0.00 1073932  450964   2.89  hector_mapping_


Average:      UID       PID    %usr %system  %guest   %wait    %CPU   CPU  Command
Average:        0    115575    5.01    0.47    0.00    0.01    5.48     -  hector_mapping_

Average:      UID       PID  minflt/s  majflt/s     VSZ     RSS   %MEM  Command
Average:        0    115575      0.00      0.00 1075107  451128   2.89  hector_mapping_
