Linux 6.17.0-23-generic (admin1-ASUS-TUF-Gaming-A15-FA507NU-FA507NU) 	05/11/26 	_x86_64_	(16 CPU)

02:52:17      UID       PID    %usr %system  %guest   %wait    %CPU   CPU  Command
02:52:18        0       217    8.00    1.00    0.00    0.00    9.00     3  sync_slam_toolb

02:52:17      UID       PID  minflt/s  majflt/s     VSZ     RSS   %MEM  Command
02:52:18        0       217      6.00      0.00 1508688   49440   0.32  sync_slam_toolb

02:52:18      UID       PID    %usr %system  %guest   %wait    %CPU   CPU  Command
02:52:19        0       217    4.00    1.00    0.00    0.00    5.00     3  sync_slam_toolb

02:52:18      UID       PID  minflt/s  majflt/s     VSZ     RSS   %MEM  Command
02:52:19        0       217      0.00      0.00 1508688   49440   0.32  sync_slam_toolb

02:52:19      UID       PID    %usr %system  %guest   %wait    %CPU   CPU  Command
02:52:20        0       217    4.00    1.00    0.00    0.00    5.00     3  sync_slam_toolb

02:52:19      UID       PID  minflt/s  majflt/s     VSZ     RSS   %MEM  Command
02:52:20        0       217      0.00      0.00 1508688   49440   0.32  sync_slam_toolb

02:52:20      UID       PID    %usr %system  %guest   %wait    %CPU   CPU  Command
02:52:21        0       217    3.00    1.00    0.00    0.00    4.00     3  sync_slam_toolb

02:52:20      UID       PID  minflt/s  majflt/s     VSZ     RSS   %MEM  Command
02:52:21        0       217      0.00      0.00 1508688   49440   0.32  sync_slam_toolb

02:52:21      UID       PID    %usr %system  %guest   %wait    %CPU   CPU  Command
02:52:22        0       217    4.00    0.00    0.00    0.00    4.00     3  sync_slam_toolb

02:52:21      UID       PID  minflt/s  majflt/s     VSZ     RSS   %MEM  Command
02:52:22        0       217     11.00      0.00 1508832   49568   0.32  sync_slam_toolb

02:52:22      UID       PID    %usr %system  %guest   %wait    %CPU   CPU  Command
02:52:23        0       217    8.00    1.00    0.00    0.00    9.00     3  sync_slam_toolb

02:52:22      UID       PID  minflt/s  majflt/s     VSZ     RSS   %MEM  Command
02:52:23        0       217      6.00      0.00 1508832   49568   0.32  sync_slam_toolb

02:52:23      UID       PID    %usr %system  %guest   %wait    %CPU   CPU  Command
02:52:24        0       217    4.00    1.00    0.00    0.00    5.00     3  sync_slam_toolb

02:52:23      UID       PID  minflt/s  majflt/s     VSZ     RSS   %MEM  Command
02:52:24        0       217      0.00      0.00 1508832   49568   0.32  sync_slam_toolb

02:52:24      UID       PID    %usr %system  %guest   %wait    %CPU   CPU  Command
02:52:25        0       217    8.00    1.00    0.00    0.00    9.00     8  sync_slam_toolb

02:52:24      UID       PID  minflt/s  majflt/s     VSZ     RSS   %MEM  Command
02:52:25        0       217      6.00      0.00 1508832   49568   0.32  sync_slam_toolb

02:52:25      UID       PID    %usr %system  %guest   %wait    %CPU   CPU  Command
02:52:26        0       217    5.00    1.00    0.00    0.00    6.00    12  sync_slam_toolb

02:52:25      UID       PID  minflt/s  majflt/s     VSZ     RSS   %MEM  Command
02:52:26        0       217      0.00      0.00 1508832   49568   0.32  sync_slam_toolb

02:52:26      UID       PID    %usr %system  %guest   %wait    %CPU   CPU  Command
02:52:27        0       217    5.00    0.00    0.00    0.00    5.00     6  sync_slam_toolb

02:52:26      UID       PID  minflt/s  majflt/s     VSZ     RSS   %MEM  Command
02:52:27        0       217    211.00      0.00 1508996   50464   0.32  sync_slam_toolb

02:52:27      UID       PID    %usr %system  %guest   %wait    %CPU   CPU  Command
02:52:28        0       217    4.00    2.00    0.00    0.00    6.00     2  sync_slam_toolb

02:52:27      UID       PID  minflt/s  majflt/s     VSZ     RSS   %MEM  Command
02:52:28        0       217      0.00      0.00 1508996   50464   0.32  sync_slam_toolb

02:52:28      UID       PID    %usr %system  %guest   %wait    %CPU   CPU  Command
02:52:29        0       217    4.00    0.00    0.00    0.00    4.00     4  sync_slam_toolb

02:52:28      UID       PID  minflt/s  majflt/s     VSZ     RSS   %MEM  Command
02:52:29        0       217      0.00      0.00 1508996   50464   0.32  sync_slam_toolb

02:52:29      UID       PID    %usr %system  %guest   %wait    %CPU   CPU  Command
02:52:30        0       217    5.00    1.00    0.00    0.00    6.00     8  sync_slam_toolb

02:52:29      UID       PID  minflt/s  majflt/s     VSZ     RSS   %MEM  Command
02:52:30        0       217      0.00      0.00 1508996   50464   0.32  sync_slam_toolb

02:52:30      UID       PID    %usr %system  %guest   %wait    %CPU   CPU  Command
02:52:31        0       217    5.00    0.00    0.00    0.00    5.00     0  sync_slam_toolb

02:52:30      UID       PID  minflt/s  majflt/s     VSZ     RSS   %MEM  Command
02:52:31        0       217      0.00      0.00 1508996   50464   0.32  sync_slam_toolb

02:52:31      UID       PID    %usr %system  %guest   %wait    %CPU   CPU  Command
02:52:32        0       217    4.00    1.00    0.00    0.00    5.00    12  sync_slam_toolb

02:52:31      UID       PID  minflt/s  majflt/s     VSZ     RSS   %MEM  Command
02:52:32        0       217      0.00      0.00 1508996   50464   0.32  sync_slam_toolb

02:52:32      UID       PID    %usr %system  %guest   %wait    %CPU   CPU  Command
02:52:33        0       217    4.00    1.00    0.00    0.00    5.00    12  sync_slam_toolb

02:52:32      UID       PID  minflt/s  majflt/s     VSZ     RSS   %MEM  Command
02:52:33        0       217      0.00      0.00 1508996   50464   0.32  sync_slam_toolb

02:52:33      UID       PID    %usr %system  %guest   %wait    %CPU   CPU  Command
02:52:34        0       217    5.00    1.00    0.00    0.00    6.00     8  sync_slam_toolb

02:52:33      UID       PID  minflt/s  majflt/s     VSZ     RSS   %MEM  Command
02:52:34        0       217      0.00      0.00 1508996   50464   0.32  sync_slam_toolb

02:52:34      UID       PID    %usr %system  %guest   %wait    %CPU   CPU  Command
02:52:35        0       217    4.00    1.00    0.00    0.00    5.00    10  sync_slam_toolb

02:52:34      UID       PID  minflt/s  majflt/s     VSZ     RSS   %MEM  Command
02:52:35        0       217      0.00      0.00 1508996   50464   0.32  sync_slam_toolb

02:52:35      UID       PID    %usr %system  %guest   %wait    %CPU   CPU  Command
02:52:36        0       217    8.00    1.00    0.00    0.00    9.00    10  sync_slam_toolb

02:52:35      UID       PID  minflt/s  majflt/s     VSZ     RSS   %MEM  Command
02:52:36        0       217      6.00      0.00 1508996   50592   0.32  sync_slam_toolb

02:52:36      UID       PID    %usr %system  %guest   %wait    %CPU   CPU  Command
02:52:37        0       217    6.00    0.00    0.00    0.00    6.00     8  sync_slam_toolb

02:52:36      UID       PID  minflt/s  majflt/s     VSZ     RSS   %MEM  Command
02:52:37        0       217      1.00      0.00 1508996   50592   0.32  sync_slam_toolb

02:52:37      UID       PID    %usr %system  %guest   %wait    %CPU   CPU  Command
02:52:38        0       217    8.00    1.00    0.00    0.00    9.00     8  sync_slam_toolb

02:52:37      UID       PID  minflt/s  majflt/s     VSZ     RSS   %MEM  Command
02:52:38        0       217      7.00      0.00 1508996   50592   0.32  sync_slam_toolb

02:52:38      UID       PID    %usr %system  %guest   %wait    %CPU   CPU  Command
02:52:39        0       217    4.00    1.00    0.00    0.00    5.00    12  sync_slam_toolb

02:52:38      UID       PID  minflt/s  majflt/s     VSZ     RSS   %MEM  Command
02:52:39        0       217      0.00      0.00 1508996   50592   0.32  sync_slam_toolb

02:52:39      UID       PID    %usr %system  %guest   %wait    %CPU   CPU  Command
02:52:40        0       217    9.00    0.00    0.00    0.00    9.00    14  sync_slam_toolb

02:52:39      UID       PID  minflt/s  majflt/s     VSZ     RSS   %MEM  Command
02:52:40        0       217      5.00      0.00 1508996   50592   0.32  sync_slam_toolb

02:52:40      UID       PID    %usr %system  %guest   %wait    %CPU   CPU  Command
02:52:41        0       217    4.00    1.00    0.00    0.00    5.00    14  sync_slam_toolb

02:52:40      UID       PID  minflt/s  majflt/s     VSZ     RSS   %MEM  Command
02:52:41        0       217      0.00      0.00 1508996   50592   0.32  sync_slam_toolb

02:52:41      UID       PID    %usr %system  %guest   %wait    %CPU   CPU  Command
02:52:42        0       217    6.00    0.00    0.00    0.00    6.00    14  sync_slam_toolb

02:52:41      UID       PID  minflt/s  majflt/s     VSZ     RSS   %MEM  Command
02:52:42        0       217    181.00      0.00 1509156   50832   0.33  sync_slam_toolb

02:52:42      UID       PID    %usr %system  %guest   %wait    %CPU   CPU  Command
02:52:43        0       217    9.00    0.00    0.00    0.00    9.00     0  sync_slam_toolb

02:52:42      UID       PID  minflt/s  majflt/s     VSZ     RSS   %MEM  Command
02:52:43        0       217      5.00      0.00 1509156   50832   0.33  sync_slam_toolb

02:52:43      UID       PID    %usr %system  %guest   %wait    %CPU   CPU  Command
02:52:44        0       217    4.00    1.00    0.00    0.00    5.00     0  sync_slam_toolb

02:52:43      UID       PID  minflt/s  majflt/s     VSZ     RSS   %MEM  Command
02:52:44        0       217      0.00      0.00 1509156   50832   0.33  sync_slam_toolb

02:52:44      UID       PID    %usr %system  %guest   %wait    %CPU   CPU  Command
02:52:45        0       217    8.00    1.00    0.00    0.00    9.00     8  sync_slam_toolb

02:52:44      UID       PID  minflt/s  majflt/s     VSZ     RSS   %MEM  Command
02:52:45        0       217      7.00      0.00 1509156   50832   0.33  sync_slam_toolb

02:52:45      UID       PID    %usr %system  %guest   %wait    %CPU   CPU  Command
02:52:46        0       217    4.00    1.00    0.00    0.00    5.00     2  sync_slam_toolb

02:52:45      UID       PID  minflt/s  majflt/s     VSZ     RSS   %MEM  Command
02:52:46        0       217      0.00      0.00 1509156   50832   0.33  sync_slam_toolb

02:52:46      UID       PID    %usr %system  %guest   %wait    %CPU   CPU  Command
02:52:47        0       217    5.00    1.00    0.00    0.00    6.00     8  sync_slam_toolb

02:52:46      UID       PID  minflt/s  majflt/s     VSZ     RSS   %MEM  Command
02:52:47        0       217    213.00      0.00 1509156   50932   0.33  sync_slam_toolb

02:52:47      UID       PID    %usr %system  %guest   %wait    %CPU   CPU  Command
02:52:48        0       217    5.00    1.00    0.00    0.00    6.00     0  sync_slam_toolb

02:52:47      UID       PID  minflt/s  majflt/s     VSZ     RSS   %MEM  Command
02:52:48        0       217      0.00      0.00 1509156   50932   0.33  sync_slam_toolb

02:52:48      UID       PID    %usr %system  %guest   %wait    %CPU   CPU  Command
02:52:49        0       217    5.00    0.00    0.00    0.00    5.00     6  sync_slam_toolb

02:52:48      UID       PID  minflt/s  majflt/s     VSZ     RSS   %MEM  Command
02:52:49        0       217      0.00      0.00 1509156   50932   0.33  sync_slam_toolb

02:52:49      UID       PID    %usr %system  %guest   %wait    %CPU   CPU  Command
02:52:50        0       217    3.00    1.00    0.00    0.00    4.00     6  sync_slam_toolb

02:52:49      UID       PID  minflt/s  majflt/s     VSZ     RSS   %MEM  Command
02:52:50        0       217      0.00      0.00 1509156   50932   0.33  sync_slam_toolb

02:52:50      UID       PID    %usr %system  %guest   %wait    %CPU   CPU  Command
02:52:51        0       217    5.00    1.00    0.00    0.00    6.00     2  sync_slam_toolb

02:52:50      UID       PID  minflt/s  majflt/s     VSZ     RSS   %MEM  Command
02:52:51        0       217      0.00      0.00 1509156   50932   0.33  sync_slam_toolb

02:52:51      UID       PID    %usr %system  %guest   %wait    %CPU   CPU  Command
02:52:52        0       217    5.00    1.00    0.00    0.00    6.00     8  sync_slam_toolb

02:52:51      UID       PID  minflt/s  majflt/s     VSZ     RSS   %MEM  Command
02:52:52        0       217    200.00      0.00 1509156   51572   0.33  sync_slam_toolb

02:52:52      UID       PID    %usr %system  %guest   %wait    %CPU   CPU  Command
02:52:53        0       217    5.00    1.00    0.00    0.00    6.00     8  sync_slam_toolb

02:52:52      UID       PID  minflt/s  majflt/s     VSZ     RSS   %MEM  Command
02:52:53        0       217      0.00      0.00 1509156   51572   0.33  sync_slam_toolb

02:52:53      UID       PID    %usr %system  %guest   %wait    %CPU   CPU  Command
02:52:54        0       217    4.00    1.00    0.00    0.00    5.00     4  sync_slam_toolb

02:52:53      UID       PID  minflt/s  majflt/s     VSZ     RSS   %MEM  Command
02:52:54        0       217      0.00      0.00 1509156   51572   0.33  sync_slam_toolb

02:52:54      UID       PID    %usr %system  %guest   %wait    %CPU   CPU  Command
02:52:55        0       217    4.00    1.00    0.00    0.00    5.00     0  sync_slam_toolb

02:52:54      UID       PID  minflt/s  majflt/s     VSZ     RSS   %MEM  Command
02:52:55        0       217      0.00      0.00 1509156   51572   0.33  sync_slam_toolb

02:52:55      UID       PID    %usr %system  %guest   %wait    %CPU   CPU  Command
02:52:56        0       217    9.00    0.00    0.00    0.00    9.00    12  sync_slam_toolb

02:52:55      UID       PID  minflt/s  majflt/s     VSZ     RSS   %MEM  Command
02:52:56        0       217      6.00      0.00 1509156   51700   0.33  sync_slam_toolb

02:52:56      UID       PID    %usr %system  %guest   %wait    %CPU   CPU  Command
02:52:57        0       217    5.00    1.00    0.00    0.00    6.00    14  sync_slam_toolb

02:52:56      UID       PID  minflt/s  majflt/s     VSZ     RSS   %MEM  Command
02:52:57        0       217      0.00      0.00 1509156   51700   0.33  sync_slam_toolb

02:52:57      UID       PID    %usr %system  %guest   %wait    %CPU   CPU  Command
02:52:58        0       217    8.00    0.00    0.00    0.00    8.00    14  sync_slam_toolb

02:52:57      UID       PID  minflt/s  majflt/s     VSZ     RSS   %MEM  Command
02:52:58        0       217      6.00      0.00 1509156   51700   0.33  sync_slam_toolb

02:52:58      UID       PID    %usr %system  %guest   %wait    %CPU   CPU  Command
02:52:59        0       217    3.00    1.00    0.00    0.00    4.00    12  sync_slam_toolb

02:52:58      UID       PID  minflt/s  majflt/s     VSZ     RSS   %MEM  Command
02:52:59        0       217      0.00      0.00 1509156   51700   0.33  sync_slam_toolb

02:52:59      UID       PID    %usr %system  %guest   %wait    %CPU   CPU  Command
02:53:00        0       217    5.00    2.00    0.00    0.00    7.00    12  sync_slam_toolb

02:52:59      UID       PID  minflt/s  majflt/s     VSZ     RSS   %MEM  Command
02:53:00        0       217      0.00      0.00 1509156   51700   0.33  sync_slam_toolb

02:53:00      UID       PID    %usr %system  %guest   %wait    %CPU   CPU  Command
02:53:01        0       217    6.00    1.00    0.00    0.00    7.00     0  sync_slam_toolb

02:53:00      UID       PID  minflt/s  majflt/s     VSZ     RSS   %MEM  Command
02:53:01        0       217      6.00      0.00 1509156   51700   0.33  sync_slam_toolb

02:53:01      UID       PID    %usr %system  %guest   %wait    %CPU   CPU  Command
02:53:02        0       217    5.00    1.00    0.00    0.00    6.00     2  sync_slam_toolb

02:53:01      UID       PID  minflt/s  majflt/s     VSZ     RSS   %MEM  Command
02:53:02        0       217    191.00      0.00 1509156   51728   0.33  sync_slam_toolb

02:53:02      UID       PID    %usr %system  %guest   %wait    %CPU   CPU  Command
02:53:03        0       217    8.00    1.00    0.00    0.00    9.00     2  sync_slam_toolb

02:53:02      UID       PID  minflt/s  majflt/s     VSZ     RSS   %MEM  Command
02:53:03        0       217      6.00      0.00 1509156   51856   0.33  sync_slam_toolb

02:53:03      UID       PID    %usr %system  %guest   %wait    %CPU   CPU  Command
02:53:04        0       217    4.00    1.00    0.00    0.00    5.00     6  sync_slam_toolb

02:53:03      UID       PID  minflt/s  majflt/s     VSZ     RSS   %MEM  Command
02:53:04        0       217      0.00      0.00 1509156   51856   0.33  sync_slam_toolb

02:53:04      UID       PID    %usr %system  %guest   %wait    %CPU   CPU  Command
02:53:05        0       217    8.00    1.00    0.00    0.00    9.00     6  sync_slam_toolb

02:53:04      UID       PID  minflt/s  majflt/s     VSZ     RSS   %MEM  Command
02:53:05        0       217      6.00      0.00 1509156   51856   0.33  sync_slam_toolb

02:53:05      UID       PID    %usr %system  %guest   %wait    %CPU   CPU  Command
02:53:06        0       217    5.00    0.00    0.00    0.00    5.00     2  sync_slam_toolb

02:53:05      UID       PID  minflt/s  majflt/s     VSZ     RSS   %MEM  Command
02:53:06        0       217      0.00      0.00 1509156   51856   0.33  sync_slam_toolb

02:53:06      UID       PID    %usr %system  %guest   %wait    %CPU   CPU  Command
02:53:07        0       217    6.00    0.00    0.00    0.00    6.00     8  sync_slam_toolb

02:53:06      UID       PID  minflt/s  majflt/s     VSZ     RSS   %MEM  Command
02:53:07        0       217      3.00      0.00 1509156   51856   0.33  sync_slam_toolb

02:53:07      UID       PID    %usr %system  %guest   %wait    %CPU   CPU  Command
02:53:08        0       217    7.00    1.00    0.00    0.00    8.00     8  sync_slam_toolb

02:53:07      UID       PID  minflt/s  majflt/s     VSZ     RSS   %MEM  Command
02:53:08        0       217      6.00      0.00 1509156   51984   0.33  sync_slam_toolb

02:53:08      UID       PID    %usr %system  %guest   %wait    %CPU   CPU  Command
02:53:09        0       217    8.00    0.00    0.00    0.00    8.00     8  sync_slam_toolb

02:53:08      UID       PID  minflt/s  majflt/s     VSZ     RSS   %MEM  Command
02:53:09        0       217      6.00      0.00 1509156   51984   0.33  sync_slam_toolb

02:53:09      UID       PID    %usr %system  %guest   %wait    %CPU   CPU  Command
02:53:10        0       217    5.00    1.00    0.00    0.00    6.00     8  sync_slam_toolb

02:53:09      UID       PID  minflt/s  majflt/s     VSZ     RSS   %MEM  Command
02:53:10        0       217      0.00      0.00 1509156   51984   0.33  sync_slam_toolb

02:53:10      UID       PID    %usr %system  %guest   %wait    %CPU   CPU  Command
02:53:11        0       217    4.00    1.00    0.00    0.00    5.00     8  sync_slam_toolb

02:53:10      UID       PID  minflt/s  majflt/s     VSZ     RSS   %MEM  Command
02:53:11        0       217      0.00      0.00 1509156   51984   0.33  sync_slam_toolb

02:53:11      UID       PID    %usr %system  %guest   %wait    %CPU   CPU  Command
02:53:12        0       217    8.00    1.00    0.00    0.00    9.00     8  sync_slam_toolb

02:53:11      UID       PID  minflt/s  majflt/s     VSZ     RSS   %MEM  Command
02:53:12        0       217      6.00      0.00 1509156   51984   0.33  sync_slam_toolb

02:53:12      UID       PID    %usr %system  %guest   %wait    %CPU   CPU  Command
02:53:13        0       217    4.00    1.00    0.00    0.00    5.00     6  sync_slam_toolb

02:53:12      UID       PID  minflt/s  majflt/s     VSZ     RSS   %MEM  Command
02:53:13        0       217      0.00      0.00 1509156   51984   0.33  sync_slam_toolb

02:53:13      UID       PID    %usr %system  %guest   %wait    %CPU   CPU  Command
02:53:14        0       217    6.00    0.00    0.00    0.00    6.00     8  sync_slam_toolb

02:53:13      UID       PID  minflt/s  majflt/s     VSZ     RSS   %MEM  Command
02:53:14        0       217      0.00      0.00 1509156   51984   0.33  sync_slam_toolb

02:53:14      UID       PID    %usr %system  %guest   %wait    %CPU   CPU  Command
02:53:15        0       217    4.00    2.00    0.00    0.00    6.00     6  sync_slam_toolb

02:53:14      UID       PID  minflt/s  majflt/s     VSZ     RSS   %MEM  Command
02:53:15        0       217      0.00      0.00 1509156   51984   0.33  sync_slam_toolb

02:53:15      UID       PID    %usr %system  %guest   %wait    %CPU   CPU  Command
02:53:16        0       217    4.00    1.00    0.00    0.00    5.00     8  sync_slam_toolb

02:53:15      UID       PID  minflt/s  majflt/s     VSZ     RSS   %MEM  Command
02:53:16        0       217      0.00      0.00 1509156   51984   0.33  sync_slam_toolb

02:53:16      UID       PID    %usr %system  %guest   %wait    %CPU   CPU  Command
02:53:17        0       217    5.00    0.00    0.00    0.00    5.00     6  sync_slam_toolb

02:53:16      UID       PID  minflt/s  majflt/s     VSZ     RSS   %MEM  Command
02:53:17        0       217      0.00      0.00 1509156   51984   0.33  sync_slam_toolb

02:53:17      UID       PID    %usr %system  %guest   %wait    %CPU   CPU  Command
02:53:18        0       217    4.00    1.00    0.00    0.00    5.00     6  sync_slam_toolb

02:53:17      UID       PID  minflt/s  majflt/s     VSZ     RSS   %MEM  Command
02:53:18        0       217      0.00      0.00 1509156   51984   0.33  sync_slam_toolb

02:53:18      UID       PID    %usr %system  %guest   %wait    %CPU   CPU  Command
02:53:19        0       217    5.00    1.00    0.00    0.00    6.00     0  sync_slam_toolb

02:53:18      UID       PID  minflt/s  majflt/s     VSZ     RSS   %MEM  Command
02:53:19        0       217      0.00      0.00 1509156   51984   0.33  sync_slam_toolb

02:53:19      UID       PID    %usr %system  %guest   %wait    %CPU   CPU  Command
02:53:20        0       217    8.00    0.00    0.00    0.00    8.00     6  sync_slam_toolb

02:53:19      UID       PID  minflt/s  majflt/s     VSZ     RSS   %MEM  Command
02:53:20        0       217      8.00      0.00 1509156   52112   0.33  sync_slam_toolb

02:53:20      UID       PID    %usr %system  %guest   %wait    %CPU   CPU  Command
02:53:21        0       217    5.00    0.00    0.00    0.00    5.00     6  sync_slam_toolb

02:53:20      UID       PID  minflt/s  majflt/s     VSZ     RSS   %MEM  Command
02:53:21        0       217      0.00      0.00 1509156   52112   0.33  sync_slam_toolb

02:53:21      UID       PID    %usr %system  %guest   %wait    %CPU   CPU  Command
02:53:22        0       217    6.00    0.00    0.00    0.00    6.00     0  sync_slam_toolb

02:53:21      UID       PID  minflt/s  majflt/s     VSZ     RSS   %MEM  Command
02:53:22        0       217      0.00      0.00 1509156   52112   0.33  sync_slam_toolb

02:53:22      UID       PID    %usr %system  %guest   %wait    %CPU   CPU  Command
02:53:23        0       217    9.00    0.00    0.00    0.00    9.00     0  sync_slam_toolb

02:53:22      UID       PID  minflt/s  majflt/s     VSZ     RSS   %MEM  Command
02:53:23        0       217      5.00      0.00 1509156   52112   0.33  sync_slam_toolb

02:53:23      UID       PID    %usr %system  %guest   %wait    %CPU   CPU  Command
02:53:24        0       217    5.00    1.00    0.00    0.00    6.00     6  sync_slam_toolb

02:53:23      UID       PID  minflt/s  majflt/s     VSZ     RSS   %MEM  Command
02:53:24        0       217      0.00      0.00 1509156   52112   0.33  sync_slam_toolb

02:53:24      UID       PID    %usr %system  %guest   %wait    %CPU   CPU  Command
02:53:25        0       217    8.00    0.00    0.00    0.00    8.00    12  sync_slam_toolb

02:53:24      UID       PID  minflt/s  majflt/s     VSZ     RSS   %MEM  Command
02:53:25        0       217      6.00      0.00 1509156   52112   0.33  sync_slam_toolb

02:53:25      UID       PID    %usr %system  %guest   %wait    %CPU   CPU  Command
02:53:26        0       217    5.00    1.00    0.00    0.00    6.00     6  sync_slam_toolb

02:53:25      UID       PID  minflt/s  majflt/s     VSZ     RSS   %MEM  Command
02:53:26        0       217      0.00      0.00 1509156   52112   0.33  sync_slam_toolb

02:53:26      UID       PID    %usr %system  %guest   %wait    %CPU   CPU  Command
02:53:27        0       217    5.00    1.00    0.00    0.00    6.00     8  sync_slam_toolb

02:53:26      UID       PID  minflt/s  majflt/s     VSZ     RSS   %MEM  Command
02:53:27        0       217      0.00      0.00 1509156   52112   0.33  sync_slam_toolb

02:53:27      UID       PID    %usr %system  %guest   %wait    %CPU   CPU  Command
02:53:28        0       217    5.00    1.00    0.00    0.00    6.00     6  sync_slam_toolb

02:53:27      UID       PID  minflt/s  majflt/s     VSZ     RSS   %MEM  Command
02:53:28        0       217      0.00      0.00 1509156   52112   0.33  sync_slam_toolb

02:53:28      UID       PID    %usr %system  %guest   %wait    %CPU   CPU  Command
02:53:29        0       217    4.00    1.00    0.00    0.00    5.00     6  sync_slam_toolb

02:53:28      UID       PID  minflt/s  majflt/s     VSZ     RSS   %MEM  Command
02:53:29        0       217      0.00      0.00 1509156   52112   0.33  sync_slam_toolb

02:53:29      UID       PID    %usr %system  %guest   %wait    %CPU   CPU  Command
02:53:30        0       217    4.00    1.00    0.00    0.00    5.00     6  sync_slam_toolb

02:53:29      UID       PID  minflt/s  majflt/s     VSZ     RSS   %MEM  Command
02:53:30        0       217      0.00      0.00 1509156   52112   0.33  sync_slam_toolb

02:53:30      UID       PID    %usr %system  %guest   %wait    %CPU   CPU  Command
02:53:31        0       217    5.00    1.00    0.00    0.00    6.00     8  sync_slam_toolb

02:53:30      UID       PID  minflt/s  majflt/s     VSZ     RSS   %MEM  Command
02:53:31        0       217      0.00      0.00 1509156   52112   0.33  sync_slam_toolb

02:53:31      UID       PID    %usr %system  %guest   %wait    %CPU   CPU  Command
02:53:32        0       217    5.00    1.00    0.00    0.00    6.00     6  sync_slam_toolb

02:53:31      UID       PID  minflt/s  majflt/s     VSZ     RSS   %MEM  Command
02:53:32        0       217      0.00      0.00 1509156   52112   0.33  sync_slam_toolb

02:53:32      UID       PID    %usr %system  %guest   %wait    %CPU   CPU  Command
02:53:33        0       217    3.00    2.00    0.00    0.00    5.00     0  sync_slam_toolb

02:53:32      UID       PID  minflt/s  majflt/s     VSZ     RSS   %MEM  Command
02:53:33        0       217      0.00      0.00 1509156   52112   0.33  sync_slam_toolb

02:53:33      UID       PID    %usr %system  %guest   %wait    %CPU   CPU  Command
02:53:34        0       217    8.00    0.00    0.00    0.00    8.00     8  sync_slam_toolb

02:53:33      UID       PID  minflt/s  majflt/s     VSZ     RSS   %MEM  Command
02:53:34        0       217      6.00      0.00 1509156   52112   0.33  sync_slam_toolb

02:53:34      UID       PID    %usr %system  %guest   %wait    %CPU   CPU  Command
02:53:35        0       217    5.00    1.00    0.00    0.00    6.00     8  sync_slam_toolb

02:53:34      UID       PID  minflt/s  majflt/s     VSZ     RSS   %MEM  Command
02:53:35        0       217      0.00      0.00 1509156   52112   0.33  sync_slam_toolb

02:53:35      UID       PID    %usr %system  %guest   %wait    %CPU   CPU  Command
02:53:36        0       217    8.00    1.00    0.00    0.00    9.00     6  sync_slam_toolb

02:53:35      UID       PID  minflt/s  majflt/s     VSZ     RSS   %MEM  Command
02:53:36        0       217      6.00      0.00 1509156   52112   0.33  sync_slam_toolb

02:53:36      UID       PID    %usr %system  %guest   %wait    %CPU   CPU  Command
02:53:37        0       217    5.00    0.00    0.00    0.00    5.00     6  sync_slam_toolb

02:53:36      UID       PID  minflt/s  majflt/s     VSZ     RSS   %MEM  Command
02:53:37        0       217      0.00      0.00 1509156   52112   0.33  sync_slam_toolb

02:53:37      UID       PID    %usr %system  %guest   %wait    %CPU   CPU  Command
02:53:38        0       217    5.00    1.00    0.00    0.00    6.00     0  sync_slam_toolb

02:53:37      UID       PID  minflt/s  majflt/s     VSZ     RSS   %MEM  Command
02:53:38        0       217      0.00      0.00 1509156   52112   0.33  sync_slam_toolb

02:53:38      UID       PID    %usr %system  %guest   %wait    %CPU   CPU  Command
02:53:39        0       217    7.00    0.00    0.00    0.00    7.00     8  sync_slam_toolb

02:53:38      UID       PID  minflt/s  majflt/s     VSZ     RSS   %MEM  Command
02:53:39        0       217      7.00      0.00 1509156   52112   0.33  sync_slam_toolb

02:53:39      UID       PID    %usr %system  %guest   %wait    %CPU   CPU  Command
02:53:40        0       217    4.00    2.00    0.00    0.00    6.00     2  sync_slam_toolb

02:53:39      UID       PID  minflt/s  majflt/s     VSZ     RSS   %MEM  Command
02:53:40        0       217      0.00      0.00 1509156   52112   0.33  sync_slam_toolb

02:53:40      UID       PID    %usr %system  %guest   %wait    %CPU   CPU  Command
02:53:41        0       217    5.00    1.00    0.00    0.00    6.00     7  sync_slam_toolb

02:53:40      UID       PID  minflt/s  majflt/s     VSZ     RSS   %MEM  Command
02:53:41        0       217      0.00      0.00 1509156   52112   0.33  sync_slam_toolb

02:53:41      UID       PID    %usr %system  %guest   %wait    %CPU   CPU  Command
02:53:42        0       217    9.00    0.00    0.00    0.00    9.00     7  sync_slam_toolb

02:53:41      UID       PID  minflt/s  majflt/s     VSZ     RSS   %MEM  Command
02:53:42        0       217      6.00      0.00 1509156   52112   0.33  sync_slam_toolb

02:53:42      UID       PID    %usr %system  %guest   %wait    %CPU   CPU  Command
02:53:43        0       217    5.00    0.00    0.00    0.00    5.00     7  sync_slam_toolb

02:53:42      UID       PID  minflt/s  majflt/s     VSZ     RSS   %MEM  Command
02:53:43        0       217      0.00      0.00 1509156   52112   0.33  sync_slam_toolb

02:53:43      UID       PID    %usr %system  %guest   %wait    %CPU   CPU  Command
02:53:44        0       217    4.00    1.00    0.00    0.00    5.00     7  sync_slam_toolb

02:53:43      UID       PID  minflt/s  majflt/s     VSZ     RSS   %MEM  Command
02:53:44        0       217      0.00      0.00 1509156   52112   0.33  sync_slam_toolb

02:53:44      UID       PID    %usr %system  %guest   %wait    %CPU   CPU  Command
02:53:45        0       217    5.00    1.00    0.00    0.00    6.00     7  sync_slam_toolb

02:53:44      UID       PID  minflt/s  majflt/s     VSZ     RSS   %MEM  Command
02:53:45        0       217      0.00      0.00 1509156   52112   0.33  sync_slam_toolb

02:53:45      UID       PID    %usr %system  %guest   %wait    %CPU   CPU  Command
02:53:46        0       217    4.00    0.00    0.00    0.00    4.00     7  sync_slam_toolb

02:53:45      UID       PID  minflt/s  majflt/s     VSZ     RSS   %MEM  Command
02:53:46        0       217      0.00      0.00 1509156   52112   0.33  sync_slam_toolb

02:53:46      UID       PID    %usr %system  %guest   %wait    %CPU   CPU  Command
02:53:47        0       217    9.00    1.00    0.00    0.00   10.00     7  sync_slam_toolb

02:53:46      UID       PID  minflt/s  majflt/s     VSZ     RSS   %MEM  Command
02:53:47        0       217      6.00      0.00 1509156   52240   0.34  sync_slam_toolb

02:53:47      UID       PID    %usr %system  %guest   %wait    %CPU   CPU  Command
02:53:48        0       217    5.00    0.00    0.00    0.00    5.00     7  sync_slam_toolb

02:53:47      UID       PID  minflt/s  majflt/s     VSZ     RSS   %MEM  Command
02:53:48        0       217      0.00      0.00 1509156   52240   0.34  sync_slam_toolb

02:53:48      UID       PID    %usr %system  %guest   %wait    %CPU   CPU  Command
02:53:49        0       217    4.00    1.00    0.00    0.00    5.00     7  sync_slam_toolb

02:53:48      UID       PID  minflt/s  majflt/s     VSZ     RSS   %MEM  Command
02:53:49        0       217      0.00      0.00 1509156   52240   0.34  sync_slam_toolb

02:53:49      UID       PID    %usr %system  %guest   %wait    %CPU   CPU  Command
02:53:50        0       217    8.00    1.00    0.00    0.00    9.00     7  sync_slam_toolb

02:53:49      UID       PID  minflt/s  majflt/s     VSZ     RSS   %MEM  Command
02:53:50        0       217      7.00      0.00 1509156   52240   0.34  sync_slam_toolb

02:53:50      UID       PID    %usr %system  %guest   %wait    %CPU   CPU  Command
02:53:51        0       217    5.00    0.00    0.00    0.00    5.00     7  sync_slam_toolb

02:53:50      UID       PID  minflt/s  majflt/s     VSZ     RSS   %MEM  Command
02:53:51        0       217      0.00      0.00 1509156   52240   0.34  sync_slam_toolb

02:53:51      UID       PID    %usr %system  %guest   %wait    %CPU   CPU  Command
02:53:52        0       217    8.91    0.99    0.00    0.00    9.90     7  sync_slam_toolb

02:53:51      UID       PID  minflt/s  majflt/s     VSZ     RSS   %MEM  Command
02:53:52        0       217    213.86      0.00 1509288   52356   0.34  sync_slam_toolb

02:53:52      UID       PID    %usr %system  %guest   %wait    %CPU   CPU  Command
02:53:53        0       217    4.00    1.00    0.00    0.00    5.00     7  sync_slam_toolb

02:53:52      UID       PID  minflt/s  majflt/s     VSZ     RSS   %MEM  Command
02:53:53        0       217      0.00      0.00 1509288   52356   0.34  sync_slam_toolb

02:53:53      UID       PID    %usr %system  %guest   %wait    %CPU   CPU  Command
02:53:54        0       217    8.00    0.00    0.00    0.00    8.00     7  sync_slam_toolb

02:53:53      UID       PID  minflt/s  majflt/s     VSZ     RSS   %MEM  Command
02:53:54        0       217      7.00      0.00 1509288   52356   0.34  sync_slam_toolb

02:53:54      UID       PID    %usr %system  %guest   %wait    %CPU   CPU  Command
02:53:55        0       217    6.00    0.00    0.00    0.00    6.00     1  sync_slam_toolb

02:53:54      UID       PID  minflt/s  majflt/s     VSZ     RSS   %MEM  Command
02:53:55        0       217      0.00      0.00 1509288   52356   0.34  sync_slam_toolb

02:53:55      UID       PID    %usr %system  %guest   %wait    %CPU   CPU  Command
02:53:56        0       217    4.00    1.00    0.00    0.00    5.00     1  sync_slam_toolb

02:53:55      UID       PID  minflt/s  majflt/s     VSZ     RSS   %MEM  Command
02:53:56        0       217      0.00      0.00 1509288   52356   0.34  sync_slam_toolb

02:53:56      UID       PID    %usr %system  %guest   %wait    %CPU   CPU  Command
02:53:57        0       217    9.00    1.00    0.00    0.00   10.00     2  sync_slam_toolb

02:53:56      UID       PID  minflt/s  majflt/s     VSZ     RSS   %MEM  Command
02:53:57        0       217    117.00      0.00 1509488   52612   0.34  sync_slam_toolb

02:53:57      UID       PID    %usr %system  %guest   %wait    %CPU   CPU  Command
02:53:58        0       217    5.00    1.00    0.00    0.00    6.00     4  sync_slam_toolb

02:53:57      UID       PID  minflt/s  majflt/s     VSZ     RSS   %MEM  Command
02:53:58        0       217      0.00      0.00 1509488   52612   0.34  sync_slam_toolb

02:53:58      UID       PID    %usr %system  %guest   %wait    %CPU   CPU  Command
02:53:59        0       217    4.00    1.00    0.00    0.00    5.00     6  sync_slam_toolb

02:53:58      UID       PID  minflt/s  majflt/s     VSZ     RSS   %MEM  Command
02:53:59        0       217      0.00      0.00 1509488   52612   0.34  sync_slam_toolb

02:53:59      UID       PID    %usr %system  %guest   %wait    %CPU   CPU  Command
02:54:00        0       217    8.00    1.00    0.00    0.00    9.00    12  sync_slam_toolb

02:53:59      UID       PID  minflt/s  majflt/s     VSZ     RSS   %MEM  Command
02:54:00        0       217      6.00      0.00 1509488   52612   0.34  sync_slam_toolb

02:54:00      UID       PID    %usr %system  %guest   %wait    %CPU   CPU  Command
02:54:01        0       217    5.00    0.00    0.00    0.00    5.00     2  sync_slam_toolb

02:54:00      UID       PID  minflt/s  majflt/s     VSZ     RSS   %MEM  Command
02:54:01        0       217      0.00      0.00 1509488   52612   0.34  sync_slam_toolb

02:54:01      UID       PID    %usr %system  %guest   %wait    %CPU   CPU  Command
02:54:02        0       217    9.00    1.00    0.00    0.00   10.00     2  sync_slam_toolb

02:54:01      UID       PID  minflt/s  majflt/s     VSZ     RSS   %MEM  Command
02:54:02        0       217     11.00      0.00 1509488   52740   0.34  sync_slam_toolb

02:54:02      UID       PID    %usr %system  %guest   %wait    %CPU   CPU  Command
02:54:03        0       217    5.00    1.00    0.00    0.00    6.00     2  sync_slam_toolb

02:54:02      UID       PID  minflt/s  majflt/s     VSZ     RSS   %MEM  Command
02:54:03        0       217      0.00      0.00 1509488   52740   0.34  sync_slam_toolb

02:54:03      UID       PID    %usr %system  %guest   %wait    %CPU   CPU  Command
02:54:04        0       217    8.00    1.00    0.00    0.00    9.00     4  sync_slam_toolb

02:54:03      UID       PID  minflt/s  majflt/s     VSZ     RSS   %MEM  Command
02:54:04        0       217      6.00      0.00 1509488   52740   0.34  sync_slam_toolb

02:54:04      UID       PID    %usr %system  %guest   %wait    %CPU   CPU  Command
02:54:05        0       217    5.00    0.00    0.00    0.00    5.00     4  sync_slam_toolb

02:54:04      UID       PID  minflt/s  majflt/s     VSZ     RSS   %MEM  Command
02:54:05        0       217      0.00      0.00 1509488   52740   0.34  sync_slam_toolb

02:54:05      UID       PID    %usr %system  %guest   %wait    %CPU   CPU  Command
02:54:06        0       217    4.00    1.00    0.00    0.00    5.00     6  sync_slam_toolb

02:54:05      UID       PID  minflt/s  majflt/s     VSZ     RSS   %MEM  Command
02:54:06        0       217      0.00      0.00 1509488   52740   0.34  sync_slam_toolb

02:54:06      UID       PID    %usr %system  %guest   %wait    %CPU   CPU  Command
02:54:07        0       217   10.00    0.00    0.00    0.00   10.00     0  sync_slam_toolb

02:54:06      UID       PID  minflt/s  majflt/s     VSZ     RSS   %MEM  Command
02:54:07        0       217    346.00      0.00 1509940   53256   0.34  sync_slam_toolb

02:54:07      UID       PID    %usr %system  %guest   %wait    %CPU   CPU  Command
02:54:08        0       217    4.00    1.00    0.00    0.00    5.00     0  sync_slam_toolb

02:54:07      UID       PID  minflt/s  majflt/s     VSZ     RSS   %MEM  Command
02:54:08        0       217      0.00      0.00 1509940   53256   0.34  sync_slam_toolb

02:54:08      UID       PID    %usr %system  %guest   %wait    %CPU   CPU  Command
02:54:09        0       217    4.00    1.00    0.00    0.00    5.00     6  sync_slam_toolb

02:54:08      UID       PID  minflt/s  majflt/s     VSZ     RSS   %MEM  Command
02:54:09        0       217      0.00      0.00 1509940   53256   0.34  sync_slam_toolb

02:54:09      UID       PID    %usr %system  %guest   %wait    %CPU   CPU  Command
02:54:10        0       217    8.00    2.00    0.00    0.00   10.00     6  sync_slam_toolb

02:54:09      UID       PID  minflt/s  majflt/s     VSZ     RSS   %MEM  Command
02:54:10        0       217      7.00      0.00 1509940   53256   0.34  sync_slam_toolb

02:54:10      UID       PID    %usr %system  %guest   %wait    %CPU   CPU  Command
02:54:11        0       217    4.00    1.00    0.00    0.00    5.00     6  sync_slam_toolb

02:54:10      UID       PID  minflt/s  majflt/s     VSZ     RSS   %MEM  Command
02:54:11        0       217      0.00      0.00 1509940   53256   0.34  sync_slam_toolb

02:54:11      UID       PID    %usr %system  %guest   %wait    %CPU   CPU  Command
02:54:12        0       217    8.00    2.00    0.00    0.00   10.00     8  sync_slam_toolb

02:54:11      UID       PID  minflt/s  majflt/s     VSZ     RSS   %MEM  Command
02:54:12        0       217    253.00      0.00 1509940   53348   0.34  sync_slam_toolb

02:54:12      UID       PID    %usr %system  %guest   %wait    %CPU   CPU  Command
02:54:13        0       217    4.00    1.00    0.00    0.00    5.00     6  sync_slam_toolb

02:54:12      UID       PID  minflt/s  majflt/s     VSZ     RSS   %MEM  Command
02:54:13        0       217      0.00      0.00 1509940   53348   0.34  sync_slam_toolb

02:54:13      UID       PID    %usr %system  %guest   %wait    %CPU   CPU  Command
02:54:14        0       217    4.00    1.00    0.00    0.00    5.00     6  sync_slam_toolb

02:54:13      UID       PID  minflt/s  majflt/s     VSZ     RSS   %MEM  Command
02:54:14        0       217      0.00      0.00 1509940   53348   0.34  sync_slam_toolb

02:54:14      UID       PID    %usr %system  %guest   %wait    %CPU   CPU  Command
02:54:15        0       217    9.00    0.00    0.00    0.00    9.00     4  sync_slam_toolb

02:54:14      UID       PID  minflt/s  majflt/s     VSZ     RSS   %MEM  Command
02:54:15        0       217      6.00      0.00 1509940   53348   0.34  sync_slam_toolb

02:54:15      UID       PID    %usr %system  %guest   %wait    %CPU   CPU  Command
02:54:16        0       217    5.00    1.00    0.00    0.00    6.00     2  sync_slam_toolb

02:54:15      UID       PID  minflt/s  majflt/s     VSZ     RSS   %MEM  Command
02:54:16        0       217      0.00      0.00 1509940   53348   0.34  sync_slam_toolb

02:54:16      UID       PID    %usr %system  %guest   %wait    %CPU   CPU  Command
02:54:17        0       217   10.00    0.00    0.00    0.00   10.00     0  sync_slam_toolb

02:54:16      UID       PID  minflt/s  majflt/s     VSZ     RSS   %MEM  Command
02:54:17        0       217    223.00      0.00 1509940   52208   0.33  sync_slam_toolb

02:54:17      UID       PID    %usr %system  %guest   %wait    %CPU   CPU  Command
02:54:18        0       217    4.00    1.00    0.00    0.00    5.00     2  sync_slam_toolb

02:54:17      UID       PID  minflt/s  majflt/s     VSZ     RSS   %MEM  Command
02:54:18        0       217      0.00      0.00 1509940   52208   0.33  sync_slam_toolb

02:54:18      UID       PID    %usr %system  %guest   %wait    %CPU   CPU  Command
02:54:19        0       217    5.00    1.00    0.00    0.00    6.00     0  sync_slam_toolb

02:54:18      UID       PID  minflt/s  majflt/s     VSZ     RSS   %MEM  Command
02:54:19        0       217      0.00      0.00 1509940   52208   0.33  sync_slam_toolb

02:54:19      UID       PID    %usr %system  %guest   %wait    %CPU   CPU  Command
02:54:20        0       217    8.00    0.00    0.00    0.00    8.00     0  sync_slam_toolb

02:54:19      UID       PID  minflt/s  majflt/s     VSZ     RSS   %MEM  Command
02:54:20        0       217      6.00      0.00 1509940   52208   0.33  sync_slam_toolb

02:54:20      UID       PID    %usr %system  %guest   %wait    %CPU   CPU  Command
02:54:21        0       217    5.00    1.00    0.00    0.00    6.00     0  sync_slam_toolb

02:54:20      UID       PID  minflt/s  majflt/s     VSZ     RSS   %MEM  Command
02:54:21        0       217      0.00      0.00 1509940   52208   0.33  sync_slam_toolb

02:54:21      UID       PID    %usr %system  %guest   %wait    %CPU   CPU  Command
02:54:22        0       217    5.00    1.00    0.00    0.00    6.00    10  sync_slam_toolb

02:54:21      UID       PID  minflt/s  majflt/s     VSZ     RSS   %MEM  Command
02:54:22        0       217    511.00      0.00 1509940   52168   0.33  sync_slam_toolb

02:54:22      UID       PID    %usr %system  %guest   %wait    %CPU   CPU  Command
02:54:23        0       217    8.00    1.00    0.00    0.00    9.00     8  sync_slam_toolb

02:54:22      UID       PID  minflt/s  majflt/s     VSZ     RSS   %MEM  Command
02:54:23        0       217      6.00      0.00 1509940   52168   0.33  sync_slam_toolb

02:54:23      UID       PID    %usr %system  %guest   %wait    %CPU   CPU  Command
02:54:24        0       217    4.00    1.00    0.00    0.00    5.00     8  sync_slam_toolb

02:54:23      UID       PID  minflt/s  majflt/s     VSZ     RSS   %MEM  Command
02:54:24        0       217      0.00      0.00 1509940   52168   0.33  sync_slam_toolb

02:54:24      UID       PID    %usr %system  %guest   %wait    %CPU   CPU  Command
02:54:25        0       217    8.00    1.00    0.00    0.00    9.00     0  sync_slam_toolb

02:54:24      UID       PID  minflt/s  majflt/s     VSZ     RSS   %MEM  Command
02:54:25        0       217      6.00      0.00 1509940   52168   0.33  sync_slam_toolb

02:54:25      UID       PID    %usr %system  %guest   %wait    %CPU   CPU  Command
02:54:26        0       217    4.00    0.00    0.00    0.00    4.00     7  sync_slam_toolb

02:54:25      UID       PID  minflt/s  majflt/s     VSZ     RSS   %MEM  Command
02:54:26        0       217      0.00      0.00 1509940   52168   0.33  sync_slam_toolb

02:54:26      UID       PID    %usr %system  %guest   %wait    %CPU   CPU  Command
02:54:27        0       217    5.00    2.00    0.00    0.00    7.00     7  sync_slam_toolb

02:54:26      UID       PID  minflt/s  majflt/s     VSZ     RSS   %MEM  Command
02:54:27        0       217    511.00      0.00 1509940   52168   0.33  sync_slam_toolb

02:54:27      UID       PID    %usr %system  %guest   %wait    %CPU   CPU  Command
02:54:28        0       217    5.00    0.00    0.00    0.00    5.00     6  sync_slam_toolb

02:54:27      UID       PID  minflt/s  majflt/s     VSZ     RSS   %MEM  Command
02:54:28        0       217      0.00      0.00 1509940   52168   0.33  sync_slam_toolb

02:54:28      UID       PID    %usr %system  %guest   %wait    %CPU   CPU  Command
02:54:29        0       217    5.00    1.00    0.00    0.00    6.00     7  sync_slam_toolb

02:54:28      UID       PID  minflt/s  majflt/s     VSZ     RSS   %MEM  Command
02:54:29        0       217      0.00      0.00 1509940   52168   0.33  sync_slam_toolb

02:54:29      UID       PID    %usr %system  %guest   %wait    %CPU   CPU  Command
02:54:30        0       217    4.00    1.00    0.00    0.00    5.00     7  sync_slam_toolb

02:54:29      UID       PID  minflt/s  majflt/s     VSZ     RSS   %MEM  Command
02:54:30        0       217      0.00      0.00 1509940   52168   0.33  sync_slam_toolb

02:54:30      UID       PID    %usr %system  %guest   %wait    %CPU   CPU  Command
02:54:31        0       217    5.00    0.00    0.00    0.00    5.00     7  sync_slam_toolb

02:54:30      UID       PID  minflt/s  majflt/s     VSZ     RSS   %MEM  Command
02:54:31        0       217      0.00      0.00 1509940   52168   0.33  sync_slam_toolb

02:54:31      UID       PID    %usr %system  %guest   %wait    %CPU   CPU  Command
02:54:32        0       217    6.00    1.00    0.00    0.00    7.00     7  sync_slam_toolb

02:54:31      UID       PID  minflt/s  majflt/s     VSZ     RSS   %MEM  Command
02:54:32        0       217    511.00      0.00 1509940   52168   0.33  sync_slam_toolb

02:54:32      UID       PID    %usr %system  %guest   %wait    %CPU   CPU  Command
02:54:33        0       217    4.00    1.00    0.00    0.00    5.00     7  sync_slam_toolb

02:54:32      UID       PID  minflt/s  majflt/s     VSZ     RSS   %MEM  Command
02:54:33        0       217      0.00      0.00 1509940   52168   0.33  sync_slam_toolb

02:54:33      UID       PID    %usr %system  %guest   %wait    %CPU   CPU  Command
02:54:34        0       217    4.00    1.00    0.00    0.00    5.00     2  sync_slam_toolb

02:54:33      UID       PID  minflt/s  majflt/s     VSZ     RSS   %MEM  Command
02:54:34        0       217      0.00      0.00 1509940   52168   0.33  sync_slam_toolb

02:54:34      UID       PID    %usr %system  %guest   %wait    %CPU   CPU  Command
02:54:35        0       217    4.00    2.00    0.00    0.00    6.00     8  sync_slam_toolb

02:54:34      UID       PID  minflt/s  majflt/s     VSZ     RSS   %MEM  Command
02:54:35        0       217      0.00      0.00 1509940   52168   0.33  sync_slam_toolb

02:54:35      UID       PID    %usr %system  %guest   %wait    %CPU   CPU  Command
02:54:36        0       217    5.00    0.00    0.00    0.00    5.00     2  sync_slam_toolb

02:54:35      UID       PID  minflt/s  majflt/s     VSZ     RSS   %MEM  Command
02:54:36        0       217      0.00      0.00 1509940   52168   0.33  sync_slam_toolb

02:54:36      UID       PID    %usr %system  %guest   %wait    %CPU   CPU  Command
02:54:37        0       217    6.00    1.00    0.00    0.00    7.00     8  sync_slam_toolb

02:54:36      UID       PID  minflt/s  majflt/s     VSZ     RSS   %MEM  Command
02:54:37        0       217    511.00      0.00 1509940   52252   0.34  sync_slam_toolb

02:54:37      UID       PID    %usr %system  %guest   %wait    %CPU   CPU  Command
02:54:38        0       217    7.00    1.00    0.00    0.00    8.00     8  sync_slam_toolb

02:54:37      UID       PID  minflt/s  majflt/s     VSZ     RSS   %MEM  Command
02:54:38        0       217      6.00      0.00 1509940   52252   0.34  sync_slam_toolb

02:54:38      UID       PID    %usr %system  %guest   %wait    %CPU   CPU  Command
02:54:39        0       217    5.00    1.00    0.00    0.00    6.00    10  sync_slam_toolb

02:54:38      UID       PID  minflt/s  majflt/s     VSZ     RSS   %MEM  Command
02:54:39        0       217      0.00      0.00 1509940   52252   0.34  sync_slam_toolb

02:54:39      UID       PID    %usr %system  %guest   %wait    %CPU   CPU  Command
02:54:40        0       217    4.00    0.00    0.00    0.00    4.00     2  sync_slam_toolb

02:54:39      UID       PID  minflt/s  majflt/s     VSZ     RSS   %MEM  Command
02:54:40        0       217      0.00      0.00 1509940   52252   0.34  sync_slam_toolb

02:54:40      UID       PID    %usr %system  %guest   %wait    %CPU   CPU  Command
02:54:41        0       217    5.00    0.00    0.00    0.00    5.00     6  sync_slam_toolb

02:54:40      UID       PID  minflt/s  majflt/s     VSZ     RSS   %MEM  Command
02:54:41        0       217      0.00      0.00 1509940   52252   0.34  sync_slam_toolb

02:54:41      UID       PID    %usr %system  %guest   %wait    %CPU   CPU  Command
02:54:42        0       217    7.00    3.00    0.00    0.00   10.00     2  sync_slam_toolb

02:54:41      UID       PID  minflt/s  majflt/s     VSZ     RSS   %MEM  Command
02:54:42        0       217    517.00      0.00 1509940   52252   0.34  sync_slam_toolb

02:54:42      UID       PID    %usr %system  %guest   %wait    %CPU   CPU  Command
02:54:43        0       217    5.00    1.00    0.00    0.00    6.00    14  sync_slam_toolb

02:54:42      UID       PID  minflt/s  majflt/s     VSZ     RSS   %MEM  Command
02:54:43        0       217      0.00      0.00 1509940   52252   0.34  sync_slam_toolb

02:54:43      UID       PID    %usr %system  %guest   %wait    %CPU   CPU  Command
02:54:44        0       217    4.00    1.00    0.00    0.00    5.00     4  sync_slam_toolb

02:54:43      UID       PID  minflt/s  majflt/s     VSZ     RSS   %MEM  Command
02:54:44        0       217      0.00      0.00 1509940   52252   0.34  sync_slam_toolb

02:54:44      UID       PID    %usr %system  %guest   %wait    %CPU   CPU  Command
02:54:45        0       217    4.00    1.00    0.00    0.00    5.00     2  sync_slam_toolb

02:54:44      UID       PID  minflt/s  majflt/s     VSZ     RSS   %MEM  Command
02:54:45        0       217      0.00      0.00 1509940   52252   0.34  sync_slam_toolb

02:54:45      UID       PID    %usr %system  %guest   %wait    %CPU   CPU  Command
02:54:46        0       217    8.00    1.00    0.00    0.00    9.00     2  sync_slam_toolb

02:54:45      UID       PID  minflt/s  majflt/s     VSZ     RSS   %MEM  Command
02:54:46        0       217      6.00      0.00 1509940   52252   0.34  sync_slam_toolb

02:54:46      UID       PID    %usr %system  %guest   %wait    %CPU   CPU  Command
02:54:47        0       217    6.00    1.00    0.00    0.00    7.00    14  sync_slam_toolb

02:54:46      UID       PID  minflt/s  majflt/s     VSZ     RSS   %MEM  Command
02:54:47        0       217    511.00      0.00 1509940   52264   0.34  sync_slam_toolb

02:54:47      UID       PID    %usr %system  %guest   %wait    %CPU   CPU  Command
02:54:48        0       217    4.00    1.00    0.00    0.00    5.00     2  sync_slam_toolb

02:54:47      UID       PID  minflt/s  majflt/s     VSZ     RSS   %MEM  Command
02:54:48        0       217      0.00      0.00 1509940   52264   0.34  sync_slam_toolb

02:54:48      UID       PID    %usr %system  %guest   %wait    %CPU   CPU  Command
02:54:49        0       217    7.00    2.00    0.00    0.00    9.00    14  sync_slam_toolb

02:54:48      UID       PID  minflt/s  majflt/s     VSZ     RSS   %MEM  Command
02:54:49        0       217      6.00      0.00 1509940   52264   0.34  sync_slam_toolb

02:54:49      UID       PID    %usr %system  %guest   %wait    %CPU   CPU  Command
02:54:50        0       217    4.00    1.00    0.00    0.00    5.00     4  sync_slam_toolb

02:54:49      UID       PID  minflt/s  majflt/s     VSZ     RSS   %MEM  Command
02:54:50        0       217      0.00      0.00 1509940   52264   0.34  sync_slam_toolb

02:54:50      UID       PID    %usr %system  %guest   %wait    %CPU   CPU  Command
02:54:51        0       217    5.00    0.00    0.00    0.00    5.00     2  sync_slam_toolb

02:54:50      UID       PID  minflt/s  majflt/s     VSZ     RSS   %MEM  Command
02:54:51        0       217      0.00      0.00 1509940   52264   0.34  sync_slam_toolb

02:54:51      UID       PID    %usr %system  %guest   %wait    %CPU   CPU  Command
02:54:52        0       217    6.00    1.00    0.00    0.00    7.00     0  sync_slam_toolb

02:54:51      UID       PID  minflt/s  majflt/s     VSZ     RSS   %MEM  Command
02:54:52        0       217    511.00      0.00 1509940   52264   0.34  sync_slam_toolb

02:54:52      UID       PID    %usr %system  %guest   %wait    %CPU   CPU  Command
02:54:53        0       217    4.00    2.00    0.00    0.00    6.00     6  sync_slam_toolb

02:54:52      UID       PID  minflt/s  majflt/s     VSZ     RSS   %MEM  Command
02:54:53        0       217      0.00      0.00 1509940   52264   0.34  sync_slam_toolb

02:54:53      UID       PID    %usr %system  %guest   %wait    %CPU   CPU  Command
02:54:54        0       217    4.00    1.00    0.00    0.00    5.00     6  sync_slam_toolb

02:54:53      UID       PID  minflt/s  majflt/s     VSZ     RSS   %MEM  Command
02:54:54        0       217      0.00      0.00 1509940   52264   0.34  sync_slam_toolb

02:54:54      UID       PID    %usr %system  %guest   %wait    %CPU   CPU  Command
02:54:55        0       217    5.00    0.00    0.00    0.00    5.00     6  sync_slam_toolb

02:54:54      UID       PID  minflt/s  majflt/s     VSZ     RSS   %MEM  Command
02:54:55        0       217      0.00      0.00 1509940   52264   0.34  sync_slam_toolb

02:54:55      UID       PID    %usr %system  %guest   %wait    %CPU   CPU  Command
02:54:56        0       217    4.00    1.00    0.00    0.00    5.00     2  sync_slam_toolb

02:54:55      UID       PID  minflt/s  majflt/s     VSZ     RSS   %MEM  Command
02:54:56        0       217      0.00      0.00 1509940   52264   0.34  sync_slam_toolb

02:54:56      UID       PID    %usr %system  %guest   %wait    %CPU   CPU  Command
02:54:57        0       217    5.00    1.00    0.00    0.00    6.00     2  sync_slam_toolb

02:54:56      UID       PID  minflt/s  majflt/s     VSZ     RSS   %MEM  Command
02:54:57        0       217    511.00      0.00 1509940   52292   0.34  sync_slam_toolb

02:54:57      UID       PID    %usr %system  %guest   %wait    %CPU   CPU  Command
02:54:58        0       217    4.00    2.00    0.00    0.00    6.00     0  sync_slam_toolb

02:54:57      UID       PID  minflt/s  majflt/s     VSZ     RSS   %MEM  Command
02:54:58        0       217      0.00      0.00 1509940   52292   0.34  sync_slam_toolb

02:54:58      UID       PID    %usr %system  %guest   %wait    %CPU   CPU  Command
02:54:59        0       217    5.00    1.00    0.00    0.00    6.00     2  sync_slam_toolb

02:54:58      UID       PID  minflt/s  majflt/s     VSZ     RSS   %MEM  Command
02:54:59        0       217      0.00      0.00 1509940   52292   0.34  sync_slam_toolb

02:54:59      UID       PID    %usr %system  %guest   %wait    %CPU   CPU  Command
02:55:00        0       217    5.00    0.00    0.00    0.00    5.00     2  sync_slam_toolb

02:54:59      UID       PID  minflt/s  majflt/s     VSZ     RSS   %MEM  Command
02:55:00        0       217      0.00      0.00 1509940   52292   0.34  sync_slam_toolb

02:55:00      UID       PID    %usr %system  %guest   %wait    %CPU   CPU  Command
02:55:01        0       217    4.00    2.00    0.00    0.00    6.00     6  sync_slam_toolb

02:55:00      UID       PID  minflt/s  majflt/s     VSZ     RSS   %MEM  Command
02:55:01        0       217      0.00      0.00 1509940   52292   0.34  sync_slam_toolb

02:55:01      UID       PID    %usr %system  %guest   %wait    %CPU   CPU  Command
02:55:02        0       217    5.00    1.00    0.00    0.00    6.00     6  sync_slam_toolb

02:55:01      UID       PID  minflt/s  majflt/s     VSZ     RSS   %MEM  Command
02:55:02        0       217    511.00      0.00 1509940   52368   0.34  sync_slam_toolb

02:55:02      UID       PID    %usr %system  %guest   %wait    %CPU   CPU  Command
02:55:03        0       217    3.00    2.00    0.00    0.00    5.00     8  sync_slam_toolb

02:55:02      UID       PID  minflt/s  majflt/s     VSZ     RSS   %MEM  Command
02:55:03        0       217      0.00      0.00 1509940   52368   0.34  sync_slam_toolb

02:55:03      UID       PID    %usr %system  %guest   %wait    %CPU   CPU  Command
02:55:04        0       217    5.00    0.00    0.00    0.00    5.00     8  sync_slam_toolb

02:55:03      UID       PID  minflt/s  majflt/s     VSZ     RSS   %MEM  Command
02:55:04        0       217      0.00      0.00 1509940   52368   0.34  sync_slam_toolb

02:55:04      UID       PID    %usr %system  %guest   %wait    %CPU   CPU  Command
02:55:05        0       217    4.00    0.00    0.00    0.00    4.00     2  sync_slam_toolb

02:55:04      UID       PID  minflt/s  majflt/s     VSZ     RSS   %MEM  Command
02:55:05        0       217      0.00      0.00 1509940   52368   0.34  sync_slam_toolb

02:55:05      UID       PID    %usr %system  %guest   %wait    %CPU   CPU  Command
02:55:06        0       217    5.00    1.00    0.00    0.00    6.00    10  sync_slam_toolb

02:55:05      UID       PID  minflt/s  majflt/s     VSZ     RSS   %MEM  Command
02:55:06        0       217      0.00      0.00 1509940   52368   0.34  sync_slam_toolb

02:55:06      UID       PID    %usr %system  %guest   %wait    %CPU   CPU  Command
02:55:07        0       217    5.00    1.00    0.00    0.00    6.00    10  sync_slam_toolb

02:55:06      UID       PID  minflt/s  majflt/s     VSZ     RSS   %MEM  Command
02:55:07        0       217    511.00      0.00 1509940   52368   0.34  sync_slam_toolb

02:55:07      UID       PID    %usr %system  %guest   %wait    %CPU   CPU  Command
02:55:08        0       217    8.00    0.00    0.00    0.00    8.00     0  sync_slam_toolb

02:55:07      UID       PID  minflt/s  majflt/s     VSZ     RSS   %MEM  Command
02:55:08        0       217      6.00      0.00 1509940   52368   0.34  sync_slam_toolb

02:55:08      UID       PID    %usr %system  %guest   %wait    %CPU   CPU  Command
02:55:09        0       217    5.00    1.00    0.00    0.00    6.00    12  sync_slam_toolb

02:55:08      UID       PID  minflt/s  majflt/s     VSZ     RSS   %MEM  Command
02:55:09        0       217      0.00      0.00 1509940   52368   0.34  sync_slam_toolb

02:55:09      UID       PID    %usr %system  %guest   %wait    %CPU   CPU  Command
02:55:10        0       217    8.00    0.00    0.00    0.00    8.00     2  sync_slam_toolb

02:55:09      UID       PID  minflt/s  majflt/s     VSZ     RSS   %MEM  Command
02:55:10        0       217      6.00      0.00 1509940   52368   0.34  sync_slam_toolb

02:55:10      UID       PID    %usr %system  %guest   %wait    %CPU   CPU  Command
02:55:11        0       217    4.00    1.00    0.00    0.00    5.00     2  sync_slam_toolb

02:55:10      UID       PID  minflt/s  majflt/s     VSZ     RSS   %MEM  Command
02:55:11        0       217      0.00      0.00 1509940   52368   0.34  sync_slam_toolb

02:55:11      UID       PID    %usr %system  %guest   %wait    %CPU   CPU  Command
02:55:12        0       217    6.00    1.00    0.00    0.00    7.00     6  sync_slam_toolb

02:55:11      UID       PID  minflt/s  majflt/s     VSZ     RSS   %MEM  Command
02:55:12        0       217    511.00      0.00 1509940   52392   0.34  sync_slam_toolb

02:55:12      UID       PID    %usr %system  %guest   %wait    %CPU   CPU  Command
02:55:13        0       217    4.00    1.00    0.00    0.00    5.00     1  sync_slam_toolb

02:55:12      UID       PID  minflt/s  majflt/s     VSZ     RSS   %MEM  Command
02:55:13        0       217      0.00      0.00 1509940   52392   0.34  sync_slam_toolb

02:55:13      UID       PID    %usr %system  %guest   %wait    %CPU   CPU  Command
02:55:14        0       217    5.00    0.00    0.00    0.00    5.00     6  sync_slam_toolb

02:55:13      UID       PID  minflt/s  majflt/s     VSZ     RSS   %MEM  Command
02:55:14        0       217      0.00      0.00 1509940   52392   0.34  sync_slam_toolb

02:55:14      UID       PID    %usr %system  %guest   %wait    %CPU   CPU  Command
02:55:15        0       217    8.00    1.00    0.00    0.00    9.00     2  sync_slam_toolb

02:55:14      UID       PID  minflt/s  majflt/s     VSZ     RSS   %MEM  Command
02:55:15        0       217      6.00      0.00 1509940   52392   0.34  sync_slam_toolb

02:55:15      UID       PID    %usr %system  %guest   %wait    %CPU   CPU  Command
02:55:16        0       217    4.00    1.00    0.00    0.00    5.00    10  sync_slam_toolb

02:55:15      UID       PID  minflt/s  majflt/s     VSZ     RSS   %MEM  Command
02:55:16        0       217      0.00      0.00 1509940   52392   0.34  sync_slam_toolb

02:55:16      UID       PID    %usr %system  %guest   %wait    %CPU   CPU  Command
02:55:17        0       217    5.00    1.00    0.00    0.00    6.00     2  sync_slam_toolb

02:55:16      UID       PID  minflt/s  majflt/s     VSZ     RSS   %MEM  Command
02:55:17        0       217    511.00      0.00 1509940   52392   0.34  sync_slam_toolb

02:55:17      UID       PID    %usr %system  %guest   %wait    %CPU   CPU  Command
02:55:18        0       217    5.00    1.00    0.00    0.00    6.00    10  sync_slam_toolb

02:55:17      UID       PID  minflt/s  majflt/s     VSZ     RSS   %MEM  Command
02:55:18        0       217      0.00      0.00 1509940   52392   0.34  sync_slam_toolb

02:55:18      UID       PID    %usr %system  %guest   %wait    %CPU   CPU  Command
02:55:19        0       217    7.00    1.00    0.00    0.00    8.00    14  sync_slam_toolb

02:55:18      UID       PID  minflt/s  majflt/s     VSZ     RSS   %MEM  Command
02:55:19        0       217      6.00      0.00 1509940   52392   0.34  sync_slam_toolb

02:55:19      UID       PID    %usr %system  %guest   %wait    %CPU   CPU  Command
02:55:20        0       217    4.00    1.00    0.00    0.00    5.00    11  sync_slam_toolb

02:55:19      UID       PID  minflt/s  majflt/s     VSZ     RSS   %MEM  Command
02:55:20        0       217      0.00      0.00 1509940   52392   0.34  sync_slam_toolb

02:55:20      UID       PID    %usr %system  %guest   %wait    %CPU   CPU  Command
02:55:21        0       217    5.00    1.00    0.00    0.00    6.00     6  sync_slam_toolb

02:55:20      UID       PID  minflt/s  majflt/s     VSZ     RSS   %MEM  Command
02:55:21        0       217      0.00      0.00 1509940   52392   0.34  sync_slam_toolb

02:55:21      UID       PID    %usr %system  %guest   %wait    %CPU   CPU  Command
02:55:22        0       217    5.00    1.00    0.00    0.00    6.00     7  sync_slam_toolb

02:55:21      UID       PID  minflt/s  majflt/s     VSZ     RSS   %MEM  Command
02:55:22        0       217    511.00      0.00 1509940   52416   0.34  sync_slam_toolb

02:55:22      UID       PID    %usr %system  %guest   %wait    %CPU   CPU  Command
02:55:23        0       217    5.00    0.00    0.00    0.00    5.00     7  sync_slam_toolb

02:55:22      UID       PID  minflt/s  majflt/s     VSZ     RSS   %MEM  Command
02:55:23        0       217      0.00      0.00 1509940   52416   0.34  sync_slam_toolb

02:55:23      UID       PID    %usr %system  %guest   %wait    %CPU   CPU  Command
02:55:24        0       217    4.00    1.00    0.00    0.00    5.00     7  sync_slam_toolb

02:55:23      UID       PID  minflt/s  majflt/s     VSZ     RSS   %MEM  Command
02:55:24        0       217      0.00      0.00 1509940   52416   0.34  sync_slam_toolb

02:55:24      UID       PID    %usr %system  %guest   %wait    %CPU   CPU  Command
02:55:25        0       217    4.00    2.00    0.00    0.00    6.00     8  sync_slam_toolb

02:55:24      UID       PID  minflt/s  majflt/s     VSZ     RSS   %MEM  Command
02:55:25        0       217      0.00      0.00 1509940   52416   0.34  sync_slam_toolb

02:55:25      UID       PID    %usr %system  %guest   %wait    %CPU   CPU  Command
02:55:26        0       217    5.00    0.00    0.00    0.00    5.00     7  sync_slam_toolb

02:55:25      UID       PID  minflt/s  majflt/s     VSZ     RSS   %MEM  Command
02:55:26        0       217      0.00      0.00 1509940   52416   0.34  sync_slam_toolb

02:55:26      UID       PID    %usr %system  %guest   %wait    %CPU   CPU  Command
02:55:27        0       217    6.00    1.00    0.00    0.00    7.00     7  sync_slam_toolb

02:55:26      UID       PID  minflt/s  majflt/s     VSZ     RSS   %MEM  Command
02:55:27        0       217    511.00      0.00 1509940   52416   0.34  sync_slam_toolb

02:55:27      UID       PID    %usr %system  %guest   %wait    %CPU   CPU  Command
02:55:28        0       217    4.95    0.99    0.00    0.00    5.94     7  sync_slam_toolb

02:55:27      UID       PID  minflt/s  majflt/s     VSZ     RSS   %MEM  Command
02:55:28        0       217      0.00      0.00 1509940   52416   0.34  sync_slam_toolb

02:55:28      UID       PID    %usr %system  %guest   %wait    %CPU   CPU  Command
02:55:29        0       217    4.00    1.00    0.00    0.00    5.00     8  sync_slam_toolb

02:55:28      UID       PID  minflt/s  majflt/s     VSZ     RSS   %MEM  Command
02:55:29        0       217      0.00      0.00 1509940   52416   0.34  sync_slam_toolb

02:55:29      UID       PID    %usr %system  %guest   %wait    %CPU   CPU  Command
02:55:30        0       217    5.00    0.00    0.00    0.00    5.00     8  sync_slam_toolb

02:55:29      UID       PID  minflt/s  majflt/s     VSZ     RSS   %MEM  Command
02:55:30        0       217      0.00      0.00 1509940   52416   0.34  sync_slam_toolb

02:55:30      UID       PID    %usr %system  %guest   %wait    %CPU   CPU  Command
02:55:31        0       217    8.00    1.00    0.00    0.00    9.00     8  sync_slam_toolb

02:55:30      UID       PID  minflt/s  majflt/s     VSZ     RSS   %MEM  Command
02:55:31        0       217      6.00      0.00 1509940   52544   0.34  sync_slam_toolb

02:55:31      UID       PID    %usr %system  %guest   %wait    %CPU   CPU  Command
02:55:32        0       217    5.00    1.00    0.00    0.00    6.00    14  sync_slam_toolb

02:55:31      UID       PID  minflt/s  majflt/s     VSZ     RSS   %MEM  Command
02:55:32        0       217    511.00      0.00 1509940   52532   0.34  sync_slam_toolb

02:55:32      UID       PID    %usr %system  %guest   %wait    %CPU   CPU  Command
02:55:33        0       217    7.00    1.00    0.00    0.00    8.00    14  sync_slam_toolb

02:55:32      UID       PID  minflt/s  majflt/s     VSZ     RSS   %MEM  Command
02:55:33        0       217      8.00      0.00 1509940   52660   0.34  sync_slam_toolb

02:55:33      UID       PID    %usr %system  %guest   %wait    %CPU   CPU  Command
02:55:34        0       217    4.00    1.00    0.00    0.00    5.00     2  sync_slam_toolb

02:55:33      UID       PID  minflt/s  majflt/s     VSZ     RSS   %MEM  Command
02:55:34        0       217      0.00      0.00 1509940   52660   0.34  sync_slam_toolb

02:55:34      UID       PID    %usr %system  %guest   %wait    %CPU   CPU  Command
02:55:35        0       217    5.00    1.00    0.00    0.00    6.00     2  sync_slam_toolb

02:55:34      UID       PID  minflt/s  majflt/s     VSZ     RSS   %MEM  Command
02:55:35        0       217      0.00      0.00 1509940   52660   0.34  sync_slam_toolb

02:55:35      UID       PID    %usr %system  %guest   %wait    %CPU   CPU  Command
02:55:36        0       217    5.00    0.00    0.00    0.00    5.00     0  sync_slam_toolb

02:55:35      UID       PID  minflt/s  majflt/s     VSZ     RSS   %MEM  Command
02:55:36        0       217      0.00      0.00 1509940   52660   0.34  sync_slam_toolb

02:55:36      UID       PID    %usr %system  %guest   %wait    %CPU   CPU  Command
02:55:37        0       217    9.00    2.00    0.00    0.00   11.00     2  sync_slam_toolb

02:55:36      UID       PID  minflt/s  majflt/s     VSZ     RSS   %MEM  Command
02:55:37        0       217    517.00      0.00 1509940   52660   0.34  sync_slam_toolb

02:55:37      UID       PID    %usr %system  %guest   %wait    %CPU   CPU  Command
02:55:38        0       217    4.00    0.00    0.00    0.00    4.00     6  sync_slam_toolb

02:55:37      UID       PID  minflt/s  majflt/s     VSZ     RSS   %MEM  Command
02:55:38        0       217      0.00      0.00 1509940   52660   0.34  sync_slam_toolb

02:55:38      UID       PID    %usr %system  %guest   %wait    %CPU   CPU  Command
02:55:39        0       217    4.00    1.00    0.00    0.00    5.00     6  sync_slam_toolb

02:55:38      UID       PID  minflt/s  majflt/s     VSZ     RSS   %MEM  Command
02:55:39        0       217      0.00      0.00 1509940   52660   0.34  sync_slam_toolb

02:55:39      UID       PID    %usr %system  %guest   %wait    %CPU   CPU  Command
02:55:40        0       217    9.00    1.00    0.00    0.00   10.00     2  sync_slam_toolb

02:55:39      UID       PID  minflt/s  majflt/s     VSZ     RSS   %MEM  Command
02:55:40        0       217      7.00      0.00 1509940   52788   0.34  sync_slam_toolb

02:55:40      UID       PID    %usr %system  %guest   %wait    %CPU   CPU  Command
02:55:41        0       217    4.00    0.00    0.00    0.00    4.00     0  sync_slam_toolb

02:55:40      UID       PID  minflt/s  majflt/s     VSZ     RSS   %MEM  Command
02:55:41        0       217      0.00      0.00 1509940   52788   0.34  sync_slam_toolb

02:55:41      UID       PID    %usr %system  %guest   %wait    %CPU   CPU  Command
02:55:42        0       217    7.00    1.00    0.00    0.00    8.00     0  sync_slam_toolb

02:55:41      UID       PID  minflt/s  majflt/s     VSZ     RSS   %MEM  Command
02:55:42        0       217    511.00      0.00 1509940   52788   0.34  sync_slam_toolb

02:55:42      UID       PID    %usr %system  %guest   %wait    %CPU   CPU  Command
02:55:43        0       217    4.00    1.00    0.00    0.00    5.00    12  sync_slam_toolb

02:55:42      UID       PID  minflt/s  majflt/s     VSZ     RSS   %MEM  Command
02:55:43        0       217      0.00      0.00 1509940   52788   0.34  sync_slam_toolb

02:55:43      UID       PID    %usr %system  %guest   %wait    %CPU   CPU  Command
02:55:44        0       217    7.00    1.00    0.00    0.00    8.00     0  sync_slam_toolb

02:55:43      UID       PID  minflt/s  majflt/s     VSZ     RSS   %MEM  Command
02:55:44        0       217      5.00      0.00 1509940   52788   0.34  sync_slam_toolb

02:55:44      UID       PID    %usr %system  %guest   %wait    %CPU   CPU  Command
02:55:45        0       217    4.00    0.00    0.00    0.00    4.00     4  sync_slam_toolb

02:55:44      UID       PID  minflt/s  majflt/s     VSZ     RSS   %MEM  Command
02:55:45        0       217      0.00      0.00 1509940   52788   0.34  sync_slam_toolb

02:55:45      UID       PID    %usr %system  %guest   %wait    %CPU   CPU  Command
02:55:46        0       217    5.00    1.00    0.00    0.00    6.00     8  sync_slam_toolb

02:55:45      UID       PID  minflt/s  majflt/s     VSZ     RSS   %MEM  Command
02:55:46        0       217      0.00      0.00 1509940   52788   0.34  sync_slam_toolb

02:55:46      UID       PID    %usr %system  %guest   %wait    %CPU   CPU  Command
02:55:47        0       217    6.00    1.00    0.00    0.00    7.00    10  sync_slam_toolb

02:55:46      UID       PID  minflt/s  majflt/s     VSZ     RSS   %MEM  Command
02:55:47        0       217    511.00      0.00 1509940   52844   0.34  sync_slam_toolb

02:55:47      UID       PID    %usr %system  %guest   %wait    %CPU   CPU  Command
02:55:48        0       217    4.00    1.00    0.00    0.00    5.00     0  sync_slam_toolb

02:55:47      UID       PID  minflt/s  majflt/s     VSZ     RSS   %MEM  Command
02:55:48        0       217      0.00      0.00 1509940   52844   0.34  sync_slam_toolb

02:55:48      UID       PID    %usr %system  %guest   %wait    %CPU   CPU  Command
02:55:49        0       217    5.00    0.00    0.00    0.00    5.00     2  sync_slam_toolb

02:55:48      UID       PID  minflt/s  majflt/s     VSZ     RSS   %MEM  Command
02:55:49        0       217      0.00      0.00 1509940   52844   0.34  sync_slam_toolb

02:55:49      UID       PID    %usr %system  %guest   %wait    %CPU   CPU  Command
02:55:50        0       217    4.00    1.00    0.00    0.00    5.00    14  sync_slam_toolb

02:55:49      UID       PID  minflt/s  majflt/s     VSZ     RSS   %MEM  Command
02:55:50        0       217      0.00      0.00 1509940   52844   0.34  sync_slam_toolb

02:55:50      UID       PID    %usr %system  %guest   %wait    %CPU   CPU  Command
02:55:51        0       217    5.00    1.00    0.00    0.00    6.00     8  sync_slam_toolb

02:55:50      UID       PID  minflt/s  majflt/s     VSZ     RSS   %MEM  Command
02:55:51        0       217      0.00      0.00 1509940   52844   0.34  sync_slam_toolb

02:55:51      UID       PID    %usr %system  %guest   %wait    %CPU   CPU  Command
02:55:52        0       217    5.00    1.00    0.00    0.00    6.00     6  sync_slam_toolb

02:55:51      UID       PID  minflt/s  majflt/s     VSZ     RSS   %MEM  Command
02:55:52        0       217    511.00      0.00 1509940   52844   0.34  sync_slam_toolb

02:55:52      UID       PID    %usr %system  %guest   %wait    %CPU   CPU  Command
02:55:53        0       217    5.00    1.00    0.00    0.00    6.00     4  sync_slam_toolb

02:55:52      UID       PID  minflt/s  majflt/s     VSZ     RSS   %MEM  Command
02:55:53        0       217      0.00      0.00 1509940   52844   0.34  sync_slam_toolb

02:55:53      UID       PID    %usr %system  %guest   %wait    %CPU   CPU  Command
02:55:54        0       217    5.00    0.00    0.00    0.00    5.00     2  sync_slam_toolb

02:55:53      UID       PID  minflt/s  majflt/s     VSZ     RSS   %MEM  Command
02:55:54        0       217      0.00      0.00 1509940   52844   0.34  sync_slam_toolb

02:55:54      UID       PID    %usr %system  %guest   %wait    %CPU   CPU  Command
02:55:55        0       217    4.00    2.00    0.00    0.00    6.00     2  sync_slam_toolb

02:55:54      UID       PID  minflt/s  majflt/s     VSZ     RSS   %MEM  Command
02:55:55        0       217      0.00      0.00 1509940   52844   0.34  sync_slam_toolb

02:55:55      UID       PID    %usr %system  %guest   %wait    %CPU   CPU  Command
02:55:56        0       217    8.00    0.00    0.00    0.00    8.00     4  sync_slam_toolb

02:55:55      UID       PID  minflt/s  majflt/s     VSZ     RSS   %MEM  Command
02:55:56        0       217      5.00      0.00 1509940   52844   0.34  sync_slam_toolb

02:55:56      UID       PID    %usr %system  %guest   %wait    %CPU   CPU  Command
02:55:57        0       217    5.00    1.00    0.00    0.00    6.00     6  sync_slam_toolb

02:55:56      UID       PID  minflt/s  majflt/s     VSZ     RSS   %MEM  Command
02:55:57        0       217    511.00      0.00 1509940   52844   0.34  sync_slam_toolb

02:55:57      UID       PID    %usr %system  %guest   %wait    %CPU   CPU  Command
02:55:58        0       217    9.00    1.00    0.00    0.00   10.00     0  sync_slam_toolb

02:55:57      UID       PID  minflt/s  majflt/s     VSZ     RSS   %MEM  Command
02:55:58        0       217      7.00      0.00 1509940   52844   0.34  sync_slam_toolb

02:55:58      UID       PID    %usr %system  %guest   %wait    %CPU   CPU  Command
02:55:59        0       217    4.00    1.00    0.00    0.00    5.00     0  sync_slam_toolb

02:55:58      UID       PID  minflt/s  majflt/s     VSZ     RSS   %MEM  Command
02:55:59        0       217      0.00      0.00 1509940   52844   0.34  sync_slam_toolb

02:55:59      UID       PID    %usr %system  %guest   %wait    %CPU   CPU  Command
02:56:00        0       217    4.00    1.00    0.00    0.00    5.00     6  sync_slam_toolb

02:55:59      UID       PID  minflt/s  majflt/s     VSZ     RSS   %MEM  Command
02:56:00        0       217      0.00      0.00 1509940   52844   0.34  sync_slam_toolb

02:56:00      UID       PID    %usr %system  %guest   %wait    %CPU   CPU  Command
02:56:01        0       217    9.00    0.00    0.00    0.00    9.00     0  sync_slam_toolb

02:56:00      UID       PID  minflt/s  majflt/s     VSZ     RSS   %MEM  Command
02:56:01        0       217      6.00      0.00 1509940   52844   0.34  sync_slam_toolb

02:56:01      UID       PID    %usr %system  %guest   %wait    %CPU   CPU  Command
02:56:02        0       217    6.00    1.00    0.00    0.00    7.00     6  sync_slam_toolb

02:56:01      UID       PID  minflt/s  majflt/s     VSZ     RSS   %MEM  Command
02:56:02        0       217    511.00      0.00 1509940   52848   0.34  sync_slam_toolb

02:56:02      UID       PID    %usr %system  %guest   %wait    %CPU   CPU  Command
02:56:03        0       217    8.00    1.00    0.00    0.00    9.00     6  sync_slam_toolb

02:56:02      UID       PID  minflt/s  majflt/s     VSZ     RSS   %MEM  Command
02:56:03        0       217      6.00      0.00 1509940   52848   0.34  sync_slam_toolb

02:56:03      UID       PID    %usr %system  %guest   %wait    %CPU   CPU  Command
02:56:04        0       217    4.00    1.00    0.00    0.00    5.00     0  sync_slam_toolb

02:56:03      UID       PID  minflt/s  majflt/s     VSZ     RSS   %MEM  Command
02:56:04        0       217      0.00      0.00 1509940   52848   0.34  sync_slam_toolb

02:56:04      UID       PID    %usr %system  %guest   %wait    %CPU   CPU  Command
02:56:05        0       217    4.00    1.00    0.00    0.00    5.00     6  sync_slam_toolb

02:56:04      UID       PID  minflt/s  majflt/s     VSZ     RSS   %MEM  Command
02:56:05        0       217      0.00      0.00 1509940   52848   0.34  sync_slam_toolb

02:56:05      UID       PID    %usr %system  %guest   %wait    %CPU   CPU  Command
02:56:06        0       217    8.00    1.00    0.00    0.00    9.00    10  sync_slam_toolb

02:56:05      UID       PID  minflt/s  majflt/s     VSZ     RSS   %MEM  Command
02:56:06        0       217      6.00      0.00 1509940   52848   0.34  sync_slam_toolb

02:56:06      UID       PID    %usr %system  %guest   %wait    %CPU   CPU  Command
02:56:07        0       217    6.00    1.00    0.00    0.00    7.00    14  sync_slam_toolb

02:56:06      UID       PID  minflt/s  majflt/s     VSZ     RSS   %MEM  Command
02:56:07        0       217    511.00      0.00 1509940   52872   0.34  sync_slam_toolb

02:56:07      UID       PID    %usr %system  %guest   %wait    %CPU   CPU  Command
02:56:08        0       217    7.00    1.00    0.00    0.00    8.00     6  sync_slam_toolb

02:56:07      UID       PID  minflt/s  majflt/s     VSZ     RSS   %MEM  Command
02:56:08        0       217      6.00      0.00 1509940   52872   0.34  sync_slam_toolb

02:56:08      UID       PID    %usr %system  %guest   %wait    %CPU   CPU  Command
02:56:09        0       217    9.00    1.00    0.00    0.00   10.00     6  sync_slam_toolb

02:56:08      UID       PID  minflt/s  majflt/s     VSZ     RSS   %MEM  Command
02:56:09        0       217      6.00      0.00 1509940   52872   0.34  sync_slam_toolb

02:56:09      UID       PID    %usr %system  %guest   %wait    %CPU   CPU  Command
02:56:10        0       217    4.00    1.00    0.00    0.00    5.00     4  sync_slam_toolb

02:56:09      UID       PID  minflt/s  majflt/s     VSZ     RSS   %MEM  Command
02:56:10        0       217      0.00      0.00 1509940   52872   0.34  sync_slam_toolb

02:56:10      UID       PID    %usr %system  %guest   %wait    %CPU   CPU  Command
02:56:11        0       217    4.00    1.00    0.00    0.00    5.00     6  sync_slam_toolb

02:56:10      UID       PID  minflt/s  majflt/s     VSZ     RSS   %MEM  Command
02:56:11        0       217      0.00      0.00 1509940   52872   0.34  sync_slam_toolb

02:56:11      UID       PID    %usr %system  %guest   %wait    %CPU   CPU  Command
02:56:12        0       217    8.00    2.00    0.00    0.00   10.00     4  sync_slam_toolb

02:56:11      UID       PID  minflt/s  majflt/s     VSZ     RSS   %MEM  Command
02:56:12        0       217    517.00      0.00 1509940   52920   0.34  sync_slam_toolb

02:56:12      UID       PID    %usr %system  %guest   %wait    %CPU   CPU  Command
02:56:13        0       217    5.00    1.00    0.00    0.00    6.00    12  sync_slam_toolb

02:56:12      UID       PID  minflt/s  majflt/s     VSZ     RSS   %MEM  Command
02:56:13        0       217      0.00      0.00 1509940   52920   0.34  sync_slam_toolb

02:56:13      UID       PID    %usr %system  %guest   %wait    %CPU   CPU  Command
02:56:14        0       217    6.00    2.00    0.00    0.00    8.00    14  sync_slam_toolb

02:56:13      UID       PID  minflt/s  majflt/s     VSZ     RSS   %MEM  Command
02:56:14        0       217      6.00      0.00 1509940   52920   0.34  sync_slam_toolb

02:56:14      UID       PID    %usr %system  %guest   %wait    %CPU   CPU  Command
02:56:15        0       217    5.00    0.00    0.00    0.00    5.00    14  sync_slam_toolb

02:56:14      UID       PID  minflt/s  majflt/s     VSZ     RSS   %MEM  Command
02:56:15        0       217      0.00      0.00 1509940   52920   0.34  sync_slam_toolb

02:56:15      UID       PID    %usr %system  %guest   %wait    %CPU   CPU  Command
02:56:16        0       217    4.00    1.00    0.00    0.00    5.00     0  sync_slam_toolb

02:56:15      UID       PID  minflt/s  majflt/s     VSZ     RSS   %MEM  Command
02:56:16        0       217      0.00      0.00 1509940   52920   0.34  sync_slam_toolb

02:56:16      UID       PID    %usr %system  %guest   %wait    %CPU   CPU  Command
02:56:17        0       217    7.00    1.00    0.00    0.00    8.00     4  sync_slam_toolb

02:56:16      UID       PID  minflt/s  majflt/s     VSZ     RSS   %MEM  Command
02:56:17        0       217    511.00      0.00 1509940   52920   0.34  sync_slam_toolb

02:56:17      UID       PID    %usr %system  %guest   %wait    %CPU   CPU  Command
02:56:18        0       217    4.00    1.00    0.00    0.00    5.00     6  sync_slam_toolb

02:56:17      UID       PID  minflt/s  majflt/s     VSZ     RSS   %MEM  Command
02:56:18        0       217      0.00      0.00 1509940   52920   0.34  sync_slam_toolb

02:56:18      UID       PID    %usr %system  %guest   %wait    %CPU   CPU  Command
02:56:19        0       217    4.00    1.00    0.00    0.00    5.00    12  sync_slam_toolb

02:56:18      UID       PID  minflt/s  majflt/s     VSZ     RSS   %MEM  Command
02:56:19        0       217      0.00      0.00 1509940   52920   0.34  sync_slam_toolb

02:56:19      UID       PID    %usr %system  %guest   %wait    %CPU   CPU  Command
02:56:20        0       217    7.00    1.00    0.00    0.00    8.00     8  sync_slam_toolb

02:56:19      UID       PID  minflt/s  majflt/s     VSZ     RSS   %MEM  Command
02:56:20        0       217      6.00      0.00 1509940   52920   0.34  sync_slam_toolb

02:56:20      UID       PID    %usr %system  %guest   %wait    %CPU   CPU  Command
02:56:21        0       217    5.00    0.00    0.00    0.00    5.00     2  sync_slam_toolb

02:56:20      UID       PID  minflt/s  majflt/s     VSZ     RSS   %MEM  Command
02:56:21        0       217      0.00      0.00 1509940   52920   0.34  sync_slam_toolb

02:56:21      UID       PID    %usr %system  %guest   %wait    %CPU   CPU  Command
02:56:22        0       217    9.00    1.00    0.00    0.00   10.00    12  sync_slam_toolb

02:56:21      UID       PID  minflt/s  majflt/s     VSZ     RSS   %MEM  Command
02:56:22        0       217    517.00      0.00 1509940   52964   0.34  sync_slam_toolb

02:56:22      UID       PID    %usr %system  %guest   %wait    %CPU   CPU  Command
02:56:23        0       217    5.00    1.00    0.00    0.00    6.00    12  sync_slam_toolb

02:56:22      UID       PID  minflt/s  majflt/s     VSZ     RSS   %MEM  Command
02:56:23        0       217      0.00      0.00 1509940   52964   0.34  sync_slam_toolb

02:56:23      UID       PID    %usr %system  %guest   %wait    %CPU   CPU  Command
02:56:24        0       217    7.00    1.00    0.00    0.00    8.00    12  sync_slam_toolb

02:56:23      UID       PID  minflt/s  majflt/s     VSZ     RSS   %MEM  Command
02:56:24        0       217      6.00      0.00 1509940   52964   0.34  sync_slam_toolb

02:56:24      UID       PID    %usr %system  %guest   %wait    %CPU   CPU  Command
02:56:25        0       217    4.00    2.00    0.00    0.00    6.00     2  sync_slam_toolb

02:56:24      UID       PID  minflt/s  majflt/s     VSZ     RSS   %MEM  Command
02:56:25        0       217      0.00      0.00 1509940   52964   0.34  sync_slam_toolb

02:56:25      UID       PID    %usr %system  %guest   %wait    %CPU   CPU  Command
02:56:26        0       217    7.00    1.00    0.00    0.00    8.00    14  sync_slam_toolb

02:56:25      UID       PID  minflt/s  majflt/s     VSZ     RSS   %MEM  Command
02:56:26        0       217      6.00      0.00 1509940   53092   0.34  sync_slam_toolb

02:56:26      UID       PID    %usr %system  %guest   %wait    %CPU   CPU  Command
02:56:27        0       217    6.00    1.00    0.00    0.00    7.00    14  sync_slam_toolb

02:56:26      UID       PID  minflt/s  majflt/s     VSZ     RSS   %MEM  Command
02:56:27        0       217    511.00      0.00 1509940   53128   0.34  sync_slam_toolb

02:56:27      UID       PID    %usr %system  %guest   %wait    %CPU   CPU  Command
02:56:28        0       217    4.00    1.00    0.00    0.00    5.00     2  sync_slam_toolb

02:56:27      UID       PID  minflt/s  majflt/s     VSZ     RSS   %MEM  Command
02:56:28        0       217      0.00      0.00 1509940   53128   0.34  sync_slam_toolb

02:56:28      UID       PID    %usr %system  %guest   %wait    %CPU   CPU  Command
02:56:29        0       217    8.00    1.00    0.00    0.00    9.00     8  sync_slam_toolb

02:56:28      UID       PID  minflt/s  majflt/s     VSZ     RSS   %MEM  Command
02:56:29        0       217      6.00      0.00 1509940   53128   0.34  sync_slam_toolb

02:56:29      UID       PID    %usr %system  %guest   %wait    %CPU   CPU  Command
02:56:30        0       217    5.00    0.00    0.00    0.00    5.00     8  sync_slam_toolb

02:56:29      UID       PID  minflt/s  majflt/s     VSZ     RSS   %MEM  Command
02:56:30        0       217      0.00      0.00 1509940   53128   0.34  sync_slam_toolb

02:56:30      UID       PID    %usr %system  %guest   %wait    %CPU   CPU  Command
02:56:31        0       217    4.00    1.00    0.00    0.00    5.00    14  sync_slam_toolb

02:56:30      UID       PID  minflt/s  majflt/s     VSZ     RSS   %MEM  Command
02:56:31        0       217      0.00      0.00 1509940   53128   0.34  sync_slam_toolb

02:56:31      UID       PID    %usr %system  %guest   %wait    %CPU   CPU  Command
02:56:32        0       217   10.00    0.00    0.00    0.00   10.00     2  sync_slam_toolb

02:56:31      UID       PID  minflt/s  majflt/s     VSZ     RSS   %MEM  Command
02:56:32        0       217    517.00      0.00 1509940   53128   0.34  sync_slam_toolb

02:56:32      UID       PID    %usr %system  %guest   %wait    %CPU   CPU  Command
02:56:33        0       217    5.00    1.00    0.00    0.00    6.00     2  sync_slam_toolb

02:56:32      UID       PID  minflt/s  majflt/s     VSZ     RSS   %MEM  Command
02:56:33        0       217      0.00      0.00 1509940   53128   0.34  sync_slam_toolb

02:56:33      UID       PID    %usr %system  %guest   %wait    %CPU   CPU  Command
02:56:34        0       217    4.00    1.00    0.00    0.00    5.00     2  sync_slam_toolb

02:56:33      UID       PID  minflt/s  majflt/s     VSZ     RSS   %MEM  Command
02:56:34        0       217      0.00      0.00 1509940   53128   0.34  sync_slam_toolb

02:56:34      UID       PID    %usr %system  %guest   %wait    %CPU   CPU  Command
02:56:35        0       217    5.00    1.00    0.00    0.00    6.00     3  sync_slam_toolb

02:56:34      UID       PID  minflt/s  majflt/s     VSZ     RSS   %MEM  Command
02:56:35        0       217      0.00      0.00 1509940   53128   0.34  sync_slam_toolb

02:56:35      UID       PID    %usr %system  %guest   %wait    %CPU   CPU  Command
02:56:36        0       217    8.00    0.00    0.00    0.00    8.00     2  sync_slam_toolb

02:56:35      UID       PID  minflt/s  majflt/s     VSZ     RSS   %MEM  Command
02:56:36        0       217      6.00      0.00 1509940   53128   0.34  sync_slam_toolb

02:56:36      UID       PID    %usr %system  %guest   %wait    %CPU   CPU  Command
02:56:37        0       217    6.00    1.00    0.00    0.00    7.00     4  sync_slam_toolb

02:56:36      UID       PID  minflt/s  majflt/s     VSZ     RSS   %MEM  Command
02:56:37        0       217    511.00      0.00 1509940   53128   0.34  sync_slam_toolb

02:56:37      UID       PID    %usr %system  %guest   %wait    %CPU   CPU  Command
02:56:38        0       217    7.00    2.00    0.00    0.00    9.00     2  sync_slam_toolb

02:56:37      UID       PID  minflt/s  majflt/s     VSZ     RSS   %MEM  Command
02:56:38        0       217      6.00      0.00 1509940   53128   0.34  sync_slam_toolb

02:56:38      UID       PID    %usr %system  %guest   %wait    %CPU   CPU  Command
02:56:39        0       217    4.00    1.00    0.00    0.00    5.00     8  sync_slam_toolb

02:56:38      UID       PID  minflt/s  majflt/s     VSZ     RSS   %MEM  Command
02:56:39        0       217      0.00      0.00 1509940   53128   0.34  sync_slam_toolb

02:56:39      UID       PID    %usr %system  %guest   %wait    %CPU   CPU  Command
02:56:40        0       217    4.00    1.00    0.00    0.00    5.00     2  sync_slam_toolb

02:56:39      UID       PID  minflt/s  majflt/s     VSZ     RSS   %MEM  Command
02:56:40        0       217      0.00      0.00 1509940   53128   0.34  sync_slam_toolb

02:56:40      UID       PID    %usr %system  %guest   %wait    %CPU   CPU  Command
02:56:41        0       217    7.00    2.00    0.00    0.00    9.00     2  sync_slam_toolb

02:56:40      UID       PID  minflt/s  majflt/s     VSZ     RSS   %MEM  Command
02:56:41        0       217      6.00      0.00 1509940   53128   0.34  sync_slam_toolb

02:56:41      UID       PID    %usr %system  %guest   %wait    %CPU   CPU  Command
02:56:42        0       217    7.00    0.00    0.00    0.00    7.00     8  sync_slam_toolb

02:56:41      UID       PID  minflt/s  majflt/s     VSZ     RSS   %MEM  Command
02:56:42        0       217    511.00      0.00 1509940   53128   0.34  sync_slam_toolb

02:56:42      UID       PID    %usr %system  %guest   %wait    %CPU   CPU  Command
02:56:43        0       217    8.00    1.00    0.00    0.00    9.00     8  sync_slam_toolb

02:56:42      UID       PID  minflt/s  majflt/s     VSZ     RSS   %MEM  Command
02:56:43        0       217      6.00      0.00 1509940   53256   0.34  sync_slam_toolb

02:56:43      UID       PID    %usr %system  %guest   %wait    %CPU   CPU  Command
02:56:44        0       217    4.00    1.00    0.00    0.00    5.00     8  sync_slam_toolb

02:56:43      UID       PID  minflt/s  majflt/s     VSZ     RSS   %MEM  Command
02:56:44        0       217      0.00      0.00 1509940   53256   0.34  sync_slam_toolb

02:56:44      UID       PID    %usr %system  %guest   %wait    %CPU   CPU  Command
02:56:45        0       217   27.00    1.00    0.00    0.00   28.00     0  sync_slam_toolb

02:56:44      UID       PID  minflt/s  majflt/s     VSZ     RSS   %MEM  Command
02:56:45        0       217   1168.00     16.00 2558580   54360   0.35  sync_slam_toolb

02:56:45      UID       PID    %usr %system  %guest   %wait    %CPU   CPU  Command
02:56:46        0       217    4.00    0.00    0.00    0.00    4.00     0  sync_slam_toolb

02:56:45      UID       PID  minflt/s  majflt/s     VSZ     RSS   %MEM  Command
02:56:46        0       217      0.00      0.00 2558580   54360   0.35  sync_slam_toolb

02:56:46      UID       PID    %usr %system  %guest   %wait    %CPU   CPU  Command
02:56:47        0       217    6.00    2.00    0.00    0.00    8.00     4  sync_slam_toolb

02:56:46      UID       PID  minflt/s  majflt/s     VSZ     RSS   %MEM  Command
02:56:47        0       217    511.00      0.00 2558580   56408   0.36  sync_slam_toolb

02:56:47      UID       PID    %usr %system  %guest   %wait    %CPU   CPU  Command
02:56:48        0       217    9.00    0.00    0.00    0.00    9.00     4  sync_slam_toolb

02:56:47      UID       PID  minflt/s  majflt/s     VSZ     RSS   %MEM  Command
02:56:48        0       217     45.00      0.00 2558580   56664   0.36  sync_slam_toolb

02:56:48      UID       PID    %usr %system  %guest   %wait    %CPU   CPU  Command
02:56:49        0       217    4.00    1.00    0.00    0.00    5.00     2  sync_slam_toolb

02:56:48      UID       PID  minflt/s  majflt/s     VSZ     RSS   %MEM  Command
02:56:49        0       217      0.00      0.00 2558580   56664   0.36  sync_slam_toolb

02:56:49      UID       PID    %usr %system  %guest   %wait    %CPU   CPU  Command
02:56:50        0       217    8.00    1.00    0.00    0.00    9.00    14  sync_slam_toolb

02:56:49      UID       PID  minflt/s  majflt/s     VSZ     RSS   %MEM  Command
02:56:50        0       217      0.00      0.00 2558580   56664   0.36  sync_slam_toolb

02:56:50      UID       PID    %usr %system  %guest   %wait    %CPU   CPU  Command
02:56:51        0       217    5.00    1.00    0.00    0.00    6.00    14  sync_slam_toolb

02:56:50      UID       PID  minflt/s  majflt/s     VSZ     RSS   %MEM  Command
02:56:51        0       217      0.00      0.00 2558580   56664   0.36  sync_slam_toolb

02:56:51      UID       PID    %usr %system  %guest   %wait    %CPU   CPU  Command
02:56:52        0       217    5.00    1.00    0.00    0.00    6.00     4  sync_slam_toolb

02:56:51      UID       PID  minflt/s  majflt/s     VSZ     RSS   %MEM  Command
02:56:52        0       217      0.00      0.00 2558580   56664   0.36  sync_slam_toolb

02:56:52      UID       PID    %usr %system  %guest   %wait    %CPU   CPU  Command
02:56:53        0       217    5.00    1.00    0.00    0.00    6.00     4  sync_slam_toolb

02:56:52      UID       PID  minflt/s  majflt/s     VSZ     RSS   %MEM  Command
02:56:53        0       217      0.00      0.00 2558580   56664   0.36  sync_slam_toolb

02:56:53      UID       PID    %usr %system  %guest   %wait    %CPU   CPU  Command
02:56:54        0       217    3.96    0.00    0.00    0.00    3.96     0  sync_slam_toolb

02:56:53      UID       PID  minflt/s  majflt/s     VSZ     RSS   %MEM  Command
02:56:54        0       217      0.00      0.00 2558580   56664   0.36  sync_slam_toolb

02:56:54      UID       PID    %usr %system  %guest   %wait    %CPU   CPU  Command
02:56:55        0       217    5.00    1.00    0.00    0.00    6.00    14  sync_slam_toolb

02:56:54      UID       PID  minflt/s  majflt/s     VSZ     RSS   %MEM  Command
02:56:55        0       217      0.00      0.00 2558580   56664   0.36  sync_slam_toolb

02:56:55      UID       PID    %usr %system  %guest   %wait    %CPU   CPU  Command
02:56:56        0       217    4.00    1.00    0.00    0.00    5.00     6  sync_slam_toolb

02:56:55      UID       PID  minflt/s  majflt/s     VSZ     RSS   %MEM  Command
02:56:56        0       217      0.00      0.00 2558580   56664   0.36  sync_slam_toolb

02:56:56      UID       PID    %usr %system  %guest   %wait    %CPU   CPU  Command
02:56:57        0       217    7.00    1.00    0.00    0.00    8.00     6  sync_slam_toolb

02:56:56      UID       PID  minflt/s  majflt/s     VSZ     RSS   %MEM  Command
02:56:57        0       217      0.00      0.00 2558580   56664   0.36  sync_slam_toolb

02:56:57      UID       PID    %usr %system  %guest   %wait    %CPU   CPU  Command
02:56:58        0       217    4.00    0.00    0.00    0.00    4.00     8  sync_slam_toolb

02:56:57      UID       PID  minflt/s  majflt/s     VSZ     RSS   %MEM  Command
02:56:58        0       217      0.00      0.00 2558580   56664   0.36  sync_slam_toolb

02:56:58      UID       PID    %usr %system  %guest   %wait    %CPU   CPU  Command
02:56:59        0       217    5.00    1.00    0.00    0.00    6.00     2  sync_slam_toolb

02:56:58      UID       PID  minflt/s  majflt/s     VSZ     RSS   %MEM  Command
02:56:59        0       217      0.00      0.00 2558580   56664   0.36  sync_slam_toolb

02:56:59      UID       PID    %usr %system  %guest   %wait    %CPU   CPU  Command
02:57:00        0       217    4.00    1.00    0.00    0.00    5.00     2  sync_slam_toolb

02:56:59      UID       PID  minflt/s  majflt/s     VSZ     RSS   %MEM  Command
02:57:00        0       217      0.00      0.00 2558580   56664   0.36  sync_slam_toolb

02:57:00      UID       PID    %usr %system  %guest   %wait    %CPU   CPU  Command
02:57:01        0       217    5.00    0.00    0.00    0.00    5.00    14  sync_slam_toolb

02:57:00      UID       PID  minflt/s  majflt/s     VSZ     RSS   %MEM  Command
02:57:01        0       217      0.00      0.00 2558580   56664   0.36  sync_slam_toolb

02:57:01      UID       PID    %usr %system  %guest   %wait    %CPU   CPU  Command
02:57:02        0       217    6.00    1.00    0.00    0.00    7.00     2  sync_slam_toolb

02:57:01      UID       PID  minflt/s  majflt/s     VSZ     RSS   %MEM  Command
02:57:02        0       217      0.00      0.00 2558580   56664   0.36  sync_slam_toolb

02:57:02      UID       PID    %usr %system  %guest   %wait    %CPU   CPU  Command
02:57:03        0       217    5.00    1.00    0.00    0.00    6.00     8  sync_slam_toolb

02:57:02      UID       PID  minflt/s  majflt/s     VSZ     RSS   %MEM  Command
02:57:03        0       217      0.00      0.00 2558580   56664   0.36  sync_slam_toolb

02:57:03      UID       PID    %usr %system  %guest   %wait    %CPU   CPU  Command
02:57:04        0       217    4.00    0.00    0.00    0.00    4.00    12  sync_slam_toolb

02:57:03      UID       PID  minflt/s  majflt/s     VSZ     RSS   %MEM  Command
02:57:04        0       217      0.00      0.00 2558580   56664   0.36  sync_slam_toolb

02:57:04      UID       PID    %usr %system  %guest   %wait    %CPU   CPU  Command
02:57:05        0       217    4.00    1.00    0.00    0.00    5.00     1  sync_slam_toolb

02:57:04      UID       PID  minflt/s  majflt/s     VSZ     RSS   %MEM  Command
02:57:05        0       217      0.00      0.00 2558580   56664   0.36  sync_slam_toolb

02:57:05      UID       PID    %usr %system  %guest   %wait    %CPU   CPU  Command
02:57:06        0       217    4.00    1.00    0.00    0.00    5.00     1  sync_slam_toolb

02:57:05      UID       PID  minflt/s  majflt/s     VSZ     RSS   %MEM  Command
02:57:06        0       217      0.00      0.00 2558580   56664   0.36  sync_slam_toolb

02:57:06      UID       PID    %usr %system  %guest   %wait    %CPU   CPU  Command
02:57:07        0       217    5.00    1.00    0.00    0.00    6.00    14  sync_slam_toolb

02:57:06      UID       PID  minflt/s  majflt/s     VSZ     RSS   %MEM  Command
02:57:07        0       217      0.00      0.00 2558580   56664   0.36  sync_slam_toolb

02:57:07      UID       PID    %usr %system  %guest   %wait    %CPU   CPU  Command
02:57:08        0       217    4.00    0.00    0.00    0.00    4.00     8  sync_slam_toolb

02:57:07      UID       PID  minflt/s  majflt/s     VSZ     RSS   %MEM  Command
02:57:08        0       217      0.00      0.00 2558580   56664   0.36  sync_slam_toolb

02:57:08      UID       PID    %usr %system  %guest   %wait    %CPU   CPU  Command
02:57:09        0       217    3.00    1.00    0.00    0.00    4.00    14  sync_slam_toolb

02:57:08      UID       PID  minflt/s  majflt/s     VSZ     RSS   %MEM  Command
02:57:09        0       217      0.00      0.00 2558580   56664   0.36  sync_slam_toolb

02:57:09      UID       PID    %usr %system  %guest   %wait    %CPU   CPU  Command
02:57:10        0       217    6.00    2.00    0.00    0.00    8.00    14  sync_slam_toolb

02:57:09      UID       PID  minflt/s  majflt/s     VSZ     RSS   %MEM  Command
02:57:10        0       217      0.00      0.00 2558580   56664   0.36  sync_slam_toolb

02:57:10      UID       PID    %usr %system  %guest   %wait    %CPU   CPU  Command
02:57:11        0       217    4.00    0.00    0.00    0.00    4.00     0  sync_slam_toolb

02:57:10      UID       PID  minflt/s  majflt/s     VSZ     RSS   %MEM  Command
02:57:11        0       217      0.00      0.00 2558580   56664   0.36  sync_slam_toolb

02:57:11      UID       PID    %usr %system  %guest   %wait    %CPU   CPU  Command
02:57:12        0       217    5.00    1.00    0.00    0.00    6.00     2  sync_slam_toolb

02:57:11      UID       PID  minflt/s  majflt/s     VSZ     RSS   %MEM  Command
02:57:12        0       217      0.00      0.00 2558580   56664   0.36  sync_slam_toolb

02:57:12      UID       PID    %usr %system  %guest   %wait    %CPU   CPU  Command
02:57:13        0       217    4.00    1.00    0.00    0.00    5.00     1  sync_slam_toolb

02:57:12      UID       PID  minflt/s  majflt/s     VSZ     RSS   %MEM  Command
02:57:13        0       217      0.00      0.00 2558580   56664   0.36  sync_slam_toolb

02:57:13      UID       PID    %usr %system  %guest   %wait    %CPU   CPU  Command
02:57:14        0       217    7.00    1.00    0.00    0.00    8.00     3  sync_slam_toolb

02:57:13      UID       PID  minflt/s  majflt/s     VSZ     RSS   %MEM  Command
02:57:14        0       217      0.00      0.00 2558580   56664   0.36  sync_slam_toolb

02:57:14      UID       PID    %usr %system  %guest   %wait    %CPU   CPU  Command
02:57:15        0       217    4.00    0.00    0.00    0.00    4.00     3  sync_slam_toolb

02:57:14      UID       PID  minflt/s  majflt/s     VSZ     RSS   %MEM  Command
02:57:15        0       217      0.00      0.00 2558580   56664   0.36  sync_slam_toolb

02:57:15      UID       PID    %usr %system  %guest   %wait    %CPU   CPU  Command
02:57:16        0       217    3.00    1.00    0.00    0.00    4.00     0  sync_slam_toolb

02:57:15      UID       PID  minflt/s  majflt/s     VSZ     RSS   %MEM  Command
02:57:16        0       217      0.00      0.00 2558580   56664   0.36  sync_slam_toolb

02:57:16      UID       PID    %usr %system  %guest   %wait    %CPU   CPU  Command
02:57:17        0       217   10.00    0.00    0.00    0.00   10.00     0  sync_slam_toolb

02:57:16      UID       PID  minflt/s  majflt/s     VSZ     RSS   %MEM  Command
02:57:17        0       217      0.00      0.00 2558580   56664   0.36  sync_slam_toolb

02:57:17      UID       PID    %usr %system  %guest   %wait    %CPU   CPU  Command
02:57:18        0       217    3.00    1.00    0.00    0.00    4.00     3  sync_slam_toolb

02:57:17      UID       PID  minflt/s  majflt/s     VSZ     RSS   %MEM  Command
02:57:18        0       217      0.00      0.00 2558580   56664   0.36  sync_slam_toolb

02:57:18      UID       PID    %usr %system  %guest   %wait    %CPU   CPU  Command
02:57:19        0       217    4.00    1.00    0.00    0.00    5.00     3  sync_slam_toolb

02:57:18      UID       PID  minflt/s  majflt/s     VSZ     RSS   %MEM  Command
02:57:19        0       217      0.00      0.00 2558580   56664   0.36  sync_slam_toolb

02:57:19      UID       PID    %usr %system  %guest   %wait    %CPU   CPU  Command
02:57:20        0       217    8.00    0.00    0.00    0.00    8.00     3  sync_slam_toolb

02:57:19      UID       PID  minflt/s  majflt/s     VSZ     RSS   %MEM  Command
02:57:20        0       217      0.00      0.00 2558580   56664   0.36  sync_slam_toolb

02:57:20      UID       PID    %usr %system  %guest   %wait    %CPU   CPU  Command
02:57:21        0       217    8.00    1.00    0.00    0.00    9.00     3  sync_slam_toolb

02:57:20      UID       PID  minflt/s  majflt/s     VSZ     RSS   %MEM  Command
02:57:21        0       217      4.00      0.00 2558580   56664   0.36  sync_slam_toolb

02:57:21      UID       PID    %usr %system  %guest   %wait    %CPU   CPU  Command
02:57:22        0       217    5.00    1.00    0.00    0.00    6.00     0  sync_slam_toolb

02:57:21      UID       PID  minflt/s  majflt/s     VSZ     RSS   %MEM  Command
02:57:22        0       217      0.00      0.00 2558580   56664   0.36  sync_slam_toolb

02:57:22      UID       PID    %usr %system  %guest   %wait    %CPU   CPU  Command
02:57:23        0       217    4.00    1.00    0.00    0.00    5.00     4  sync_slam_toolb

02:57:22      UID       PID  minflt/s  majflt/s     VSZ     RSS   %MEM  Command
02:57:23        0       217      0.00      0.00 2558580   56664   0.36  sync_slam_toolb

02:57:23      UID       PID    %usr %system  %guest   %wait    %CPU   CPU  Command
02:57:24        0       217    4.00    0.00    0.00    0.00    4.00    12  sync_slam_toolb

02:57:23      UID       PID  minflt/s  majflt/s     VSZ     RSS   %MEM  Command
02:57:24        0       217      0.00      0.00 2558580   56664   0.36  sync_slam_toolb

02:57:24      UID       PID    %usr %system  %guest   %wait    %CPU   CPU  Command
02:57:25        0       217    3.00    1.00    0.00    0.00    4.00    12  sync_slam_toolb

02:57:24      UID       PID  minflt/s  majflt/s     VSZ     RSS   %MEM  Command
02:57:25        0       217      0.00      0.00 2558580   56664   0.36  sync_slam_toolb

02:57:25      UID       PID    %usr %system  %guest   %wait    %CPU   CPU  Command
02:57:26        0       217    4.00    1.00    0.00    0.00    5.00     2  sync_slam_toolb

02:57:25      UID       PID  minflt/s  majflt/s     VSZ     RSS   %MEM  Command
02:57:26        0       217      0.00      0.00 2558580   56664   0.36  sync_slam_toolb

02:57:26      UID       PID    %usr %system  %guest   %wait    %CPU   CPU  Command
02:57:27        0       217    5.00    1.00    0.00    0.00    6.00     2  sync_slam_toolb

02:57:26      UID       PID  minflt/s  majflt/s     VSZ     RSS   %MEM  Command
02:57:27        0       217      0.00      0.00 2558580   56664   0.36  sync_slam_toolb

02:57:27      UID       PID    %usr %system  %guest   %wait    %CPU   CPU  Command
02:57:28        0       217    5.00    0.00    0.00    0.00    5.00     6  sync_slam_toolb

02:57:27      UID       PID  minflt/s  majflt/s     VSZ     RSS   %MEM  Command
02:57:28        0       217      0.00      0.00 2558580   56664   0.36  sync_slam_toolb

02:57:28      UID       PID    %usr %system  %guest   %wait    %CPU   CPU  Command
02:57:29        0       217    3.00    1.00    0.00    0.00    4.00     8  sync_slam_toolb

02:57:28      UID       PID  minflt/s  majflt/s     VSZ     RSS   %MEM  Command
02:57:29        0       217      0.00      0.00 2558580   56664   0.36  sync_slam_toolb

02:57:29      UID       PID    %usr %system  %guest   %wait    %CPU   CPU  Command
02:57:30        0       217    4.00    1.00    0.00    0.00    5.00     2  sync_slam_toolb

02:57:29      UID       PID  minflt/s  majflt/s     VSZ     RSS   %MEM  Command
02:57:30        0       217      0.00      0.00 2558580   56664   0.36  sync_slam_toolb

02:57:30      UID       PID    %usr %system  %guest   %wait    %CPU   CPU  Command
02:57:31        0       217    4.00    0.00    0.00    0.00    4.00     8  sync_slam_toolb

02:57:30      UID       PID  minflt/s  majflt/s     VSZ     RSS   %MEM  Command
02:57:31        0       217      0.00      0.00 2558580   56664   0.36  sync_slam_toolb

02:57:31      UID       PID    %usr %system  %guest   %wait    %CPU   CPU  Command
02:57:32        0       217   10.00    0.00    0.00    0.00   10.00     0  sync_slam_toolb

02:57:31      UID       PID  minflt/s  majflt/s     VSZ     RSS   %MEM  Command
02:57:32        0       217      5.00      0.00 2558580   56664   0.36  sync_slam_toolb

02:57:32      UID       PID    %usr %system  %guest   %wait    %CPU   CPU  Command
02:57:33        0       217    3.00    1.00    0.00    0.00    4.00     0  sync_slam_toolb

02:57:32      UID       PID  minflt/s  majflt/s     VSZ     RSS   %MEM  Command
02:57:33        0       217      0.00      0.00 2558580   56664   0.36  sync_slam_toolb

02:57:33      UID       PID    %usr %system  %guest   %wait    %CPU   CPU  Command
02:57:34        0       217    4.00    0.00    0.00    0.00    4.00     6  sync_slam_toolb

02:57:33      UID       PID  minflt/s  majflt/s     VSZ     RSS   %MEM  Command
02:57:34        0       217      0.00      0.00 2558580   56664   0.36  sync_slam_toolb

02:57:34      UID       PID    %usr %system  %guest   %wait    %CPU   CPU  Command
02:57:35        0       217    6.00    1.00    0.00    0.00    7.00     6  sync_slam_toolb

02:57:34      UID       PID  minflt/s  majflt/s     VSZ     RSS   %MEM  Command
02:57:35        0       217      7.00      0.00 2558580   56664   0.36  sync_slam_toolb

02:57:35      UID       PID    %usr %system  %guest   %wait    %CPU   CPU  Command
02:57:36        0       217    4.00    1.00    0.00    0.00    5.00     8  sync_slam_toolb

02:57:35      UID       PID  minflt/s  majflt/s     VSZ     RSS   %MEM  Command
02:57:36        0       217      0.00      0.00 2558580   56664   0.36  sync_slam_toolb

02:57:36      UID       PID    %usr %system  %guest   %wait    %CPU   CPU  Command
02:57:37        0       217   10.00    0.00    0.00    0.00   10.00     6  sync_slam_toolb

02:57:36      UID       PID  minflt/s  majflt/s     VSZ     RSS   %MEM  Command
02:57:37        0       217      6.00      0.00 2558580   56664   0.36  sync_slam_toolb

02:57:37      UID       PID    %usr %system  %guest   %wait    %CPU   CPU  Command
02:57:38        0       217    4.00    1.00    0.00    0.00    5.00    10  sync_slam_toolb

02:57:37      UID       PID  minflt/s  majflt/s     VSZ     RSS   %MEM  Command
02:57:38        0       217      0.00      0.00 2558580   56664   0.36  sync_slam_toolb

02:57:38      UID       PID    %usr %system  %guest   %wait    %CPU   CPU  Command
02:57:39        0       217    7.00    1.00    0.00    0.00    8.00     6  sync_slam_toolb

02:57:38      UID       PID  minflt/s  majflt/s     VSZ     RSS   %MEM  Command
02:57:39        0       217      6.00      0.00 2558580   56664   0.36  sync_slam_toolb

02:57:39      UID       PID    %usr %system  %guest   %wait    %CPU   CPU  Command
02:57:40        0       217    4.00    0.00    0.00    0.00    4.00     6  sync_slam_toolb

02:57:39      UID       PID  minflt/s  majflt/s     VSZ     RSS   %MEM  Command
02:57:40        0       217      0.00      0.00 2558580   56664   0.36  sync_slam_toolb

02:57:40      UID       PID    %usr %system  %guest   %wait    %CPU   CPU  Command
02:57:41        0       217    4.00    1.00    0.00    0.00    5.00     6  sync_slam_toolb

02:57:40      UID       PID  minflt/s  majflt/s     VSZ     RSS   %MEM  Command
02:57:41        0       217      0.00      0.00 2558580   56664   0.36  sync_slam_toolb

02:57:41      UID       PID    %usr %system  %guest   %wait    %CPU   CPU  Command
02:57:42        0       217    8.00    2.00    0.00    0.00   10.00     6  sync_slam_toolb

02:57:41      UID       PID  minflt/s  majflt/s     VSZ     RSS   %MEM  Command
02:57:42        0       217      6.00      0.00 2558580   56664   0.36  sync_slam_toolb

02:57:42      UID       PID    %usr %system  %guest   %wait    %CPU   CPU  Command
02:57:43        0       217    3.00    1.00    0.00    0.00    4.00     0  sync_slam_toolb

02:57:42      UID       PID  minflt/s  majflt/s     VSZ     RSS   %MEM  Command
02:57:43        0       217      0.00      0.00 2558580   56664   0.36  sync_slam_toolb

02:57:43      UID       PID    %usr %system  %guest   %wait    %CPU   CPU  Command
02:57:44        0       217    7.00    0.00    0.00    0.00    7.00     0  sync_slam_toolb

02:57:43      UID       PID  minflt/s  majflt/s     VSZ     RSS   %MEM  Command
02:57:44        0       217      6.00      0.00 2558580   56664   0.36  sync_slam_toolb

02:57:44      UID       PID    %usr %system  %guest   %wait    %CPU   CPU  Command
02:57:45        0       217    3.00    1.00    0.00    0.00    4.00     6  sync_slam_toolb

02:57:44      UID       PID  minflt/s  majflt/s     VSZ     RSS   %MEM  Command
02:57:45        0       217      0.00      0.00 2558580   56664   0.36  sync_slam_toolb

02:57:45      UID       PID    %usr %system  %guest   %wait    %CPU   CPU  Command
02:57:46        0       217    7.00    1.00    0.00    0.00    8.00     6  sync_slam_toolb

02:57:45      UID       PID  minflt/s  majflt/s     VSZ     RSS   %MEM  Command
02:57:46        0       217      6.00      0.00 2558580   56664   0.36  sync_slam_toolb

02:57:46      UID       PID    %usr %system  %guest   %wait    %CPU   CPU  Command
02:57:47        0       217    5.00    0.00    0.00    0.00    5.00     0  sync_slam_toolb

02:57:46      UID       PID  minflt/s  majflt/s     VSZ     RSS   %MEM  Command
02:57:47        0       217      1.00      0.00 2558580   56664   0.36  sync_slam_toolb

02:57:47      UID       PID    %usr %system  %guest   %wait    %CPU   CPU  Command
02:57:48        0       217    3.00    1.00    0.00    0.00    4.00     0  sync_slam_toolb

02:57:47      UID       PID  minflt/s  majflt/s     VSZ     RSS   %MEM  Command
02:57:48        0       217      0.00      0.00 2558580   56664   0.36  sync_slam_toolb

02:57:48      UID       PID    %usr %system  %guest   %wait    %CPU   CPU  Command
02:57:49        0       217    3.00    1.00    0.00    0.00    4.00     6  sync_slam_toolb

02:57:48      UID       PID  minflt/s  majflt/s     VSZ     RSS   %MEM  Command
02:57:49        0       217      0.00      0.00 2558580   56664   0.36  sync_slam_toolb

02:57:49      UID       PID    %usr %system  %guest   %wait    %CPU   CPU  Command
02:57:50        0       217    7.00    0.00    0.00    0.00    7.00     0  sync_slam_toolb

02:57:49      UID       PID  minflt/s  majflt/s     VSZ     RSS   %MEM  Command
02:57:50        0       217      6.00      0.00 2558580   56664   0.36  sync_slam_toolb

02:57:50      UID       PID    %usr %system  %guest   %wait    %CPU   CPU  Command
02:57:51        0       217    2.00    1.00    0.00    0.00    3.00     6  sync_slam_toolb

02:57:50      UID       PID  minflt/s  majflt/s     VSZ     RSS   %MEM  Command
02:57:51        0       217      0.00      0.00 2558580   56664   0.36  sync_slam_toolb

02:57:51      UID       PID    %usr %system  %guest   %wait    %CPU   CPU  Command
02:57:52        0       217    5.00    1.00    0.00    0.00    6.00     0  sync_slam_toolb

02:57:51      UID       PID  minflt/s  majflt/s     VSZ     RSS   %MEM  Command
02:57:52        0       217      0.00      0.00 2558580   56664   0.36  sync_slam_toolb

02:57:52      UID       PID    %usr %system  %guest   %wait    %CPU   CPU  Command
02:57:53        0       217    3.00    0.00    0.00    0.00    3.00     6  sync_slam_toolb

02:57:52      UID       PID  minflt/s  majflt/s     VSZ     RSS   %MEM  Command
02:57:53        0       217      0.00      0.00 2558580   56664   0.36  sync_slam_toolb

02:57:53      UID       PID    %usr %system  %guest   %wait    %CPU   CPU  Command
02:57:54        0       217    3.00    1.00    0.00    0.00    4.00     0  sync_slam_toolb

02:57:53      UID       PID  minflt/s  majflt/s     VSZ     RSS   %MEM  Command
02:57:54        0       217      0.00      0.00 2558580   56664   0.36  sync_slam_toolb

02:57:54      UID       PID    %usr %system  %guest   %wait    %CPU   CPU  Command
02:57:55        0       217    3.00    0.00    0.00    0.00    3.00     8  sync_slam_toolb

02:57:54      UID       PID  minflt/s  majflt/s     VSZ     RSS   %MEM  Command
02:57:55        0       217      0.00      0.00 2558580   56664   0.36  sync_slam_toolb

02:57:55      UID       PID    %usr %system  %guest   %wait    %CPU   CPU  Command
02:57:56        0       217    7.00    1.00    0.00    0.00    8.00    10  sync_slam_toolb

02:57:55      UID       PID  minflt/s  majflt/s     VSZ     RSS   %MEM  Command
02:57:56        0       217      6.00      0.00 2558580   56792   0.36  sync_slam_toolb

02:57:56      UID       PID    %usr %system  %guest   %wait    %CPU   CPU  Command
02:57:57        0       217    5.00    0.00    0.00    0.00    5.00     8  sync_slam_toolb

02:57:56      UID       PID  minflt/s  majflt/s     VSZ     RSS   %MEM  Command
02:57:57        0       217      0.00      0.00 2558580   56792   0.36  sync_slam_toolb

02:57:57      UID       PID    %usr %system  %guest   %wait    %CPU   CPU  Command
02:57:58        0       217    4.00    1.00    0.00    0.00    5.00     8  sync_slam_toolb

02:57:57      UID       PID  minflt/s  majflt/s     VSZ     RSS   %MEM  Command
02:57:58        0       217      0.00      0.00 2558580   56792   0.36  sync_slam_toolb

02:57:58      UID       PID    %usr %system  %guest   %wait    %CPU   CPU  Command
02:57:59        0       217    7.00    1.00    0.00    0.00    8.00     2  sync_slam_toolb

02:57:58      UID       PID  minflt/s  majflt/s     VSZ     RSS   %MEM  Command
02:57:59        0       217      7.00      0.00 2558580   56920   0.37  sync_slam_toolb

02:57:59      UID       PID    %usr %system  %guest   %wait    %CPU   CPU  Command
02:58:00        0       217    4.00    0.00    0.00    0.00    4.00    14  sync_slam_toolb

02:57:59      UID       PID  minflt/s  majflt/s     VSZ     RSS   %MEM  Command
02:58:00        0       217      0.00      0.00 2558580   56920   0.37  sync_slam_toolb

02:58:00      UID       PID    %usr %system  %guest   %wait    %CPU   CPU  Command
02:58:01        0       217    7.00    1.00    0.00    0.00    8.00    14  sync_slam_toolb

02:58:00      UID       PID  minflt/s  majflt/s     VSZ     RSS   %MEM  Command
02:58:01        0       217      3.00      0.00 2558580   56920   0.37  sync_slam_toolb

02:58:01      UID       PID    %usr %system  %guest   %wait    %CPU   CPU  Command
02:58:02        0       217    7.00    1.00    0.00    0.00    8.00     6  sync_slam_toolb

02:58:01      UID       PID  minflt/s  majflt/s     VSZ     RSS   %MEM  Command
02:58:02        0       217      0.00      0.00 2558580   56920   0.37  sync_slam_toolb

02:58:02      UID       PID    %usr %system  %guest   %wait    %CPU   CPU  Command
02:58:03        0       217    8.00    0.00    0.00    0.00    8.00     6  sync_slam_toolb

02:58:02      UID       PID  minflt/s  majflt/s     VSZ     RSS   %MEM  Command
02:58:03        0       217      7.00      0.00 2558580   56920   0.37  sync_slam_toolb

02:58:03      UID       PID    %usr %system  %guest   %wait    %CPU   CPU  Command
02:58:04        0       217    4.00    1.00    0.00    0.00    5.00     6  sync_slam_toolb

02:58:03      UID       PID  minflt/s  majflt/s     VSZ     RSS   %MEM  Command
02:58:04        0       217      0.00      0.00 2558580   56920   0.37  sync_slam_toolb

02:58:04      UID       PID    %usr %system  %guest   %wait    %CPU   CPU  Command
02:58:05        0       217    4.00    2.00    0.00    0.00    6.00     6  sync_slam_toolb

02:58:04      UID       PID  minflt/s  majflt/s     VSZ     RSS   %MEM  Command
02:58:05        0       217      0.00      0.00 2558580   56920   0.37  sync_slam_toolb

02:58:05      UID       PID    %usr %system  %guest   %wait    %CPU   CPU  Command
02:58:06        0       217    7.00    0.00    0.00    0.00    7.00     6  sync_slam_toolb

02:58:05      UID       PID  minflt/s  majflt/s     VSZ     RSS   %MEM  Command
02:58:06        0       217      7.00      0.00 2558580   56920   0.37  sync_slam_toolb

02:58:06      UID       PID    %usr %system  %guest   %wait    %CPU   CPU  Command
02:58:07        0       217    6.00    1.00    0.00    0.00    7.00     8  sync_slam_toolb

02:58:06      UID       PID  minflt/s  majflt/s     VSZ     RSS   %MEM  Command
02:58:07        0       217      0.00      0.00 2558580   56920   0.37  sync_slam_toolb

02:58:07      UID       PID    %usr %system  %guest   %wait    %CPU   CPU  Command
02:58:08        0       217    3.00    1.00    0.00    0.00    4.00     7  sync_slam_toolb

02:58:07      UID       PID  minflt/s  majflt/s     VSZ     RSS   %MEM  Command
02:58:08        0       217      0.00      0.00 2558580   56920   0.37  sync_slam_toolb

02:58:08      UID       PID    %usr %system  %guest   %wait    %CPU   CPU  Command
02:58:09        0       217    3.00    1.00    0.00    0.00    4.00     6  sync_slam_toolb

02:58:08      UID       PID  minflt/s  majflt/s     VSZ     RSS   %MEM  Command
02:58:09        0       217      0.00      0.00 2558580   56920   0.37  sync_slam_toolb

02:58:09      UID       PID    %usr %system  %guest   %wait    %CPU   CPU  Command
02:58:10        0       217    7.00    0.00    0.00    0.00    7.00     7  sync_slam_toolb

02:58:09      UID       PID  minflt/s  majflt/s     VSZ     RSS   %MEM  Command
02:58:10        0       217      6.00      0.00 2558580   56920   0.37  sync_slam_toolb

02:58:10      UID       PID    %usr %system  %guest   %wait    %CPU   CPU  Command
02:58:11        0       217    4.00    1.00    0.00    0.00    5.00     2  sync_slam_toolb

02:58:10      UID       PID  minflt/s  majflt/s     VSZ     RSS   %MEM  Command
02:58:11        0       217      0.00      0.00 2558580   56920   0.37  sync_slam_toolb

02:58:11      UID       PID    %usr %system  %guest   %wait    %CPU   CPU  Command
02:58:12        0       217    6.00    1.00    0.00    0.00    7.00     7  sync_slam_toolb

02:58:11      UID       PID  minflt/s  majflt/s     VSZ     RSS   %MEM  Command
02:58:12        0       217      0.00      0.00 2558580   56920   0.37  sync_slam_toolb

02:58:12      UID       PID    %usr %system  %guest   %wait    %CPU   CPU  Command
02:58:13        0       217    8.00    0.00    0.00    0.00    8.00     4  sync_slam_toolb

02:58:12      UID       PID  minflt/s  majflt/s     VSZ     RSS   %MEM  Command
02:58:13        0       217      5.00      0.00 2558580   56920   0.37  sync_slam_toolb

02:58:13      UID       PID    %usr %system  %guest   %wait    %CPU   CPU  Command
02:58:14        0       217    4.00    1.00    0.00    0.00    5.00     0  sync_slam_toolb

02:58:13      UID       PID  minflt/s  majflt/s     VSZ     RSS   %MEM  Command
02:58:14        0       217      0.00      0.00 2558580   56920   0.37  sync_slam_toolb

02:58:14      UID       PID    %usr %system  %guest   %wait    %CPU   CPU  Command
02:58:15        0       217    3.00    1.00    0.00    0.00    4.00     6  sync_slam_toolb

02:58:14      UID       PID  minflt/s  majflt/s     VSZ     RSS   %MEM  Command
02:58:15        0       217      0.00      0.00 2558580   56920   0.37  sync_slam_toolb

02:58:15      UID       PID    %usr %system  %guest   %wait    %CPU   CPU  Command
02:58:16        0       217    8.00    0.00    0.00    0.00    8.00     4  sync_slam_toolb

02:58:15      UID       PID  minflt/s  majflt/s     VSZ     RSS   %MEM  Command
02:58:16        0       217      7.00      0.00 2558580   56920   0.37  sync_slam_toolb

02:58:16      UID       PID    %usr %system  %guest   %wait    %CPU   CPU  Command
02:58:17        0       217    5.00    1.00    0.00    0.00    6.00     4  sync_slam_toolb

02:58:16      UID       PID  minflt/s  majflt/s     VSZ     RSS   %MEM  Command
02:58:17        0       217      0.00      0.00 2558580   56920   0.37  sync_slam_toolb

02:58:17      UID       PID    %usr %system  %guest   %wait    %CPU   CPU  Command
02:58:18        0       217    7.00    2.00    0.00    0.00    9.00     4  sync_slam_toolb

02:58:17      UID       PID  minflt/s  majflt/s     VSZ     RSS   %MEM  Command
02:58:18        0       217      5.00      0.00 2558580   56920   0.37  sync_slam_toolb

02:58:18      UID       PID    %usr %system  %guest   %wait    %CPU   CPU  Command
02:58:19        0       217    4.00    0.00    0.00    0.00    4.00     4  sync_slam_toolb

02:58:18      UID       PID  minflt/s  majflt/s     VSZ     RSS   %MEM  Command
02:58:19        0       217      0.00      0.00 2558580   56920   0.37  sync_slam_toolb

02:58:19      UID       PID    %usr %system  %guest   %wait    %CPU   CPU  Command
02:58:20        0       217    4.00    0.00    0.00    0.00    4.00     6  sync_slam_toolb

02:58:19      UID       PID  minflt/s  majflt/s     VSZ     RSS   %MEM  Command
02:58:20        0       217      0.00      0.00 2558580   56920   0.37  sync_slam_toolb

02:58:20      UID       PID    %usr %system  %guest   %wait    %CPU   CPU  Command
02:58:21        0       217    7.00    1.00    0.00    0.00    8.00     4  sync_slam_toolb

02:58:20      UID       PID  minflt/s  majflt/s     VSZ     RSS   %MEM  Command
02:58:21        0       217      8.00      0.00 2558580   56920   0.37  sync_slam_toolb

02:58:21      UID       PID    %usr %system  %guest   %wait    %CPU   CPU  Command
02:58:22        0       217    6.00    1.00    0.00    0.00    7.00     4  sync_slam_toolb

02:58:21      UID       PID  minflt/s  majflt/s     VSZ     RSS   %MEM  Command
02:58:22        0       217     54.00      0.00 2558580   57176   0.37  sync_slam_toolb

02:58:22      UID       PID    %usr %system  %guest   %wait    %CPU   CPU  Command
02:58:23        0       217    7.00    1.00    0.00    0.00    8.00     2  sync_slam_toolb

02:58:22      UID       PID  minflt/s  majflt/s     VSZ     RSS   %MEM  Command
02:58:23        0       217      5.00      0.00 2558580   57176   0.37  sync_slam_toolb

02:58:23      UID       PID    %usr %system  %guest   %wait    %CPU   CPU  Command
02:58:24        0       217    4.00    0.00    0.00    0.00    4.00     6  sync_slam_toolb

02:58:23      UID       PID  minflt/s  majflt/s     VSZ     RSS   %MEM  Command
02:58:24        0       217      0.00      0.00 2558580   57176   0.37  sync_slam_toolb

02:58:24      UID       PID    %usr %system  %guest   %wait    %CPU   CPU  Command
02:58:25        0       217    8.00    1.00    0.00    0.00    9.00     2  sync_slam_toolb

02:58:24      UID       PID  minflt/s  majflt/s     VSZ     RSS   %MEM  Command
02:58:25        0       217      8.00      0.00 2558580   57176   0.37  sync_slam_toolb

02:58:25      UID       PID    %usr %system  %guest   %wait    %CPU   CPU  Command
02:58:26        0       217    3.00    1.00    0.00    0.00    4.00     6  sync_slam_toolb

02:58:25      UID       PID  minflt/s  majflt/s     VSZ     RSS   %MEM  Command
02:58:26        0       217      0.00      0.00 2558580   57176   0.37  sync_slam_toolb

02:58:26      UID       PID    %usr %system  %guest   %wait    %CPU   CPU  Command
02:58:27        0       217   11.00    0.00    0.00    0.00   11.00     6  sync_slam_toolb

02:58:26      UID       PID  minflt/s  majflt/s     VSZ     RSS   %MEM  Command
02:58:27        0       217      6.00      0.00 2558580   57176   0.37  sync_slam_toolb

02:58:27      UID       PID    %usr %system  %guest   %wait    %CPU   CPU  Command
02:58:28        0       217    4.00    0.00    0.00    0.00    4.00     6  sync_slam_toolb

02:58:27      UID       PID  minflt/s  majflt/s     VSZ     RSS   %MEM  Command
02:58:28        0       217      0.00      0.00 2558580   57176   0.37  sync_slam_toolb

02:58:28      UID       PID    %usr %system  %guest   %wait    %CPU   CPU  Command
02:58:29        0       217    8.00    0.00    0.00    0.00    8.00     0  sync_slam_toolb

02:58:28      UID       PID  minflt/s  majflt/s     VSZ     RSS   %MEM  Command
02:58:29        0       217      5.00      0.00 2558580   57176   0.37  sync_slam_toolb

02:58:29      UID       PID    %usr %system  %guest   %wait    %CPU   CPU  Command
02:58:30        0       217    4.00    1.00    0.00    0.00    5.00     2  sync_slam_toolb

02:58:29      UID       PID  minflt/s  majflt/s     VSZ     RSS   %MEM  Command
02:58:30        0       217      0.00      0.00 2558580   57176   0.37  sync_slam_toolb

02:58:30      UID       PID    %usr %system  %guest   %wait    %CPU   CPU  Command
02:58:31        0       217    4.00    0.00    0.00    0.00    4.00    12  sync_slam_toolb

02:58:30      UID       PID  minflt/s  majflt/s     VSZ     RSS   %MEM  Command
02:58:31        0       217      0.00      0.00 2558580   57176   0.37  sync_slam_toolb

02:58:31      UID       PID    %usr %system  %guest   %wait    %CPU   CPU  Command
02:58:32        0       217   10.00    1.00    0.00    0.00   11.00     2  sync_slam_toolb

02:58:31      UID       PID  minflt/s  majflt/s     VSZ     RSS   %MEM  Command
02:58:32        0       217      5.00      0.00 2558580   57176   0.37  sync_slam_toolb

02:58:32      UID       PID    %usr %system  %guest   %wait    %CPU   CPU  Command
02:58:33        0       217    3.00    1.00    0.00    0.00    4.00     2  sync_slam_toolb

02:58:32      UID       PID  minflt/s  majflt/s     VSZ     RSS   %MEM  Command
02:58:33        0       217      0.00      0.00 2558580   57176   0.37  sync_slam_toolb

02:58:33      UID       PID    %usr %system  %guest   %wait    %CPU   CPU  Command
02:58:34        0       217    7.00    1.00    0.00    0.00    8.00    12  sync_slam_toolb

02:58:33      UID       PID  minflt/s  majflt/s     VSZ     RSS   %MEM  Command
02:58:34        0       217      8.00      0.00 2558580   57304   0.37  sync_slam_toolb

02:58:34      UID       PID    %usr %system  %guest   %wait    %CPU   CPU  Command
02:58:35        0       217    4.00    0.00    0.00    0.00    4.00    12  sync_slam_toolb

02:58:34      UID       PID  minflt/s  majflt/s     VSZ     RSS   %MEM  Command
02:58:35        0       217      0.00      0.00 2558580   57304   0.37  sync_slam_toolb

02:58:35      UID       PID    %usr %system  %guest   %wait    %CPU   CPU  Command
02:58:36        0       217    5.00    1.00    0.00    0.00    6.00     6  sync_slam_toolb

02:58:35      UID       PID  minflt/s  majflt/s     VSZ     RSS   %MEM  Command
02:58:36        0       217      0.00      0.00 2558580   57304   0.37  sync_slam_toolb

02:58:36      UID       PID    %usr %system  %guest   %wait    %CPU   CPU  Command
02:58:37        0       217   10.00    0.00    0.00    0.00   10.00    11  sync_slam_toolb

02:58:36      UID       PID  minflt/s  majflt/s     VSZ     RSS   %MEM  Command
02:58:37        0       217      5.00      0.00 2558580   57432   0.37  sync_slam_toolb

02:58:37      UID       PID    %usr %system  %guest   %wait    %CPU   CPU  Command
02:58:38        0       217    4.00    1.00    0.00    0.00    5.00    14  sync_slam_toolb

02:58:37      UID       PID  minflt/s  majflt/s     VSZ     RSS   %MEM  Command
02:58:38        0       217      0.00      0.00 2558580   57432   0.37  sync_slam_toolb

02:58:38      UID       PID    %usr %system  %guest   %wait    %CPU   CPU  Command
02:58:39        0       217    4.00    1.00    0.00    0.00    5.00    14  sync_slam_toolb

02:58:38      UID       PID  minflt/s  majflt/s     VSZ     RSS   %MEM  Command
02:58:39        0       217      0.00      0.00 2558580   57432   0.37  sync_slam_toolb

02:58:39      UID       PID    %usr %system  %guest   %wait    %CPU   CPU  Command
02:58:40        0       217    4.00    1.00    0.00    0.00    5.00    14  sync_slam_toolb

02:58:39      UID       PID  minflt/s  majflt/s     VSZ     RSS   %MEM  Command
02:58:40        0       217      0.00      0.00 2558580   57432   0.37  sync_slam_toolb

02:58:40      UID       PID    %usr %system  %guest   %wait    %CPU   CPU  Command
02:58:41        0       217    5.00    0.00    0.00    0.00    5.00    10  sync_slam_toolb

02:58:40      UID       PID  minflt/s  majflt/s     VSZ     RSS   %MEM  Command
02:58:41        0       217      0.00      0.00 2558580   57432   0.37  sync_slam_toolb

02:58:41      UID       PID    %usr %system  %guest   %wait    %CPU   CPU  Command
02:58:42        0       217    6.00    1.00    0.00    0.00    7.00    14  sync_slam_toolb

02:58:41      UID       PID  minflt/s  majflt/s     VSZ     RSS   %MEM  Command
02:58:42        0       217      0.00      0.00 2558580   57432   0.37  sync_slam_toolb

02:58:42      UID       PID    %usr %system  %guest   %wait    %CPU   CPU  Command
02:58:43        0       217    5.00    0.00    0.00    0.00    5.00    12  sync_slam_toolb

02:58:42      UID       PID  minflt/s  majflt/s     VSZ     RSS   %MEM  Command
02:58:43        0       217      0.00      0.00 2558580   57432   0.37  sync_slam_toolb

02:58:43      UID       PID    %usr %system  %guest   %wait    %CPU   CPU  Command
02:58:44        0       217    4.00    1.00    0.00    0.00    5.00     2  sync_slam_toolb

02:58:43      UID       PID  minflt/s  majflt/s     VSZ     RSS   %MEM  Command
02:58:44        0       217      0.00      0.00 2558580   57432   0.37  sync_slam_toolb

02:58:44      UID       PID    %usr %system  %guest   %wait    %CPU   CPU  Command
02:58:45        0       217    4.00    1.00    0.00    0.00    5.00     2  sync_slam_toolb

02:58:44      UID       PID  minflt/s  majflt/s     VSZ     RSS   %MEM  Command
02:58:45        0       217      0.00      0.00 2558580   57432   0.37  sync_slam_toolb

02:58:45      UID       PID    %usr %system  %guest   %wait    %CPU   CPU  Command
02:58:46        0       217    4.00    1.00    0.00    0.00    5.00     0  sync_slam_toolb

02:58:45      UID       PID  minflt/s  majflt/s     VSZ     RSS   %MEM  Command
02:58:46        0       217      0.00      0.00 2558580   57432   0.37  sync_slam_toolb

02:58:46      UID       PID    %usr %system  %guest   %wait    %CPU   CPU  Command
02:58:47        0       217    7.00    0.00    0.00    0.00    7.00     2  sync_slam_toolb

02:58:46      UID       PID  minflt/s  majflt/s     VSZ     RSS   %MEM  Command
02:58:47        0       217      0.00      0.00 2558580   57432   0.37  sync_slam_toolb

02:58:47      UID       PID    %usr %system  %guest   %wait    %CPU   CPU  Command
02:58:48        0       217    4.00    1.00    0.00    0.00    5.00     4  sync_slam_toolb

02:58:47      UID       PID  minflt/s  majflt/s     VSZ     RSS   %MEM  Command
02:58:48        0       217      0.00      0.00 2558580   57432   0.37  sync_slam_toolb

02:58:48      UID       PID    %usr %system  %guest   %wait    %CPU   CPU  Command
02:58:49        0       217    7.00    1.00    0.00    0.00    8.00     0  sync_slam_toolb

02:58:48      UID       PID  minflt/s  majflt/s     VSZ     RSS   %MEM  Command
02:58:49        0       217      6.00      0.00 2558580   57560   0.37  sync_slam_toolb

02:58:49      UID       PID    %usr %system  %guest   %wait    %CPU   CPU  Command
02:58:50        0       217    4.00    1.00    0.00    0.00    5.00     0  sync_slam_toolb

02:58:49      UID       PID  minflt/s  majflt/s     VSZ     RSS   %MEM  Command
02:58:50        0       217      0.00      0.00 2558580   57560   0.37  sync_slam_toolb

02:58:50      UID       PID    %usr %system  %guest   %wait    %CPU   CPU  Command
02:58:51        0       217    4.00    2.00    0.00    0.00    6.00     4  sync_slam_toolb

02:58:50      UID       PID  minflt/s  majflt/s     VSZ     RSS   %MEM  Command
02:58:51        0       217      0.00      0.00 2558580   57560   0.37  sync_slam_toolb

02:58:51      UID       PID    %usr %system  %guest   %wait    %CPU   CPU  Command
02:58:52        0       217   11.00    0.00    0.00    0.00   11.00     2  sync_slam_toolb

02:58:51      UID       PID  minflt/s  majflt/s     VSZ     RSS   %MEM  Command
02:58:52        0       217      6.00      0.00 2558580   57560   0.37  sync_slam_toolb

02:58:52      UID       PID    %usr %system  %guest   %wait    %CPU   CPU  Command
02:58:53        0       217    5.00    0.00    0.00    0.00    5.00     8  sync_slam_toolb

02:58:52      UID       PID  minflt/s  majflt/s     VSZ     RSS   %MEM  Command
02:58:53        0       217      0.00      0.00 2558580   57560   0.37  sync_slam_toolb

02:58:53      UID       PID    %usr %system  %guest   %wait    %CPU   CPU  Command
02:58:54        0       217    8.00    1.00    0.00    0.00    9.00     8  sync_slam_toolb

02:58:53      UID       PID  minflt/s  majflt/s     VSZ     RSS   %MEM  Command
02:58:54        0       217      6.00      0.00 2558580   57560   0.37  sync_slam_toolb

02:58:54      UID       PID    %usr %system  %guest   %wait    %CPU   CPU  Command
02:58:55        0       217    4.00    1.00    0.00    0.00    5.00     8  sync_slam_toolb

02:58:54      UID       PID  minflt/s  majflt/s     VSZ     RSS   %MEM  Command
02:58:55        0       217      0.00      0.00 2558580   57560   0.37  sync_slam_toolb

02:58:55      UID       PID    %usr %system  %guest   %wait    %CPU   CPU  Command
02:58:56        0       217    8.00    2.00    0.00    0.00   10.00     4  sync_slam_toolb

02:58:55      UID       PID  minflt/s  majflt/s     VSZ     RSS   %MEM  Command
02:58:56        0       217      7.00      0.00 2558580   57560   0.37  sync_slam_toolb

02:58:56      UID       PID    %usr %system  %guest   %wait    %CPU   CPU  Command
02:58:57        0       217    6.93    0.00    0.00    0.00    6.93     6  sync_slam_toolb

02:58:56      UID       PID  minflt/s  majflt/s     VSZ     RSS   %MEM  Command
02:58:57        0       217    107.92      0.00 2558580   58072   0.37  sync_slam_toolb

02:58:57      UID       PID    %usr %system  %guest   %wait    %CPU   CPU  Command
02:58:58        0       217    8.00    1.00    0.00    0.00    9.00     4  sync_slam_toolb

02:58:57      UID       PID  minflt/s  majflt/s     VSZ     RSS   %MEM  Command
02:58:58        0       217      6.00      0.00 2558580   58072   0.37  sync_slam_toolb

02:58:58      UID       PID    %usr %system  %guest   %wait    %CPU   CPU  Command
02:58:59        0       217    4.00    1.00    0.00    0.00    5.00     2  sync_slam_toolb

02:58:58      UID       PID  minflt/s  majflt/s     VSZ     RSS   %MEM  Command
02:58:59        0       217      0.00      0.00 2558580   58072   0.37  sync_slam_toolb

02:58:59      UID       PID    %usr %system  %guest   %wait    %CPU   CPU  Command
02:59:00        0       217    4.00    1.00    0.00    0.00    5.00     7  sync_slam_toolb

02:58:59      UID       PID  minflt/s  majflt/s     VSZ     RSS   %MEM  Command
02:59:00        0       217      0.00      0.00 2558580   58072   0.37  sync_slam_toolb

02:59:00      UID       PID    %usr %system  %guest   %wait    %CPU   CPU  Command
02:59:01        0       217    8.00    0.00    0.00    0.00    8.00     7  sync_slam_toolb

02:59:00      UID       PID  minflt/s  majflt/s     VSZ     RSS   %MEM  Command
02:59:01        0       217      6.00      0.00 2558580   58072   0.37  sync_slam_toolb

02:59:01      UID       PID    %usr %system  %guest   %wait    %CPU   CPU  Command
02:59:02        0       217    6.00    1.00    0.00    0.00    7.00     0  sync_slam_toolb

02:59:01      UID       PID  minflt/s  majflt/s     VSZ     RSS   %MEM  Command
02:59:02        0       217     10.00      0.00 2558580   58072   0.37  sync_slam_toolb

02:59:02      UID       PID    %usr %system  %guest   %wait    %CPU   CPU  Command
02:59:03        0       217    3.00    1.00    0.00    0.00    4.00     0  sync_slam_toolb

02:59:02      UID       PID  minflt/s  majflt/s     VSZ     RSS   %MEM  Command
02:59:03        0       217      0.00      0.00 2558580   58072   0.37  sync_slam_toolb

02:59:03      UID       PID    %usr %system  %guest   %wait    %CPU   CPU  Command
02:59:04        0       217    3.00    0.00    0.00    0.00    3.00     0  sync_slam_toolb

02:59:03      UID       PID  minflt/s  majflt/s     VSZ     RSS   %MEM  Command
02:59:04        0       217      0.00      0.00 2558580   58072   0.37  sync_slam_toolb

02:59:04      UID       PID    %usr %system  %guest   %wait    %CPU   CPU  Command
02:59:05        0       217    4.00    1.00    0.00    0.00    5.00     0  sync_slam_toolb

02:59:04      UID       PID  minflt/s  majflt/s     VSZ     RSS   %MEM  Command
02:59:05        0       217      0.00      0.00 2558580   58072   0.37  sync_slam_toolb

02:59:05      UID       PID    %usr %system  %guest   %wait    %CPU   CPU  Command
02:59:06        0       217    4.00    0.00    0.00    0.00    4.00     0  sync_slam_toolb

02:59:05      UID       PID  minflt/s  majflt/s     VSZ     RSS   %MEM  Command
02:59:06        0       217      0.00      0.00 2558580   58072   0.37  sync_slam_toolb

02:59:06      UID       PID    %usr %system  %guest   %wait    %CPU   CPU  Command
02:59:07        0       217    9.00    1.00    0.00    0.00   10.00     2  sync_slam_toolb

02:59:06      UID       PID  minflt/s  majflt/s     VSZ     RSS   %MEM  Command
02:59:07        0       217      6.00      0.00 2558580   58072   0.37  sync_slam_toolb

02:59:07      UID       PID    %usr %system  %guest   %wait    %CPU   CPU  Command
02:59:08        0       217    4.00    0.00    0.00    0.00    4.00     0  sync_slam_toolb

02:59:07      UID       PID  minflt/s  majflt/s     VSZ     RSS   %MEM  Command
02:59:08        0       217      0.00      0.00 2558580   58072   0.37  sync_slam_toolb

02:59:08      UID       PID    %usr %system  %guest   %wait    %CPU   CPU  Command
02:59:09        0       217    4.00    1.00    0.00    0.00    5.00    14  sync_slam_toolb

02:59:08      UID       PID  minflt/s  majflt/s     VSZ     RSS   %MEM  Command
02:59:09        0       217      0.00      0.00 2558580   58072   0.37  sync_slam_toolb

02:59:09      UID       PID    %usr %system  %guest   %wait    %CPU   CPU  Command
02:59:10        0       217    6.00    1.00    0.00    0.00    7.00     6  sync_slam_toolb

02:59:09      UID       PID  minflt/s  majflt/s     VSZ     RSS   %MEM  Command
02:59:10        0       217      6.00      0.00 2558580   58072   0.37  sync_slam_toolb

02:59:10      UID       PID    %usr %system  %guest   %wait    %CPU   CPU  Command
02:59:11        0       217    4.00    1.00    0.00    0.00    5.00    14  sync_slam_toolb

02:59:10      UID       PID  minflt/s  majflt/s     VSZ     RSS   %MEM  Command
02:59:11        0       217      0.00      0.00 2558580   58072   0.37  sync_slam_toolb

02:59:11      UID       PID    %usr %system  %guest   %wait    %CPU   CPU  Command
02:59:12        0       217    6.00    1.00    0.00    0.00    7.00    14  sync_slam_toolb

02:59:11      UID       PID  minflt/s  majflt/s     VSZ     RSS   %MEM  Command
02:59:12        0       217      0.00      0.00 2558580   58072   0.37  sync_slam_toolb

02:59:12      UID       PID    %usr %system  %guest   %wait    %CPU   CPU  Command
02:59:13        0       217    4.00    0.00    0.00    0.00    4.00    14  sync_slam_toolb

02:59:12      UID       PID  minflt/s  majflt/s     VSZ     RSS   %MEM  Command
02:59:13        0       217      0.00      0.00 2558580   58072   0.37  sync_slam_toolb

02:59:13      UID       PID    %usr %system  %guest   %wait    %CPU   CPU  Command
02:59:14        0       217    7.00    1.00    0.00    0.00    8.00     6  sync_slam_toolb

02:59:13      UID       PID  minflt/s  majflt/s     VSZ     RSS   %MEM  Command
02:59:14        0       217      8.00      0.00 2558580   58200   0.37  sync_slam_toolb

02:59:14      UID       PID    %usr %system  %guest   %wait    %CPU   CPU  Command
02:59:15        0       217    4.00    0.00    0.00    0.00    4.00     6  sync_slam_toolb

02:59:14      UID       PID  minflt/s  majflt/s     VSZ     RSS   %MEM  Command
02:59:15        0       217      0.00      0.00 2558580   58200   0.37  sync_slam_toolb

02:59:15      UID       PID    %usr %system  %guest   %wait    %CPU   CPU  Command
02:59:16        0       217    8.00    1.00    0.00    0.00    9.00     2  sync_slam_toolb

02:59:15      UID       PID  minflt/s  majflt/s     VSZ     RSS   %MEM  Command
02:59:16        0       217      8.00      0.00 2558580   58200   0.37  sync_slam_toolb

02:59:16      UID       PID    %usr %system  %guest   %wait    %CPU   CPU  Command
02:59:17        0       217    8.00    0.00    0.00    0.00    8.00     4  sync_slam_toolb

02:59:16      UID       PID  minflt/s  majflt/s     VSZ     RSS   %MEM  Command
02:59:17        0       217      0.00      0.00 2558580   58200   0.37  sync_slam_toolb

02:59:17      UID       PID    %usr %system  %guest   %wait    %CPU   CPU  Command
02:59:18        0       217    4.00    1.00    0.00    0.00    5.00    15  sync_slam_toolb

02:59:17      UID       PID  minflt/s  majflt/s     VSZ     RSS   %MEM  Command
02:59:18        0       217      0.00      0.00 2558580   58200   0.37  sync_slam_toolb

02:59:18      UID       PID    %usr %system  %guest   %wait    %CPU   CPU  Command
02:59:19        0       217    7.00    2.00    0.00    0.00    9.00    15  sync_slam_toolb

02:59:18      UID       PID  minflt/s  majflt/s     VSZ     RSS   %MEM  Command
02:59:19        0       217      5.00      0.00 2558580   58200   0.37  sync_slam_toolb

02:59:19      UID       PID    %usr %system  %guest   %wait    %CPU   CPU  Command
02:59:20        0       217    5.00    1.00    0.00    0.00    6.00     0  sync_slam_toolb

02:59:19      UID       PID  minflt/s  majflt/s     VSZ     RSS   %MEM  Command
02:59:20        0       217      0.00      0.00 2558580   58200   0.37  sync_slam_toolb

02:59:20      UID       PID    %usr %system  %guest   %wait    %CPU   CPU  Command
02:59:21        0       217    8.00    0.00    0.00    0.00    8.00     2  sync_slam_toolb

02:59:20      UID       PID  minflt/s  majflt/s     VSZ     RSS   %MEM  Command
02:59:21        0       217      7.00      0.00 2558580   58200   0.37  sync_slam_toolb

02:59:21      UID       PID    %usr %system  %guest   %wait    %CPU   CPU  Command
02:59:22        0       217    8.00    1.00    0.00    0.00    9.00     2  sync_slam_toolb

02:59:21      UID       PID  minflt/s  majflt/s     VSZ     RSS   %MEM  Command
02:59:22        0       217      0.00      0.00 2558580   58200   0.37  sync_slam_toolb

02:59:22      UID       PID    %usr %system  %guest   %wait    %CPU   CPU  Command
02:59:23        0       217    7.00    1.00    0.00    0.00    8.00     2  sync_slam_toolb

02:59:22      UID       PID  minflt/s  majflt/s     VSZ     RSS   %MEM  Command
02:59:23        0       217      6.00      0.00 2558580   58200   0.37  sync_slam_toolb

02:59:23      UID       PID    %usr %system  %guest   %wait    %CPU   CPU  Command
02:59:24        0       217    3.00    2.00    0.00    0.00    5.00     4  sync_slam_toolb

02:59:23      UID       PID  minflt/s  majflt/s     VSZ     RSS   %MEM  Command
02:59:24        0       217      0.00      0.00 2558580   58200   0.37  sync_slam_toolb

02:59:24      UID       PID    %usr %system  %guest   %wait    %CPU   CPU  Command
02:59:25        0       217    7.00    2.00    0.00    0.00    9.00    10  sync_slam_toolb

02:59:24      UID       PID  minflt/s  majflt/s     VSZ     RSS   %MEM  Command
02:59:25        0       217      6.00      0.00 2558580   58200   0.37  sync_slam_toolb

02:59:25      UID       PID    %usr %system  %guest   %wait    %CPU   CPU  Command
02:59:26        0       217    4.00    1.00    0.00    0.00    5.00     6  sync_slam_toolb

02:59:25      UID       PID  minflt/s  majflt/s     VSZ     RSS   %MEM  Command
02:59:26        0       217      0.00      0.00 2558580   58200   0.37  sync_slam_toolb

02:59:26      UID       PID    %usr %system  %guest   %wait    %CPU   CPU  Command
02:59:27        0       217   11.00    1.00    0.00    0.00   12.00     6  sync_slam_toolb

02:59:26      UID       PID  minflt/s  majflt/s     VSZ     RSS   %MEM  Command
02:59:27        0       217      5.00      0.00 2558580   58200   0.37  sync_slam_toolb

02:59:27      UID       PID    %usr %system  %guest   %wait    %CPU   CPU  Command
02:59:28        0       217    4.00    1.00    0.00    0.00    5.00     0  sync_slam_toolb

02:59:27      UID       PID  minflt/s  majflt/s     VSZ     RSS   %MEM  Command
02:59:28        0       217      0.00      0.00 2558580   58200   0.37  sync_slam_toolb

02:59:28      UID       PID    %usr %system  %guest   %wait    %CPU   CPU  Command
02:59:29        0       217    4.00    1.00    0.00    0.00    5.00    15  sync_slam_toolb

02:59:28      UID       PID  minflt/s  majflt/s     VSZ     RSS   %MEM  Command
02:59:29        0       217      0.00      0.00 2558580   58200   0.37  sync_slam_toolb

02:59:29      UID       PID    %usr %system  %guest   %wait    %CPU   CPU  Command
02:59:30        0       217    7.00    1.00    0.00    0.00    8.00    14  sync_slam_toolb

02:59:29      UID       PID  minflt/s  majflt/s     VSZ     RSS   %MEM  Command
02:59:30        0       217      6.00      0.00 2558580   58200   0.37  sync_slam_toolb

02:59:30      UID       PID    %usr %system  %guest   %wait    %CPU   CPU  Command
02:59:31        0       217    4.00    2.00    0.00    0.00    6.00    15  sync_slam_toolb

02:59:30      UID       PID  minflt/s  majflt/s     VSZ     RSS   %MEM  Command
02:59:31        0       217      0.00      0.00 2558580   58200   0.37  sync_slam_toolb

02:59:31      UID       PID    %usr %system  %guest   %wait    %CPU   CPU  Command
02:59:32        0       217    7.00    0.00    0.00    0.00    7.00     6  sync_slam_toolb

02:59:31      UID       PID  minflt/s  majflt/s     VSZ     RSS   %MEM  Command
02:59:32        0       217      0.00      0.00 2558580   58200   0.37  sync_slam_toolb

02:59:32      UID       PID    %usr %system  %guest   %wait    %CPU   CPU  Command
02:59:33        0       217    8.00    2.00    0.00    0.00   10.00    14  sync_slam_toolb

02:59:32      UID       PID  minflt/s  majflt/s     VSZ     RSS   %MEM  Command
02:59:33        0       217      5.00      0.00 2558580   58200   0.37  sync_slam_toolb

02:59:33      UID       PID    %usr %system  %guest   %wait    %CPU   CPU  Command
02:59:34        0       217    3.00    2.00    0.00    0.00    5.00     0  sync_slam_toolb

02:59:33      UID       PID  minflt/s  majflt/s     VSZ     RSS   %MEM  Command
02:59:34        0       217      0.00      0.00 2558580   58200   0.37  sync_slam_toolb

02:59:34      UID       PID    %usr %system  %guest   %wait    %CPU   CPU  Command
02:59:35        0       217    5.00    1.00    0.00    0.00    6.00     6  sync_slam_toolb

02:59:34      UID       PID  minflt/s  majflt/s     VSZ     RSS   %MEM  Command
02:59:35        0       217      0.00      0.00 2558580   58200   0.37  sync_slam_toolb

02:59:35      UID       PID    %usr %system  %guest   %wait    %CPU   CPU  Command
02:59:36        0       217    8.00    1.00    0.00    0.00    9.00    12  sync_slam_toolb

02:59:35      UID       PID  minflt/s  majflt/s     VSZ     RSS   %MEM  Command
02:59:36        0       217      7.00      0.00 2558580   58200   0.37  sync_slam_toolb

02:59:36      UID       PID    %usr %system  %guest   %wait    %CPU   CPU  Command
02:59:37        0       217    7.00    1.00    0.00    0.00    8.00     4  sync_slam_toolb

02:59:36      UID       PID  minflt/s  majflt/s     VSZ     RSS   %MEM  Command
02:59:37        0       217      0.00      0.00 2558580   58200   0.37  sync_slam_toolb

02:59:37      UID       PID    %usr %system  %guest   %wait    %CPU   CPU  Command
02:59:38        0       217    4.00    1.00    0.00    0.00    5.00     6  sync_slam_toolb

02:59:37      UID       PID  minflt/s  majflt/s     VSZ     RSS   %MEM  Command
02:59:38        0       217      0.00      0.00 2558580   58200   0.37  sync_slam_toolb

02:59:38      UID       PID    %usr %system  %guest   %wait    %CPU   CPU  Command
02:59:39        0       217    8.00    1.00    0.00    0.00    9.00     6  sync_slam_toolb

02:59:38      UID       PID  minflt/s  majflt/s     VSZ     RSS   %MEM  Command
02:59:39        0       217      6.00      0.00 2558580   58200   0.37  sync_slam_toolb

02:59:39      UID       PID    %usr %system  %guest   %wait    %CPU   CPU  Command
02:59:40        0       217    3.00    1.00    0.00    0.00    4.00     6  sync_slam_toolb

02:59:39      UID       PID  minflt/s  majflt/s     VSZ     RSS   %MEM  Command
02:59:40        0       217      0.00      0.00 2558580   58200   0.37  sync_slam_toolb

02:59:40      UID       PID    %usr %system  %guest   %wait    %CPU   CPU  Command
02:59:41        0       217    7.00    2.00    0.00    0.00    9.00     0  sync_slam_toolb

02:59:40      UID       PID  minflt/s  majflt/s     VSZ     RSS   %MEM  Command
02:59:41        0       217      6.00      0.00 2558580   58328   0.37  sync_slam_toolb

02:59:41      UID       PID    %usr %system  %guest   %wait    %CPU   CPU  Command
02:59:42        0       217    7.00    1.00    0.00    0.00    8.00     6  sync_slam_toolb

02:59:41      UID       PID  minflt/s  majflt/s     VSZ     RSS   %MEM  Command
02:59:42        0       217      0.00      0.00 2558580   58328   0.37  sync_slam_toolb

02:59:42      UID       PID    %usr %system  %guest   %wait    %CPU   CPU  Command
02:59:43        0       217    3.00    1.00    0.00    0.00    4.00     6  sync_slam_toolb

02:59:42      UID       PID  minflt/s  majflt/s     VSZ     RSS   %MEM  Command
02:59:43        0       217      0.00      0.00 2558580   58328   0.37  sync_slam_toolb

02:59:43      UID       PID    %usr %system  %guest   %wait    %CPU   CPU  Command
02:59:44        0       217    8.00    1.00    0.00    0.00    9.00     6  sync_slam_toolb

02:59:43      UID       PID  minflt/s  majflt/s     VSZ     RSS   %MEM  Command
02:59:44        0       217      6.00      0.00 2558580   58456   0.37  sync_slam_toolb

02:59:44      UID       PID    %usr %system  %guest   %wait    %CPU   CPU  Command
02:59:45        0       217    3.00    1.00    0.00    0.00    4.00     8  sync_slam_toolb

02:59:44      UID       PID  minflt/s  majflt/s     VSZ     RSS   %MEM  Command
02:59:45        0       217      0.00      0.00 2558580   58456   0.37  sync_slam_toolb

02:59:45      UID       PID    %usr %system  %guest   %wait    %CPU   CPU  Command
02:59:46        0       217    5.00    1.00    0.00    0.00    6.00     2  sync_slam_toolb

02:59:45      UID       PID  minflt/s  majflt/s     VSZ     RSS   %MEM  Command
02:59:46        0       217      0.00      0.00 2558580   58456   0.37  sync_slam_toolb

02:59:46      UID       PID    %usr %system  %guest   %wait    %CPU   CPU  Command
02:59:47        0       217   11.00    0.00    0.00    0.00   11.00     8  sync_slam_toolb

02:59:46      UID       PID  minflt/s  majflt/s     VSZ     RSS   %MEM  Command
02:59:47        0       217      6.00      0.00 2558580   58456   0.37  sync_slam_toolb

02:59:47      UID       PID    %usr %system  %guest   %wait    %CPU   CPU  Command
02:59:48        0       217    4.00    1.00    0.00    0.00    5.00     8  sync_slam_toolb

02:59:47      UID       PID  minflt/s  majflt/s     VSZ     RSS   %MEM  Command
02:59:48        0       217      0.00      0.00 2558580   58456   0.37  sync_slam_toolb

02:59:48      UID       PID    %usr %system  %guest   %wait    %CPU   CPU  Command
02:59:49        0       217    7.00    1.00    0.00    0.00    8.00    10  sync_slam_toolb

02:59:48      UID       PID  minflt/s  majflt/s     VSZ     RSS   %MEM  Command
02:59:49        0       217      6.00      0.00 2558580   58456   0.37  sync_slam_toolb

02:59:49      UID       PID    %usr %system  %guest   %wait    %CPU   CPU  Command
02:59:50        0       217    4.00    0.00    0.00    0.00    4.00     8  sync_slam_toolb

02:59:49      UID       PID  minflt/s  majflt/s     VSZ     RSS   %MEM  Command
02:59:50        0       217      0.00      0.00 2558580   58456   0.37  sync_slam_toolb

02:59:50      UID       PID    %usr %system  %guest   %wait    %CPU   CPU  Command
02:59:51        0       217    8.00    1.00    0.00    0.00    9.00    10  sync_slam_toolb

02:59:50      UID       PID  minflt/s  majflt/s     VSZ     RSS   %MEM  Command
02:59:51        0       217      7.00      0.00 2558580   58456   0.37  sync_slam_toolb

02:59:51      UID       PID    %usr %system  %guest   %wait    %CPU   CPU  Command
02:59:52        0       217    6.00    1.00    0.00    0.00    7.00     8  sync_slam_toolb

02:59:51      UID       PID  minflt/s  majflt/s     VSZ     RSS   %MEM  Command
02:59:52        0       217      0.00      0.00 2558580   58456   0.37  sync_slam_toolb

02:59:52      UID       PID    %usr %system  %guest   %wait    %CPU   CPU  Command
02:59:53        0       217    6.00    2.00    0.00    0.00    8.00     3  sync_slam_toolb

02:59:52      UID       PID  minflt/s  majflt/s     VSZ     RSS   %MEM  Command
02:59:53        0       217      6.00      0.00 2558580   58456   0.37  sync_slam_toolb

02:59:53      UID       PID    %usr %system  %guest   %wait    %CPU   CPU  Command
02:59:54        0       217    5.00    0.00    0.00    0.00    5.00     3  sync_slam_toolb

02:59:53      UID       PID  minflt/s  majflt/s     VSZ     RSS   %MEM  Command
02:59:54        0       217      0.00      0.00 2558580   58456   0.37  sync_slam_toolb

02:59:54      UID       PID    %usr %system  %guest   %wait    %CPU   CPU  Command
02:59:55        0       217    4.00    2.00    0.00    0.00    6.00     3  sync_slam_toolb

02:59:54      UID       PID  minflt/s  majflt/s     VSZ     RSS   %MEM  Command
02:59:55        0       217      0.00      0.00 2558580   58456   0.37  sync_slam_toolb

02:59:55      UID       PID    %usr %system  %guest   %wait    %CPU   CPU  Command
02:59:56        0       217    8.00    0.00    0.00    0.00    8.00     3  sync_slam_toolb

02:59:55      UID       PID  minflt/s  majflt/s     VSZ     RSS   %MEM  Command
02:59:56        0       217      6.00      0.00 2558580   58456   0.37  sync_slam_toolb

02:59:56      UID       PID    %usr %system  %guest   %wait    %CPU   CPU  Command
02:59:57        0       217    7.00    1.00    0.00    0.00    8.00     8  sync_slam_toolb

02:59:56      UID       PID  minflt/s  majflt/s     VSZ     RSS   %MEM  Command
02:59:57        0       217      0.00      0.00 2558580   58456   0.37  sync_slam_toolb

02:59:57      UID       PID    %usr %system  %guest   %wait    %CPU   CPU  Command
02:59:58        0       217    5.00    1.00    0.00    0.00    6.00     3  sync_slam_toolb

02:59:57      UID       PID  minflt/s  majflt/s     VSZ     RSS   %MEM  Command
02:59:58        0       217      0.00      0.00 2558580   58456   0.37  sync_slam_toolb

02:59:58      UID       PID    %usr %system  %guest   %wait    %CPU   CPU  Command
02:59:59        0       217    4.00    0.00    0.00    0.00    4.00     0  sync_slam_toolb

02:59:58      UID       PID  minflt/s  majflt/s     VSZ     RSS   %MEM  Command
02:59:59        0       217      0.00      0.00 2558580   58456   0.37  sync_slam_toolb

02:59:59      UID       PID    %usr %system  %guest   %wait    %CPU   CPU  Command
03:00:00        0       217    4.00    1.00    0.00    0.00    5.00     4  sync_slam_toolb

02:59:59      UID       PID  minflt/s  majflt/s     VSZ     RSS   %MEM  Command
03:00:00        0       217      0.00      0.00 2558580   58456   0.37  sync_slam_toolb

03:00:00      UID       PID    %usr %system  %guest   %wait    %CPU   CPU  Command
03:00:01        0       217    4.00    1.00    0.00    1.00    5.00     0  sync_slam_toolb

03:00:00      UID       PID  minflt/s  majflt/s     VSZ     RSS   %MEM  Command
03:00:01        0       217      0.00      0.00 2558580   58456   0.37  sync_slam_toolb

03:00:01      UID       PID    %usr %system  %guest   %wait    %CPU   CPU  Command
03:00:02        0       217    7.00    1.00    0.00    0.00    8.00     0  sync_slam_toolb

03:00:01      UID       PID  minflt/s  majflt/s     VSZ     RSS   %MEM  Command
03:00:02        0       217      0.00      0.00 2558580   58456   0.37  sync_slam_toolb

03:00:02      UID       PID    %usr %system  %guest   %wait    %CPU   CPU  Command
03:00:03        0       217    4.00    0.00    0.00    0.00    4.00     4  sync_slam_toolb

03:00:02      UID       PID  minflt/s  majflt/s     VSZ     RSS   %MEM  Command
03:00:03        0       217      0.00      0.00 2558580   58456   0.37  sync_slam_toolb

03:00:03      UID       PID    %usr %system  %guest   %wait    %CPU   CPU  Command
03:00:04        0       217    4.00    1.00    0.00    0.00    5.00    12  sync_slam_toolb

03:00:03      UID       PID  minflt/s  majflt/s     VSZ     RSS   %MEM  Command
03:00:04        0       217      0.00      0.00 2558580   58456   0.37  sync_slam_toolb

03:00:04      UID       PID    %usr %system  %guest   %wait    %CPU   CPU  Command
03:00:05        0       217    4.00    0.00    0.00    0.00    4.00    11  sync_slam_toolb

03:00:04      UID       PID  minflt/s  majflt/s     VSZ     RSS   %MEM  Command
03:00:05        0       217      0.00      0.00 2558580   58456   0.37  sync_slam_toolb

03:00:05      UID       PID    %usr %system  %guest   %wait    %CPU   CPU  Command
03:00:06        0       217    3.00    1.00    0.00    0.00    4.00    12  sync_slam_toolb

03:00:05      UID       PID  minflt/s  majflt/s     VSZ     RSS   %MEM  Command
03:00:06        0       217      0.00      0.00 2558580   58456   0.37  sync_slam_toolb

03:00:06      UID       PID    %usr %system  %guest   %wait    %CPU   CPU  Command
03:00:07        0       217    7.00    0.00    0.00    0.00    7.00     4  sync_slam_toolb

03:00:06      UID       PID  minflt/s  majflt/s     VSZ     RSS   %MEM  Command
03:00:07        0       217      0.00      0.00 2558580   58456   0.37  sync_slam_toolb

03:00:07      UID       PID    %usr %system  %guest   %wait    %CPU   CPU  Command
03:00:08        0       217    5.00    1.00    0.00    0.00    6.00     8  sync_slam_toolb

03:00:07      UID       PID  minflt/s  majflt/s     VSZ     RSS   %MEM  Command
03:00:08        0       217      0.00      0.00 2558580   58456   0.37  sync_slam_toolb

03:00:08      UID       PID    %usr %system  %guest   %wait    %CPU   CPU  Command
03:00:09        0       217    7.00    1.00    0.00    0.00    8.00     8  sync_slam_toolb

03:00:08      UID       PID  minflt/s  majflt/s     VSZ     RSS   %MEM  Command
03:00:09        0       217      6.00      0.00 2558580   58456   0.37  sync_slam_toolb

03:00:09      UID       PID    %usr %system  %guest   %wait    %CPU   CPU  Command
03:00:10        0       217    3.00    0.00    0.00    0.00    3.00    12  sync_slam_toolb

03:00:09      UID       PID  minflt/s  majflt/s     VSZ     RSS   %MEM  Command
03:00:10        0       217      0.00      0.00 2558580   58456   0.37  sync_slam_toolb

03:00:10      UID       PID    %usr %system  %guest   %wait    %CPU   CPU  Command
03:00:11        0       217    7.00    1.00    0.00    0.00    8.00    10  sync_slam_toolb

03:00:10      UID       PID  minflt/s  majflt/s     VSZ     RSS   %MEM  Command
03:00:11        0       217      6.00      0.00 2558580   58456   0.37  sync_slam_toolb

03:00:11      UID       PID    %usr %system  %guest   %wait    %CPU   CPU  Command
03:00:12        0       217    8.00    0.00    0.00    0.00    8.00     6  sync_slam_toolb

03:00:11      UID       PID  minflt/s  majflt/s     VSZ     RSS   %MEM  Command
03:00:12        0       217      0.00      0.00 2558580   58456   0.37  sync_slam_toolb

03:00:12      UID       PID    %usr %system  %guest   %wait    %CPU   CPU  Command
03:00:13        0       217    4.00    1.00    0.00    0.00    5.00     6  sync_slam_toolb

03:00:12      UID       PID  minflt/s  majflt/s     VSZ     RSS   %MEM  Command
03:00:13        0       217      0.00      0.00 2558580   58456   0.37  sync_slam_toolb

03:00:13      UID       PID    %usr %system  %guest   %wait    %CPU   CPU  Command
03:00:14        0       217    7.00    1.00    0.00    0.00    8.00     6  sync_slam_toolb

03:00:13      UID       PID  minflt/s  majflt/s     VSZ     RSS   %MEM  Command
03:00:14        0       217      6.00      0.00 2558580   58584   0.38  sync_slam_toolb

03:00:14      UID       PID    %usr %system  %guest   %wait    %CPU   CPU  Command
03:00:15        0       217    4.00    0.00    0.00    0.00    4.00     6  sync_slam_toolb

03:00:14      UID       PID  minflt/s  majflt/s     VSZ     RSS   %MEM  Command
03:00:15        0       217      0.00      0.00 2558580   58584   0.38  sync_slam_toolb

03:00:15      UID       PID    %usr %system  %guest   %wait    %CPU   CPU  Command
03:00:16        0       217    5.00    0.00    0.00    0.00    5.00     2  sync_slam_toolb

03:00:15      UID       PID  minflt/s  majflt/s     VSZ     RSS   %MEM  Command
03:00:16        0       217      0.00      0.00 2558580   58584   0.38  sync_slam_toolb

03:00:16      UID       PID    %usr %system  %guest   %wait    %CPU   CPU  Command
03:00:17        0       217    7.00    1.00    0.00    0.00    8.00     6  sync_slam_toolb

03:00:16      UID       PID  minflt/s  majflt/s     VSZ     RSS   %MEM  Command
03:00:17        0       217      0.00      0.00 2558580   58584   0.38  sync_slam_toolb

03:00:17      UID       PID    %usr %system  %guest   %wait    %CPU   CPU  Command
03:00:18        0       217    2.97    0.00    0.00    0.00    2.97    10  sync_slam_toolb

03:00:17      UID       PID  minflt/s  majflt/s     VSZ     RSS   %MEM  Command
03:00:18        0       217      0.00      0.00 2558580   58584   0.38  sync_slam_toolb

03:00:18      UID       PID    %usr %system  %guest   %wait    %CPU   CPU  Command
03:00:19        0       217    4.00    1.00    0.00    0.00    5.00     6  sync_slam_toolb

03:00:18      UID       PID  minflt/s  majflt/s     VSZ     RSS   %MEM  Command
03:00:19        0       217      0.00      0.00 2558580   58584   0.38  sync_slam_toolb

03:00:19      UID       PID    %usr %system  %guest   %wait    %CPU   CPU  Command
03:00:20        0       217    6.00    1.00    0.00    0.00    7.00     6  sync_slam_toolb

03:00:19      UID       PID  minflt/s  majflt/s     VSZ     RSS   %MEM  Command
03:00:20        0       217      6.00      0.00 2558580   58584   0.38  sync_slam_toolb

03:00:20      UID       PID    %usr %system  %guest   %wait    %CPU   CPU  Command
03:00:21        0       217    4.00    1.00    0.00    0.00    5.00    10  sync_slam_toolb

03:00:20      UID       PID  minflt/s  majflt/s     VSZ     RSS   %MEM  Command
03:00:21        0       217      0.00      0.00 2558580   58584   0.38  sync_slam_toolb

03:00:21      UID       PID    %usr %system  %guest   %wait    %CPU   CPU  Command
03:00:22        0       217    7.00    0.00    0.00    0.00    7.00    10  sync_slam_toolb

03:00:21      UID       PID  minflt/s  majflt/s     VSZ     RSS   %MEM  Command
03:00:22        0       217      0.00      0.00 2558580   58584   0.38  sync_slam_toolb

03:00:22      UID       PID    %usr %system  %guest   %wait    %CPU   CPU  Command
03:00:23        0       217    8.00    1.00    0.00    0.00    9.00     2  sync_slam_toolb

03:00:22      UID       PID  minflt/s  majflt/s     VSZ     RSS   %MEM  Command
03:00:23        0       217      6.00      0.00 2558580   58584   0.38  sync_slam_toolb

03:00:23      UID       PID    %usr %system  %guest   %wait    %CPU   CPU  Command
03:00:24        0       217    4.00    1.00    0.00    0.00    5.00     2  sync_slam_toolb

03:00:23      UID       PID  minflt/s  majflt/s     VSZ     RSS   %MEM  Command
03:00:24        0       217      0.00      0.00 2558580   58584   0.38  sync_slam_toolb

03:00:24      UID       PID    %usr %system  %guest   %wait    %CPU   CPU  Command
03:00:25        0       217    8.00    0.00    0.00    0.00    8.00     6  sync_slam_toolb

03:00:24      UID       PID  minflt/s  majflt/s     VSZ     RSS   %MEM  Command
03:00:25        0       217      5.00      0.00 2558580   58584   0.38  sync_slam_toolb

03:00:25      UID       PID    %usr %system  %guest   %wait    %CPU   CPU  Command
03:00:26        0       217    3.00    1.00    0.00    0.00    4.00     6  sync_slam_toolb

03:00:25      UID       PID  minflt/s  majflt/s     VSZ     RSS   %MEM  Command
03:00:26        0       217      0.00      0.00 2558580   58584   0.38  sync_slam_toolb

03:00:26      UID       PID    %usr %system  %guest   %wait    %CPU   CPU  Command
03:00:27        0       217    7.00    0.00    0.00    0.00    7.00     2  sync_slam_toolb

03:00:26      UID       PID  minflt/s  majflt/s     VSZ     RSS   %MEM  Command
03:00:27        0       217      0.00      0.00 2558580   58584   0.38  sync_slam_toolb

03:00:27      UID       PID    %usr %system  %guest   %wait    %CPU   CPU  Command
03:00:28        0       217    4.00    1.00    0.00    0.00    5.00     8  sync_slam_toolb

03:00:27      UID       PID  minflt/s  majflt/s     VSZ     RSS   %MEM  Command
03:00:28        0       217      0.00      0.00 2558580   58584   0.38  sync_slam_toolb

03:00:28      UID       PID    %usr %system  %guest   %wait    %CPU   CPU  Command
03:00:29        0       217    7.00    2.00    0.00    0.00    9.00     8  sync_slam_toolb

03:00:28      UID       PID  minflt/s  majflt/s     VSZ     RSS   %MEM  Command
03:00:29        0       217      6.00      0.00 2558580   58584   0.38  sync_slam_toolb

03:00:29      UID       PID    %usr %system  %guest   %wait    %CPU   CPU  Command
03:00:30        0       217    5.00    1.00    0.00    0.00    6.00     2  sync_slam_toolb

03:00:29      UID       PID  minflt/s  majflt/s     VSZ     RSS   %MEM  Command
03:00:30        0       217      0.00      0.00 2558580   58584   0.38  sync_slam_toolb

03:00:30      UID       PID    %usr %system  %guest   %wait    %CPU   CPU  Command
03:00:31        0       217    7.00    0.00    0.00    0.00    7.00     2  sync_slam_toolb

03:00:30      UID       PID  minflt/s  majflt/s     VSZ     RSS   %MEM  Command
03:00:31        0       217      6.00      0.00 2558580   58584   0.38  sync_slam_toolb

03:00:31      UID       PID    %usr %system  %guest   %wait    %CPU   CPU  Command
03:00:32        0       217    7.00    1.00    0.00    0.00    8.00     2  sync_slam_toolb

03:00:31      UID       PID  minflt/s  majflt/s     VSZ     RSS   %MEM  Command
03:00:32        0       217      0.00      0.00 2558580   58584   0.38  sync_slam_toolb

03:00:32      UID       PID    %usr %system  %guest   %wait    %CPU   CPU  Command
03:00:33        0       217    7.00    1.00    0.00    0.00    8.00     2  sync_slam_toolb

03:00:32      UID       PID  minflt/s  majflt/s     VSZ     RSS   %MEM  Command
03:00:33        0       217      6.00      0.00 2558580   58584   0.38  sync_slam_toolb

03:00:33      UID       PID    %usr %system  %guest   %wait    %CPU   CPU  Command
03:00:34        0       217    4.00    1.00    0.00    0.00    5.00     0  sync_slam_toolb

03:00:33      UID       PID  minflt/s  majflt/s     VSZ     RSS   %MEM  Command
03:00:34        0       217      0.00      0.00 2558580   58584   0.38  sync_slam_toolb

03:00:34      UID       PID    %usr %system  %guest   %wait    %CPU   CPU  Command
03:00:35        0       217    7.00    2.00    0.00    0.00    9.00     0  sync_slam_toolb

03:00:34      UID       PID  minflt/s  majflt/s     VSZ     RSS   %MEM  Command
03:00:35        0       217      6.00      0.00 2558580   58584   0.38  sync_slam_toolb

03:00:35      UID       PID    %usr %system  %guest   %wait    %CPU   CPU  Command
03:00:36        0       217    3.00    0.00    0.00    0.00    3.00     0  sync_slam_toolb

03:00:35      UID       PID  minflt/s  majflt/s     VSZ     RSS   %MEM  Command
03:00:36        0       217      0.00      0.00 2558580   58584   0.38  sync_slam_toolb

03:00:36      UID       PID    %usr %system  %guest   %wait    %CPU   CPU  Command
03:00:37        0       217    7.00    1.00    0.00    0.00    8.00     0  sync_slam_toolb

03:00:36      UID       PID  minflt/s  majflt/s     VSZ     RSS   %MEM  Command
03:00:37        0       217      0.00      0.00 2558580   58584   0.38  sync_slam_toolb

03:00:37      UID       PID    %usr %system  %guest   %wait    %CPU   CPU  Command
03:00:38        0       217    8.00    0.00    0.00    0.00    8.00     0  sync_slam_toolb

03:00:37      UID       PID  minflt/s  majflt/s     VSZ     RSS   %MEM  Command
03:00:38        0       217      6.00      0.00 2558580   58584   0.38  sync_slam_toolb

03:00:38      UID       PID    %usr %system  %guest   %wait    %CPU   CPU  Command
03:00:39        0       217    4.00    0.00    0.00    0.00    4.00     0  sync_slam_toolb

03:00:38      UID       PID  minflt/s  majflt/s     VSZ     RSS   %MEM  Command
03:00:39        0       217      0.00      0.00 2558580   58584   0.38  sync_slam_toolb

03:00:39      UID       PID    %usr %system  %guest   %wait    %CPU   CPU  Command
03:00:40        0       217    8.00    1.00    0.00    0.00    9.00     4  sync_slam_toolb

03:00:39      UID       PID  minflt/s  majflt/s     VSZ     RSS   %MEM  Command
03:00:40        0       217      6.00      0.00 2558580   58584   0.38  sync_slam_toolb

03:00:40      UID       PID    %usr %system  %guest   %wait    %CPU   CPU  Command
03:00:41        0       217    4.00    0.00    0.00    0.00    4.00    12  sync_slam_toolb

03:00:40      UID       PID  minflt/s  majflt/s     VSZ     RSS   %MEM  Command
03:00:41        0       217      0.00      0.00 2558580   58584   0.38  sync_slam_toolb

03:00:41      UID       PID    %usr %system  %guest   %wait    %CPU   CPU  Command
03:00:42        0       217    6.00    2.00    0.00    0.00    8.00     2  sync_slam_toolb

03:00:41      UID       PID  minflt/s  majflt/s     VSZ     RSS   %MEM  Command
03:00:42        0       217      0.00      0.00 2558580   58584   0.38  sync_slam_toolb

03:00:42      UID       PID    %usr %system  %guest   %wait    %CPU   CPU  Command
03:00:43        0       217    7.00    0.00    0.00    0.00    7.00     8  sync_slam_toolb

03:00:42      UID       PID  minflt/s  majflt/s     VSZ     RSS   %MEM  Command
03:00:43        0       217      6.00      0.00 2558580   58712   0.38  sync_slam_toolb

03:00:43      UID       PID    %usr %system  %guest   %wait    %CPU   CPU  Command
03:00:44        0       217    4.00    1.00    0.00    0.00    5.00     8  sync_slam_toolb

03:00:43      UID       PID  minflt/s  majflt/s     VSZ     RSS   %MEM  Command
03:00:44        0       217      0.00      0.00 2558580   58712   0.38  sync_slam_toolb

03:00:44      UID       PID    %usr %system  %guest   %wait    %CPU   CPU  Command
03:00:45        0       217    3.00    1.00    0.00    0.00    4.00     6  sync_slam_toolb

03:00:44      UID       PID  minflt/s  majflt/s     VSZ     RSS   %MEM  Command
03:00:45        0       217      0.00      0.00 2558580   58712   0.38  sync_slam_toolb

03:00:45      UID       PID    %usr %system  %guest   %wait    %CPU   CPU  Command
03:00:46        0       217    8.00    1.00    0.00    0.00    9.00     2  sync_slam_toolb

03:00:45      UID       PID  minflt/s  majflt/s     VSZ     RSS   %MEM  Command
03:00:46        0       217      5.00      0.00 2558580   58712   0.38  sync_slam_toolb

03:00:46      UID       PID    %usr %system  %guest   %wait    %CPU   CPU  Command
03:00:47        0       217    6.00    0.00    0.00    0.00    6.00     6  sync_slam_toolb

03:00:46      UID       PID  minflt/s  majflt/s     VSZ     RSS   %MEM  Command
03:00:47        0       217      0.00      0.00 2558580   58712   0.38  sync_slam_toolb

03:00:47      UID       PID    %usr %system  %guest   %wait    %CPU   CPU  Command
03:00:48        0       217    4.00    1.00    0.00    0.00    5.00     6  sync_slam_toolb

03:00:47      UID       PID  minflt/s  majflt/s     VSZ     RSS   %MEM  Command
03:00:48        0       217      0.00      0.00 2558580   58712   0.38  sync_slam_toolb

03:00:48      UID       PID    %usr %system  %guest   %wait    %CPU   CPU  Command
03:00:49        0       217    3.00    1.00    0.00    0.00    4.00     2  sync_slam_toolb

03:00:48      UID       PID  minflt/s  majflt/s     VSZ     RSS   %MEM  Command
03:00:49        0       217      0.00      0.00 2558580   58712   0.38  sync_slam_toolb

03:00:49      UID       PID    %usr %system  %guest   %wait    %CPU   CPU  Command
03:00:50        0       217    4.00    1.00    0.00    0.00    5.00     2  sync_slam_toolb

03:00:49      UID       PID  minflt/s  majflt/s     VSZ     RSS   %MEM  Command
03:00:50        0       217      0.00      0.00 2558580   58712   0.38  sync_slam_toolb

03:00:50      UID       PID    %usr %system  %guest   %wait    %CPU   CPU  Command
03:00:51        0       217    3.00    1.00    0.00    0.00    4.00     6  sync_slam_toolb

03:00:50      UID       PID  minflt/s  majflt/s     VSZ     RSS   %MEM  Command
03:00:51        0       217      0.00      0.00 2558580   58712   0.38  sync_slam_toolb

03:00:51      UID       PID    %usr %system  %guest   %wait    %CPU   CPU  Command
03:00:52        0       217    7.00    1.00    0.00    0.00    8.00     6  sync_slam_toolb

03:00:51      UID       PID  minflt/s  majflt/s     VSZ     RSS   %MEM  Command
03:00:52        0       217      0.00      0.00 2558580   58712   0.38  sync_slam_toolb

03:00:52      UID       PID    %usr %system  %guest   %wait    %CPU   CPU  Command
03:00:53        0       217    4.00    0.00    0.00    0.00    4.00     6  sync_slam_toolb

03:00:52      UID       PID  minflt/s  majflt/s     VSZ     RSS   %MEM  Command
03:00:53        0       217      0.00      0.00 2558580   58712   0.38  sync_slam_toolb

03:00:53      UID       PID    %usr %system  %guest   %wait    %CPU   CPU  Command
03:00:54        0       217    4.00    1.00    0.00    0.00    5.00     8  sync_slam_toolb

03:00:53      UID       PID  minflt/s  majflt/s     VSZ     RSS   %MEM  Command
03:00:54        0       217      0.00      0.00 2558580   58712   0.38  sync_slam_toolb

03:00:54      UID       PID    %usr %system  %guest   %wait    %CPU   CPU  Command
03:00:55        0       217    4.00    1.00    0.00    0.00    5.00     8  sync_slam_toolb

03:00:54      UID       PID  minflt/s  majflt/s     VSZ     RSS   %MEM  Command
03:00:55        0       217      0.00      0.00 2558580   58712   0.38  sync_slam_toolb

03:00:55      UID       PID    %usr %system  %guest   %wait    %CPU   CPU  Command
03:00:56        0       217    3.00    1.00    0.00    0.00    4.00     1  sync_slam_toolb

03:00:55      UID       PID  minflt/s  majflt/s     VSZ     RSS   %MEM  Command
03:00:56        0       217      0.00      0.00 2558580   58712   0.38  sync_slam_toolb

03:00:56      UID       PID    %usr %system  %guest   %wait    %CPU   CPU  Command
03:00:57        0       217   11.00    0.00    0.00    0.00   11.00     2  sync_slam_toolb

03:00:56      UID       PID  minflt/s  majflt/s     VSZ     RSS   %MEM  Command
03:00:57        0       217      7.00      0.00 2558580   58712   0.38  sync_slam_toolb

03:00:57      UID       PID    %usr %system  %guest   %wait    %CPU   CPU  Command
03:00:58        0       217    4.00    1.00    0.00    0.00    5.00     6  sync_slam_toolb

03:00:57      UID       PID  minflt/s  majflt/s     VSZ     RSS   %MEM  Command
03:00:58        0       217      0.00      0.00 2558580   58712   0.38  sync_slam_toolb

03:00:58      UID       PID    %usr %system  %guest   %wait    %CPU   CPU  Command
03:00:59        0       217    7.00    1.00    0.00    0.00    8.00     6  sync_slam_toolb

03:00:58      UID       PID  minflt/s  majflt/s     VSZ     RSS   %MEM  Command
03:00:59        0       217      6.00      0.00 2558580   58712   0.38  sync_slam_toolb

03:00:59      UID       PID    %usr %system  %guest   %wait    %CPU   CPU  Command
03:01:00        0       217    4.00    0.00    0.00    0.00    4.00     6  sync_slam_toolb

03:00:59      UID       PID  minflt/s  majflt/s     VSZ     RSS   %MEM  Command
03:01:00        0       217      0.00      0.00 2558580   58712   0.38  sync_slam_toolb

03:01:00      UID       PID    %usr %system  %guest   %wait    %CPU   CPU  Command
03:01:01        0       217    4.00    1.00    0.00    0.00    5.00     2  sync_slam_toolb

03:01:00      UID       PID  minflt/s  majflt/s     VSZ     RSS   %MEM  Command
03:01:01        0       217      0.00      0.00 2558580   58712   0.38  sync_slam_toolb

03:01:01      UID       PID    %usr %system  %guest   %wait    %CPU   CPU  Command
03:01:02        0       217   11.00    0.00    0.00    0.00   11.00     2  sync_slam_toolb

03:01:01      UID       PID  minflt/s  majflt/s     VSZ     RSS   %MEM  Command
03:01:02        0       217      6.00      0.00 2558580   58840   0.38  sync_slam_toolb

03:01:02      UID       PID    %usr %system  %guest   %wait    %CPU   CPU  Command
03:01:03        0       217    4.00    1.00    0.00    0.00    5.00     2  sync_slam_toolb

03:01:02      UID       PID  minflt/s  majflt/s     VSZ     RSS   %MEM  Command
03:01:03        0       217      0.00      0.00 2558580   58840   0.38  sync_slam_toolb

03:01:03      UID       PID    %usr %system  %guest   %wait    %CPU   CPU  Command
03:01:04        0       217    4.00    1.00    0.00    0.00    5.00     6  sync_slam_toolb

03:01:03      UID       PID  minflt/s  majflt/s     VSZ     RSS   %MEM  Command
03:01:04        0       217      0.00      0.00 2558580   58840   0.38  sync_slam_toolb

03:01:04      UID       PID    %usr %system  %guest   %wait    %CPU   CPU  Command
03:01:05        0       217    8.00    2.00    0.00    0.00   10.00     6  sync_slam_toolb

03:01:04      UID       PID  minflt/s  majflt/s     VSZ     RSS   %MEM  Command
03:01:05        0       217      6.00      0.00 2558580   58840   0.38  sync_slam_toolb

03:01:05      UID       PID    %usr %system  %guest   %wait    %CPU   CPU  Command
03:01:06        0       217    4.00    0.00    0.00    0.00    4.00    14  sync_slam_toolb

03:01:05      UID       PID  minflt/s  majflt/s     VSZ     RSS   %MEM  Command
03:01:06        0       217      0.00      0.00 2558580   58840   0.38  sync_slam_toolb

03:01:06      UID       PID    %usr %system  %guest   %wait    %CPU   CPU  Command
03:01:07        0       217   11.00    2.00    0.00    0.00   13.00     2  sync_slam_toolb

03:01:06      UID       PID  minflt/s  majflt/s     VSZ     RSS   %MEM  Command
03:01:07        0       217      6.00      0.00 2558580   58840   0.38  sync_slam_toolb

03:01:07      UID       PID    %usr %system  %guest   %wait    %CPU   CPU  Command
03:01:08        0       217    4.00    1.00    0.00    0.00    5.00     2  sync_slam_toolb

03:01:07      UID       PID  minflt/s  majflt/s     VSZ     RSS   %MEM  Command
03:01:08        0       217      0.00      0.00 2558580   58840   0.38  sync_slam_toolb

03:01:08      UID       PID    %usr %system  %guest   %wait    %CPU   CPU  Command
03:01:09        0       217    8.00    1.00    0.00    0.00    9.00     2  sync_slam_toolb

03:01:08      UID       PID  minflt/s  majflt/s     VSZ     RSS   %MEM  Command
03:01:09        0       217      6.00      0.00 2558580   58840   0.38  sync_slam_toolb

03:01:09      UID       PID    %usr %system  %guest   %wait    %CPU   CPU  Command
03:01:10        0       217    4.00    1.00    0.00    0.00    5.00     0  sync_slam_toolb

03:01:09      UID       PID  minflt/s  majflt/s     VSZ     RSS   %MEM  Command
03:01:10        0       217      0.00      0.00 2558580   58840   0.38  sync_slam_toolb

03:01:10      UID       PID    %usr %system  %guest   %wait    %CPU   CPU  Command
03:01:11        0       217    8.00    1.00    0.00    0.00    9.00     0  sync_slam_toolb

03:01:10      UID       PID  minflt/s  majflt/s     VSZ     RSS   %MEM  Command
03:01:11        0       217      6.00      0.00 2558580   58840   0.38  sync_slam_toolb

03:01:11      UID       PID    %usr %system  %guest   %wait    %CPU   CPU  Command
03:01:12        0       217    8.00    1.00    0.00    0.00    9.00     4  sync_slam_toolb

03:01:11      UID       PID  minflt/s  majflt/s     VSZ     RSS   %MEM  Command
03:01:12        0       217      0.00      0.00 2558580   58840   0.38  sync_slam_toolb

03:01:12      UID       PID    %usr %system  %guest   %wait    %CPU   CPU  Command
03:01:13        0       217    5.00    0.00    0.00    0.00    5.00     7  sync_slam_toolb

03:01:12      UID       PID  minflt/s  majflt/s     VSZ     RSS   %MEM  Command
03:01:13        0       217      0.00      0.00 2558580   58840   0.38  sync_slam_toolb

03:01:13      UID       PID    %usr %system  %guest   %wait    %CPU   CPU  Command
03:01:14        0       217    4.00    1.00    0.00    0.00    5.00     6  sync_slam_toolb

03:01:13      UID       PID  minflt/s  majflt/s     VSZ     RSS   %MEM  Command
03:01:14        0       217      0.00      0.00 2558580   58840   0.38  sync_slam_toolb

03:01:14      UID       PID    %usr %system  %guest   %wait    %CPU   CPU  Command
03:01:15        0       217    7.00    2.00    0.00    0.00    9.00     6  sync_slam_toolb

03:01:14      UID       PID  minflt/s  majflt/s     VSZ     RSS   %MEM  Command
03:01:15        0       217      6.00      0.00 2558580   58840   0.38  sync_slam_toolb

03:01:15      UID       PID    %usr %system  %guest   %wait    %CPU   CPU  Command
03:01:16        0       217    4.00    1.00    0.00    0.00    5.00     2  sync_slam_toolb

03:01:15      UID       PID  minflt/s  majflt/s     VSZ     RSS   %MEM  Command
03:01:16        0       217      0.00      0.00 2558580   58840   0.38  sync_slam_toolb

03:01:16      UID       PID    %usr %system  %guest   %wait    %CPU   CPU  Command
03:01:17        0       217    7.00    1.00    0.00    0.00    8.00    12  sync_slam_toolb

03:01:16      UID       PID  minflt/s  majflt/s     VSZ     RSS   %MEM  Command
03:01:17        0       217      0.00      0.00 2558580   58840   0.38  sync_slam_toolb

03:01:17      UID       PID    %usr %system  %guest   %wait    %CPU   CPU  Command
03:01:18        0       217    3.00    1.00    0.00    0.00    4.00    12  sync_slam_toolb

03:01:17      UID       PID  minflt/s  majflt/s     VSZ     RSS   %MEM  Command
03:01:18        0       217      0.00      0.00 2558580   58840   0.38  sync_slam_toolb

03:01:18      UID       PID    %usr %system  %guest   %wait    %CPU   CPU  Command
03:01:19        0       217    4.00    0.00    0.00    0.00    4.00     2  sync_slam_toolb

03:01:18      UID       PID  minflt/s  majflt/s     VSZ     RSS   %MEM  Command
03:01:19        0       217      0.00      0.00 2558580   58840   0.38  sync_slam_toolb

03:01:19      UID       PID    %usr %system  %guest   %wait    %CPU   CPU  Command
03:01:20        0       217    5.00    1.00    0.00    0.00    6.00    12  sync_slam_toolb

03:01:19      UID       PID  minflt/s  majflt/s     VSZ     RSS   %MEM  Command
03:01:20        0       217      0.00      0.00 2558580   58840   0.38  sync_slam_toolb

03:01:20      UID       PID    %usr %system  %guest   %wait    %CPU   CPU  Command
03:01:21        0       217    3.00    0.00    0.00    0.00    3.00     2  sync_slam_toolb

03:01:20      UID       PID  minflt/s  majflt/s     VSZ     RSS   %MEM  Command
03:01:21        0       217      0.00      0.00 2558580   58840   0.38  sync_slam_toolb

03:01:21      UID       PID    %usr %system  %guest   %wait    %CPU   CPU  Command
03:01:22        0       217    8.00    1.00    0.00    0.00    9.00     2  sync_slam_toolb

03:01:21      UID       PID  minflt/s  majflt/s     VSZ     RSS   %MEM  Command
03:01:22        0       217      0.00      0.00 2558580   58840   0.38  sync_slam_toolb

03:01:22      UID       PID    %usr %system  %guest   %wait    %CPU   CPU  Command
03:01:23        0       217    4.00    0.00    0.00    0.00    4.00     2  sync_slam_toolb

03:01:22      UID       PID  minflt/s  majflt/s     VSZ     RSS   %MEM  Command
03:01:23        0       217      0.00      0.00 2558580   58840   0.38  sync_slam_toolb

03:01:23      UID       PID    %usr %system  %guest   %wait    %CPU   CPU  Command
03:01:24        0       217    3.00    1.00    0.00    0.00    4.00     3  sync_slam_toolb

03:01:23      UID       PID  minflt/s  majflt/s     VSZ     RSS   %MEM  Command
03:01:24        0       217      0.00      0.00 2558580   58840   0.38  sync_slam_toolb

03:01:24      UID       PID    %usr %system  %guest   %wait    %CPU   CPU  Command
03:01:25        0       217    7.00    1.00    0.00    0.00    8.00     3  sync_slam_toolb

03:01:24      UID       PID  minflt/s  majflt/s     VSZ     RSS   %MEM  Command
03:01:25        0       217      5.00      0.00 2558580   58840   0.38  sync_slam_toolb

03:01:25      UID       PID    %usr %system  %guest   %wait    %CPU   CPU  Command
03:01:26        0       217    4.00    1.00    0.00    0.00    5.00     2  sync_slam_toolb

03:01:25      UID       PID  minflt/s  majflt/s     VSZ     RSS   %MEM  Command
03:01:26        0       217      0.00      0.00 2558580   58840   0.38  sync_slam_toolb

03:01:26      UID       PID    %usr %system  %guest   %wait    %CPU   CPU  Command
03:01:27        0       217    7.00    1.00    0.00    0.00    8.00     3  sync_slam_toolb

03:01:26      UID       PID  minflt/s  majflt/s     VSZ     RSS   %MEM  Command
03:01:27        0       217      0.00      0.00 2558580   58840   0.38  sync_slam_toolb

03:01:27      UID       PID    %usr %system  %guest   %wait    %CPU   CPU  Command
03:01:28        0       217    4.00    0.00    0.00    0.00    4.00     3  sync_slam_toolb

03:01:27      UID       PID  minflt/s  majflt/s     VSZ     RSS   %MEM  Command
03:01:28        0       217      0.00      0.00 2558580   58840   0.38  sync_slam_toolb

03:01:28      UID       PID    %usr %system  %guest   %wait    %CPU   CPU  Command
03:01:29        0       217    7.00    1.00    0.00    0.00    8.00     3  sync_slam_toolb

03:01:28      UID       PID  minflt/s  majflt/s     VSZ     RSS   %MEM  Command
03:01:29        0       217      7.00      0.00 2558580   58968   0.38  sync_slam_toolb

03:01:29      UID       PID    %usr %system  %guest   %wait    %CPU   CPU  Command
03:01:30        0       217    4.00    0.00    0.00    0.00    4.00     2  sync_slam_toolb

03:01:29      UID       PID  minflt/s  majflt/s     VSZ     RSS   %MEM  Command
03:01:30        0       217      0.00      0.00 2558580   58968   0.38  sync_slam_toolb

03:01:30      UID       PID    %usr %system  %guest   %wait    %CPU   CPU  Command
03:01:31        0       217    6.00    1.00    0.00    0.00    7.00     6  sync_slam_toolb

03:01:30      UID       PID  minflt/s  majflt/s     VSZ     RSS   %MEM  Command
03:01:31        0       217      7.00      0.00 2558580   58968   0.38  sync_slam_toolb

03:01:31      UID       PID    %usr %system  %guest   %wait    %CPU   CPU  Command
03:01:32        0       217    7.00    0.00    0.00    0.00    7.00     4  sync_slam_toolb

03:01:31      UID       PID  minflt/s  majflt/s     VSZ     RSS   %MEM  Command
03:01:32        0       217      0.00      0.00 2558580   58968   0.38  sync_slam_toolb

03:01:32      UID       PID    %usr %system  %guest   %wait    %CPU   CPU  Command
03:01:33        0       217    4.00    1.00    0.00    0.00    5.00    14  sync_slam_toolb

03:01:32      UID       PID  minflt/s  majflt/s     VSZ     RSS   %MEM  Command
03:01:33        0       217      0.00      0.00 2558580   58968   0.38  sync_slam_toolb

03:01:33      UID       PID    %usr %system  %guest   %wait    %CPU   CPU  Command
03:01:34        0       217    7.00    0.00    0.00    0.00    7.00     6  sync_slam_toolb

03:01:33      UID       PID  minflt/s  majflt/s     VSZ     RSS   %MEM  Command
03:01:34        0       217      6.00      0.00 2558580   58968   0.38  sync_slam_toolb

03:01:34      UID       PID    %usr %system  %guest   %wait    %CPU   CPU  Command
03:01:35        0       217    3.00    1.00    0.00    0.00    4.00    14  sync_slam_toolb

03:01:34      UID       PID  minflt/s  majflt/s     VSZ     RSS   %MEM  Command
03:01:35        0       217      0.00      0.00 2558580   58968   0.38  sync_slam_toolb

03:01:35      UID       PID    %usr %system  %guest   %wait    %CPU   CPU  Command
03:01:36        0       217    8.00    0.00    0.00    0.00    8.00    14  sync_slam_toolb

03:01:35      UID       PID  minflt/s  majflt/s     VSZ     RSS   %MEM  Command
03:01:36        0       217      6.00      0.00 2558580   59096   0.38  sync_slam_toolb

03:01:36      UID       PID    %usr %system  %guest   %wait    %CPU   CPU  Command
03:01:37        0       217    7.00    1.00    0.00    0.00    8.00    14  sync_slam_toolb

03:01:36      UID       PID  minflt/s  majflt/s     VSZ     RSS   %MEM  Command
03:01:37        0       217      0.00      0.00 2558580   59096   0.38  sync_slam_toolb

03:01:37      UID       PID    %usr %system  %guest   %wait    %CPU   CPU  Command
03:01:38        0       217    4.00    0.00    0.00    0.00    4.00     6  sync_slam_toolb

03:01:37      UID       PID  minflt/s  majflt/s     VSZ     RSS   %MEM  Command
03:01:38        0       217      0.00      0.00 2558580   59096   0.38  sync_slam_toolb

03:01:38      UID       PID    %usr %system  %guest   %wait    %CPU   CPU  Command
03:01:39        0       217    4.00    1.00    0.00    0.00    5.00     8  sync_slam_toolb

03:01:38      UID       PID  minflt/s  majflt/s     VSZ     RSS   %MEM  Command
03:01:39        0       217      0.00      0.00 2558580   59096   0.38  sync_slam_toolb

03:01:39      UID       PID    %usr %system  %guest   %wait    %CPU   CPU  Command
03:01:40        0       217    8.00    0.00    0.00    0.00    8.00     0  sync_slam_toolb

03:01:39      UID       PID  minflt/s  majflt/s     VSZ     RSS   %MEM  Command
03:01:40        0       217      6.00      0.00 2558580   59096   0.38  sync_slam_toolb

03:01:40      UID       PID    %usr %system  %guest   %wait    %CPU   CPU  Command
03:01:41        0       217    4.00    1.00    0.00    0.00    5.00     2  sync_slam_toolb

03:01:40      UID       PID  minflt/s  majflt/s     VSZ     RSS   %MEM  Command
03:01:41        0       217      0.00      0.00 2558580   59096   0.38  sync_slam_toolb

03:01:41      UID       PID    %usr %system  %guest   %wait    %CPU   CPU  Command
03:01:42        0       217    7.00    0.00    0.00    0.00    7.00    14  sync_slam_toolb

03:01:41      UID       PID  minflt/s  majflt/s     VSZ     RSS   %MEM  Command
03:01:42        0       217      0.00      0.00 2558580   59096   0.38  sync_slam_toolb

03:01:42      UID       PID    %usr %system  %guest   %wait    %CPU   CPU  Command
03:01:43        0       217    7.00    1.00    0.00    0.00    8.00     8  sync_slam_toolb

03:01:42      UID       PID  minflt/s  majflt/s     VSZ     RSS   %MEM  Command
03:01:43        0       217      6.00      0.00 2558580   59096   0.38  sync_slam_toolb

03:01:43      UID       PID    %usr %system  %guest   %wait    %CPU   CPU  Command
03:01:44        0       217    4.00    1.00    0.00    0.00    5.00     2  sync_slam_toolb

03:01:43      UID       PID  minflt/s  majflt/s     VSZ     RSS   %MEM  Command
03:01:44        0       217      0.00      0.00 2558580   59096   0.38  sync_slam_toolb

03:01:44      UID       PID    %usr %system  %guest   %wait    %CPU   CPU  Command
03:01:45        0       217    8.00    0.00    0.00    0.00    8.00    10  sync_slam_toolb

03:01:44      UID       PID  minflt/s  majflt/s     VSZ     RSS   %MEM  Command
03:01:45        0       217      6.00      0.00 2558580   59096   0.38  sync_slam_toolb

03:01:45      UID       PID    %usr %system  %guest   %wait    %CPU   CPU  Command
03:01:46        0       217    5.00    0.00    0.00    0.00    5.00    14  sync_slam_toolb

03:01:45      UID       PID  minflt/s  majflt/s     VSZ     RSS   %MEM  Command
03:01:46        0       217      0.00      0.00 2558580   59096   0.38  sync_slam_toolb

03:01:46      UID       PID    %usr %system  %guest   %wait    %CPU   CPU  Command
03:01:47        0       217    8.00    0.00    0.00    0.00    8.00    14  sync_slam_toolb

03:01:46      UID       PID  minflt/s  majflt/s     VSZ     RSS   %MEM  Command
03:01:47        0       217      0.00      0.00 2558580   59096   0.38  sync_slam_toolb

03:01:47      UID       PID    %usr %system  %guest   %wait    %CPU   CPU  Command
03:01:48        0       217    4.00    2.00    0.00    0.00    6.00     6  sync_slam_toolb

03:01:47      UID       PID  minflt/s  majflt/s     VSZ     RSS   %MEM  Command
03:01:48        0       217      0.00      0.00 2558580   59096   0.38  sync_slam_toolb

03:01:48      UID       PID    %usr %system  %guest   %wait    %CPU   CPU  Command
03:01:49        0       217    4.00    0.00    0.00    0.00    4.00    11  sync_slam_toolb

03:01:48      UID       PID  minflt/s  majflt/s     VSZ     RSS   %MEM  Command
03:01:49        0       217      0.00      0.00 2558580   59096   0.38  sync_slam_toolb

03:01:49      UID       PID    %usr %system  %guest   %wait    %CPU   CPU  Command
03:01:50        0       217    4.00    1.00    0.00    0.00    5.00    11  sync_slam_toolb

03:01:49      UID       PID  minflt/s  majflt/s     VSZ     RSS   %MEM  Command
03:01:50        0       217      0.00      0.00 2558580   59096   0.38  sync_slam_toolb

03:01:50      UID       PID    %usr %system  %guest   %wait    %CPU   CPU  Command
03:01:51        0       217    5.00    1.00    0.00    0.00    6.00     8  sync_slam_toolb

03:01:50      UID       PID  minflt/s  majflt/s     VSZ     RSS   %MEM  Command
03:01:51        0       217      0.00      0.00 2558580   59096   0.38  sync_slam_toolb

03:01:51      UID       PID    %usr %system  %guest   %wait    %CPU   CPU  Command
03:01:52        0       217    7.00    1.00    0.00    0.00    8.00     4  sync_slam_toolb

03:01:51      UID       PID  minflt/s  majflt/s     VSZ     RSS   %MEM  Command
03:01:52        0       217      0.00      0.00 2558580   59096   0.38  sync_slam_toolb

03:01:52      UID       PID    %usr %system  %guest   %wait    %CPU   CPU  Command
03:01:53        0       217    4.00    0.00    0.00    0.00    4.00     4  sync_slam_toolb

03:01:52      UID       PID  minflt/s  majflt/s     VSZ     RSS   %MEM  Command
03:01:53        0       217      0.00      0.00 2558580   59096   0.38  sync_slam_toolb

03:01:53      UID       PID    %usr %system  %guest   %wait    %CPU   CPU  Command
03:01:54        0       217    8.00    0.00    0.00    0.00    8.00     4  sync_slam_toolb

03:01:53      UID       PID  minflt/s  majflt/s     VSZ     RSS   %MEM  Command
03:01:54        0       217      6.00      0.00 2558580   59096   0.38  sync_slam_toolb

03:01:54      UID       PID    %usr %system  %guest   %wait    %CPU   CPU  Command
03:01:55        0       217    4.00    1.00    0.00    0.00    5.00     4  sync_slam_toolb

03:01:54      UID       PID  minflt/s  majflt/s     VSZ     RSS   %MEM  Command
03:01:55        0       217      0.00      0.00 2558580   59096   0.38  sync_slam_toolb

03:01:55      UID       PID    %usr %system  %guest   %wait    %CPU   CPU  Command
03:01:56        0       217    4.00    0.00    0.00    0.00    4.00     4  sync_slam_toolb

03:01:55      UID       PID  minflt/s  majflt/s     VSZ     RSS   %MEM  Command
03:01:56        0       217      0.00      0.00 2558580   59096   0.38  sync_slam_toolb

03:01:56      UID       PID    %usr %system  %guest   %wait    %CPU   CPU  Command
03:01:57        0       217   11.00    1.00    0.00    0.00   12.00     6  sync_slam_toolb

03:01:56      UID       PID  minflt/s  majflt/s     VSZ     RSS   %MEM  Command
03:01:57        0       217      5.00      0.00 2558580   59096   0.38  sync_slam_toolb

03:01:57      UID       PID    %usr %system  %guest   %wait    %CPU   CPU  Command
03:01:58        0       217    8.00    0.00    0.00    0.00    8.00     6  sync_slam_toolb

03:01:57      UID       PID  minflt/s  majflt/s     VSZ     RSS   %MEM  Command
03:01:58        0       217      6.00      0.00 2558580   59096   0.38  sync_slam_toolb

03:01:58      UID       PID    %usr %system  %guest   %wait    %CPU   CPU  Command
03:01:59        0       217    5.00    1.00    0.00    0.00    6.00    14  sync_slam_toolb

03:01:58      UID       PID  minflt/s  majflt/s     VSZ     RSS   %MEM  Command
03:01:59        0       217      0.00      0.00 2558580   59096   0.38  sync_slam_toolb

03:01:59      UID       PID    %usr %system  %guest   %wait    %CPU   CPU  Command
03:02:00        0       217    4.00    0.00    0.00    0.00    4.00    14  sync_slam_toolb

03:01:59      UID       PID  minflt/s  majflt/s     VSZ     RSS   %MEM  Command
03:02:00        0       217      0.00      0.00 2558580   59096   0.38  sync_slam_toolb

03:02:00      UID       PID    %usr %system  %guest   %wait    %CPU   CPU  Command
03:02:01        0       217    7.00    1.00    0.00    0.00    8.00     0  sync_slam_toolb

03:02:00      UID       PID  minflt/s  majflt/s     VSZ     RSS   %MEM  Command
03:02:01        0       217      6.00      0.00 2558580   59096   0.38  sync_slam_toolb

03:02:01      UID       PID    %usr %system  %guest   %wait    %CPU   CPU  Command
03:02:02        0       217    5.00    0.00    0.00    0.00    5.00    12  sync_slam_toolb

03:02:01      UID       PID  minflt/s  majflt/s     VSZ     RSS   %MEM  Command
03:02:02        0       217      0.00      0.00 2558580   59096   0.38  sync_slam_toolb

03:02:02      UID       PID    %usr %system  %guest   %wait    %CPU   CPU  Command
03:02:03        0       217    3.00    0.00    0.00    0.00    3.00     8  sync_slam_toolb

03:02:02      UID       PID  minflt/s  majflt/s     VSZ     RSS   %MEM  Command
03:02:03        0       217      0.00      0.00 2558580   59096   0.38  sync_slam_toolb

03:02:03      UID       PID    %usr %system  %guest   %wait    %CPU   CPU  Command
03:02:04        0       217    8.00    2.00    0.00    0.00   10.00     4  sync_slam_toolb

03:02:03      UID       PID  minflt/s  majflt/s     VSZ     RSS   %MEM  Command
03:02:04        0       217      6.00      0.00 2558580   59224   0.38  sync_slam_toolb

03:02:04      UID       PID    %usr %system  %guest   %wait    %CPU   CPU  Command
03:02:05        0       217    2.00    1.00    0.00    0.00    3.00     1  sync_slam_toolb

03:02:04      UID       PID  minflt/s  majflt/s     VSZ     RSS   %MEM  Command
03:02:05        0       217      0.00      0.00 2558580   59224   0.38  sync_slam_toolb

03:02:05      UID       PID    %usr %system  %guest   %wait    %CPU   CPU  Command
03:02:06        0       217    5.00    0.00    0.00    0.00    5.00     4  sync_slam_toolb

03:02:05      UID       PID  minflt/s  majflt/s     VSZ     RSS   %MEM  Command
03:02:06        0       217      6.00      0.00 2558580   59224   0.38  sync_slam_toolb

03:02:06      UID       PID    %usr %system  %guest   %wait    %CPU   CPU  Command
03:02:07        0       217    4.00    0.00    0.00    0.00    4.00     1  sync_slam_toolb

03:02:06      UID       PID  minflt/s  majflt/s     VSZ     RSS   %MEM  Command
03:02:07        0       217      0.00      0.00 2558580   59224   0.38  sync_slam_toolb

03:02:07      UID       PID    %usr %system  %guest   %wait    %CPU   CPU  Command
03:02:08        0       217    5.00    1.00    0.00    0.00    6.00     1  sync_slam_toolb

03:02:07      UID       PID  minflt/s  majflt/s     VSZ     RSS   %MEM  Command
03:02:08        0       217      6.00      0.00 2558580   59352   0.38  sync_slam_toolb

03:02:08      UID       PID    %usr %system  %guest   %wait    %CPU   CPU  Command
03:02:09        0       217    3.00    0.00    0.00    0.00    3.00     1  sync_slam_toolb

03:02:08      UID       PID  minflt/s  majflt/s     VSZ     RSS   %MEM  Command
03:02:09        0       217      0.00      0.00 2558580   59352   0.38  sync_slam_toolb

03:02:09      UID       PID    %usr %system  %guest   %wait    %CPU   CPU  Command
03:02:10        0       217    2.00    0.00    0.00    0.00    2.00     1  sync_slam_toolb

03:02:09      UID       PID  minflt/s  majflt/s     VSZ     RSS   %MEM  Command
03:02:10        0       217      0.00      0.00 2558580   59352   0.38  sync_slam_toolb

03:02:10      UID       PID    %usr %system  %guest   %wait    %CPU   CPU  Command
03:02:11        0       217    7.00    1.00    0.00    0.00    8.00     2  sync_slam_toolb

03:02:10      UID       PID  minflt/s  majflt/s     VSZ     RSS   %MEM  Command
03:02:11        0       217      5.00      0.00 2558580   59352   0.38  sync_slam_toolb

03:02:11      UID       PID    %usr %system  %guest   %wait    %CPU   CPU  Command
03:02:12        0       217    8.00    0.00    0.00    0.00    8.00     3  sync_slam_toolb

03:02:11      UID       PID  minflt/s  majflt/s     VSZ     RSS   %MEM  Command
03:02:12        0       217      0.00      0.00 2558580   59352   0.38  sync_slam_toolb

03:02:12      UID       PID    %usr %system  %guest   %wait    %CPU   CPU  Command
03:02:13        0       217    4.00    0.00    0.00    0.00    4.00     3  sync_slam_toolb

03:02:12      UID       PID  minflt/s  majflt/s     VSZ     RSS   %MEM  Command
03:02:13        0       217      0.00      0.00 2558580   59352   0.38  sync_slam_toolb

03:02:13      UID       PID    %usr %system  %guest   %wait    %CPU   CPU  Command
03:02:14        0       217    7.00    1.00    0.00    0.00    8.00     4  sync_slam_toolb

03:02:13      UID       PID  minflt/s  majflt/s     VSZ     RSS   %MEM  Command
03:02:14        0       217      7.00      0.00 2558580   59352   0.38  sync_slam_toolb

03:02:14      UID       PID    %usr %system  %guest   %wait    %CPU   CPU  Command
03:02:15        0       217    3.00    0.00    0.00    0.00    3.00     6  sync_slam_toolb

03:02:14      UID       PID  minflt/s  majflt/s     VSZ     RSS   %MEM  Command
03:02:15        0       217      0.00      0.00 2558580   59352   0.38  sync_slam_toolb

03:02:15      UID       PID    %usr %system  %guest   %wait    %CPU   CPU  Command
03:02:16        0       217    7.00    1.00    0.00    0.00    8.00    14  sync_slam_toolb

03:02:15      UID       PID  minflt/s  majflt/s     VSZ     RSS   %MEM  Command
03:02:16        0       217      6.00      0.00 2558580   59352   0.38  sync_slam_toolb

03:02:16      UID       PID    %usr %system  %guest   %wait    %CPU   CPU  Command
03:02:17        0       217    7.00    1.00    0.00    0.00    8.00     4  sync_slam_toolb

03:02:16      UID       PID  minflt/s  majflt/s     VSZ     RSS   %MEM  Command
03:02:17        0       217      0.00      0.00 2558580   59352   0.38  sync_slam_toolb

03:02:17      UID       PID    %usr %system  %guest   %wait    %CPU   CPU  Command
03:02:18        0       217    8.00    0.00    0.00    0.00    8.00     0  sync_slam_toolb

03:02:17      UID       PID  minflt/s  majflt/s     VSZ     RSS   %MEM  Command
03:02:18        0       217      6.00      0.00 2558580   59352   0.38  sync_slam_toolb

03:02:18      UID       PID    %usr %system  %guest   %wait    %CPU   CPU  Command
03:02:19        0       217    5.00    1.00    0.00    0.00    6.00     0  sync_slam_toolb

03:02:18      UID       PID  minflt/s  majflt/s     VSZ     RSS   %MEM  Command
03:02:19        0       217      0.00      0.00 2558580   59352   0.38  sync_slam_toolb

03:02:19      UID       PID    %usr %system  %guest   %wait    %CPU   CPU  Command
03:02:20        0       217    4.00    0.00    0.00    0.00    4.00     2  sync_slam_toolb

03:02:19      UID       PID  minflt/s  majflt/s     VSZ     RSS   %MEM  Command
03:02:20        0       217      0.00      0.00 2558580   59352   0.38  sync_slam_toolb

03:02:20      UID       PID    %usr %system  %guest   %wait    %CPU   CPU  Command
03:02:21        0       217    4.95    0.99    0.00    0.00    5.94    10  sync_slam_toolb

03:02:20      UID       PID  minflt/s  majflt/s     VSZ     RSS   %MEM  Command
03:02:21        0       217      0.00      0.00 2558580   59352   0.38  sync_slam_toolb

03:02:21      UID       PID    %usr %system  %guest   %wait    %CPU   CPU  Command
03:02:22        0       217    7.00    1.00    0.00    0.00    8.00    12  sync_slam_toolb

03:02:21      UID       PID  minflt/s  majflt/s     VSZ     RSS   %MEM  Command
03:02:22        0       217      0.00      0.00 2558580   59352   0.38  sync_slam_toolb

03:02:22      UID       PID    %usr %system  %guest   %wait    %CPU   CPU  Command
03:02:23        0       217    4.00    0.00    0.00    0.00    4.00    14  sync_slam_toolb

03:02:22      UID       PID  minflt/s  majflt/s     VSZ     RSS   %MEM  Command
03:02:23        0       217      0.00      0.00 2558580   59352   0.38  sync_slam_toolb

03:02:23      UID       PID    %usr %system  %guest   %wait    %CPU   CPU  Command
03:02:24        0       217    5.00    1.00    0.00    0.00    6.00     8  sync_slam_toolb

03:02:23      UID       PID  minflt/s  majflt/s     VSZ     RSS   %MEM  Command
03:02:24        0       217      0.00      0.00 2558580   59352   0.38  sync_slam_toolb

03:02:24      UID       PID    %usr %system  %guest   %wait    %CPU   CPU  Command
03:02:25        0       217    4.00    0.00    0.00    0.00    4.00     2  sync_slam_toolb

03:02:24      UID       PID  minflt/s  majflt/s     VSZ     RSS   %MEM  Command
03:02:25        0       217      0.00      0.00 2558580   59352   0.38  sync_slam_toolb

03:02:25      UID       PID    %usr %system  %guest   %wait    %CPU   CPU  Command
03:02:26        0       217    4.00    1.00    0.00    0.00    5.00    12  sync_slam_toolb

03:02:25      UID       PID  minflt/s  majflt/s     VSZ     RSS   %MEM  Command
03:02:26        0       217      0.00      0.00 2558580   59352   0.38  sync_slam_toolb

03:02:26      UID       PID    %usr %system  %guest   %wait    %CPU   CPU  Command
03:02:27        0       217    6.00    0.00    0.00    0.00    6.00     4  sync_slam_toolb

03:02:26      UID       PID  minflt/s  majflt/s     VSZ     RSS   %MEM  Command
03:02:27        0       217      0.00      0.00 2558580   59352   0.38  sync_slam_toolb

03:02:27      UID       PID    %usr %system  %guest   %wait    %CPU   CPU  Command
03:02:28        0       217    3.00    1.00    0.00    0.00    4.00     8  sync_slam_toolb

03:02:27      UID       PID  minflt/s  majflt/s     VSZ     RSS   %MEM  Command
03:02:28        0       217      0.00      0.00 2558580   59352   0.38  sync_slam_toolb

03:02:28      UID       PID    %usr %system  %guest   %wait    %CPU   CPU  Command
03:02:29        0       217    5.00    1.00    0.00    0.00    6.00    12  sync_slam_toolb

03:02:28      UID       PID  minflt/s  majflt/s     VSZ     RSS   %MEM  Command
03:02:29        0       217      5.00      0.00 2558580   59352   0.38  sync_slam_toolb

03:02:29      UID       PID    %usr %system  %guest   %wait    %CPU   CPU  Command
03:02:30        0       217    5.00    0.00    0.00    0.00    5.00     0  sync_slam_toolb

03:02:29      UID       PID  minflt/s  majflt/s     VSZ     RSS   %MEM  Command
03:02:30        0       217      0.00      0.00 2558580   59352   0.38  sync_slam_toolb

03:02:30      UID       PID    %usr %system  %guest   %wait    %CPU   CPU  Command
03:02:31        0       217    6.00    1.00    0.00    0.00    7.00     0  sync_slam_toolb

03:02:30      UID       PID  minflt/s  majflt/s     VSZ     RSS   %MEM  Command
03:02:31        0       217      6.00      0.00 2558580   59352   0.38  sync_slam_toolb

03:02:31      UID       PID    %usr %system  %guest   %wait    %CPU   CPU  Command
03:02:32        0       217    8.00    1.00    0.00    0.00    9.00    12  sync_slam_toolb

03:02:31      UID       PID  minflt/s  majflt/s     VSZ     RSS   %MEM  Command
03:02:32        0       217      0.00      0.00 2558580   59352   0.38  sync_slam_toolb

03:02:32      UID       PID    %usr %system  %guest   %wait    %CPU   CPU  Command
03:02:33        0       217    7.00    1.00    0.00    0.00    8.00     0  sync_slam_toolb

03:02:32      UID       PID  minflt/s  majflt/s     VSZ     RSS   %MEM  Command
03:02:33        0       217      7.00      0.00 2558580   59480   0.38  sync_slam_toolb

03:02:33      UID       PID    %usr %system  %guest   %wait    %CPU   CPU  Command
03:02:34        0       217    4.00    1.00    0.00    0.00    5.00     0  sync_slam_toolb

03:02:33      UID       PID  minflt/s  majflt/s     VSZ     RSS   %MEM  Command
03:02:34        0       217      0.00      0.00 2558580   59480   0.38  sync_slam_toolb

03:02:34      UID       PID    %usr %system  %guest   %wait    %CPU   CPU  Command
03:02:35        0       217    5.00    0.00    0.00    0.00    5.00     4  sync_slam_toolb

03:02:34      UID       PID  minflt/s  majflt/s     VSZ     RSS   %MEM  Command
03:02:35        0       217      0.00      0.00 2558580   59480   0.38  sync_slam_toolb

03:02:35      UID       PID    %usr %system  %guest   %wait    %CPU   CPU  Command
03:02:36        0       217    7.00    1.00    0.00    0.00    8.00     4  sync_slam_toolb

03:02:35      UID       PID  minflt/s  majflt/s     VSZ     RSS   %MEM  Command
03:02:36        0       217      5.00      0.00 2558580   59480   0.38  sync_slam_toolb

03:02:36      UID       PID    %usr %system  %guest   %wait    %CPU   CPU  Command
03:02:37        0       217    9.00    0.00    0.00    0.00    9.00    14  sync_slam_toolb

03:02:36      UID       PID  minflt/s  majflt/s     VSZ     RSS   %MEM  Command
03:02:37        0       217      0.00      0.00 2558580   59480   0.38  sync_slam_toolb

03:02:37      UID       PID    %usr %system  %guest   %wait    %CPU   CPU  Command
03:02:38        0       217    7.00    1.00    0.00    0.00    8.00     2  sync_slam_toolb

03:02:37      UID       PID  minflt/s  majflt/s     VSZ     RSS   %MEM  Command
03:02:38        0       217      6.00      0.00 2558580   59480   0.38  sync_slam_toolb

03:02:38      UID       PID    %usr %system  %guest   %wait    %CPU   CPU  Command
03:02:39        0       217    4.00    1.00    0.00    0.00    5.00     4  sync_slam_toolb

03:02:38      UID       PID  minflt/s  majflt/s     VSZ     RSS   %MEM  Command
03:02:39        0       217      0.00      0.00 2558580   59480   0.38  sync_slam_toolb

03:02:39      UID       PID    %usr %system  %guest   %wait    %CPU   CPU  Command
03:02:40        0       217    4.00    1.00    0.00    0.00    5.00     6  sync_slam_toolb

03:02:39      UID       PID  minflt/s  majflt/s     VSZ     RSS   %MEM  Command
03:02:40        0       217      0.00      0.00 2558580   59480   0.38  sync_slam_toolb

03:02:40      UID       PID    %usr %system  %guest   %wait    %CPU   CPU  Command
03:02:41        0       217    4.00    1.00    0.00    0.00    5.00     6  sync_slam_toolb

03:02:40      UID       PID  minflt/s  majflt/s     VSZ     RSS   %MEM  Command
03:02:41        0       217      0.00      0.00 2558580   59480   0.38  sync_slam_toolb

03:02:41      UID       PID    %usr %system  %guest   %wait    %CPU   CPU  Command
03:02:42        0       217    8.00    1.00    0.00    0.00    9.00     2  sync_slam_toolb

03:02:41      UID       PID  minflt/s  majflt/s     VSZ     RSS   %MEM  Command
03:02:42        0       217      0.00      0.00 2558580   59480   0.38  sync_slam_toolb

03:02:42      UID       PID    %usr %system  %guest   %wait    %CPU   CPU  Command
03:02:43        0       217    3.00    1.00    0.00    0.00    4.00     2  sync_slam_toolb

03:02:42      UID       PID  minflt/s  majflt/s     VSZ     RSS   %MEM  Command
03:02:43        0       217      0.00      0.00 2558580   59480   0.38  sync_slam_toolb

03:02:43      UID       PID    %usr %system  %guest   %wait    %CPU   CPU  Command
03:02:44        0       217    5.00    1.00    0.00    0.00    6.00     2  sync_slam_toolb

03:02:43      UID       PID  minflt/s  majflt/s     VSZ     RSS   %MEM  Command
03:02:44        0       217      0.00      0.00 2558580   59480   0.38  sync_slam_toolb

03:02:44      UID       PID    %usr %system  %guest   %wait    %CPU   CPU  Command
03:02:45        0       217    4.00    0.00    0.00    0.00    4.00     2  sync_slam_toolb

03:02:44      UID       PID  minflt/s  majflt/s     VSZ     RSS   %MEM  Command
03:02:45        0       217      0.00      0.00 2558580   59480   0.38  sync_slam_toolb

03:02:45      UID       PID    %usr %system  %guest   %wait    %CPU   CPU  Command
03:02:46        0       217    3.00    2.00    0.00    0.00    5.00     6  sync_slam_toolb

03:02:45      UID       PID  minflt/s  majflt/s     VSZ     RSS   %MEM  Command
03:02:46        0       217      0.00      0.00 2558580   59480   0.38  sync_slam_toolb

03:02:46      UID       PID    %usr %system  %guest   %wait    %CPU   CPU  Command
03:02:47        0       217    8.00    0.00    0.00    0.00    8.00     2  sync_slam_toolb

03:02:46      UID       PID  minflt/s  majflt/s     VSZ     RSS   %MEM  Command
03:02:47        0       217      0.00      0.00 2558580   59480   0.38  sync_slam_toolb

03:02:47      UID       PID    %usr %system  %guest   %wait    %CPU   CPU  Command
03:02:48        0       217    3.00    2.00    0.00    0.00    5.00     8  sync_slam_toolb

03:02:47      UID       PID  minflt/s  majflt/s     VSZ     RSS   %MEM  Command
03:02:48        0       217      0.00      0.00 2558580   59480   0.38  sync_slam_toolb

03:02:48      UID       PID    %usr %system  %guest   %wait    %CPU   CPU  Command
03:02:49        0       217    7.00    2.00    0.00    0.00    9.00     8  sync_slam_toolb

03:02:48      UID       PID  minflt/s  majflt/s     VSZ     RSS   %MEM  Command
03:02:49        0       217      7.00      0.00 2558580   59480   0.38  sync_slam_toolb

03:02:49      UID       PID    %usr %system  %guest   %wait    %CPU   CPU  Command
03:02:50        0       217    4.00    1.00    0.00    0.00    5.00     0  sync_slam_toolb

03:02:49      UID       PID  minflt/s  majflt/s     VSZ     RSS   %MEM  Command
03:02:50        0       217      0.00      0.00 2558580   59480   0.38  sync_slam_toolb

03:02:50      UID       PID    %usr %system  %guest   %wait    %CPU   CPU  Command
03:02:51        0       217    7.00    1.00    0.00    0.00    8.00     4  sync_slam_toolb

03:02:50      UID       PID  minflt/s  majflt/s     VSZ     RSS   %MEM  Command
03:02:51        0       217      5.00      0.00 2558580   59480   0.38  sync_slam_toolb

03:02:51      UID       PID    %usr %system  %guest   %wait    %CPU   CPU  Command
03:02:52        0       217    9.00    1.00    0.00    0.00   10.00     8  sync_slam_toolb

03:02:51      UID       PID  minflt/s  majflt/s     VSZ     RSS   %MEM  Command
03:02:52        0       217      0.00      0.00 2558580   59480   0.38  sync_slam_toolb

03:02:52      UID       PID    %usr %system  %guest   %wait    %CPU   CPU  Command
03:02:53        0       217    4.00    1.00    0.00    0.00    5.00     6  sync_slam_toolb

03:02:52      UID       PID  minflt/s  majflt/s     VSZ     RSS   %MEM  Command
03:02:53        0       217      0.00      0.00 2558580   59480   0.38  sync_slam_toolb

03:02:53      UID       PID    %usr %system  %guest   %wait    %CPU   CPU  Command
03:02:54        0       217    5.00    0.00    0.00    0.00    5.00     6  sync_slam_toolb

03:02:53      UID       PID  minflt/s  majflt/s     VSZ     RSS   %MEM  Command
03:02:54        0       217      0.00      0.00 2558580   59480   0.38  sync_slam_toolb

03:02:54      UID       PID    %usr %system  %guest   %wait    %CPU   CPU  Command
03:02:55        0       217    8.00    1.00    0.00    0.00    9.00     8  sync_slam_toolb

03:02:54      UID       PID  minflt/s  majflt/s     VSZ     RSS   %MEM  Command
03:02:55        0       217      6.00      0.00 2558580   59608   0.38  sync_slam_toolb

03:02:55      UID       PID    %usr %system  %guest   %wait    %CPU   CPU  Command
03:02:56        0       217    4.00    0.00    0.00    0.00    4.00     8  sync_slam_toolb

03:02:55      UID       PID  minflt/s  majflt/s     VSZ     RSS   %MEM  Command
03:02:56        0       217      0.00      0.00 2558580   59608   0.38  sync_slam_toolb

03:02:56      UID       PID    %usr %system  %guest   %wait    %CPU   CPU  Command
03:02:57        0       217   12.00    1.00    0.00    0.00   13.00     7  sync_slam_toolb

03:02:56      UID       PID  minflt/s  majflt/s     VSZ     RSS   %MEM  Command
03:02:57        0       217      7.00      0.00 2558580   59608   0.38  sync_slam_toolb

03:02:57      UID       PID    %usr %system  %guest   %wait    %CPU   CPU  Command
03:02:58        0       217    4.00    0.00    0.00    0.00    4.00     7  sync_slam_toolb

03:02:57      UID       PID  minflt/s  majflt/s     VSZ     RSS   %MEM  Command
03:02:58        0       217      0.00      0.00 2558580   59608   0.38  sync_slam_toolb

03:02:58      UID       PID    %usr %system  %guest   %wait    %CPU   CPU  Command
03:02:59        0       217    5.00    1.00    0.00    0.00    6.00     8  sync_slam_toolb

03:02:58      UID       PID  minflt/s  majflt/s     VSZ     RSS   %MEM  Command
03:02:59        0       217      0.00      0.00 2558580   59608   0.38  sync_slam_toolb

03:02:59      UID       PID    %usr %system  %guest   %wait    %CPU   CPU  Command
03:03:00        0       217    8.00    1.00    0.00    0.00    9.00     0  sync_slam_toolb

03:02:59      UID       PID  minflt/s  majflt/s     VSZ     RSS   %MEM  Command
03:03:00        0       217      6.00      0.00 2558580   59608   0.38  sync_slam_toolb

03:03:00      UID       PID    %usr %system  %guest   %wait    %CPU   CPU  Command
03:03:01        0       217    5.00    0.00    0.00    0.00    5.00     7  sync_slam_toolb

03:03:00      UID       PID  minflt/s  majflt/s     VSZ     RSS   %MEM  Command
03:03:01        0       217      0.00      0.00 2558580   59608   0.38  sync_slam_toolb

03:03:01      UID       PID    %usr %system  %guest   %wait    %CPU   CPU  Command
03:03:02        0       217   10.00    2.00    0.00    0.00   12.00     7  sync_slam_toolb

03:03:01      UID       PID  minflt/s  majflt/s     VSZ     RSS   %MEM  Command
03:03:02        0       217      6.00      0.00 2558580   59608   0.38  sync_slam_toolb

03:03:02      UID       PID    %usr %system  %guest   %wait    %CPU   CPU  Command
03:03:03        0       217    3.00    1.00    0.00    0.00    4.00     7  sync_slam_toolb

03:03:02      UID       PID  minflt/s  majflt/s     VSZ     RSS   %MEM  Command
03:03:03        0       217      0.00      0.00 2558580   59608   0.38  sync_slam_toolb

03:03:03      UID       PID    %usr %system  %guest   %wait    %CPU   CPU  Command
03:03:04        0       217    3.00    0.00    0.00    0.00    3.00     7  sync_slam_toolb

03:03:03      UID       PID  minflt/s  majflt/s     VSZ     RSS   %MEM  Command
03:03:04        0       217      0.00      0.00 2558580   59608   0.38  sync_slam_toolb

03:03:04      UID       PID    %usr %system  %guest   %wait    %CPU   CPU  Command
03:03:05        0       217    4.00    1.00    0.00    0.00    5.00     7  sync_slam_toolb

03:03:04      UID       PID  minflt/s  majflt/s     VSZ     RSS   %MEM  Command
03:03:05        0       217      0.00      0.00 2558580   59608   0.38  sync_slam_toolb

03:03:05      UID       PID    %usr %system  %guest   %wait    %CPU   CPU  Command
03:03:06        0       217    7.00    1.00    0.00    0.00    8.00     7  sync_slam_toolb

03:03:05      UID       PID  minflt/s  majflt/s     VSZ     RSS   %MEM  Command
03:03:06        0       217      6.00      0.00 2558580   59608   0.38  sync_slam_toolb

03:03:06      UID       PID    %usr %system  %guest   %wait    %CPU   CPU  Command
03:03:07        0       217    8.00    1.00    0.00    0.00    9.00     2  sync_slam_toolb

03:03:06      UID       PID  minflt/s  majflt/s     VSZ     RSS   %MEM  Command
03:03:07        0       217      0.00      0.00 2558580   59608   0.38  sync_slam_toolb

03:03:07      UID       PID    %usr %system  %guest   %wait    %CPU   CPU  Command
03:03:08        0       217    9.00    0.00    0.00    0.00    9.00     7  sync_slam_toolb

03:03:07      UID       PID  minflt/s  majflt/s     VSZ     RSS   %MEM  Command
03:03:08        0       217      6.00      0.00 2558580   59608   0.38  sync_slam_toolb

03:03:08      UID       PID    %usr %system  %guest   %wait    %CPU   CPU  Command
03:03:09        0       217    4.00    1.00    0.00    0.00    5.00     7  sync_slam_toolb

03:03:08      UID       PID  minflt/s  majflt/s     VSZ     RSS   %MEM  Command
03:03:09        0       217      0.00      0.00 2558580   59608   0.38  sync_slam_toolb

03:03:09      UID       PID    %usr %system  %guest   %wait    %CPU   CPU  Command
03:03:10        0       217    4.00    1.00    0.00    0.00    5.00     4  sync_slam_toolb

03:03:09      UID       PID  minflt/s  majflt/s     VSZ     RSS   %MEM  Command
03:03:10        0       217      0.00      0.00 2558580   59608   0.38  sync_slam_toolb

03:03:10      UID       PID    %usr %system  %guest   %wait    %CPU   CPU  Command
03:03:11        0       217    5.00    0.00    0.00    0.00    5.00     7  sync_slam_toolb

03:03:10      UID       PID  minflt/s  majflt/s     VSZ     RSS   %MEM  Command
03:03:11        0       217      0.00      0.00 2558580   59608   0.38  sync_slam_toolb

03:03:11      UID       PID    %usr %system  %guest   %wait    %CPU   CPU  Command
03:03:12        0       217    7.00    1.00    0.00    0.00    8.00     7  sync_slam_toolb

03:03:11      UID       PID  minflt/s  majflt/s     VSZ     RSS   %MEM  Command
03:03:12        0       217      0.00      0.00 2558580   59608   0.38  sync_slam_toolb

03:03:12      UID       PID    %usr %system  %guest   %wait    %CPU   CPU  Command
03:03:13        0       217    5.00    0.00    0.00    0.00    5.00     7  sync_slam_toolb

03:03:12      UID       PID  minflt/s  majflt/s     VSZ     RSS   %MEM  Command
03:03:13        0       217      0.00      0.00 2558580   59608   0.38  sync_slam_toolb

03:03:13      UID       PID    %usr %system  %guest   %wait    %CPU   CPU  Command
03:03:14        0       217    4.00    1.00    0.00    0.00    5.00     7  sync_slam_toolb

03:03:13      UID       PID  minflt/s  majflt/s     VSZ     RSS   %MEM  Command
03:03:14        0       217      0.00      0.00 2558580   59608   0.38  sync_slam_toolb

03:03:14      UID       PID    %usr %system  %guest   %wait    %CPU   CPU  Command
03:03:15        0       217    5.00    1.00    0.00    0.00    6.00     7  sync_slam_toolb

03:03:14      UID       PID  minflt/s  majflt/s     VSZ     RSS   %MEM  Command
03:03:15        0       217      0.00      0.00 2558580   59608   0.38  sync_slam_toolb

03:03:15      UID       PID    %usr %system  %guest   %wait    %CPU   CPU  Command
03:03:16        0       217    4.00    0.00    0.00    0.00    4.00     7  sync_slam_toolb

03:03:15      UID       PID  minflt/s  majflt/s     VSZ     RSS   %MEM  Command
03:03:16        0       217      0.00      0.00 2558580   59608   0.38  sync_slam_toolb

03:03:16      UID       PID    %usr %system  %guest   %wait    %CPU   CPU  Command
03:03:17        0       217   12.00    1.00    0.00    0.00   13.00     7  sync_slam_toolb

03:03:16      UID       PID  minflt/s  majflt/s     VSZ     RSS   %MEM  Command
03:03:17        0       217      6.00      0.00 2558580   59736   0.38  sync_slam_toolb

03:03:17      UID       PID    %usr %system  %guest   %wait    %CPU   CPU  Command
03:03:18        0       217    4.00    1.00    0.00    0.00    5.00     8  sync_slam_toolb

03:03:17      UID       PID  minflt/s  majflt/s     VSZ     RSS   %MEM  Command
03:03:18        0       217      0.00      0.00 2558580   59736   0.38  sync_slam_toolb

03:03:18      UID       PID    %usr %system  %guest   %wait    %CPU   CPU  Command
03:03:19        0       217    8.00    0.00    0.00    0.00    8.00     8  sync_slam_toolb

03:03:18      UID       PID  minflt/s  majflt/s     VSZ     RSS   %MEM  Command
03:03:19        0       217      6.00      0.00 2558580   59736   0.38  sync_slam_toolb

03:03:19      UID       PID    %usr %system  %guest   %wait    %CPU   CPU  Command
03:03:20        0       217    4.00    1.00    0.00    0.00    5.00     4  sync_slam_toolb

03:03:19      UID       PID  minflt/s  majflt/s     VSZ     RSS   %MEM  Command
03:03:20        0       217      0.00      0.00 2558580   59736   0.38  sync_slam_toolb

03:03:20      UID       PID    %usr %system  %guest   %wait    %CPU   CPU  Command
03:03:21        0       217    4.00    1.00    0.00    0.00    5.00     4  sync_slam_toolb

03:03:20      UID       PID  minflt/s  majflt/s     VSZ     RSS   %MEM  Command
03:03:21        0       217      0.00      0.00 2558580   59736   0.38  sync_slam_toolb

03:03:21      UID       PID    %usr %system  %guest   %wait    %CPU   CPU  Command
03:03:22        0       217   11.00    0.00    0.00    0.00   11.00     6  sync_slam_toolb

03:03:21      UID       PID  minflt/s  majflt/s     VSZ     RSS   %MEM  Command
03:03:22        0       217      6.00      0.00 2558580   59736   0.38  sync_slam_toolb

03:03:22      UID       PID    %usr %system  %guest   %wait    %CPU   CPU  Command
03:03:23        0       217    4.00    0.00    0.00    0.00    4.00     2  sync_slam_toolb

03:03:22      UID       PID  minflt/s  majflt/s     VSZ     RSS   %MEM  Command
03:03:23        0       217      0.00      0.00 2558580   59736   0.38  sync_slam_toolb

03:03:23      UID       PID    %usr %system  %guest   %wait    %CPU   CPU  Command
03:03:24        0       217    4.00    1.00    0.00    0.00    5.00     6  sync_slam_toolb

03:03:23      UID       PID  minflt/s  majflt/s     VSZ     RSS   %MEM  Command
03:03:24        0       217      0.00      0.00 2558580   59736   0.38  sync_slam_toolb

03:03:24      UID       PID    %usr %system  %guest   %wait    %CPU   CPU  Command
03:03:25        0       217    7.00    1.00    0.00    0.00    8.00     2  sync_slam_toolb

03:03:24      UID       PID  minflt/s  majflt/s     VSZ     RSS   %MEM  Command
03:03:25        0       217      5.00      0.00 2558580   59736   0.38  sync_slam_toolb

03:03:25      UID       PID    %usr %system  %guest   %wait    %CPU   CPU  Command
03:03:26        0       217    3.00    0.00    0.00    0.00    3.00     2  sync_slam_toolb

03:03:25      UID       PID  minflt/s  majflt/s     VSZ     RSS   %MEM  Command
03:03:26        0       217      0.00      0.00 2558580   59736   0.38  sync_slam_toolb

03:03:26      UID       PID    %usr %system  %guest   %wait    %CPU   CPU  Command
03:03:27        0       217   12.00    1.00    0.00    0.00   13.00     6  sync_slam_toolb

03:03:26      UID       PID  minflt/s  majflt/s     VSZ     RSS   %MEM  Command
03:03:27        0       217      6.00      0.00 2558580   59864   0.38  sync_slam_toolb

03:03:27      UID       PID    %usr %system  %guest   %wait    %CPU   CPU  Command
03:03:28        0       217    4.00    1.00    0.00    0.00    5.00     6  sync_slam_toolb

03:03:27      UID       PID  minflt/s  majflt/s     VSZ     RSS   %MEM  Command
03:03:28        0       217      0.00      0.00 2558580   59864   0.38  sync_slam_toolb

03:03:28      UID       PID    %usr %system  %guest   %wait    %CPU   CPU  Command
03:03:29        0       217    4.00    1.00    0.00    0.00    5.00     0  sync_slam_toolb

03:03:28      UID       PID  minflt/s  majflt/s     VSZ     RSS   %MEM  Command
03:03:29        0       217      0.00      0.00 2558580   59864   0.38  sync_slam_toolb

03:03:29      UID       PID    %usr %system  %guest   %wait    %CPU   CPU  Command
03:03:30        0       217    4.00    1.00    0.00    0.00    5.00     6  sync_slam_toolb

03:03:29      UID       PID  minflt/s  majflt/s     VSZ     RSS   %MEM  Command
03:03:30        0       217      0.00      0.00 2558580   59864   0.38  sync_slam_toolb

03:03:30      UID       PID    %usr %system  %guest   %wait    %CPU   CPU  Command
03:03:31        0       217    3.00    1.00    0.00    0.00    4.00    12  sync_slam_toolb

03:03:30      UID       PID  minflt/s  majflt/s     VSZ     RSS   %MEM  Command
03:03:31        0       217      0.00      0.00 2558580   59864   0.38  sync_slam_toolb

03:03:31      UID       PID    %usr %system  %guest   %wait    %CPU   CPU  Command
03:03:32        0       217    8.00    0.00    0.00    0.00    8.00    10  sync_slam_toolb

03:03:31      UID       PID  minflt/s  majflt/s     VSZ     RSS   %MEM  Command
03:03:32        0       217      0.00      0.00 2558580   59864   0.38  sync_slam_toolb

03:03:32      UID       PID    %usr %system  %guest   %wait    %CPU   CPU  Command
03:03:33        0       217    4.00    0.00    0.00    0.00    4.00    14  sync_slam_toolb

03:03:32      UID       PID  minflt/s  majflt/s     VSZ     RSS   %MEM  Command
03:03:33        0       217      0.00      0.00 2558580   59864   0.38  sync_slam_toolb

03:03:33      UID       PID    %usr %system  %guest   %wait    %CPU   CPU  Command
03:03:34        0       217    3.00    2.00    0.00    0.00    5.00     2  sync_slam_toolb

03:03:33      UID       PID  minflt/s  majflt/s     VSZ     RSS   %MEM  Command
03:03:34        0       217      0.00      0.00 2558580   59864   0.38  sync_slam_toolb

03:03:34      UID       PID    %usr %system  %guest   %wait    %CPU   CPU  Command
03:03:35        0       217    3.00    1.00    0.00    0.00    4.00     2  sync_slam_toolb

03:03:34      UID       PID  minflt/s  majflt/s     VSZ     RSS   %MEM  Command
03:03:35        0       217      0.00      0.00 2558580   59864   0.38  sync_slam_toolb

03:03:35      UID       PID    %usr %system  %guest   %wait    %CPU   CPU  Command
03:03:36        0       217    5.00    0.00    0.00    0.00    5.00     6  sync_slam_toolb

03:03:35      UID       PID  minflt/s  majflt/s     VSZ     RSS   %MEM  Command
03:03:36        0       217      0.00      0.00 2558580   59864   0.38  sync_slam_toolb

03:03:36      UID       PID    %usr %system  %guest   %wait    %CPU   CPU  Command
03:03:37        0       217    7.00    1.00    0.00    0.00    8.00     4  sync_slam_toolb

03:03:36      UID       PID  minflt/s  majflt/s     VSZ     RSS   %MEM  Command
03:03:37        0       217      0.00      0.00 2558580   59864   0.38  sync_slam_toolb

03:03:37      UID       PID    %usr %system  %guest   %wait    %CPU   CPU  Command
03:03:38        0       217    4.00    0.00    0.00    0.00    4.00     6  sync_slam_toolb

03:03:37      UID       PID  minflt/s  majflt/s     VSZ     RSS   %MEM  Command
03:03:38        0       217      0.00      0.00 2558580   59864   0.38  sync_slam_toolb

03:03:38      UID       PID    %usr %system  %guest   %wait    %CPU   CPU  Command
03:03:39        0       217    4.00    1.00    0.00    0.00    5.00     0  sync_slam_toolb

03:03:38      UID       PID  minflt/s  majflt/s     VSZ     RSS   %MEM  Command
03:03:39        0       217      0.00      0.00 2558580   59864   0.38  sync_slam_toolb

03:03:39      UID       PID    %usr %system  %guest   %wait    %CPU   CPU  Command
03:03:40        0       217    3.00    1.00    0.00    0.00    4.00     0  sync_slam_toolb

03:03:39      UID       PID  minflt/s  majflt/s     VSZ     RSS   %MEM  Command
03:03:40        0       217      0.00      0.00 2558580   59864   0.38  sync_slam_toolb

03:03:40      UID       PID    %usr %system  %guest   %wait    %CPU   CPU  Command
03:03:41        0       217    5.00    0.00    0.00    0.00    5.00     2  sync_slam_toolb

03:03:40      UID       PID  minflt/s  majflt/s     VSZ     RSS   %MEM  Command
03:03:41        0       217      0.00      0.00 2558580   59864   0.38  sync_slam_toolb

03:03:41      UID       PID    %usr %system  %guest   %wait    %CPU   CPU  Command
03:03:42        0       217    8.00    1.00    0.00    0.00    9.00     4  sync_slam_toolb

03:03:41      UID       PID  minflt/s  majflt/s     VSZ     RSS   %MEM  Command
03:03:42        0       217      0.00      0.00 2558580   59864   0.38  sync_slam_toolb

03:03:42      UID       PID    %usr %system  %guest   %wait    %CPU   CPU  Command
03:03:43        0       217    4.00    1.00    0.00    0.00    5.00     4  sync_slam_toolb

03:03:42      UID       PID  minflt/s  majflt/s     VSZ     RSS   %MEM  Command
03:03:43        0       217      0.00      0.00 2558580   59864   0.38  sync_slam_toolb

03:03:43      UID       PID    %usr %system  %guest   %wait    %CPU   CPU  Command
03:03:44        0       217    4.00    0.00    0.00    0.00    4.00     2  sync_slam_toolb

03:03:43      UID       PID  minflt/s  majflt/s     VSZ     RSS   %MEM  Command
03:03:44        0       217      0.00      0.00 2558580   59864   0.38  sync_slam_toolb

03:03:44      UID       PID    %usr %system  %guest   %wait    %CPU   CPU  Command
03:03:45        0       217    4.00    2.00    0.00    0.00    6.00     2  sync_slam_toolb

03:03:44      UID       PID  minflt/s  majflt/s     VSZ     RSS   %MEM  Command
03:03:45        0       217      0.00      0.00 2558580   59864   0.38  sync_slam_toolb

03:03:45      UID       PID    %usr %system  %guest   %wait    %CPU   CPU  Command
03:03:46        0       217    4.00    1.00    0.00    0.00    5.00     2  sync_slam_toolb

03:03:45      UID       PID  minflt/s  majflt/s     VSZ     RSS   %MEM  Command
03:03:46        0       217      0.00      0.00 2558580   59864   0.38  sync_slam_toolb

03:03:46      UID       PID    %usr %system  %guest   %wait    %CPU   CPU  Command
03:03:47        0       217    8.00    0.00    0.00    0.00    8.00     0  sync_slam_toolb

03:03:46      UID       PID  minflt/s  majflt/s     VSZ     RSS   %MEM  Command
03:03:47        0       217      0.00      0.00 2558580   59864   0.38  sync_slam_toolb

03:03:47      UID       PID    %usr %system  %guest   %wait    %CPU   CPU  Command
03:03:48        0       217    4.00    1.00    0.00    0.00    5.00     0  sync_slam_toolb

03:03:47      UID       PID  minflt/s  majflt/s     VSZ     RSS   %MEM  Command
03:03:48        0       217      0.00      0.00 2558580   59864   0.38  sync_slam_toolb

03:03:48      UID       PID    %usr %system  %guest   %wait    %CPU   CPU  Command
03:03:49        0       217    4.00    1.00    0.00    0.00    5.00     0  sync_slam_toolb

03:03:48      UID       PID  minflt/s  majflt/s     VSZ     RSS   %MEM  Command
03:03:49        0       217      0.00      0.00 2558580   59864   0.38  sync_slam_toolb

03:03:49      UID       PID    %usr %system  %guest   %wait    %CPU   CPU  Command
03:03:50        0       217    4.00    1.00    0.00    0.00    5.00     2  sync_slam_toolb

03:03:49      UID       PID  minflt/s  majflt/s     VSZ     RSS   %MEM  Command
03:03:50        0       217      0.00      0.00 2558580   59864   0.38  sync_slam_toolb

03:03:50      UID       PID    %usr %system  %guest   %wait    %CPU   CPU  Command
03:03:51        0       217    5.00    1.00    0.00    0.00    6.00     0  sync_slam_toolb

03:03:50      UID       PID  minflt/s  majflt/s     VSZ     RSS   %MEM  Command
03:03:51        0       217      0.00      0.00 2558580   59864   0.38  sync_slam_toolb

03:03:51      UID       PID    %usr %system  %guest   %wait    %CPU   CPU  Command
03:03:52        0       217    9.00    0.00    0.00    0.00    9.00    14  sync_slam_toolb

03:03:51      UID       PID  minflt/s  majflt/s     VSZ     RSS   %MEM  Command
03:03:52        0       217      0.00      0.00 2558580   59864   0.38  sync_slam_toolb

03:03:52      UID       PID    %usr %system  %guest   %wait    %CPU   CPU  Command
03:03:53        0       217    4.00    1.00    0.00    0.00    5.00    14  sync_slam_toolb

03:03:52      UID       PID  minflt/s  majflt/s     VSZ     RSS   %MEM  Command
03:03:53        0       217      0.00      0.00 2558580   59864   0.38  sync_slam_toolb

03:03:53      UID       PID    %usr %system  %guest   %wait    %CPU   CPU  Command
03:03:54        0       217    4.00    1.00    0.00    0.00    5.00    12  sync_slam_toolb

03:03:53      UID       PID  minflt/s  majflt/s     VSZ     RSS   %MEM  Command
03:03:54        0       217      0.00      0.00 2558580   59864   0.38  sync_slam_toolb

03:03:54      UID       PID    %usr %system  %guest   %wait    %CPU   CPU  Command
03:03:55        0       217    4.00    0.00    0.00    0.00    4.00     6  sync_slam_toolb

03:03:54      UID       PID  minflt/s  majflt/s     VSZ     RSS   %MEM  Command
03:03:55        0       217      0.00      0.00 2558580   59864   0.38  sync_slam_toolb

03:03:55      UID       PID    %usr %system  %guest   %wait    %CPU   CPU  Command
03:03:56        0       217    4.00    1.00    0.00    0.00    5.00     2  sync_slam_toolb

03:03:55      UID       PID  minflt/s  majflt/s     VSZ     RSS   %MEM  Command
03:03:56        0       217      0.00      0.00 2558580   59864   0.38  sync_slam_toolb

03:03:56      UID       PID    %usr %system  %guest   %wait    %CPU   CPU  Command
03:03:57        0       217    8.00    1.00    0.00    0.00    9.00     2  sync_slam_toolb

03:03:56      UID       PID  minflt/s  majflt/s     VSZ     RSS   %MEM  Command
03:03:57        0       217      0.00      0.00 2558580   59864   0.38  sync_slam_toolb

03:03:57      UID       PID    %usr %system  %guest   %wait    %CPU   CPU  Command
03:03:58        0       217    4.00    1.00    0.00    0.00    5.00    14  sync_slam_toolb

03:03:57      UID       PID  minflt/s  majflt/s     VSZ     RSS   %MEM  Command
03:03:58        0       217      0.00      0.00 2558580   59864   0.38  sync_slam_toolb

03:03:58      UID       PID    %usr %system  %guest   %wait    %CPU   CPU  Command
03:03:59        0       217    6.00    2.00    0.00    0.00    8.00    12  sync_slam_toolb

03:03:58      UID       PID  minflt/s  majflt/s     VSZ     RSS   %MEM  Command
03:03:59        0       217      6.00      0.00 2558580   59864   0.38  sync_slam_toolb

03:03:59      UID       PID    %usr %system  %guest   %wait    %CPU   CPU  Command
03:04:00        0       217    4.00    1.00    0.00    0.00    5.00    14  sync_slam_toolb

03:03:59      UID       PID  minflt/s  majflt/s     VSZ     RSS   %MEM  Command
03:04:00        0       217      0.00      0.00 2558580   59864   0.38  sync_slam_toolb

03:04:00      UID       PID    %usr %system  %guest   %wait    %CPU   CPU  Command
03:04:01        0       217    8.00    1.00    0.00    0.00    9.00    14  sync_slam_toolb

03:04:00      UID       PID  minflt/s  majflt/s     VSZ     RSS   %MEM  Command
03:04:01        0       217      7.00      0.00 2558580   59864   0.38  sync_slam_toolb

03:04:01      UID       PID    %usr %system  %guest   %wait    %CPU   CPU  Command
03:04:02        0       217    8.00    0.00    0.00    0.00    8.00     0  sync_slam_toolb

03:04:01      UID       PID  minflt/s  majflt/s     VSZ     RSS   %MEM  Command
03:04:02        0       217      0.00      0.00 2558580   59864   0.38  sync_slam_toolb

03:04:02      UID       PID    %usr %system  %guest   %wait    %CPU   CPU  Command
03:04:03        0       217    2.97    1.98    0.00    0.00    4.95     2  sync_slam_toolb

03:04:02      UID       PID  minflt/s  majflt/s     VSZ     RSS   %MEM  Command
03:04:03        0       217      0.00      0.00 2558580   59864   0.38  sync_slam_toolb

03:04:03      UID       PID    %usr %system  %guest   %wait    %CPU   CPU  Command
03:04:04        0       217    7.00    1.00    0.00    0.00    8.00     6  sync_slam_toolb

03:04:03      UID       PID  minflt/s  majflt/s     VSZ     RSS   %MEM  Command
03:04:04        0       217      6.00      0.00 2558580   59864   0.38  sync_slam_toolb

03:04:04      UID       PID    %usr %system  %guest   %wait    %CPU   CPU  Command
03:04:05        0       217    4.00    0.00    0.00    0.00    4.00     2  sync_slam_toolb

03:04:04      UID       PID  minflt/s  majflt/s     VSZ     RSS   %MEM  Command
03:04:05        0       217      0.00      0.00 2558580   59864   0.38  sync_slam_toolb

03:04:05      UID       PID    %usr %system  %guest   %wait    %CPU   CPU  Command
03:04:06        0       217    4.00    1.00    0.00    0.00    5.00     2  sync_slam_toolb

03:04:05      UID       PID  minflt/s  majflt/s     VSZ     RSS   %MEM  Command
03:04:06        0       217      0.00      0.00 2558580   59864   0.38  sync_slam_toolb

03:04:06      UID       PID    %usr %system  %guest   %wait    %CPU   CPU  Command
03:04:07        0       217    7.00    1.00    0.00    0.00    8.00     4  sync_slam_toolb

03:04:06      UID       PID  minflt/s  majflt/s     VSZ     RSS   %MEM  Command
03:04:07        0       217      0.00      0.00 2558580   59864   0.38  sync_slam_toolb

03:04:07      UID       PID    %usr %system  %guest   %wait    %CPU   CPU  Command
03:04:08        0       217    4.00    1.00    0.00    0.00    5.00     6  sync_slam_toolb

03:04:07      UID       PID  minflt/s  majflt/s     VSZ     RSS   %MEM  Command
03:04:08        0       217      0.00      0.00 2558580   59864   0.38  sync_slam_toolb

03:04:08      UID       PID    %usr %system  %guest   %wait    %CPU   CPU  Command
03:04:09        0       217    4.00    1.00    0.00    0.00    5.00     7  sync_slam_toolb

03:04:08      UID       PID  minflt/s  majflt/s     VSZ     RSS   %MEM  Command
03:04:09        0       217      0.00      0.00 2558580   59864   0.38  sync_slam_toolb

03:04:09      UID       PID    %usr %system  %guest   %wait    %CPU   CPU  Command
03:04:10        0       217    5.00    1.00    0.00    0.00    6.00     2  sync_slam_toolb

03:04:09      UID       PID  minflt/s  majflt/s     VSZ     RSS   %MEM  Command
03:04:10        0       217      0.00      0.00 2558580   59864   0.38  sync_slam_toolb

03:04:10      UID       PID    %usr %system  %guest   %wait    %CPU   CPU  Command
03:04:11        0       217    3.00    1.00    0.00    0.00    4.00     3  sync_slam_toolb

03:04:10      UID       PID  minflt/s  majflt/s     VSZ     RSS   %MEM  Command
03:04:11        0       217      0.00      0.00 2558580   59864   0.38  sync_slam_toolb

03:04:11      UID       PID    %usr %system  %guest   %wait    %CPU   CPU  Command
03:04:12        0       217    9.00    0.00    0.00    0.00    9.00     3  sync_slam_toolb

03:04:11      UID       PID  minflt/s  majflt/s     VSZ     RSS   %MEM  Command
03:04:12        0       217      0.00      0.00 2558580   59864   0.38  sync_slam_toolb

03:04:12      UID       PID    %usr %system  %guest   %wait    %CPU   CPU  Command
03:04:13        0       217    4.00    1.00    0.00    0.00    5.00    10  sync_slam_toolb

03:04:12      UID       PID  minflt/s  majflt/s     VSZ     RSS   %MEM  Command
03:04:13        0       217      0.00      0.00 2558580   59864   0.38  sync_slam_toolb

03:04:13      UID       PID    %usr %system  %guest   %wait    %CPU   CPU  Command
03:04:14        0       217    4.00    0.00    0.00    0.00    4.00    10  sync_slam_toolb

03:04:13      UID       PID  minflt/s  majflt/s     VSZ     RSS   %MEM  Command
03:04:14        0       217      0.00      0.00 2558580   59864   0.38  sync_slam_toolb

03:04:14      UID       PID    %usr %system  %guest   %wait    %CPU   CPU  Command
03:04:15        0       217    4.00    1.00    0.00    0.00    5.00    10  sync_slam_toolb

03:04:14      UID       PID  minflt/s  majflt/s     VSZ     RSS   %MEM  Command
03:04:15        0       217      0.00      0.00 2558580   59864   0.38  sync_slam_toolb

03:04:15      UID       PID    %usr %system  %guest   %wait    %CPU   CPU  Command
03:04:16        0       217    5.00    1.00    0.00    0.00    6.00     3  sync_slam_toolb

03:04:15      UID       PID  minflt/s  majflt/s     VSZ     RSS   %MEM  Command
03:04:16        0       217      0.00      0.00 2558580   59864   0.38  sync_slam_toolb

03:04:16      UID       PID    %usr %system  %guest   %wait    %CPU   CPU  Command
03:04:17        0       217    8.00    1.00    0.00    0.00    9.00     6  sync_slam_toolb

03:04:16      UID       PID  minflt/s  majflt/s     VSZ     RSS   %MEM  Command
03:04:17        0       217      0.00      0.00 2558580   59864   0.38  sync_slam_toolb

03:04:17      UID       PID    %usr %system  %guest   %wait    %CPU   CPU  Command
03:04:18        0       217    4.00    1.00    0.00    0.00    5.00     5  sync_slam_toolb

03:04:17      UID       PID  minflt/s  majflt/s     VSZ     RSS   %MEM  Command
03:04:18        0       217      0.00      0.00 2558580   59864   0.38  sync_slam_toolb

03:04:18      UID       PID    %usr %system  %guest   %wait    %CPU   CPU  Command
03:04:19        0       217    4.00    1.00    0.00    0.00    5.00     6  sync_slam_toolb

03:04:18      UID       PID  minflt/s  majflt/s     VSZ     RSS   %MEM  Command
03:04:19        0       217      0.00      0.00 2558580   59864   0.38  sync_slam_toolb

03:04:19      UID       PID    %usr %system  %guest   %wait    %CPU   CPU  Command
03:04:20        0       217    8.00    0.00    0.00    0.00    8.00    14  sync_slam_toolb

03:04:19      UID       PID  minflt/s  majflt/s     VSZ     RSS   %MEM  Command
03:04:20        0       217      6.00      0.00 2558580   59864   0.38  sync_slam_toolb

03:04:20      UID       PID    %usr %system  %guest   %wait    %CPU   CPU  Command
03:04:21        0       217    4.00    1.00    0.00    0.00    5.00     6  sync_slam_toolb

03:04:20      UID       PID  minflt/s  majflt/s     VSZ     RSS   %MEM  Command
03:04:21        0       217      0.00      0.00 2558580   59864   0.38  sync_slam_toolb

03:04:21      UID       PID    %usr %system  %guest   %wait    %CPU   CPU  Command
03:04:22        0       217    8.00    1.00    0.00    0.00    9.00     2  sync_slam_toolb

03:04:21      UID       PID  minflt/s  majflt/s     VSZ     RSS   %MEM  Command
03:04:22        0       217      0.00      0.00 2558580   59864   0.38  sync_slam_toolb

03:04:22      UID       PID    %usr %system  %guest   %wait    %CPU   CPU  Command
03:04:23        0       217    7.00    0.00    0.00    0.00    7.00     6  sync_slam_toolb

03:04:22      UID       PID  minflt/s  majflt/s     VSZ     RSS   %MEM  Command
03:04:23        0       217      6.00      0.00 2558580   59992   0.38  sync_slam_toolb

03:04:23      UID       PID    %usr %system  %guest   %wait    %CPU   CPU  Command
03:04:24        0       217    5.00    2.00    0.00    0.00    7.00     7  sync_slam_toolb

03:04:23      UID       PID  minflt/s  majflt/s     VSZ     RSS   %MEM  Command
03:04:24        0       217      0.00      0.00 2558580   59992   0.38  sync_slam_toolb

03:04:24      UID       PID    %usr %system  %guest   %wait    %CPU   CPU  Command
03:04:25        0       217    4.00    0.00    0.00    0.00    4.00     6  sync_slam_toolb

03:04:24      UID       PID  minflt/s  majflt/s     VSZ     RSS   %MEM  Command
03:04:25        0       217      0.00      0.00 2558580   59992   0.38  sync_slam_toolb

03:04:25      UID       PID    %usr %system  %guest   %wait    %CPU   CPU  Command
03:04:26        0       217    5.00    0.00    0.00    0.00    5.00     0  sync_slam_toolb

03:04:25      UID       PID  minflt/s  majflt/s     VSZ     RSS   %MEM  Command
03:04:26        0       217      0.00      0.00 2558580   59992   0.38  sync_slam_toolb

03:04:26      UID       PID    %usr %system  %guest   %wait    %CPU   CPU  Command
03:04:27        0       217    8.00    1.00    0.00    0.00    9.00     6  sync_slam_toolb

03:04:26      UID       PID  minflt/s  majflt/s     VSZ     RSS   %MEM  Command
03:04:27        0       217      0.00      0.00 2558580   59992   0.38  sync_slam_toolb

03:04:27      UID       PID    %usr %system  %guest   %wait    %CPU   CPU  Command
03:04:28        0       217    4.00    1.00    0.00    0.00    5.00     6  sync_slam_toolb

03:04:27      UID       PID  minflt/s  majflt/s     VSZ     RSS   %MEM  Command
03:04:28        0       217      0.00      0.00 2558580   59992   0.38  sync_slam_toolb

03:04:28      UID       PID    %usr %system  %guest   %wait    %CPU   CPU  Command
03:04:29        0       217    4.00    2.00    0.00    0.00    6.00     3  sync_slam_toolb

03:04:28      UID       PID  minflt/s  majflt/s     VSZ     RSS   %MEM  Command
03:04:29        0       217      0.00      0.00 2558580   59992   0.38  sync_slam_toolb

03:04:29      UID       PID    %usr %system  %guest   %wait    %CPU   CPU  Command
03:04:30        0       217    4.00    1.00    0.00    0.00    5.00     3  sync_slam_toolb

03:04:29      UID       PID  minflt/s  majflt/s     VSZ     RSS   %MEM  Command
03:04:30        0       217      0.00      0.00 2558580   59992   0.38  sync_slam_toolb

03:04:30      UID       PID    %usr %system  %guest   %wait    %CPU   CPU  Command
03:04:31        0       217    5.00    1.00    0.00    0.00    6.00     3  sync_slam_toolb

03:04:30      UID       PID  minflt/s  majflt/s     VSZ     RSS   %MEM  Command
03:04:31        0       217      0.00      0.00 2558580   59992   0.38  sync_slam_toolb

03:04:31      UID       PID    %usr %system  %guest   %wait    %CPU   CPU  Command
03:04:32        0       217    8.00    0.00    0.00    0.00    8.00     3  sync_slam_toolb

03:04:31      UID       PID  minflt/s  majflt/s     VSZ     RSS   %MEM  Command
03:04:32        0       217      0.00      0.00 2558580   59992   0.38  sync_slam_toolb

03:04:32      UID       PID    %usr %system  %guest   %wait    %CPU   CPU  Command
03:04:33        0       217    5.00    1.00    0.00    0.00    6.00     3  sync_slam_toolb

03:04:32      UID       PID  minflt/s  majflt/s     VSZ     RSS   %MEM  Command
03:04:33        0       217      0.00      0.00 2558580   59992   0.38  sync_slam_toolb

03:04:33      UID       PID    %usr %system  %guest   %wait    %CPU   CPU  Command
03:04:34        0       217    4.00    1.00    0.00    0.00    5.00     3  sync_slam_toolb

03:04:33      UID       PID  minflt/s  majflt/s     VSZ     RSS   %MEM  Command
03:04:34        0       217      0.00      0.00 2558580   59992   0.38  sync_slam_toolb

03:04:34      UID       PID    %usr %system  %guest   %wait    %CPU   CPU  Command
03:04:35        0       217    7.00    1.00    0.00    0.00    8.00     3  sync_slam_toolb

03:04:34      UID       PID  minflt/s  majflt/s     VSZ     RSS   %MEM  Command
03:04:35        0       217      5.00      0.00 2558580   59992   0.38  sync_slam_toolb

03:04:35      UID       PID    %usr %system  %guest   %wait    %CPU   CPU  Command
03:04:36        0       217    5.00    0.00    0.00    0.00    5.00     3  sync_slam_toolb

03:04:35      UID       PID  minflt/s  majflt/s     VSZ     RSS   %MEM  Command
03:04:36        0       217      0.00      0.00 2558580   59992   0.38  sync_slam_toolb

03:04:36      UID       PID    %usr %system  %guest   %wait    %CPU   CPU  Command
03:04:37        0       217    9.00    1.00    0.00    0.00   10.00     3  sync_slam_toolb

03:04:36      UID       PID  minflt/s  majflt/s     VSZ     RSS   %MEM  Command
03:04:37        0       217      0.00      0.00 2558580   59992   0.38  sync_slam_toolb

03:04:37      UID       PID    %usr %system  %guest   %wait    %CPU   CPU  Command
03:04:38        0       217    4.00    0.00    0.00    0.00    4.00     3  sync_slam_toolb

03:04:37      UID       PID  minflt/s  majflt/s     VSZ     RSS   %MEM  Command
03:04:38        0       217      0.00      0.00 2558580   59992   0.38  sync_slam_toolb

03:04:38      UID       PID    %usr %system  %guest   %wait    %CPU   CPU  Command
03:04:39        0       217    6.00    2.00    0.00    0.00    8.00     3  sync_slam_toolb

03:04:38      UID       PID  minflt/s  majflt/s     VSZ     RSS   %MEM  Command
03:04:39        0       217      6.00      0.00 2558580   59992   0.38  sync_slam_toolb

03:04:39      UID       PID    %usr %system  %guest   %wait    %CPU   CPU  Command
03:04:40        0       217    4.00    1.00    0.00    0.00    5.00     3  sync_slam_toolb

03:04:39      UID       PID  minflt/s  majflt/s     VSZ     RSS   %MEM  Command
03:04:40        0       217      0.00      0.00 2558580   59992   0.38  sync_slam_toolb

03:04:40      UID       PID    %usr %system  %guest   %wait    %CPU   CPU  Command
03:04:41        0       217    7.00    2.00    0.00    0.00    9.00     6  sync_slam_toolb

03:04:40      UID       PID  minflt/s  majflt/s     VSZ     RSS   %MEM  Command
03:04:41        0       217      7.00      0.00 2558580   59992   0.38  sync_slam_toolb

03:04:41      UID       PID    %usr %system  %guest   %wait    %CPU   CPU  Command
03:04:42        0       217    8.00    0.00    0.00    0.00    8.00     3  sync_slam_toolb

03:04:41      UID       PID  minflt/s  majflt/s     VSZ     RSS   %MEM  Command
03:04:42        0       217      0.00      0.00 2558580   59992   0.38  sync_slam_toolb

03:04:42      UID       PID    %usr %system  %guest   %wait    %CPU   CPU  Command
03:04:43        0       217    8.00    1.00    0.00    0.00    9.00     3  sync_slam_toolb

03:04:42      UID       PID  minflt/s  majflt/s     VSZ     RSS   %MEM  Command
03:04:43        0       217      5.00      0.00 2558580   59992   0.38  sync_slam_toolb

03:04:43      UID       PID    %usr %system  %guest   %wait    %CPU   CPU  Command
03:04:44        0       217    4.00    1.00    0.00    0.00    5.00     3  sync_slam_toolb

03:04:43      UID       PID  minflt/s  majflt/s     VSZ     RSS   %MEM  Command
03:04:44        0       217      0.00      0.00 2558580   59992   0.38  sync_slam_toolb

03:04:44      UID       PID    %usr %system  %guest   %wait    %CPU   CPU  Command
03:04:45        0       217    5.00    1.00    0.00    0.00    6.00     3  sync_slam_toolb

03:04:44      UID       PID  minflt/s  majflt/s     VSZ     RSS   %MEM  Command
03:04:45        0       217      0.00      0.00 2558580   59992   0.38  sync_slam_toolb

03:04:45      UID       PID    %usr %system  %guest   %wait    %CPU   CPU  Command
03:04:46        0       217    4.00    0.00    0.00    0.00    4.00     3  sync_slam_toolb

03:04:45      UID       PID  minflt/s  majflt/s     VSZ     RSS   %MEM  Command
03:04:46        0       217      0.00      0.00 2558580   59992   0.38  sync_slam_toolb

03:04:46      UID       PID    %usr %system  %guest   %wait    %CPU   CPU  Command
03:04:47        0       217    7.00    2.00    0.00    0.00    9.00     3  sync_slam_toolb

03:04:46      UID       PID  minflt/s  majflt/s     VSZ     RSS   %MEM  Command
03:04:47        0       217      0.00      0.00 2558580   59992   0.38  sync_slam_toolb

03:04:47      UID       PID    %usr %system  %guest   %wait    %CPU   CPU  Command
03:04:48        0       217    4.00    1.00    0.00    0.00    5.00     3  sync_slam_toolb

03:04:47      UID       PID  minflt/s  majflt/s     VSZ     RSS   %MEM  Command
03:04:48        0       217      0.00      0.00 2558580   59992   0.38  sync_slam_toolb

03:04:48      UID       PID    %usr %system  %guest   %wait    %CPU   CPU  Command
03:04:49        0       217    4.00    1.00    0.00    0.00    5.00     6  sync_slam_toolb

03:04:48      UID       PID  minflt/s  majflt/s     VSZ     RSS   %MEM  Command
03:04:49        0       217      0.00      0.00 2558580   59992   0.38  sync_slam_toolb

03:04:49      UID       PID    %usr %system  %guest   %wait    %CPU   CPU  Command
03:04:50        0       217    5.00    1.00    0.00    0.00    6.00     3  sync_slam_toolb

03:04:49      UID       PID  minflt/s  majflt/s     VSZ     RSS   %MEM  Command
03:04:50        0       217      0.00      0.00 2558580   59992   0.38  sync_slam_toolb

03:04:50      UID       PID    %usr %system  %guest   %wait    %CPU   CPU  Command
03:04:51        0       217    4.00    0.00    0.00    0.00    4.00     3  sync_slam_toolb

03:04:50      UID       PID  minflt/s  majflt/s     VSZ     RSS   %MEM  Command
03:04:51        0       217      0.00      0.00 2558580   59992   0.38  sync_slam_toolb

03:04:51      UID       PID    %usr %system  %guest   %wait    %CPU   CPU  Command
03:04:52        0       217    9.00    1.00    0.00    0.00   10.00     3  sync_slam_toolb

03:04:51      UID       PID  minflt/s  majflt/s     VSZ     RSS   %MEM  Command
03:04:52        0       217      7.00      0.00 2558580   59992   0.38  sync_slam_toolb

03:04:52      UID       PID    %usr %system  %guest   %wait    %CPU   CPU  Command
03:04:53        0       217    6.00    1.00    0.00    0.00    7.00     3  sync_slam_toolb

03:04:52      UID       PID  minflt/s  majflt/s     VSZ     RSS   %MEM  Command
03:04:53        0       217      0.00      0.00 2558580   59992   0.38  sync_slam_toolb

03:04:53      UID       PID    %usr %system  %guest   %wait    %CPU   CPU  Command
03:04:54        0       217    4.00    1.00    0.00    0.00    5.00     3  sync_slam_toolb

03:04:53      UID       PID  minflt/s  majflt/s     VSZ     RSS   %MEM  Command
03:04:54        0       217      0.00      0.00 2558580   59992   0.38  sync_slam_toolb

03:04:54      UID       PID    %usr %system  %guest   %wait    %CPU   CPU  Command
03:04:55        0       217    9.00    0.00    0.00    0.00    9.00     4  sync_slam_toolb

03:04:54      UID       PID  minflt/s  majflt/s     VSZ     RSS   %MEM  Command
03:04:55        0       217      5.00      0.00 2558580   60120   0.39  sync_slam_toolb

03:04:55      UID       PID    %usr %system  %guest   %wait    %CPU   CPU  Command
03:04:56        0       217    5.00    1.00    0.00    0.00    6.00     3  sync_slam_toolb

03:04:55      UID       PID  minflt/s  majflt/s     VSZ     RSS   %MEM  Command
03:04:56        0       217      0.00      0.00 2558580   60120   0.39  sync_slam_toolb

03:04:56      UID       PID    %usr %system  %guest   %wait    %CPU   CPU  Command
03:04:57        0       217    7.00    1.00    0.00    0.00    8.00     0  sync_slam_toolb

03:04:56      UID       PID  minflt/s  majflt/s     VSZ     RSS   %MEM  Command
03:04:57        0       217      0.00      0.00 2558580   60120   0.39  sync_slam_toolb

03:04:57      UID       PID    %usr %system  %guest   %wait    %CPU   CPU  Command
03:04:58        0       217    7.00    1.00    0.00    0.00    8.00     4  sync_slam_toolb

03:04:57      UID       PID  minflt/s  majflt/s     VSZ     RSS   %MEM  Command
03:04:58        0       217      7.00      0.00 2558580   60248   0.39  sync_slam_toolb

03:04:58      UID       PID    %usr %system  %guest   %wait    %CPU   CPU  Command
03:04:59        0       217    5.00    1.00    0.00    0.00    6.00     8  sync_slam_toolb

03:04:58      UID       PID  minflt/s  majflt/s     VSZ     RSS   %MEM  Command
03:04:59        0       217      0.00      0.00 2558580   60248   0.39  sync_slam_toolb

03:04:59      UID       PID    %usr %system  %guest   %wait    %CPU   CPU  Command
03:05:00        0       217   28.00    1.00    0.00    0.00   29.00     3  sync_slam_toolb

03:04:59      UID       PID  minflt/s  majflt/s     VSZ     RSS   %MEM  Command
03:05:00        0       217    998.00      0.00 2689652   64088   0.41  sync_slam_toolb

03:05:00      UID       PID    %usr %system  %guest   %wait    %CPU   CPU  Command
03:05:01        0       217    4.00    1.00    0.00    0.00    5.00     3  sync_slam_toolb

03:05:00      UID       PID  minflt/s  majflt/s     VSZ     RSS   %MEM  Command
03:05:01        0       217      0.00      0.00 2689652   64088   0.41  sync_slam_toolb

03:05:01      UID       PID    %usr %system  %guest   %wait    %CPU   CPU  Command
03:05:02        0       217    7.00    1.00    0.00    0.00    8.00     3  sync_slam_toolb

03:05:01      UID       PID  minflt/s  majflt/s     VSZ     RSS   %MEM  Command
03:05:02        0       217      0.00      0.00 2689652   64088   0.41  sync_slam_toolb

03:05:02      UID       PID    %usr %system  %guest   %wait    %CPU   CPU  Command
03:05:03        0       217    8.00    1.00    0.00    0.00    9.00     3  sync_slam_toolb

03:05:02      UID       PID  minflt/s  majflt/s     VSZ     RSS   %MEM  Command
03:05:03        0       217      0.00      0.00 2689652   64088   0.41  sync_slam_toolb

03:05:03      UID       PID    %usr %system  %guest   %wait    %CPU   CPU  Command
03:05:04        0       217    3.00    1.00    0.00    0.00    4.00     8  sync_slam_toolb

03:05:03      UID       PID  minflt/s  majflt/s     VSZ     RSS   %MEM  Command
03:05:04        0       217      0.00      0.00 2689652   64088   0.41  sync_slam_toolb

03:05:04      UID       PID    %usr %system  %guest   %wait    %CPU   CPU  Command
03:05:05        0       217    5.00    0.00    0.00    0.00    5.00     3  sync_slam_toolb

03:05:04      UID       PID  minflt/s  majflt/s     VSZ     RSS   %MEM  Command
03:05:05        0       217      0.00      0.00 2689652   64088   0.41  sync_slam_toolb

03:05:05      UID       PID    %usr %system  %guest   %wait    %CPU   CPU  Command
03:05:06        0       217    8.00    0.00    0.00    0.00    8.00     3  sync_slam_toolb

03:05:05      UID       PID  minflt/s  majflt/s     VSZ     RSS   %MEM  Command
03:05:06        0       217      0.00      0.00 2689652   64088   0.41  sync_slam_toolb

03:05:06      UID       PID    %usr %system  %guest   %wait    %CPU   CPU  Command
03:05:07        0       217    8.00    1.00    0.00    0.00    9.00     3  sync_slam_toolb

03:05:06      UID       PID  minflt/s  majflt/s     VSZ     RSS   %MEM  Command
03:05:07        0       217      0.00      0.00 2689652   64088   0.41  sync_slam_toolb

03:05:07      UID       PID    %usr %system  %guest   %wait    %CPU   CPU  Command
03:05:08        0       217    5.00    1.00    0.00    0.00    6.00     3  sync_slam_toolb

03:05:07      UID       PID  minflt/s  majflt/s     VSZ     RSS   %MEM  Command
03:05:08        0       217      0.00      0.00 2689652   64088   0.41  sync_slam_toolb

03:05:08      UID       PID    %usr %system  %guest   %wait    %CPU   CPU  Command
03:05:09        0       217    5.00    1.00    0.00    0.00    6.00     3  sync_slam_toolb

03:05:08      UID       PID  minflt/s  majflt/s     VSZ     RSS   %MEM  Command
03:05:09        0       217      0.00      0.00 2689652   64088   0.41  sync_slam_toolb

03:05:09      UID       PID    %usr %system  %guest   %wait    %CPU   CPU  Command
03:05:10        0       217    4.00    1.00    0.00    0.00    5.00     3  sync_slam_toolb

03:05:09      UID       PID  minflt/s  majflt/s     VSZ     RSS   %MEM  Command
03:05:10        0       217      0.00      0.00 2689652   64088   0.41  sync_slam_toolb

03:05:10      UID       PID    %usr %system  %guest   %wait    %CPU   CPU  Command
03:05:11        0       217    5.00    1.00    0.00    0.00    6.00     3  sync_slam_toolb

03:05:10      UID       PID  minflt/s  majflt/s     VSZ     RSS   %MEM  Command
03:05:11        0       217      0.00      0.00 2689652   64088   0.41  sync_slam_toolb

03:05:11      UID       PID    %usr %system  %guest   %wait    %CPU   CPU  Command
03:05:12        0       217    8.00    0.00    0.00    0.00    8.00     3  sync_slam_toolb

03:05:11      UID       PID  minflt/s  majflt/s     VSZ     RSS   %MEM  Command
03:05:12        0       217      0.00      0.00 2689652   64088   0.41  sync_slam_toolb

03:05:12      UID       PID    %usr %system  %guest   %wait    %CPU   CPU  Command
03:05:13        0       217    5.00    1.00    0.00    0.00    6.00     3  sync_slam_toolb

03:05:12      UID       PID  minflt/s  majflt/s     VSZ     RSS   %MEM  Command
03:05:13        0       217      0.00      0.00 2689652   64088   0.41  sync_slam_toolb

03:05:13      UID       PID    %usr %system  %guest   %wait    %CPU   CPU  Command
03:05:14        0       217    4.00    1.00    0.00    0.00    5.00     3  sync_slam_toolb

03:05:13      UID       PID  minflt/s  majflt/s     VSZ     RSS   %MEM  Command
03:05:14        0       217      0.00      0.00 2689652   64088   0.41  sync_slam_toolb

03:05:14      UID       PID    %usr %system  %guest   %wait    %CPU   CPU  Command
03:05:15        0       217    5.00    0.00    0.00    0.00    5.00     3  sync_slam_toolb

03:05:14      UID       PID  minflt/s  majflt/s     VSZ     RSS   %MEM  Command
03:05:15        0       217      0.00      0.00 2689652   64088   0.41  sync_slam_toolb

03:05:15      UID       PID    %usr %system  %guest   %wait    %CPU   CPU  Command
03:05:16        0       217    4.00    1.00    0.00    0.00    5.00    12  sync_slam_toolb

03:05:15      UID       PID  minflt/s  majflt/s     VSZ     RSS   %MEM  Command
03:05:16        0       217      0.00      0.00 2689652   64088   0.41  sync_slam_toolb

03:05:16      UID       PID    %usr %system  %guest   %wait    %CPU   CPU  Command
03:05:17        0       217    8.00    1.00    0.00    0.00    9.00     7  sync_slam_toolb

03:05:16      UID       PID  minflt/s  majflt/s     VSZ     RSS   %MEM  Command
03:05:17        0       217      0.00      0.00 2689652   64088   0.41  sync_slam_toolb

03:05:17      UID       PID    %usr %system  %guest   %wait    %CPU   CPU  Command
03:05:18        0       217    5.00    1.00    0.00    0.00    6.00     7  sync_slam_toolb

03:05:17      UID       PID  minflt/s  majflt/s     VSZ     RSS   %MEM  Command
03:05:18        0       217      0.00      0.00 2689652   64088   0.41  sync_slam_toolb

03:05:18      UID       PID    %usr %system  %guest   %wait    %CPU   CPU  Command
03:05:19        0       217    3.00    1.00    0.00    0.00    4.00     7  sync_slam_toolb

03:05:18      UID       PID  minflt/s  majflt/s     VSZ     RSS   %MEM  Command
03:05:19        0       217      0.00      0.00 2689652   64088   0.41  sync_slam_toolb

03:05:19      UID       PID    %usr %system  %guest   %wait    %CPU   CPU  Command
03:05:20        0       217    6.93    0.99    0.00    0.00    7.92     7  sync_slam_toolb

03:05:19      UID       PID  minflt/s  majflt/s     VSZ     RSS   %MEM  Command
03:05:20        0       217      0.00      0.00 2689652   64088   0.41  sync_slam_toolb

03:05:20      UID       PID    %usr %system  %guest   %wait    %CPU   CPU  Command
03:05:21        0       217    5.00    1.00    0.00    0.00    6.00     7  sync_slam_toolb

03:05:20      UID       PID  minflt/s  majflt/s     VSZ     RSS   %MEM  Command
03:05:21        0       217      0.00      0.00 2689652   64088   0.41  sync_slam_toolb

03:05:21      UID       PID    %usr %system  %guest   %wait    %CPU   CPU  Command
03:05:22        0       217   12.00    0.00    0.00    0.00   12.00     7  sync_slam_toolb

03:05:21      UID       PID  minflt/s  majflt/s     VSZ     RSS   %MEM  Command
03:05:22        0       217     22.00      0.00 2689652   64088   0.41  sync_slam_toolb

03:05:22      UID       PID    %usr %system  %guest   %wait    %CPU   CPU  Command
03:05:23        0       217    3.00    1.00    0.00    0.00    4.00     7  sync_slam_toolb

03:05:22      UID       PID  minflt/s  majflt/s     VSZ     RSS   %MEM  Command
03:05:23        0       217      0.00      0.00 2689652   64088   0.41  sync_slam_toolb

03:05:23      UID       PID    %usr %system  %guest   %wait    %CPU   CPU  Command
03:05:24        0       217    8.00    1.00    0.00    0.00    9.00     7  sync_slam_toolb

03:05:23      UID       PID  minflt/s  majflt/s     VSZ     RSS   %MEM  Command
03:05:24        0       217      0.00      0.00 2689652   64088   0.41  sync_slam_toolb

03:05:24      UID       PID    %usr %system  %guest   %wait    %CPU   CPU  Command
03:05:25        0       217    5.00    0.00    0.00    0.00    5.00     7  sync_slam_toolb

03:05:24      UID       PID  minflt/s  majflt/s     VSZ     RSS   %MEM  Command
03:05:25        0       217      0.00      0.00 2689652   64088   0.41  sync_slam_toolb

03:05:25      UID       PID    %usr %system  %guest   %wait    %CPU   CPU  Command
03:05:26        0       217    7.00    1.00    0.00    0.00    8.00     4  sync_slam_toolb

03:05:25      UID       PID  minflt/s  majflt/s     VSZ     RSS   %MEM  Command
03:05:26        0       217      0.00      0.00 2689652   64088   0.41  sync_slam_toolb

03:05:26      UID       PID    %usr %system  %guest   %wait    %CPU   CPU  Command
03:05:27        0       217    8.00    1.00    0.00    0.00    9.00    12  sync_slam_toolb

03:05:26      UID       PID  minflt/s  majflt/s     VSZ     RSS   %MEM  Command
03:05:27        0       217    125.00      0.00 2690064   64728   0.42  sync_slam_toolb

03:05:27      UID       PID    %usr %system  %guest   %wait    %CPU   CPU  Command
03:05:28        0       217    7.00    1.00    0.00    0.00    8.00     8  sync_slam_toolb

03:05:27      UID       PID  minflt/s  majflt/s     VSZ     RSS   %MEM  Command
03:05:28        0       217      0.00      0.00 2690064   64728   0.42  sync_slam_toolb

03:05:28      UID       PID    %usr %system  %guest   %wait    %CPU   CPU  Command
03:05:29        0       217    4.00    1.00    0.00    0.00    5.00     8  sync_slam_toolb

03:05:28      UID       PID  minflt/s  majflt/s     VSZ     RSS   %MEM  Command
03:05:29        0       217      0.00      0.00 2690064   64728   0.42  sync_slam_toolb

03:05:29      UID       PID    %usr %system  %guest   %wait    %CPU   CPU  Command
03:05:30        0       217    4.00    0.00    0.00    0.00    4.00     8  sync_slam_toolb

03:05:29      UID       PID  minflt/s  majflt/s     VSZ     RSS   %MEM  Command
03:05:30        0       217      0.00      0.00 2690064   64728   0.42  sync_slam_toolb

03:05:30      UID       PID    %usr %system  %guest   %wait    %CPU   CPU  Command
03:05:31        0       217    7.00    1.00    0.00    0.00    8.00     8  sync_slam_toolb

03:05:30      UID       PID  minflt/s  majflt/s     VSZ     RSS   %MEM  Command
03:05:31        0       217      0.00      0.00 2690064   64728   0.42  sync_slam_toolb

03:05:31      UID       PID    %usr %system  %guest   %wait    %CPU   CPU  Command
03:05:32        0       217    8.00    1.00    0.00    0.00    9.00     0  sync_slam_toolb

03:05:31      UID       PID  minflt/s  majflt/s     VSZ     RSS   %MEM  Command
03:05:32        0       217     24.00      0.00 2690064   64728   0.42  sync_slam_toolb

03:05:32      UID       PID    %usr %system  %guest   %wait    %CPU   CPU  Command
03:05:33        0       217    7.00    0.00    0.00    0.00    7.00     8  sync_slam_toolb

03:05:32      UID       PID  minflt/s  majflt/s     VSZ     RSS   %MEM  Command
03:05:33        0       217      0.00      0.00 2690064   64728   0.42  sync_slam_toolb

03:05:33      UID       PID    %usr %system  %guest   %wait    %CPU   CPU  Command
03:05:34        0       217    4.00    1.00    0.00    0.00    5.00     8  sync_slam_toolb

03:05:33      UID       PID  minflt/s  majflt/s     VSZ     RSS   %MEM  Command
03:05:34        0       217      0.00      0.00 2690064   64728   0.42  sync_slam_toolb

03:05:34      UID       PID    %usr %system  %guest   %wait    %CPU   CPU  Command
03:05:35        0       217    7.00    1.00    0.00    0.00    8.00     0  sync_slam_toolb

03:05:34      UID       PID  minflt/s  majflt/s     VSZ     RSS   %MEM  Command
03:05:35        0       217      0.00      0.00 2690064   64728   0.42  sync_slam_toolb

03:05:35      UID       PID    %usr %system  %guest   %wait    %CPU   CPU  Command
03:05:36        0       217    4.00    1.00    0.00    0.00    5.00    14  sync_slam_toolb

03:05:35      UID       PID  minflt/s  majflt/s     VSZ     RSS   %MEM  Command
03:05:36        0       217      0.00      0.00 2690064   64728   0.42  sync_slam_toolb

03:05:36      UID       PID    %usr %system  %guest   %wait    %CPU   CPU  Command
03:05:37        0       217    9.00    0.00    0.00    0.00    9.00    12  sync_slam_toolb

03:05:36      UID       PID  minflt/s  majflt/s     VSZ     RSS   %MEM  Command
03:05:37        0       217     85.00      0.00 2690064   65112   0.42  sync_slam_toolb

03:05:37      UID       PID    %usr %system  %guest   %wait    %CPU   CPU  Command
03:05:38        0       217    4.00    0.00    0.00    0.00    4.00    14  sync_slam_toolb

03:05:37      UID       PID  minflt/s  majflt/s     VSZ     RSS   %MEM  Command
03:05:38        0       217      0.00      0.00 2690064   65112   0.42  sync_slam_toolb

03:05:38      UID       PID    %usr %system  %guest   %wait    %CPU   CPU  Command
03:05:39        0       217    4.00    1.00    0.00    0.00    5.00     8  sync_slam_toolb

03:05:38      UID       PID  minflt/s  majflt/s     VSZ     RSS   %MEM  Command
03:05:39        0       217      0.00      0.00 2690064   65112   0.42  sync_slam_toolb

03:05:39      UID       PID    %usr %system  %guest   %wait    %CPU   CPU  Command
03:05:40        0       217    4.00    1.00    0.00    0.00    5.00    10  sync_slam_toolb

03:05:39      UID       PID  minflt/s  majflt/s     VSZ     RSS   %MEM  Command
03:05:40        0       217      0.00      0.00 2690064   65112   0.42  sync_slam_toolb

03:05:40      UID       PID    %usr %system  %guest   %wait    %CPU   CPU  Command
03:05:41        0       217    3.00    0.00    0.00    0.00    3.00     6  sync_slam_toolb

03:05:40      UID       PID  minflt/s  majflt/s     VSZ     RSS   %MEM  Command
03:05:41        0       217      0.00      0.00 2690064   65112   0.42  sync_slam_toolb

03:05:41      UID       PID    %usr %system  %guest   %wait    %CPU   CPU  Command
03:05:42        0       217    5.00    1.00    0.00    0.00    6.00     6  sync_slam_toolb

03:05:41      UID       PID  minflt/s  majflt/s     VSZ     RSS   %MEM  Command
03:05:42        0       217      8.00      0.00 2690064   65112   0.42  sync_slam_toolb

03:05:42      UID       PID    %usr %system  %guest   %wait    %CPU   CPU  Command
03:05:43        0       217    4.00    1.00    0.00    0.00    5.00    10  sync_slam_toolb

03:05:42      UID       PID  minflt/s  majflt/s     VSZ     RSS   %MEM  Command
03:05:43        0       217      0.00      0.00 2690064   65112   0.42  sync_slam_toolb

03:05:43      UID       PID    %usr %system  %guest   %wait    %CPU   CPU  Command
03:05:44        0       217    4.00    0.00    0.00    0.00    4.00     0  sync_slam_toolb

03:05:43      UID       PID  minflt/s  majflt/s     VSZ     RSS   %MEM  Command
03:05:44        0       217      0.00      0.00 2690064   65112   0.42  sync_slam_toolb

03:05:44      UID       PID    %usr %system  %guest   %wait    %CPU   CPU  Command
03:05:45        0       217    8.00    2.00    0.00    0.00   10.00     6  sync_slam_toolb

03:05:44      UID       PID  minflt/s  majflt/s     VSZ     RSS   %MEM  Command
03:05:45        0       217      0.00      0.00 2690064   65112   0.42  sync_slam_toolb

03:05:45      UID       PID    %usr %system  %guest   %wait    %CPU   CPU  Command
03:05:46        0       217    4.00    0.00    0.00    0.00    4.00     0  sync_slam_toolb

03:05:45      UID       PID  minflt/s  majflt/s     VSZ     RSS   %MEM  Command
03:05:46        0       217      0.00      0.00 2690064   65112   0.42  sync_slam_toolb

03:05:46      UID       PID    %usr %system  %guest   %wait    %CPU   CPU  Command
03:05:47        0       217   12.00    1.00    0.00    0.00   13.00     0  sync_slam_toolb

03:05:46      UID       PID  minflt/s  majflt/s     VSZ     RSS   %MEM  Command
03:05:47        0       217      1.00      0.00 2690064   65112   0.42  sync_slam_toolb

03:05:47      UID       PID    %usr %system  %guest   %wait    %CPU   CPU  Command
03:05:48        0       217    4.00    1.00    0.00    0.00    5.00     0  sync_slam_toolb

03:05:47      UID       PID  minflt/s  majflt/s     VSZ     RSS   %MEM  Command
03:05:48        0       217      0.00      0.00 2690064   65112   0.42  sync_slam_toolb

03:05:48      UID       PID    %usr %system  %guest   %wait    %CPU   CPU  Command
03:05:49        0       217    5.00    1.00    0.00    0.00    6.00     2  sync_slam_toolb

03:05:48      UID       PID  minflt/s  majflt/s     VSZ     RSS   %MEM  Command
03:05:49        0       217      0.00      0.00 2690064   65112   0.42  sync_slam_toolb

03:05:49      UID       PID    %usr %system  %guest   %wait    %CPU   CPU  Command
03:05:50        0       217    8.00    0.00    0.00    0.00    8.00     2  sync_slam_toolb

03:05:49      UID       PID  minflt/s  majflt/s     VSZ     RSS   %MEM  Command
03:05:50        0       217      0.00      0.00 2690064   65112   0.42  sync_slam_toolb

03:05:50      UID       PID    %usr %system  %guest   %wait    %CPU   CPU  Command
03:05:51        0       217    4.00    1.00    0.00    0.00    5.00     2  sync_slam_toolb

03:05:50      UID       PID  minflt/s  majflt/s     VSZ     RSS   %MEM  Command
03:05:51        0       217      0.00      0.00 2690064   65112   0.42  sync_slam_toolb

03:05:51      UID       PID    %usr %system  %guest   %wait    %CPU   CPU  Command
03:05:52        0       217   13.00    0.00    0.00    0.00   13.00     1  sync_slam_toolb

03:05:51      UID       PID  minflt/s  majflt/s     VSZ     RSS   %MEM  Command
03:05:52        0       217     97.00      0.00 2690220   65496   0.42  sync_slam_toolb

03:05:52      UID       PID    %usr %system  %guest   %wait    %CPU   CPU  Command
03:05:53        0       217    5.00    0.00    0.00    0.00    5.00     1  sync_slam_toolb

03:05:52      UID       PID  minflt/s  majflt/s     VSZ     RSS   %MEM  Command
03:05:53        0       217      0.00      0.00 2690220   65496   0.42  sync_slam_toolb

03:05:53      UID       PID    %usr %system  %guest   %wait    %CPU   CPU  Command
03:05:54        0       217    3.00    2.00    0.00    0.00    5.00     1  sync_slam_toolb

03:05:53      UID       PID  minflt/s  majflt/s     VSZ     RSS   %MEM  Command
03:05:54        0       217      0.00      0.00 2690220   65496   0.42  sync_slam_toolb

03:05:54      UID       PID    %usr %system  %guest   %wait    %CPU   CPU  Command
03:05:55        0       217    4.00    0.00    0.00    0.00    4.00     2  sync_slam_toolb

03:05:54      UID       PID  minflt/s  majflt/s     VSZ     RSS   %MEM  Command
03:05:55        0       217      0.00      0.00 2690220   65496   0.42  sync_slam_toolb

03:05:55      UID       PID    %usr %system  %guest   %wait    %CPU   CPU  Command
03:05:56        0       217    4.00    1.00    0.00    0.00    5.00     1  sync_slam_toolb

03:05:55      UID       PID  minflt/s  majflt/s     VSZ     RSS   %MEM  Command
03:05:56        0       217      0.00      0.00 2690220   65496   0.42  sync_slam_toolb

03:05:56      UID       PID    %usr %system  %guest   %wait    %CPU   CPU  Command
03:05:57        0       217   12.00    0.00    0.00    0.00   12.00    14  sync_slam_toolb

03:05:56      UID       PID  minflt/s  majflt/s     VSZ     RSS   %MEM  Command
03:05:57        0       217      4.00      0.00 2690220   65496   0.42  sync_slam_toolb

03:05:57      UID       PID    %usr %system  %guest   %wait    %CPU   CPU  Command
03:05:58        0       217    5.00    0.00    0.00    0.00    5.00     2  sync_slam_toolb

03:05:57      UID       PID  minflt/s  majflt/s     VSZ     RSS   %MEM  Command
03:05:58        0       217      0.00      0.00 2690220   65496   0.42  sync_slam_toolb

03:05:58      UID       PID    %usr %system  %guest   %wait    %CPU   CPU  Command
03:05:59        0       217    7.00    1.00    0.00    0.00    8.00     6  sync_slam_toolb

03:05:58      UID       PID  minflt/s  majflt/s     VSZ     RSS   %MEM  Command
03:05:59        0       217      0.00      0.00 2690220   65496   0.42  sync_slam_toolb

03:05:59      UID       PID    %usr %system  %guest   %wait    %CPU   CPU  Command
03:06:00        0       217    3.00    1.00    0.00    0.00    4.00    12  sync_slam_toolb

03:05:59      UID       PID  minflt/s  majflt/s     VSZ     RSS   %MEM  Command
03:06:00        0       217      0.00      0.00 2690220   65496   0.42  sync_slam_toolb

03:06:00      UID       PID    %usr %system  %guest   %wait    %CPU   CPU  Command
03:06:01        0       217    4.00    1.00    0.00    0.00    5.00     6  sync_slam_toolb

03:06:00      UID       PID  minflt/s  majflt/s     VSZ     RSS   %MEM  Command
03:06:01        0       217      0.00      0.00 2690220   65496   0.42  sync_slam_toolb

03:06:01      UID       PID    %usr %system  %guest   %wait    %CPU   CPU  Command
03:06:02        0       217   12.00    0.00    0.00    0.00   12.00     6  sync_slam_toolb

03:06:01      UID       PID  minflt/s  majflt/s     VSZ     RSS   %MEM  Command
03:06:02        0       217      0.00      0.00 2690220   65496   0.42  sync_slam_toolb

03:06:02      UID       PID    %usr %system  %guest   %wait    %CPU   CPU  Command
03:06:03        0       217    4.00    0.00    0.00    0.00    4.00     6  sync_slam_toolb

03:06:02      UID       PID  minflt/s  majflt/s     VSZ     RSS   %MEM  Command
03:06:03        0       217      0.00      0.00 2690220   65496   0.42  sync_slam_toolb

03:06:03      UID       PID    %usr %system  %guest   %wait    %CPU   CPU  Command
03:06:04        0       217    3.00    1.00    0.00    0.00    4.00     2  sync_slam_toolb

03:06:03      UID       PID  minflt/s  majflt/s     VSZ     RSS   %MEM  Command
03:06:04        0       217      0.00      0.00 2690220   65496   0.42  sync_slam_toolb

03:06:04      UID       PID    %usr %system  %guest   %wait    %CPU   CPU  Command
03:06:05        0       217    7.00    2.00    0.00    0.00    9.00    14  sync_slam_toolb

03:06:04      UID       PID  minflt/s  majflt/s     VSZ     RSS   %MEM  Command
03:06:05        0       217      0.00      0.00 2690220   65496   0.42  sync_slam_toolb

03:06:05      UID       PID    %usr %system  %guest   %wait    %CPU   CPU  Command
03:06:06        0       217    4.00    0.00    0.00    0.00    4.00     0  sync_slam_toolb

03:06:05      UID       PID  minflt/s  majflt/s     VSZ     RSS   %MEM  Command
03:06:06        0       217      0.00      0.00 2690220   65496   0.42  sync_slam_toolb

03:06:06      UID       PID    %usr %system  %guest   %wait    %CPU   CPU  Command
03:06:07        0       217   12.00    1.00    0.00    0.00   13.00     0  sync_slam_toolb

03:06:06      UID       PID  minflt/s  majflt/s     VSZ     RSS   %MEM  Command
03:06:07        0       217      0.00      0.00 2690220   65496   0.42  sync_slam_toolb

03:06:07      UID       PID    %usr %system  %guest   %wait    %CPU   CPU  Command
03:06:08        0       217    4.00    1.00    0.00    0.00    5.00    12  sync_slam_toolb

03:06:07      UID       PID  minflt/s  majflt/s     VSZ     RSS   %MEM  Command
03:06:08        0       217      0.00      0.00 2690220   65496   0.42  sync_slam_toolb

03:06:08      UID       PID    %usr %system  %guest   %wait    %CPU   CPU  Command
03:06:09        0       217    7.00    1.00    0.00    0.00    8.00    12  sync_slam_toolb

03:06:08      UID       PID  minflt/s  majflt/s     VSZ     RSS   %MEM  Command
03:06:09        0       217      0.00      0.00 2690220   65496   0.42  sync_slam_toolb

03:06:09      UID       PID    %usr %system  %guest   %wait    %CPU   CPU  Command
03:06:10        0       217    4.00    0.00    0.00    0.00    4.00     0  sync_slam_toolb

03:06:09      UID       PID  minflt/s  majflt/s     VSZ     RSS   %MEM  Command
03:06:10        0       217      0.00      0.00 2690220   65496   0.42  sync_slam_toolb

03:06:10      UID       PID    %usr %system  %guest   %wait    %CPU   CPU  Command
03:06:11        0       217    4.00    0.00    0.00    0.00    4.00     4  sync_slam_toolb

03:06:10      UID       PID  minflt/s  majflt/s     VSZ     RSS   %MEM  Command
03:06:11        0       217      0.00      0.00 2690220   65496   0.42  sync_slam_toolb

03:06:11      UID       PID    %usr %system  %guest   %wait    %CPU   CPU  Command
03:06:12        0       217   12.00    1.00    0.00    0.00   13.00    14  sync_slam_toolb

03:06:11      UID       PID  minflt/s  majflt/s     VSZ     RSS   %MEM  Command
03:06:12        0       217      0.00      0.00 2690220   65496   0.42  sync_slam_toolb

03:06:12      UID       PID    %usr %system  %guest   %wait    %CPU   CPU  Command
03:06:13        0       217    4.00    0.00    0.00    0.00    4.00     6  sync_slam_toolb

03:06:12      UID       PID  minflt/s  majflt/s     VSZ     RSS   %MEM  Command
03:06:13        0       217      0.00      0.00 2690220   65496   0.42  sync_slam_toolb

03:06:13      UID       PID    %usr %system  %guest   %wait    %CPU   CPU  Command
03:06:14        0       217    4.00    1.00    0.00    0.00    5.00     2  sync_slam_toolb

03:06:13      UID       PID  minflt/s  majflt/s     VSZ     RSS   %MEM  Command
03:06:14        0       217      0.00      0.00 2690220   65496   0.42  sync_slam_toolb

03:06:14      UID       PID    %usr %system  %guest   %wait    %CPU   CPU  Command
03:06:15        0       217    4.00    0.00    0.00    0.00    4.00     6  sync_slam_toolb

03:06:14      UID       PID  minflt/s  majflt/s     VSZ     RSS   %MEM  Command
03:06:15        0       217      0.00      0.00 2690220   65496   0.42  sync_slam_toolb

03:06:15      UID       PID    %usr %system  %guest   %wait    %CPU   CPU  Command
03:06:16        0       217    3.00    1.00    0.00    0.00    4.00     2  sync_slam_toolb

03:06:15      UID       PID  minflt/s  majflt/s     VSZ     RSS   %MEM  Command
03:06:16        0       217      0.00      0.00 2690220   65496   0.42  sync_slam_toolb

03:06:16      UID       PID    %usr %system  %guest   %wait    %CPU   CPU  Command
03:06:17        0       217    9.00    0.00    0.00    0.00    9.00     2  sync_slam_toolb

03:06:16      UID       PID  minflt/s  majflt/s     VSZ     RSS   %MEM  Command
03:06:17        0       217      0.00      0.00 2690220   65496   0.42  sync_slam_toolb

03:06:17      UID       PID    %usr %system  %guest   %wait    %CPU   CPU  Command
03:06:18        0       217    4.00    0.00    0.00    0.00    4.00     4  sync_slam_toolb

03:06:17      UID       PID  minflt/s  majflt/s     VSZ     RSS   %MEM  Command
03:06:18        0       217      0.00      0.00 2690220   65496   0.42  sync_slam_toolb

03:06:18      UID       PID    %usr %system  %guest   %wait    %CPU   CPU  Command
03:06:19        0       217    3.00    1.00    0.00    0.00    4.00     2  sync_slam_toolb

03:06:18      UID       PID  minflt/s  majflt/s     VSZ     RSS   %MEM  Command
03:06:19        0       217      0.00      0.00 2690220   65496   0.42  sync_slam_toolb

03:06:19      UID       PID    %usr %system  %guest   %wait    %CPU   CPU  Command
03:06:20        0       217    7.00    1.00    0.00    0.00    8.00     0  sync_slam_toolb

03:06:19      UID       PID  minflt/s  majflt/s     VSZ     RSS   %MEM  Command
03:06:20        0       217      0.00      0.00 2690220   65496   0.42  sync_slam_toolb

03:06:20      UID       PID    %usr %system  %guest   %wait    %CPU   CPU  Command
03:06:21        0       217    4.00    1.00    0.00    0.00    5.00     0  sync_slam_toolb

03:06:20      UID       PID  minflt/s  majflt/s     VSZ     RSS   %MEM  Command
03:06:21        0       217      0.00      0.00 2690220   65496   0.42  sync_slam_toolb

03:06:21      UID       PID    %usr %system  %guest   %wait    %CPU   CPU  Command
03:06:22        0       217    8.00    1.00    0.00    0.00    9.00     0  sync_slam_toolb

03:06:21      UID       PID  minflt/s  majflt/s     VSZ     RSS   %MEM  Command
03:06:22        0       217      0.00      0.00 2690220   65496   0.42  sync_slam_toolb

03:06:22      UID       PID    %usr %system  %guest   %wait    %CPU   CPU  Command
03:06:23        0       217    8.00    0.00    0.00    0.00    8.00     0  sync_slam_toolb

03:06:22      UID       PID  minflt/s  majflt/s     VSZ     RSS   %MEM  Command
03:06:23        0       217      0.00      0.00 2690220   65496   0.42  sync_slam_toolb

03:06:23      UID       PID    %usr %system  %guest   %wait    %CPU   CPU  Command
03:06:24        0       217    6.00    2.00    0.00    0.00    8.00     0  sync_slam_toolb

03:06:23      UID       PID  minflt/s  majflt/s     VSZ     RSS   %MEM  Command
03:06:24        0       217      0.00      0.00 2690220   65496   0.42  sync_slam_toolb

03:06:24      UID       PID    %usr %system  %guest   %wait    %CPU   CPU  Command
03:06:25        0       217    5.00    0.00    0.00    0.00    5.00     2  sync_slam_toolb

03:06:24      UID       PID  minflt/s  majflt/s     VSZ     RSS   %MEM  Command
03:06:25        0       217      0.00      0.00 2690220   65496   0.42  sync_slam_toolb

03:06:25      UID       PID    %usr %system  %guest   %wait    %CPU   CPU  Command
03:06:26        0       217    5.00    1.00    0.00    0.00    6.00     4  sync_slam_toolb

03:06:25      UID       PID  minflt/s  majflt/s     VSZ     RSS   %MEM  Command
03:06:26        0       217      0.00      0.00 2690220   65496   0.42  sync_slam_toolb

03:06:26      UID       PID    %usr %system  %guest   %wait    %CPU   CPU  Command
03:06:27        0       217   12.00    1.00    0.00    0.00   13.00     0  sync_slam_toolb

03:06:26      UID       PID  minflt/s  majflt/s     VSZ     RSS   %MEM  Command
03:06:27        0       217      0.00      0.00 2690220   65496   0.42  sync_slam_toolb

03:06:27      UID       PID    %usr %system  %guest   %wait    %CPU   CPU  Command
03:06:28        0       217    4.00    2.00    0.00    0.00    6.00     6  sync_slam_toolb

03:06:27      UID       PID  minflt/s  majflt/s     VSZ     RSS   %MEM  Command
03:06:28        0       217      0.00      0.00 2690220   65496   0.42  sync_slam_toolb

03:06:28      UID       PID    %usr %system  %guest   %wait    %CPU   CPU  Command
03:06:29        0       217    7.00    1.00    0.00    0.00    8.00     6  sync_slam_toolb

03:06:28      UID       PID  minflt/s  majflt/s     VSZ     RSS   %MEM  Command
03:06:29        0       217      0.00      0.00 2690220   65496   0.42  sync_slam_toolb

03:06:29      UID       PID    %usr %system  %guest   %wait    %CPU   CPU  Command
03:06:30        0       217    5.00    1.00    0.00    0.00    6.00    14  sync_slam_toolb

03:06:29      UID       PID  minflt/s  majflt/s     VSZ     RSS   %MEM  Command
03:06:30        0       217      0.00      0.00 2690220   65496   0.42  sync_slam_toolb

03:06:30      UID       PID    %usr %system  %guest   %wait    %CPU   CPU  Command
03:06:31        0       217    6.00    1.00    0.00    0.00    7.00     0  sync_slam_toolb

03:06:30      UID       PID  minflt/s  majflt/s     VSZ     RSS   %MEM  Command
03:06:31        0       217      0.00      0.00 2690220   65496   0.42  sync_slam_toolb

03:06:31      UID       PID    %usr %system  %guest   %wait    %CPU   CPU  Command
03:06:32        0       217    9.00    1.00    0.00    0.00   10.00     5  sync_slam_toolb

03:06:31      UID       PID  minflt/s  majflt/s     VSZ     RSS   %MEM  Command
03:06:32        0       217      0.00      0.00 2690220   65496   0.42  sync_slam_toolb

03:06:32      UID       PID    %usr %system  %guest   %wait    %CPU   CPU  Command
03:06:33        0       217    8.00    1.00    0.00    0.00    9.00     5  sync_slam_toolb

03:06:32      UID       PID  minflt/s  majflt/s     VSZ     RSS   %MEM  Command
03:06:33        0       217      0.00      0.00 2690220   65496   0.42  sync_slam_toolb

03:06:33      UID       PID    %usr %system  %guest   %wait    %CPU   CPU  Command
03:06:34        0       217    5.00    1.00    0.00    0.00    6.00     4  sync_slam_toolb

03:06:33      UID       PID  minflt/s  majflt/s     VSZ     RSS   %MEM  Command
03:06:34        0       217      0.00      0.00 2690220   65496   0.42  sync_slam_toolb

03:06:34      UID       PID    %usr %system  %guest   %wait    %CPU   CPU  Command
03:06:35        0       217    4.00    0.00    0.00    0.00    4.00     0  sync_slam_toolb

03:06:34      UID       PID  minflt/s  majflt/s     VSZ     RSS   %MEM  Command
03:06:35        0       217      0.00      0.00 2690220   65496   0.42  sync_slam_toolb

03:06:35      UID       PID    %usr %system  %guest   %wait    %CPU   CPU  Command
03:06:36        0       217    8.00    1.00    0.00    0.00    9.00     4  sync_slam_toolb

03:06:35      UID       PID  minflt/s  majflt/s     VSZ     RSS   %MEM  Command
03:06:36        0       217      0.00      0.00 2690220   65496   0.42  sync_slam_toolb

03:06:36      UID       PID    %usr %system  %guest   %wait    %CPU   CPU  Command
03:06:37        0       217    8.00    2.00    0.00    0.00   10.00     2  sync_slam_toolb

03:06:36      UID       PID  minflt/s  majflt/s     VSZ     RSS   %MEM  Command
03:06:37        0       217      0.00      0.00 2690220   65496   0.42  sync_slam_toolb

03:06:37      UID       PID    %usr %system  %guest   %wait    %CPU   CPU  Command
03:06:38        0       217    7.00    2.00    0.00    0.00    9.00    12  sync_slam_toolb

03:06:37      UID       PID  minflt/s  majflt/s     VSZ     RSS   %MEM  Command
03:06:38        0       217      0.00      0.00 2690220   65496   0.42  sync_slam_toolb

03:06:38      UID       PID    %usr %system  %guest   %wait    %CPU   CPU  Command
03:06:39        0       217    5.00    0.00    0.00    0.00    5.00     2  sync_slam_toolb

03:06:38      UID       PID  minflt/s  majflt/s     VSZ     RSS   %MEM  Command
03:06:39        0       217      0.00      0.00 2690220   65496   0.42  sync_slam_toolb

03:06:39      UID       PID    %usr %system  %guest   %wait    %CPU   CPU  Command
03:06:40        0       217    8.00    1.00    0.00    0.00    9.00    12  sync_slam_toolb

03:06:39      UID       PID  minflt/s  majflt/s     VSZ     RSS   %MEM  Command
03:06:40        0       217      0.00      0.00 2690220   65496   0.42  sync_slam_toolb

03:06:40      UID       PID    %usr %system  %guest   %wait    %CPU   CPU  Command
03:06:41        0       217    5.00    0.00    0.00    0.00    5.00    15  sync_slam_toolb

03:06:40      UID       PID  minflt/s  majflt/s     VSZ     RSS   %MEM  Command
03:06:41        0       217      0.00      0.00 2690220   65496   0.42  sync_slam_toolb

03:06:41      UID       PID    %usr %system  %guest   %wait    %CPU   CPU  Command
03:06:42        0       217   13.00    0.00    0.00    0.00   13.00    15  sync_slam_toolb

03:06:41      UID       PID  minflt/s  majflt/s     VSZ     RSS   %MEM  Command
03:06:42        0       217      0.00      0.00 2690220   65496   0.42  sync_slam_toolb

03:06:42      UID       PID    %usr %system  %guest   %wait    %CPU   CPU  Command
03:06:43        0       217    5.00    1.00    0.00    0.00    6.00     2  sync_slam_toolb

03:06:42      UID       PID  minflt/s  majflt/s     VSZ     RSS   %MEM  Command
03:06:43        0       217      0.00      0.00 2690220   65496   0.42  sync_slam_toolb

03:06:43      UID       PID    %usr %system  %guest   %wait    %CPU   CPU  Command
03:06:44        0       217    8.00    1.00    0.00    0.00    9.00     6  sync_slam_toolb

03:06:43      UID       PID  minflt/s  majflt/s     VSZ     RSS   %MEM  Command
03:06:44        0       217      0.00      0.00 2690220   65496   0.42  sync_slam_toolb

03:06:44      UID       PID    %usr %system  %guest   %wait    %CPU   CPU  Command
03:06:45        0       217    4.00    1.00    0.00    0.00    5.00     4  sync_slam_toolb

03:06:44      UID       PID  minflt/s  majflt/s     VSZ     RSS   %MEM  Command
03:06:45        0       217      0.00      0.00 2690220   65496   0.42  sync_slam_toolb

03:06:45      UID       PID    %usr %system  %guest   %wait    %CPU   CPU  Command
03:06:46        0       217    4.00    2.00    0.00    0.00    6.00     6  sync_slam_toolb

03:06:45      UID       PID  minflt/s  majflt/s     VSZ     RSS   %MEM  Command
03:06:46        0       217      0.00      0.00 2690220   65496   0.42  sync_slam_toolb

03:06:46      UID       PID    %usr %system  %guest   %wait    %CPU   CPU  Command
03:06:47        0       217   12.00    0.00    0.00    0.00   12.00     2  sync_slam_toolb

03:06:46      UID       PID  minflt/s  majflt/s     VSZ     RSS   %MEM  Command
03:06:47        0       217      0.00      0.00 2690220   65496   0.42  sync_slam_toolb

03:06:47      UID       PID    %usr %system  %guest   %wait    %CPU   CPU  Command
03:06:48        0       217    5.00    1.00    0.00    0.00    6.00     2  sync_slam_toolb

03:06:47      UID       PID  minflt/s  majflt/s     VSZ     RSS   %MEM  Command
03:06:48        0       217      0.00      0.00 2690220   65496   0.42  sync_slam_toolb

03:06:48      UID       PID    %usr %system  %guest   %wait    %CPU   CPU  Command
03:06:49        0       217    5.00    0.00    0.00    0.00    5.00     6  sync_slam_toolb

03:06:48      UID       PID  minflt/s  majflt/s     VSZ     RSS   %MEM  Command
03:06:49        0       217      0.00      0.00 2690220   65496   0.42  sync_slam_toolb

03:06:49      UID       PID    %usr %system  %guest   %wait    %CPU   CPU  Command
03:06:50        0       217    7.00    0.00    0.00    0.00    7.00     4  sync_slam_toolb

03:06:49      UID       PID  minflt/s  majflt/s     VSZ     RSS   %MEM  Command
03:06:50        0       217      0.00      0.00 2690220   65496   0.42  sync_slam_toolb

03:06:50      UID       PID    %usr %system  %guest   %wait    %CPU   CPU  Command
03:06:51        0       217    5.00    1.00    0.00    0.00    6.00     2  sync_slam_toolb

03:06:50      UID       PID  minflt/s  majflt/s     VSZ     RSS   %MEM  Command
03:06:51        0       217      0.00      0.00 2690220   65496   0.42  sync_slam_toolb

03:06:51      UID       PID    %usr %system  %guest   %wait    %CPU   CPU  Command
03:06:52        0       217   12.00    1.00    0.00    0.00   13.00     6  sync_slam_toolb

03:06:51      UID       PID  minflt/s  majflt/s     VSZ     RSS   %MEM  Command
03:06:52        0       217      0.00      0.00 2690220   65496   0.42  sync_slam_toolb

03:06:52      UID       PID    %usr %system  %guest   %wait    %CPU   CPU  Command
03:06:53        0       217    4.00    1.00    0.00    0.00    5.00     6  sync_slam_toolb

03:06:52      UID       PID  minflt/s  majflt/s     VSZ     RSS   %MEM  Command
03:06:53        0       217      0.00      0.00 2690220   65496   0.42  sync_slam_toolb

03:06:53      UID       PID    %usr %system  %guest   %wait    %CPU   CPU  Command
03:06:54        0       217    4.00    1.00    0.00    0.00    5.00     2  sync_slam_toolb

03:06:53      UID       PID  minflt/s  majflt/s     VSZ     RSS   %MEM  Command
03:06:54        0       217      0.00      0.00 2690220   65496   0.42  sync_slam_toolb

03:06:54      UID       PID    %usr %system  %guest   %wait    %CPU   CPU  Command
03:06:55        0       217    5.00    0.00    0.00    0.00    5.00     6  sync_slam_toolb

03:06:54      UID       PID  minflt/s  majflt/s     VSZ     RSS   %MEM  Command
03:06:55        0       217      0.00      0.00 2690220   65496   0.42  sync_slam_toolb

03:06:55      UID       PID    %usr %system  %guest   %wait    %CPU   CPU  Command
03:06:56        0       217    4.00    1.00    0.00    0.00    5.00     6  sync_slam_toolb

03:06:55      UID       PID  minflt/s  majflt/s     VSZ     RSS   %MEM  Command
03:06:56        0       217      0.00      0.00 2690220   65496   0.42  sync_slam_toolb

03:06:56      UID       PID    %usr %system  %guest   %wait    %CPU   CPU  Command
03:06:57        0       217    9.00    1.00    0.00    0.00   10.00     8  sync_slam_toolb

03:06:56      UID       PID  minflt/s  majflt/s     VSZ     RSS   %MEM  Command
03:06:57        0       217      0.00      0.00 2690220   65496   0.42  sync_slam_toolb

03:06:57      UID       PID    %usr %system  %guest   %wait    %CPU   CPU  Command
03:06:58        0       217    4.00    0.00    0.00    0.00    4.00    12  sync_slam_toolb

03:06:57      UID       PID  minflt/s  majflt/s     VSZ     RSS   %MEM  Command
03:06:58        0       217      0.00      0.00 2690220   65496   0.42  sync_slam_toolb

03:06:58      UID       PID    %usr %system  %guest   %wait    %CPU   CPU  Command
03:06:59        0       217    5.00    1.00    0.00    0.00    6.00    12  sync_slam_toolb

03:06:58      UID       PID  minflt/s  majflt/s     VSZ     RSS   %MEM  Command
03:06:59        0       217      0.00      0.00 2690220   65496   0.42  sync_slam_toolb

03:06:59      UID       PID    %usr %system  %guest   %wait    %CPU   CPU  Command
03:07:00        0       217    4.00    1.00    0.00    0.00    5.00     8  sync_slam_toolb

03:06:59      UID       PID  minflt/s  majflt/s     VSZ     RSS   %MEM  Command
03:07:00        0       217      0.00      0.00 2690220   65496   0.42  sync_slam_toolb

03:07:00      UID       PID    %usr %system  %guest   %wait    %CPU   CPU  Command
03:07:01        0       217    7.00    1.00    0.00    0.00    8.00    12  sync_slam_toolb

03:07:00      UID       PID  minflt/s  majflt/s     VSZ     RSS   %MEM  Command
03:07:01        0       217      0.00      0.00 2690220   65496   0.42  sync_slam_toolb

03:07:01      UID       PID    %usr %system  %guest   %wait    %CPU   CPU  Command
03:07:02        0       217    9.00    0.00    0.00    0.00    9.00    14  sync_slam_toolb

03:07:01      UID       PID  minflt/s  majflt/s     VSZ     RSS   %MEM  Command
03:07:02        0       217      0.00      0.00 2690220   65496   0.42  sync_slam_toolb

03:07:02      UID       PID    %usr %system  %guest   %wait    %CPU   CPU  Command
03:07:03        0       217    7.00    1.00    0.00    0.00    8.00    12  sync_slam_toolb

03:07:02      UID       PID  minflt/s  majflt/s     VSZ     RSS   %MEM  Command
03:07:03        0       217      0.00      0.00 2690220   65496   0.42  sync_slam_toolb

03:07:03      UID       PID    %usr %system  %guest   %wait    %CPU   CPU  Command
03:07:04        0       217    5.00    1.00    0.00    0.00    6.00     2  sync_slam_toolb

03:07:03      UID       PID  minflt/s  majflt/s     VSZ     RSS   %MEM  Command
03:07:04        0       217      0.00      0.00 2690220   65496   0.42  sync_slam_toolb

03:07:04      UID       PID    %usr %system  %guest   %wait    %CPU   CPU  Command
03:07:05        0       217    4.00    1.00    0.00    0.00    5.00    12  sync_slam_toolb

03:07:04      UID       PID  minflt/s  majflt/s     VSZ     RSS   %MEM  Command
03:07:05        0       217      0.00      0.00 2690220   65496   0.42  sync_slam_toolb

03:07:05      UID       PID    %usr %system  %guest   %wait    %CPU   CPU  Command
03:07:06        0       217    4.00    2.00    0.00    0.00    6.00     6  sync_slam_toolb

03:07:05      UID       PID  minflt/s  majflt/s     VSZ     RSS   %MEM  Command
03:07:06        0       217      0.00      0.00 2690220   65496   0.42  sync_slam_toolb

03:07:06      UID       PID    %usr %system  %guest   %wait    %CPU   CPU  Command
03:07:07        0       217    9.00    0.00    0.00    0.00    9.00     6  sync_slam_toolb

03:07:06      UID       PID  minflt/s  majflt/s     VSZ     RSS   %MEM  Command
03:07:07        0       217      0.00      0.00 2690220   65496   0.42  sync_slam_toolb

03:07:07      UID       PID    %usr %system  %guest   %wait    %CPU   CPU  Command
03:07:08        0       217    5.00    1.00    0.00    0.00    6.00     8  sync_slam_toolb

03:07:07      UID       PID  minflt/s  majflt/s     VSZ     RSS   %MEM  Command
03:07:08        0       217      0.00      0.00 2690220   65496   0.42  sync_slam_toolb

03:07:08      UID       PID    %usr %system  %guest   %wait    %CPU   CPU  Command
03:07:09        0       217    4.00    1.00    0.00    0.00    5.00     6  sync_slam_toolb

03:07:08      UID       PID  minflt/s  majflt/s     VSZ     RSS   %MEM  Command
03:07:09        0       217      0.00      0.00 2690220   65496   0.42  sync_slam_toolb

03:07:09      UID       PID    %usr %system  %guest   %wait    %CPU   CPU  Command
03:07:10        0       217    4.00    1.00    0.00    0.00    5.00     8  sync_slam_toolb

03:07:09      UID       PID  minflt/s  majflt/s     VSZ     RSS   %MEM  Command
03:07:10        0       217      0.00      0.00 2690220   65496   0.42  sync_slam_toolb

03:07:10      UID       PID    %usr %system  %guest   %wait    %CPU   CPU  Command
03:07:11        0       217    5.00    0.00    0.00    0.00    5.00    12  sync_slam_toolb

03:07:10      UID       PID  minflt/s  majflt/s     VSZ     RSS   %MEM  Command
03:07:11        0       217      0.00      0.00 2690220   65496   0.42  sync_slam_toolb

03:07:11      UID       PID    %usr %system  %guest   %wait    %CPU   CPU  Command
03:07:12        0       217    9.00    1.00    0.00    0.00   10.00     0  sync_slam_toolb

03:07:11      UID       PID  minflt/s  majflt/s     VSZ     RSS   %MEM  Command
03:07:12        0       217      0.00      0.00 2690220   65496   0.42  sync_slam_toolb

03:07:12      UID       PID    %usr %system  %guest   %wait    %CPU   CPU  Command
03:07:13        0       217    3.00    2.00    0.00    0.00    5.00    15  sync_slam_toolb

03:07:12      UID       PID  minflt/s  majflt/s     VSZ     RSS   %MEM  Command
03:07:13        0       217      0.00      0.00 2690220   65496   0.42  sync_slam_toolb

03:07:13      UID       PID    %usr %system  %guest   %wait    %CPU   CPU  Command
03:07:14        0       217    8.00    0.00    0.00    0.00    8.00    15  sync_slam_toolb

03:07:13      UID       PID  minflt/s  majflt/s     VSZ     RSS   %MEM  Command
03:07:14        0       217      0.00      0.00 2690220   65496   0.42  sync_slam_toolb

03:07:14      UID       PID    %usr %system  %guest   %wait    %CPU   CPU  Command
03:07:15        0       217    4.00    1.00    0.00    0.00    5.00    10  sync_slam_toolb

03:07:14      UID       PID  minflt/s  majflt/s     VSZ     RSS   %MEM  Command
03:07:15        0       217      0.00      0.00 2690220   65496   0.42  sync_slam_toolb

03:07:15      UID       PID    %usr %system  %guest   %wait    %CPU   CPU  Command
03:07:16        0       217    5.00    1.00    0.00    0.00    6.00     0  sync_slam_toolb

03:07:15      UID       PID  minflt/s  majflt/s     VSZ     RSS   %MEM  Command
03:07:16        0       217      0.00      0.00 2690220   65496   0.42  sync_slam_toolb

03:07:16      UID       PID    %usr %system  %guest   %wait    %CPU   CPU  Command
03:07:17        0       217   12.00    1.00    0.00    0.00   13.00     9  sync_slam_toolb

03:07:16      UID       PID  minflt/s  majflt/s     VSZ     RSS   %MEM  Command
03:07:17        0       217      0.00      0.00 2690220   65496   0.42  sync_slam_toolb

03:07:17      UID       PID    %usr %system  %guest   %wait    %CPU   CPU  Command
03:07:18        0       217    5.00    1.00    0.00    0.00    6.00     9  sync_slam_toolb

03:07:17      UID       PID  minflt/s  majflt/s     VSZ     RSS   %MEM  Command
03:07:18        0       217      0.00      0.00 2690220   65496   0.42  sync_slam_toolb

03:07:18      UID       PID    %usr %system  %guest   %wait    %CPU   CPU  Command
03:07:19        0       217    7.00    1.00    0.00    0.00    8.00     1  sync_slam_toolb

03:07:18      UID       PID  minflt/s  majflt/s     VSZ     RSS   %MEM  Command
03:07:19        0       217      0.00      0.00 2690220   65496   0.42  sync_slam_toolb

03:07:19      UID       PID    %usr %system  %guest   %wait    %CPU   CPU  Command
03:07:20        0       217    4.00    1.00    0.00    0.00    5.00     1  sync_slam_toolb

03:07:19      UID       PID  minflt/s  majflt/s     VSZ     RSS   %MEM  Command
03:07:20        0       217      0.00      0.00 2690220   65496   0.42  sync_slam_toolb

03:07:20      UID       PID    %usr %system  %guest   %wait    %CPU   CPU  Command
03:07:21        0       217    7.92    0.99    0.00    0.00    8.91     7  sync_slam_toolb

03:07:20      UID       PID  minflt/s  majflt/s     VSZ     RSS   %MEM  Command
03:07:21        0       217      0.00      0.00 2690220   65496   0.42  sync_slam_toolb

03:07:21      UID       PID    %usr %system  %guest   %wait    %CPU   CPU  Command
03:07:22        0       217    9.00    1.00    0.00    0.00   10.00     7  sync_slam_toolb

03:07:21      UID       PID  minflt/s  majflt/s     VSZ     RSS   %MEM  Command
03:07:22        0       217      0.00      0.00 2690220   65496   0.42  sync_slam_toolb

03:07:22      UID       PID    %usr %system  %guest   %wait    %CPU   CPU  Command
03:07:23        0       217    7.00    1.00    0.00    0.00    8.00     7  sync_slam_toolb

03:07:22      UID       PID  minflt/s  majflt/s     VSZ     RSS   %MEM  Command
03:07:23        0       217      0.00      0.00 2690220   65496   0.42  sync_slam_toolb

03:07:23      UID       PID    %usr %system  %guest   %wait    %CPU   CPU  Command
03:07:24        0       217    4.00    1.00    0.00    0.00    5.00     7  sync_slam_toolb

03:07:23      UID       PID  minflt/s  majflt/s     VSZ     RSS   %MEM  Command
03:07:24        0       217      0.00      0.00 2690220   65496   0.42  sync_slam_toolb

03:07:24      UID       PID    %usr %system  %guest   %wait    %CPU   CPU  Command
03:07:25        0       217    3.00    2.00    0.00    0.00    5.00     7  sync_slam_toolb

03:07:24      UID       PID  minflt/s  majflt/s     VSZ     RSS   %MEM  Command
03:07:25        0       217      0.00      0.00 2690220   65496   0.42  sync_slam_toolb

03:07:25      UID       PID    %usr %system  %guest   %wait    %CPU   CPU  Command
03:07:26        0       217    8.00    1.00    0.00    0.00    9.00    14  sync_slam_toolb

03:07:25      UID       PID  minflt/s  majflt/s     VSZ     RSS   %MEM  Command
03:07:26        0       217      0.00      0.00 2690220   65496   0.42  sync_slam_toolb

03:07:26      UID       PID    %usr %system  %guest   %wait    %CPU   CPU  Command
03:07:27        0       217    9.00    0.00    0.00    0.00    9.00     4  sync_slam_toolb

03:07:26      UID       PID  minflt/s  majflt/s     VSZ     RSS   %MEM  Command
03:07:27        0       217      0.00      0.00 2690220   65496   0.42  sync_slam_toolb

03:07:27      UID       PID    %usr %system  %guest   %wait    %CPU   CPU  Command
03:07:28        0       217    8.00    1.00    0.00    0.00    9.00    12  sync_slam_toolb

03:07:27      UID       PID  minflt/s  majflt/s     VSZ     RSS   %MEM  Command
03:07:28        0       217      0.00      0.00 2690220   65496   0.42  sync_slam_toolb

03:07:28      UID       PID    %usr %system  %guest   %wait    %CPU   CPU  Command
03:07:29        0       217    4.00    0.00    0.00    0.00    4.00     6  sync_slam_toolb

03:07:28      UID       PID  minflt/s  majflt/s     VSZ     RSS   %MEM  Command
03:07:29        0       217      0.00      0.00 2690220   65496   0.42  sync_slam_toolb

03:07:29      UID       PID    %usr %system  %guest   %wait    %CPU   CPU  Command
03:07:30        0       217    5.00    1.00    0.00    0.00    6.00     6  sync_slam_toolb

03:07:29      UID       PID  minflt/s  majflt/s     VSZ     RSS   %MEM  Command
03:07:30        0       217      0.00      0.00 2690220   65496   0.42  sync_slam_toolb

03:07:30      UID       PID    %usr %system  %guest   %wait    %CPU   CPU  Command
03:07:31        0       217    4.00    1.00    0.00    0.00    5.00     6  sync_slam_toolb

03:07:30      UID       PID  minflt/s  majflt/s     VSZ     RSS   %MEM  Command
03:07:31        0       217      0.00      0.00 2690220   65496   0.42  sync_slam_toolb

03:07:31      UID       PID    %usr %system  %guest   %wait    %CPU   CPU  Command
03:07:32        0       217   12.00    1.00    0.00    0.00   13.00    10  sync_slam_toolb

03:07:31      UID       PID  minflt/s  majflt/s     VSZ     RSS   %MEM  Command
03:07:32        0       217      0.00      0.00 2690220   65496   0.42  sync_slam_toolb

03:07:32      UID       PID    %usr %system  %guest   %wait    %CPU   CPU  Command
03:07:33        0       217    4.00    1.00    0.00    0.00    5.00     7  sync_slam_toolb

03:07:32      UID       PID  minflt/s  majflt/s     VSZ     RSS   %MEM  Command
03:07:33        0       217      0.00      0.00 2690220   65496   0.42  sync_slam_toolb

03:07:33      UID       PID    %usr %system  %guest   %wait    %CPU   CPU  Command
03:07:34        0       217    8.00    0.00    0.00    0.00    8.00    10  sync_slam_toolb

03:07:33      UID       PID  minflt/s  majflt/s     VSZ     RSS   %MEM  Command
03:07:34        0       217      0.00      0.00 2690220   65496   0.42  sync_slam_toolb

03:07:34      UID       PID    %usr %system  %guest   %wait    %CPU   CPU  Command
03:07:35        0       217    5.00    1.00    0.00    0.00    6.00     7  sync_slam_toolb

03:07:34      UID       PID  minflt/s  majflt/s     VSZ     RSS   %MEM  Command
03:07:35        0       217      0.00      0.00 2690220   65496   0.42  sync_slam_toolb

03:07:35      UID       PID    %usr %system  %guest   %wait    %CPU   CPU  Command
03:07:36        0       217    4.00    1.00    0.00    0.00    5.00     7  sync_slam_toolb

03:07:35      UID       PID  minflt/s  majflt/s     VSZ     RSS   %MEM  Command
03:07:36        0       217      0.00      0.00 2690220   65496   0.42  sync_slam_toolb

03:07:36      UID       PID    %usr %system  %guest   %wait    %CPU   CPU  Command
03:07:37        0       217   12.00    1.00    0.00    0.00   13.00    10  sync_slam_toolb

03:07:36      UID       PID  minflt/s  majflt/s     VSZ     RSS   %MEM  Command
03:07:37        0       217      0.00      0.00 2690220   65496   0.42  sync_slam_toolb

03:07:37      UID       PID    %usr %system  %guest   %wait    %CPU   CPU  Command
03:07:38        0       217    5.00    1.00    0.00    0.00    6.00     7  sync_slam_toolb

03:07:37      UID       PID  minflt/s  majflt/s     VSZ     RSS   %MEM  Command
03:07:38        0       217      0.00      0.00 2690220   65496   0.42  sync_slam_toolb

03:07:38      UID       PID    %usr %system  %guest   %wait    %CPU   CPU  Command
03:07:39        0       217    4.00    1.00    0.00    0.00    5.00     7  sync_slam_toolb

03:07:38      UID       PID  minflt/s  majflt/s     VSZ     RSS   %MEM  Command
03:07:39        0       217      0.00      0.00 2690220   65496   0.42  sync_slam_toolb


Average:      UID       PID    %usr %system  %guest   %wait    %CPU   CPU  Command
Average:        0       217    5.63    0.78    0.00    0.00    6.41     -  sync_slam_toolb

Average:      UID       PID  minflt/s  majflt/s     VSZ     RSS   %MEM  Command
Average:        0       217     23.20      0.02 2277635   57853   0.37  sync_slam_toolb
