Linux 6.17.0-23-generic (admin1-ASUS-TUF-Gaming-A15-FA507NU-FA507NU) 	05/11/26 	_x86_64_	(16 CPU)

13:46:57      UID       PID    %usr %system  %guest   %wait    %CPU   CPU  Command
13:46:58        0     47228   58.42    0.99    0.00    0.00   59.41     3  slam_gmapping

13:46:57      UID       PID  minflt/s  majflt/s     VSZ     RSS   %MEM  Command
13:46:58        0     47228   3987.13      0.00 1027108  180700   1.16  slam_gmapping

13:46:58      UID       PID    %usr %system  %guest   %wait    %CPU   CPU  Command
13:46:59        0     47228   53.00    1.00    0.00    0.00   54.00     6  slam_gmapping

13:46:58      UID       PID  minflt/s  majflt/s     VSZ     RSS   %MEM  Command
13:46:59        0     47228      0.00      0.00 1027108  180700   1.16  slam_gmapping

13:46:59      UID       PID    %usr %system  %guest   %wait    %CPU   CPU  Command
13:47:00        0     47228   69.00    0.00    0.00    0.00   69.00     2  slam_gmapping

13:46:59      UID       PID  minflt/s  majflt/s     VSZ     RSS   %MEM  Command
13:47:00        0     47228   2637.00      0.00 1027108  180824   1.16  slam_gmapping

13:47:00      UID       PID    %usr %system  %guest   %wait    %CPU   CPU  Command
13:47:01        0     47228   47.00    1.00    0.00    0.00   48.00     6  slam_gmapping

13:47:00      UID       PID  minflt/s  majflt/s     VSZ     RSS   %MEM  Command
13:47:01        0     47228      0.00      0.00 1027108  180824   1.16  slam_gmapping

13:47:01      UID       PID    %usr %system  %guest   %wait    %CPU   CPU  Command
13:47:02        0     47228   53.00    1.00    0.00    0.00   54.00    12  slam_gmapping

13:47:01      UID       PID  minflt/s  majflt/s     VSZ     RSS   %MEM  Command
13:47:02        0     47228   3981.00      0.00 1027108  180824   1.16  slam_gmapping

13:47:02      UID       PID    %usr %system  %guest   %wait    %CPU   CPU  Command
13:47:03        0     47228   47.00    1.00    0.00    0.00   48.00     2  slam_gmapping

13:47:02      UID       PID  minflt/s  majflt/s     VSZ     RSS   %MEM  Command
13:47:03        0     47228   4285.00      0.00 1027108  180824   1.16  slam_gmapping

13:47:03      UID       PID    %usr %system  %guest   %wait    %CPU   CPU  Command
13:47:04        0     47228   68.00    2.00    0.00    0.00   70.00     4  slam_gmapping

13:47:03      UID       PID  minflt/s  majflt/s     VSZ     RSS   %MEM  Command
13:47:04        0     47228   4030.00      0.00 1027108  182740   1.17  slam_gmapping

13:47:04      UID       PID    %usr %system  %guest   %wait    %CPU   CPU  Command
13:47:05        0     47228   37.00    1.00    0.00    0.00   38.00    10  slam_gmapping

13:47:04      UID       PID  minflt/s  majflt/s     VSZ     RSS   %MEM  Command
13:47:05        0     47228      0.00      0.00 1027108  180824   1.16  slam_gmapping

13:47:05      UID       PID    %usr %system  %guest   %wait    %CPU   CPU  Command
13:47:06        0     47228   58.00    1.00    0.00    0.00   59.00    10  slam_gmapping

13:47:05      UID       PID  minflt/s  majflt/s     VSZ     RSS   %MEM  Command
13:47:06        0     47228   3903.00      0.00 1027108  180824   1.16  slam_gmapping

13:47:06      UID       PID    %usr %system  %guest   %wait    %CPU   CPU  Command
13:47:07        0     47228   78.00    1.00    0.00    0.00   79.00     9  slam_gmapping

13:47:06      UID       PID  minflt/s  majflt/s     VSZ     RSS   %MEM  Command
13:47:07        0     47228   4076.00      0.00 1027108  180996   1.16  slam_gmapping

13:47:07      UID       PID    %usr %system  %guest   %wait    %CPU   CPU  Command
13:47:08        0     47228   40.00    1.00    0.00    0.00   41.00     6  slam_gmapping

13:47:07      UID       PID  minflt/s  majflt/s     VSZ     RSS   %MEM  Command
13:47:08        0     47228      0.00      0.00 1027108  180996   1.16  slam_gmapping

13:47:08      UID       PID    %usr %system  %guest   %wait    %CPU   CPU  Command
13:47:09        0     47228   46.00    1.00    0.00    0.00   47.00     6  slam_gmapping

13:47:08      UID       PID  minflt/s  majflt/s     VSZ     RSS   %MEM  Command
13:47:09        0     47228    904.00      0.00 1027108  180996   1.16  slam_gmapping

13:47:09      UID       PID    %usr %system  %guest   %wait    %CPU   CPU  Command
13:47:10        0     47228   76.00    0.00    0.00    0.00   76.00     2  slam_gmapping

13:47:09      UID       PID  minflt/s  majflt/s     VSZ     RSS   %MEM  Command
13:47:10        0     47228    910.00      0.00 1027108  180996   1.16  slam_gmapping

13:47:10      UID       PID    %usr %system  %guest   %wait    %CPU   CPU  Command
13:47:11        0     47228   48.00    1.00    0.00    0.00   49.00     2  slam_gmapping

13:47:10      UID       PID  minflt/s  majflt/s     VSZ     RSS   %MEM  Command
13:47:11        0     47228   4625.00      0.00 1027108  180996   1.16  slam_gmapping

13:47:11      UID       PID    %usr %system  %guest   %wait    %CPU   CPU  Command
13:47:12        0     47228   49.00    0.00    0.00    0.00   49.00     2  slam_gmapping

13:47:11      UID       PID  minflt/s  majflt/s     VSZ     RSS   %MEM  Command
13:47:12        0     47228      0.00      0.00 1027108  180996   1.16  slam_gmapping

13:47:12      UID       PID    %usr %system  %guest   %wait    %CPU   CPU  Command
13:47:13        0     47228   47.00    1.00    0.00    0.00   48.00    14  slam_gmapping

13:47:12      UID       PID  minflt/s  majflt/s     VSZ     RSS   %MEM  Command
13:47:13        0     47228   1120.00      0.00 1027108  180996   1.16  slam_gmapping

13:47:13      UID       PID    %usr %system  %guest   %wait    %CPU   CPU  Command
13:47:14        0     47228    4.00    0.00    0.00    0.00    4.00     6  slam_gmapping

13:47:13      UID       PID  minflt/s  majflt/s     VSZ     RSS   %MEM  Command
13:47:14        0     47228      0.00      0.00 1027108  180996   1.16  slam_gmapping

13:47:14      UID       PID    %usr %system  %guest   %wait    %CPU   CPU  Command
13:47:15        0     47228   39.00    1.00    0.00    0.00   40.00    14  slam_gmapping

13:47:14      UID       PID  minflt/s  majflt/s     VSZ     RSS   %MEM  Command
13:47:15        0     47228      0.00      0.00 1027108  180996   1.16  slam_gmapping

13:47:15      UID       PID    %usr %system  %guest   %wait    %CPU   CPU  Command
13:47:16        0     47228   40.00    2.00    0.00    0.00   42.00    10  slam_gmapping

13:47:15      UID       PID  minflt/s  majflt/s     VSZ     RSS   %MEM  Command
13:47:16        0     47228   4543.00      0.00 1027108  180880   1.16  slam_gmapping

13:47:16      UID       PID    %usr %system  %guest   %wait    %CPU   CPU  Command
13:47:17        0     47228    4.00    0.00    0.00    0.00    4.00    10  slam_gmapping

13:47:16      UID       PID  minflt/s  majflt/s     VSZ     RSS   %MEM  Command
13:47:17        0     47228      0.00      0.00 1027108  180880   1.16  slam_gmapping

13:47:17      UID       PID    %usr %system  %guest   %wait    %CPU   CPU  Command
13:47:18        0     47228   38.00    1.00    0.00    0.00   39.00     8  slam_gmapping

13:47:17      UID       PID  minflt/s  majflt/s     VSZ     RSS   %MEM  Command
13:47:18        0     47228      0.00      0.00 1027108  180880   1.16  slam_gmapping

13:47:18      UID       PID    %usr %system  %guest   %wait    %CPU   CPU  Command
13:47:19        0     47228   41.00    2.00    0.00    0.00   43.00     3  slam_gmapping

13:47:18      UID       PID  minflt/s  majflt/s     VSZ     RSS   %MEM  Command
13:47:19        0     47228   4620.00      0.00 1027108  181000   1.16  slam_gmapping

13:47:19      UID       PID    %usr %system  %guest   %wait    %CPU   CPU  Command
13:47:20        0     47228    4.00    1.00    0.00    0.00    5.00     8  slam_gmapping

13:47:19      UID       PID  minflt/s  majflt/s     VSZ     RSS   %MEM  Command
13:47:20        0     47228      0.00      0.00 1027108  181000   1.16  slam_gmapping

13:47:20      UID       PID    %usr %system  %guest   %wait    %CPU   CPU  Command
13:47:21        0     47228   40.00    0.00    0.00    0.00   40.00     3  slam_gmapping

13:47:20      UID       PID  minflt/s  majflt/s     VSZ     RSS   %MEM  Command
13:47:21        0     47228      0.00      0.00 1027108  181000   1.16  slam_gmapping

13:47:21      UID       PID    %usr %system  %guest   %wait    %CPU   CPU  Command
13:47:22        0     47228   39.00    1.00    0.00    0.00   40.00     3  slam_gmapping

13:47:21      UID       PID  minflt/s  majflt/s     VSZ     RSS   %MEM  Command
13:47:22        0     47228   1422.00      0.00 1027108  180944   1.16  slam_gmapping

13:47:22      UID       PID    %usr %system  %guest   %wait    %CPU   CPU  Command
13:47:23        0     47228    4.00    0.00    0.00    0.00    4.00     8  slam_gmapping

13:47:22      UID       PID  minflt/s  majflt/s     VSZ     RSS   %MEM  Command
13:47:23        0     47228      0.00      0.00 1027108  180944   1.16  slam_gmapping

13:47:23      UID       PID    %usr %system  %guest   %wait    %CPU   CPU  Command
13:47:24        0     47228   38.00    1.00    0.00    0.00   39.00     3  slam_gmapping

13:47:23      UID       PID  minflt/s  majflt/s     VSZ     RSS   %MEM  Command
13:47:24        0     47228      0.00      0.00 1027108  180944   1.16  slam_gmapping

13:47:24      UID       PID    %usr %system  %guest   %wait    %CPU   CPU  Command
13:47:25        0     47228   87.00    2.00    0.00    0.00   89.00     0  slam_gmapping

13:47:24      UID       PID  minflt/s  majflt/s     VSZ     RSS   %MEM  Command
13:47:25        0     47228   4613.00      0.00 1027108  181000   1.16  slam_gmapping

13:47:25      UID       PID    %usr %system  %guest   %wait    %CPU   CPU  Command
13:47:26        0     47228   75.00    2.00    0.00    0.00   77.00     2  slam_gmapping

13:47:25      UID       PID  minflt/s  majflt/s     VSZ     RSS   %MEM  Command
13:47:26        0     47228   4877.00      0.00 1027108  181000   1.16  slam_gmapping

13:47:26      UID       PID    %usr %system  %guest   %wait    %CPU   CPU  Command
13:47:27        0     47228   62.00    0.00    0.00    0.00   62.00     2  slam_gmapping

13:47:26      UID       PID  minflt/s  majflt/s     VSZ     RSS   %MEM  Command
13:47:27        0     47228   1384.00      0.00 1032652  186504   1.20  slam_gmapping

13:47:27      UID       PID    %usr %system  %guest   %wait    %CPU   CPU  Command
13:47:28        0     47228   39.00    1.00    0.00    0.00   40.00     2  slam_gmapping

13:47:27      UID       PID  minflt/s  majflt/s     VSZ     RSS   %MEM  Command
13:47:28        0     47228    259.00      0.00 1027108  181076   1.16  slam_gmapping

13:47:28      UID       PID    %usr %system  %guest   %wait    %CPU   CPU  Command
13:47:29        0     47228   71.00    1.00    0.00    0.00   72.00     3  slam_gmapping

13:47:28      UID       PID  minflt/s  majflt/s     VSZ     RSS   %MEM  Command
13:47:29        0     47228   4709.00      0.00 1027108  181076   1.16  slam_gmapping

13:47:29      UID       PID    %usr %system  %guest   %wait    %CPU   CPU  Command
13:47:30        0     47228   68.00    1.00    0.00    0.00   69.00     3  slam_gmapping

13:47:29      UID       PID  minflt/s  majflt/s     VSZ     RSS   %MEM  Command
13:47:30        0     47228   1304.00      0.00 1027108  181076   1.16  slam_gmapping

13:47:30      UID       PID    %usr %system  %guest   %wait    %CPU   CPU  Command
13:47:31        0     47228   59.00    1.00    0.00    0.00   60.00    14  slam_gmapping

13:47:30      UID       PID  minflt/s  majflt/s     VSZ     RSS   %MEM  Command
13:47:31        0     47228   4685.00      0.00 1027108  181076   1.16  slam_gmapping

13:47:31      UID       PID    %usr %system  %guest   %wait    %CPU   CPU  Command
13:47:32        0     47228   34.00    0.00    0.00    0.00   34.00    14  slam_gmapping

13:47:31      UID       PID  minflt/s  majflt/s     VSZ     RSS   %MEM  Command
13:47:32        0     47228      0.00      0.00 1027108  181076   1.16  slam_gmapping

13:47:32      UID       PID    %usr %system  %guest   %wait    %CPU   CPU  Command
13:47:33        0     47228   60.00    2.00    0.00    0.00   62.00    14  slam_gmapping

13:47:32      UID       PID  minflt/s  majflt/s     VSZ     RSS   %MEM  Command
13:47:33        0     47228   4856.00      0.00 1027108  181076   1.16  slam_gmapping

13:47:33      UID       PID    %usr %system  %guest   %wait    %CPU   CPU  Command
13:47:34        0     47228   72.00    1.00    0.00    0.00   73.00     2  slam_gmapping

13:47:33      UID       PID  minflt/s  majflt/s     VSZ     RSS   %MEM  Command
13:47:34        0     47228    968.00      0.00 1027108  181076   1.16  slam_gmapping

13:47:34      UID       PID    %usr %system  %guest   %wait    %CPU   CPU  Command
13:47:35        0     47228   55.00    0.00    0.00    0.00   55.00     0  slam_gmapping

13:47:34      UID       PID  minflt/s  majflt/s     VSZ     RSS   %MEM  Command
13:47:35        0     47228      0.00      0.00 1027108  181076   1.16  slam_gmapping

13:47:35      UID       PID    %usr %system  %guest   %wait    %CPU   CPU  Command
13:47:36        0     47228   44.00    2.00    0.00    0.00   46.00     0  slam_gmapping

13:47:35      UID       PID  minflt/s  majflt/s     VSZ     RSS   %MEM  Command
13:47:36        0     47228   5636.00      0.00 1027108  181076   1.16  slam_gmapping

13:47:36      UID       PID    %usr %system  %guest   %wait    %CPU   CPU  Command
13:47:37        0     47228   77.00    2.00    0.00    0.00   79.00     2  slam_gmapping

13:47:36      UID       PID  minflt/s  majflt/s     VSZ     RSS   %MEM  Command
13:47:37        0     47228   5802.00      0.00 1027108  181076   1.16  slam_gmapping

13:47:37      UID       PID    %usr %system  %guest   %wait    %CPU   CPU  Command
13:47:38        0     47228   54.00    0.00    0.00    0.00   54.00     4  slam_gmapping

13:47:37      UID       PID  minflt/s  majflt/s     VSZ     RSS   %MEM  Command
13:47:38        0     47228      0.00      0.00 1027108  181076   1.16  slam_gmapping

13:47:38      UID       PID    %usr %system  %guest   %wait    %CPU   CPU  Command
13:47:39        0     47228   71.00    1.00    0.00    0.00   72.00     6  slam_gmapping

13:47:38      UID       PID  minflt/s  majflt/s     VSZ     RSS   %MEM  Command
13:47:39        0     47228   6124.00      0.00 1027108  181128   1.16  slam_gmapping

13:47:39      UID       PID    %usr %system  %guest   %wait    %CPU   CPU  Command
13:47:40        0     47228   40.00    1.00    0.00    0.00   41.00     7  slam_gmapping

13:47:39      UID       PID  minflt/s  majflt/s     VSZ     RSS   %MEM  Command
13:47:40        0     47228   1983.00      0.00 1027108  181092   1.16  slam_gmapping

13:47:40      UID       PID    %usr %system  %guest   %wait    %CPU   CPU  Command
13:47:41        0     47228   67.00    1.00    0.00    0.00   68.00     7  slam_gmapping

13:47:40      UID       PID  minflt/s  majflt/s     VSZ     RSS   %MEM  Command
13:47:41        0     47228   6012.00      0.00 1027108  181092   1.16  slam_gmapping

13:47:41      UID       PID    %usr %system  %guest   %wait    %CPU   CPU  Command
13:47:42        0     47228   57.00    2.00    0.00    1.00   59.00    14  slam_gmapping

13:47:41      UID       PID  minflt/s  majflt/s     VSZ     RSS   %MEM  Command
13:47:42        0     47228   2271.00      0.00 1027108  181048   1.16  slam_gmapping

13:47:42      UID       PID    %usr %system  %guest   %wait    %CPU   CPU  Command
13:47:43        0     47228   65.00    1.00    0.00    0.00   66.00     6  slam_gmapping

13:47:42      UID       PID  minflt/s  majflt/s     VSZ     RSS   %MEM  Command
13:47:43        0     47228   6043.00      0.00 1027108  181048   1.16  slam_gmapping

13:47:43      UID       PID    %usr %system  %guest   %wait    %CPU   CPU  Command
13:47:44        0     47228   55.00    0.00    0.00    0.00   55.00     6  slam_gmapping

13:47:43      UID       PID  minflt/s  majflt/s     VSZ     RSS   %MEM  Command
13:47:44        0     47228      0.00      0.00 1027108  181048   1.16  slam_gmapping

13:47:44      UID       PID    %usr %system  %guest   %wait    %CPU   CPU  Command
13:47:45        0     47228   70.00    1.00    0.00    0.00   71.00    10  slam_gmapping

13:47:44      UID       PID  minflt/s  majflt/s     VSZ     RSS   %MEM  Command
13:47:45        0     47228   6446.00      0.00 1027108  181048   1.16  slam_gmapping

13:47:45      UID       PID    %usr %system  %guest   %wait    %CPU   CPU  Command
13:47:46        0     47228   42.00    2.00    0.00    0.00   44.00     8  slam_gmapping

13:47:45      UID       PID  minflt/s  majflt/s     VSZ     RSS   %MEM  Command
13:47:46        0     47228   6462.00      0.00 1027108  181048   1.16  slam_gmapping

13:47:46      UID       PID    %usr %system  %guest   %wait    %CPU   CPU  Command
13:47:47        0     47228   80.00    1.00    0.00    0.00   81.00     7  slam_gmapping

13:47:46      UID       PID  minflt/s  majflt/s     VSZ     RSS   %MEM  Command
13:47:47        0     47228   6464.00      0.00 1027108  181036   1.16  slam_gmapping

13:47:47      UID       PID    %usr %system  %guest   %wait    %CPU   CPU  Command
13:47:48        0     47228   45.00    0.00    0.00    0.00   45.00     2  slam_gmapping

13:47:47      UID       PID  minflt/s  majflt/s     VSZ     RSS   %MEM  Command
13:47:48        0     47228      1.00      0.00 1027108  181036   1.16  slam_gmapping

13:47:48      UID       PID    %usr %system  %guest   %wait    %CPU   CPU  Command
13:47:49        0     47228   54.00    1.00    0.00    0.00   55.00     6  slam_gmapping

13:47:48      UID       PID  minflt/s  majflt/s     VSZ     RSS   %MEM  Command
13:47:49        0     47228   2117.00      0.00 1027108  181036   1.16  slam_gmapping

13:47:49      UID       PID    %usr %system  %guest   %wait    %CPU   CPU  Command
13:47:50        0     47228   75.00    1.00    0.00    0.00   76.00     7  slam_gmapping

13:47:49      UID       PID  minflt/s  majflt/s     VSZ     RSS   %MEM  Command
13:47:50        0     47228   5853.00      0.00 1027108  181036   1.16  slam_gmapping

13:47:50      UID       PID    %usr %system  %guest   %wait    %CPU   CPU  Command
13:47:51        0     47228   43.00    0.00    0.00    0.00   43.00     4  slam_gmapping

13:47:50      UID       PID  minflt/s  majflt/s     VSZ     RSS   %MEM  Command
13:47:51        0     47228      0.00      0.00 1027108  181036   1.16  slam_gmapping

13:47:51      UID       PID    %usr %system  %guest   %wait    %CPU   CPU  Command
13:47:52        0     47228   58.00    1.00    0.00    0.00   59.00     2  slam_gmapping

13:47:51      UID       PID  minflt/s  majflt/s     VSZ     RSS   %MEM  Command
13:47:52        0     47228   6197.00      0.00 1027108  181036   1.16  slam_gmapping

13:47:52      UID       PID    %usr %system  %guest   %wait    %CPU   CPU  Command
13:47:53        0     47228    4.00    1.00    0.00    0.00    5.00     2  slam_gmapping

13:47:52      UID       PID  minflt/s  majflt/s     VSZ     RSS   %MEM  Command
13:47:53        0     47228      0.00      0.00 1027108  181036   1.16  slam_gmapping

13:47:53      UID       PID    %usr %system  %guest   %wait    %CPU   CPU  Command
13:47:54        0     47228    4.00    1.00    0.00    0.00    5.00    12  slam_gmapping

13:47:53      UID       PID  minflt/s  majflt/s     VSZ     RSS   %MEM  Command
13:47:54        0     47228      0.00      0.00 1027108  181036   1.16  slam_gmapping

13:47:54      UID       PID    %usr %system  %guest   %wait    %CPU   CPU  Command
13:47:55        0     47228   36.00    1.00    0.00    0.00   37.00     2  slam_gmapping

13:47:54      UID       PID  minflt/s  majflt/s     VSZ     RSS   %MEM  Command
13:47:55        0     47228      0.00      0.00 1027108  181036   1.16  slam_gmapping

13:47:55      UID       PID    %usr %system  %guest   %wait    %CPU   CPU  Command
13:47:56        0     47228   48.00    0.00    0.00    0.00   48.00     2  slam_gmapping

13:47:55      UID       PID  minflt/s  majflt/s     VSZ     RSS   %MEM  Command
13:47:56        0     47228   2176.00      0.00 1027108  181036   1.16  slam_gmapping

13:47:56      UID       PID    %usr %system  %guest   %wait    %CPU   CPU  Command
13:47:57        0     47228    3.00    2.00    0.00    0.00    5.00     6  slam_gmapping

13:47:56      UID       PID  minflt/s  majflt/s     VSZ     RSS   %MEM  Command
13:47:57        0     47228      0.00      0.00 1027108  181036   1.16  slam_gmapping

13:47:57      UID       PID    %usr %system  %guest   %wait    %CPU   CPU  Command
13:47:58        0     47228   34.00    2.00    0.00    0.00   36.00     6  slam_gmapping

13:47:57      UID       PID  minflt/s  majflt/s     VSZ     RSS   %MEM  Command
13:47:58        0     47228      0.00      0.00 1027108  181036   1.16  slam_gmapping

13:47:58      UID       PID    %usr %system  %guest   %wait    %CPU   CPU  Command
13:47:59        0     47228   46.00    2.00    0.00    0.00   48.00    10  slam_gmapping

13:47:58      UID       PID  minflt/s  majflt/s     VSZ     RSS   %MEM  Command
13:47:59        0     47228   2450.00      0.00 1027108  180964   1.16  slam_gmapping

13:47:59      UID       PID    %usr %system  %guest   %wait    %CPU   CPU  Command
13:48:00        0     47228    3.00    1.00    0.00    0.00    4.00     0  slam_gmapping

13:47:59      UID       PID  minflt/s  majflt/s     VSZ     RSS   %MEM  Command
13:48:00        0     47228      0.00      0.00 1027108  180964   1.16  slam_gmapping

13:48:00      UID       PID    %usr %system  %guest   %wait    %CPU   CPU  Command
13:48:01        0     47228   33.00    1.00    0.00    0.00   34.00    12  slam_gmapping

13:48:00      UID       PID  minflt/s  majflt/s     VSZ     RSS   %MEM  Command
13:48:01        0     47228      0.00      0.00 1027108  180964   1.16  slam_gmapping

13:48:01      UID       PID    %usr %system  %guest   %wait    %CPU   CPU  Command
13:48:02        0     47228   48.00    2.00    0.00    0.00   50.00     2  slam_gmapping

13:48:01      UID       PID  minflt/s  majflt/s     VSZ     RSS   %MEM  Command
13:48:02        0     47228   6158.00      0.00 1027108  180964   1.16  slam_gmapping

13:48:02      UID       PID    %usr %system  %guest   %wait    %CPU   CPU  Command
13:48:03        0     47228    4.00    0.00    0.00    0.00    4.00     6  slam_gmapping

13:48:02      UID       PID  minflt/s  majflt/s     VSZ     RSS   %MEM  Command
13:48:03        0     47228      0.00      0.00 1027108  180964   1.16  slam_gmapping

13:48:03      UID       PID    %usr %system  %guest   %wait    %CPU   CPU  Command
13:48:04        0     47228   32.00    1.00    0.00    0.00   33.00     8  slam_gmapping

13:48:03      UID       PID  minflt/s  majflt/s     VSZ     RSS   %MEM  Command
13:48:04        0     47228      0.00      0.00 1027108  180964   1.16  slam_gmapping

13:48:04      UID       PID    %usr %system  %guest   %wait    %CPU   CPU  Command
13:48:05        0     47228  101.00    3.00    0.00    0.00  104.00     0  slam_gmapping

13:48:04      UID       PID  minflt/s  majflt/s     VSZ     RSS   %MEM  Command
13:48:05        0     47228   6334.00      0.00 1027108  181048   1.16  slam_gmapping

13:48:05      UID       PID    %usr %system  %guest   %wait    %CPU   CPU  Command
13:48:06        0     47228   78.00    1.00    0.00    0.00   79.00     8  slam_gmapping

13:48:05      UID       PID  minflt/s  majflt/s     VSZ     RSS   %MEM  Command
13:48:06        0     47228   6392.00      0.00 1027108  181048   1.16  slam_gmapping

13:48:06      UID       PID    %usr %system  %guest   %wait    %CPU   CPU  Command
13:48:07        0     47228   62.00    1.00    0.00    0.00   63.00    10  slam_gmapping

13:48:06      UID       PID  minflt/s  majflt/s     VSZ     RSS   %MEM  Command
13:48:07        0     47228   2281.00      0.00 1027108  181048   1.16  slam_gmapping

13:48:07      UID       PID    %usr %system  %guest   %wait    %CPU   CPU  Command
13:48:08        0     47228   53.00    1.00    0.00    0.00   54.00     8  slam_gmapping

13:48:07      UID       PID  minflt/s  majflt/s     VSZ     RSS   %MEM  Command
13:48:08        0     47228   6154.00      0.00 1027108  181064   1.16  slam_gmapping

13:48:08      UID       PID    %usr %system  %guest   %wait    %CPU   CPU  Command
13:48:09        0     47228   70.00    1.00    0.00    0.00   71.00    10  slam_gmapping

13:48:08      UID       PID  minflt/s  majflt/s     VSZ     RSS   %MEM  Command
13:48:09        0     47228   6594.00      0.00 1027108  181064   1.16  slam_gmapping

13:48:09      UID       PID    %usr %system  %guest   %wait    %CPU   CPU  Command
13:48:10        0     47228   36.00    0.00    0.00    0.00   36.00    10  slam_gmapping

13:48:09      UID       PID  minflt/s  majflt/s     VSZ     RSS   %MEM  Command
13:48:10        0     47228      0.00      0.00 1027108  181064   1.16  slam_gmapping

13:48:10      UID       PID    %usr %system  %guest   %wait    %CPU   CPU  Command
13:48:11        0     47228   65.00    2.00    0.00    0.00   67.00    10  slam_gmapping

13:48:10      UID       PID  minflt/s  majflt/s     VSZ     RSS   %MEM  Command
13:48:11        0     47228   6618.00      0.00 1027108  181064   1.16  slam_gmapping

13:48:11      UID       PID    %usr %system  %guest   %wait    %CPU   CPU  Command
13:48:12        0     47228   69.00    1.00    0.00    0.00   70.00     4  slam_gmapping

13:48:11      UID       PID  minflt/s  majflt/s     VSZ     RSS   %MEM  Command
13:48:12        0     47228   6714.00      0.00 1027108  207816   1.33  slam_gmapping

13:48:12      UID       PID    %usr %system  %guest   %wait    %CPU   CPU  Command
13:48:13        0     47228   39.00    0.00    0.00    0.00   39.00    10  slam_gmapping

13:48:12      UID       PID  minflt/s  majflt/s     VSZ     RSS   %MEM  Command
13:48:13        0     47228      0.00      0.00 1027108  181064   1.16  slam_gmapping

13:48:13      UID       PID    %usr %system  %guest   %wait    %CPU   CPU  Command
13:48:14        0     47228   69.00    2.00    0.00    0.00   71.00    12  slam_gmapping

13:48:13      UID       PID  minflt/s  majflt/s     VSZ     RSS   %MEM  Command
13:48:14        0     47228   7057.00      0.00 1027108  181048   1.16  slam_gmapping

13:48:14      UID       PID    %usr %system  %guest   %wait    %CPU   CPU  Command
13:48:15        0     47228   68.00    1.00    0.00    0.00   69.00    10  slam_gmapping

13:48:14      UID       PID  minflt/s  majflt/s     VSZ     RSS   %MEM  Command
13:48:15        0     47228   7069.00      0.00 1027108  181120   1.16  slam_gmapping

13:48:15      UID       PID    %usr %system  %guest   %wait    %CPU   CPU  Command
13:48:16        0     47228   17.00    0.00    0.00    0.00   17.00    10  slam_gmapping

13:48:15      UID       PID  minflt/s  majflt/s     VSZ     RSS   %MEM  Command
13:48:16        0     47228      0.00      0.00 1027108  181120   1.16  slam_gmapping

13:48:16      UID       PID    %usr %system  %guest   %wait    %CPU   CPU  Command
13:48:17        0     47228    4.00    1.00    0.00    0.00    5.00    10  slam_gmapping

13:48:16      UID       PID  minflt/s  majflt/s     VSZ     RSS   %MEM  Command
13:48:17        0     47228      0.00      0.00 1027108  181120   1.16  slam_gmapping

13:48:17      UID       PID    %usr %system  %guest   %wait    %CPU   CPU  Command
13:48:18        0     47228   31.00    0.00    0.00    0.00   31.00    12  slam_gmapping

13:48:17      UID       PID  minflt/s  majflt/s     VSZ     RSS   %MEM  Command
13:48:18        0     47228      0.00      0.00 1027108  181120   1.16  slam_gmapping

13:48:18      UID       PID    %usr %system  %guest   %wait    %CPU   CPU  Command
13:48:19        0     47228   55.00    3.00    0.00    0.00   58.00    10  slam_gmapping

13:48:18      UID       PID  minflt/s  majflt/s     VSZ     RSS   %MEM  Command
13:48:19        0     47228   7480.00      0.00 1027108  181120   1.16  slam_gmapping

13:48:19      UID       PID    %usr %system  %guest   %wait    %CPU   CPU  Command
13:48:20        0     47228    4.00    1.00    0.00    0.00    5.00     0  slam_gmapping

13:48:19      UID       PID  minflt/s  majflt/s     VSZ     RSS   %MEM  Command
13:48:20        0     47228      0.00      0.00 1027108  181120   1.16  slam_gmapping

13:48:20      UID       PID    %usr %system  %guest   %wait    %CPU   CPU  Command
13:48:21        0     47228   30.00    0.00    0.00    0.00   30.00     2  slam_gmapping

13:48:20      UID       PID  minflt/s  majflt/s     VSZ     RSS   %MEM  Command
13:48:21        0     47228      0.00      0.00 1027108  181120   1.16  slam_gmapping

13:48:21      UID       PID    %usr %system  %guest   %wait    %CPU   CPU  Command
13:48:22        0     47228   53.00    3.00    0.00    0.00   56.00    12  slam_gmapping

13:48:21      UID       PID  minflt/s  majflt/s     VSZ     RSS   %MEM  Command
13:48:22        0     47228   7482.00      0.00 1027108  181120   1.16  slam_gmapping

13:48:22      UID       PID    %usr %system  %guest   %wait    %CPU   CPU  Command
13:48:23        0     47228    4.00    2.00    0.00    0.00    6.00     4  slam_gmapping

13:48:22      UID       PID  minflt/s  majflt/s     VSZ     RSS   %MEM  Command
13:48:23        0     47228      0.00      0.00 1027108  181120   1.16  slam_gmapping

13:48:23      UID       PID    %usr %system  %guest   %wait    %CPU   CPU  Command
13:48:24        0     47228   28.00    1.00    0.00    0.00   29.00     4  slam_gmapping

13:48:23      UID       PID  minflt/s  majflt/s     VSZ     RSS   %MEM  Command
13:48:24        0     47228      0.00      0.00 1027108  181120   1.16  slam_gmapping

13:48:24      UID       PID    %usr %system  %guest   %wait    %CPU   CPU  Command
13:48:25        0     47228   52.00    4.00    0.00    0.00   56.00     6  slam_gmapping

13:48:24      UID       PID  minflt/s  majflt/s     VSZ     RSS   %MEM  Command
13:48:25        0     47228   7484.00      0.00 1027108  181120   1.16  slam_gmapping

13:48:25      UID       PID    %usr %system  %guest   %wait    %CPU   CPU  Command
13:48:26        0     47228    4.00    0.00    0.00    0.00    4.00     8  slam_gmapping

13:48:25      UID       PID  minflt/s  majflt/s     VSZ     RSS   %MEM  Command
13:48:26        0     47228      0.00      0.00 1027108  181120   1.16  slam_gmapping

13:48:26      UID       PID    %usr %system  %guest   %wait    %CPU   CPU  Command
13:48:27        0     47228   29.00    1.00    0.00    0.00   30.00     2  slam_gmapping

13:48:26      UID       PID  minflt/s  majflt/s     VSZ     RSS   %MEM  Command
13:48:27        0     47228      0.00      0.00 1027108  181120   1.16  slam_gmapping

13:48:27      UID       PID    %usr %system  %guest   %wait    %CPU   CPU  Command
13:48:28        0     47228   53.00    3.00    0.00    0.00   56.00     2  slam_gmapping

13:48:27      UID       PID  minflt/s  majflt/s     VSZ     RSS   %MEM  Command
13:48:28        0     47228   7528.00      0.00 1027108  181004   1.16  slam_gmapping

13:48:28      UID       PID    %usr %system  %guest   %wait    %CPU   CPU  Command
13:48:29        0     47228    4.00    1.00    0.00    0.00    5.00     4  slam_gmapping

13:48:28      UID       PID  minflt/s  majflt/s     VSZ     RSS   %MEM  Command
13:48:29        0     47228      0.00      0.00 1027108  181004   1.16  slam_gmapping

13:48:29      UID       PID    %usr %system  %guest   %wait    %CPU   CPU  Command
13:48:30        0     47228   29.00    0.00    0.00    0.00   29.00     4  slam_gmapping

13:48:29      UID       PID  minflt/s  majflt/s     VSZ     RSS   %MEM  Command
13:48:30        0     47228      0.00      0.00 1027108  181004   1.16  slam_gmapping

13:48:30      UID       PID    %usr %system  %guest   %wait    %CPU   CPU  Command
13:48:31        0     47228  100.00    2.00    0.00    0.00  102.00     4  slam_gmapping

13:48:30      UID       PID  minflt/s  majflt/s     VSZ     RSS   %MEM  Command
13:48:31        0     47228   7538.00      0.00 1027108  181004   1.16  slam_gmapping

13:48:31      UID       PID    %usr %system  %guest   %wait    %CPU   CPU  Command
13:48:32        0     47228   63.00    2.00    0.00    0.00   65.00     0  slam_gmapping

13:48:31      UID       PID  minflt/s  majflt/s     VSZ     RSS   %MEM  Command
13:48:32        0     47228   7544.00      0.00 1027108  181004   1.16  slam_gmapping

13:48:32      UID       PID    %usr %system  %guest   %wait    %CPU   CPU  Command
13:48:33        0     47228   53.00    2.00    0.00    0.00   55.00     6  slam_gmapping

13:48:32      UID       PID  minflt/s  majflt/s     VSZ     RSS   %MEM  Command
13:48:33        0     47228   7657.00      0.00 1027108  181124   1.16  slam_gmapping

13:48:33      UID       PID    %usr %system  %guest   %wait    %CPU   CPU  Command
13:48:34        0     47228   72.00    0.00    0.00    0.00   72.00     0  slam_gmapping

13:48:33      UID       PID  minflt/s  majflt/s     VSZ     RSS   %MEM  Command
13:48:34        0     47228    660.00      0.00 1027108  183684   1.18  slam_gmapping

13:48:34      UID       PID    %usr %system  %guest   %wait    %CPU   CPU  Command
13:48:35        0     47228   35.00    2.00    0.00    0.00   37.00    14  slam_gmapping

13:48:34      UID       PID  minflt/s  majflt/s     VSZ     RSS   %MEM  Command
13:48:35        0     47228   6777.00      0.00 1027108  181084   1.16  slam_gmapping

13:48:35      UID       PID    %usr %system  %guest   %wait    %CPU   CPU  Command
13:48:36        0     47228   71.00    1.00    0.00    0.00   72.00    10  slam_gmapping

13:48:35      UID       PID  minflt/s  majflt/s     VSZ     RSS   %MEM  Command
13:48:36        0     47228   7667.00      0.00 1027108  181164   1.16  slam_gmapping

13:48:36      UID       PID    %usr %system  %guest   %wait    %CPU   CPU  Command
13:48:37        0     47228   61.00    1.00    0.00    0.00   62.00    10  slam_gmapping

13:48:36      UID       PID  minflt/s  majflt/s     VSZ     RSS   %MEM  Command
13:48:37        0     47228     22.00      0.00 1027108  181164   1.16  slam_gmapping

13:48:37      UID       PID    %usr %system  %guest   %wait    %CPU   CPU  Command
13:48:38        0     47228   66.00    1.00    0.00    0.00   67.00     6  slam_gmapping

13:48:37      UID       PID  minflt/s  majflt/s     VSZ     RSS   %MEM  Command
13:48:38        0     47228  10315.00      0.00 1027108  181200   1.16  slam_gmapping

13:48:38      UID       PID    %usr %system  %guest   %wait    %CPU   CPU  Command
13:48:39        0     47228   55.00    0.00    0.00    0.00   55.00     3  slam_gmapping

13:48:38      UID       PID  minflt/s  majflt/s     VSZ     RSS   %MEM  Command
13:48:39        0     47228      0.00      0.00 1027108  181200   1.16  slam_gmapping

13:48:39      UID       PID    %usr %system  %guest   %wait    %CPU   CPU  Command
13:48:40        0     47228   41.00    1.00    0.00    0.00   42.00     3  slam_gmapping

13:48:39      UID       PID  minflt/s  majflt/s     VSZ     RSS   %MEM  Command
13:48:40        0     47228   7819.00      0.00 1027108  181200   1.16  slam_gmapping

13:48:40      UID       PID    %usr %system  %guest   %wait    %CPU   CPU  Command
13:48:41        0     47228   82.00    2.00    0.00    0.00   84.00     3  slam_gmapping

13:48:40      UID       PID  minflt/s  majflt/s     VSZ     RSS   %MEM  Command
13:48:41        0     47228   8214.00      0.00 1027108  181200   1.16  slam_gmapping

13:48:41      UID       PID    %usr %system  %guest   %wait    %CPU   CPU  Command
13:48:42        0     47228   66.00    2.00    0.00    0.00   68.00     3  slam_gmapping

13:48:41      UID       PID  minflt/s  majflt/s     VSZ     RSS   %MEM  Command
13:48:42        0     47228   8178.00      0.00 1027108  181276   1.16  slam_gmapping

13:48:42      UID       PID    %usr %system  %guest   %wait    %CPU   CPU  Command
13:48:43        0     47228   61.00    2.00    0.00    0.00   63.00     4  slam_gmapping

13:48:42      UID       PID  minflt/s  majflt/s     VSZ     RSS   %MEM  Command
13:48:43        0     47228   8214.00      0.00 1027108  181276   1.16  slam_gmapping

13:48:43      UID       PID    %usr %system  %guest   %wait    %CPU   CPU  Command
13:48:44        0     47228   34.00    0.00    0.00    0.00   34.00    14  slam_gmapping

13:48:43      UID       PID  minflt/s  majflt/s     VSZ     RSS   %MEM  Command
13:48:44        0     47228      0.00      0.00 1027108  181276   1.16  slam_gmapping

13:48:44      UID       PID    %usr %system  %guest   %wait    %CPU   CPU  Command
13:48:45        0     47228   61.00    1.00    0.00    0.00   62.00    14  slam_gmapping

13:48:44      UID       PID  minflt/s  majflt/s     VSZ     RSS   %MEM  Command
13:48:45        0     47228   8064.00      0.00 1027108  181160   1.16  slam_gmapping

13:48:45      UID       PID    %usr %system  %guest   %wait    %CPU   CPU  Command
13:48:46        0     47228   72.00    1.00    0.00    0.00   73.00     3  slam_gmapping

13:48:45      UID       PID  minflt/s  majflt/s     VSZ     RSS   %MEM  Command
13:48:46        0     47228   2935.00      0.00 1027108  181160   1.16  slam_gmapping

13:48:46      UID       PID    %usr %system  %guest   %wait    %CPU   CPU  Command
13:48:47        0     47228   33.00    1.00    0.00    0.00   34.00    12  slam_gmapping

13:48:46      UID       PID  minflt/s  majflt/s     VSZ     RSS   %MEM  Command
13:48:47        0     47228      0.00      0.00 1027108  181160   1.16  slam_gmapping

13:48:47      UID       PID    %usr %system  %guest   %wait    %CPU   CPU  Command
13:48:48        0     47228   68.00    2.00    0.00    0.00   70.00     0  slam_gmapping

13:48:47      UID       PID  minflt/s  majflt/s     VSZ     RSS   %MEM  Command
13:48:48        0     47228   8038.00      0.00 1027108  181160   1.16  slam_gmapping

13:48:48      UID       PID    %usr %system  %guest   %wait    %CPU   CPU  Command
13:48:49        0     47228   75.00    1.00    0.00    0.00   76.00     3  slam_gmapping

13:48:48      UID       PID  minflt/s  majflt/s     VSZ     RSS   %MEM  Command
13:48:49        0     47228   2896.00      0.00 1027108  181160   1.16  slam_gmapping

13:48:49      UID       PID    %usr %system  %guest   %wait    %CPU   CPU  Command
13:48:50        0     47228   32.00    1.00    0.00    0.00   33.00     3  slam_gmapping

13:48:49      UID       PID  minflt/s  majflt/s     VSZ     RSS   %MEM  Command
13:48:50        0     47228      0.00      0.00 1027108  181160   1.16  slam_gmapping

13:48:50      UID       PID    %usr %system  %guest   %wait    %CPU   CPU  Command
13:48:51        0     47228   68.00    2.00    0.00    0.00   70.00    14  slam_gmapping

13:48:50      UID       PID  minflt/s  majflt/s     VSZ     RSS   %MEM  Command
13:48:51        0     47228   7646.00      0.00 1027108  181160   1.16  slam_gmapping

13:48:51      UID       PID    %usr %system  %guest   %wait    %CPU   CPU  Command
13:48:52        0     47228   73.27    0.99    0.00    0.00   74.26     3  slam_gmapping

13:48:51      UID       PID  minflt/s  majflt/s     VSZ     RSS   %MEM  Command
13:48:52        0     47228   2364.36      0.00 1027108  181160   1.16  slam_gmapping

13:48:52      UID       PID    %usr %system  %guest   %wait    %CPU   CPU  Command
13:48:53        0     47228   45.00    1.00    0.00    0.00   46.00     3  slam_gmapping

13:48:52      UID       PID  minflt/s  majflt/s     VSZ     RSS   %MEM  Command
13:48:53        0     47228   8214.00      0.00 1027108  181160   1.16  slam_gmapping

13:48:53      UID       PID    %usr %system  %guest   %wait    %CPU   CPU  Command
13:48:54        0     47228    4.00    1.00    0.00    0.00    5.00     3  slam_gmapping

13:48:53      UID       PID  minflt/s  majflt/s     VSZ     RSS   %MEM  Command
13:48:54        0     47228      0.00      0.00 1027108  181160   1.16  slam_gmapping

13:48:54      UID       PID    %usr %system  %guest   %wait    %CPU   CPU  Command
13:48:55        0     47228   22.00    1.00    0.00    0.00   23.00     3  slam_gmapping

13:48:54      UID       PID  minflt/s  majflt/s     VSZ     RSS   %MEM  Command
13:48:55        0     47228      0.00      0.00 1027108  181160   1.16  slam_gmapping

13:48:55      UID       PID    %usr %system  %guest   %wait    %CPU   CPU  Command
13:48:56        0     47228   63.00    2.00    0.00    0.00   65.00    10  slam_gmapping

13:48:55      UID       PID  minflt/s  majflt/s     VSZ     RSS   %MEM  Command
13:48:56        0     47228   8238.00      0.00 1027108  181004   1.16  slam_gmapping

13:48:56      UID       PID    %usr %system  %guest   %wait    %CPU   CPU  Command
13:48:57        0     47228    4.00    1.00    0.00    0.00    5.00     3  slam_gmapping

13:48:56      UID       PID  minflt/s  majflt/s     VSZ     RSS   %MEM  Command
13:48:57        0     47228      0.00      0.00 1027108  181004   1.16  slam_gmapping

13:48:57      UID       PID    %usr %system  %guest   %wait    %CPU   CPU  Command
13:48:58        0     47228   22.00    1.00    0.00    0.00   23.00    12  slam_gmapping

13:48:57      UID       PID  minflt/s  majflt/s     VSZ     RSS   %MEM  Command
13:48:58        0     47228      0.00      0.00 1027108  181004   1.16  slam_gmapping

13:48:58      UID       PID    %usr %system  %guest   %wait    %CPU   CPU  Command
13:48:59        0     47228   62.00    3.00    0.00    0.00   65.00     3  slam_gmapping

13:48:58      UID       PID  minflt/s  majflt/s     VSZ     RSS   %MEM  Command
13:48:59        0     47228   8267.00      0.00 1027108  180960   1.16  slam_gmapping

13:48:59      UID       PID    %usr %system  %guest   %wait    %CPU   CPU  Command
13:49:00        0     47228    4.00    0.00    0.00    0.00    4.00     2  slam_gmapping

13:48:59      UID       PID  minflt/s  majflt/s     VSZ     RSS   %MEM  Command
13:49:00        0     47228      0.00      0.00 1027108  180960   1.16  slam_gmapping

13:49:00      UID       PID    %usr %system  %guest   %wait    %CPU   CPU  Command
13:49:01        0     47228   22.00    1.00    0.00    0.00   23.00     8  slam_gmapping

13:49:00      UID       PID  minflt/s  majflt/s     VSZ     RSS   %MEM  Command
13:49:01        0     47228      0.00      0.00 1027108  180960   1.16  slam_gmapping

13:49:01      UID       PID    %usr %system  %guest   %wait    %CPU   CPU  Command
13:49:02        0     47228   62.00    3.00    0.00    0.00   65.00     6  slam_gmapping

13:49:01      UID       PID  minflt/s  majflt/s     VSZ     RSS   %MEM  Command
13:49:02        0     47228   8272.00      0.00 1027108  181004   1.16  slam_gmapping

13:49:02      UID       PID    %usr %system  %guest   %wait    %CPU   CPU  Command
13:49:03        0     47228    4.00    0.00    0.00    0.00    4.00     6  slam_gmapping

13:49:02      UID       PID  minflt/s  majflt/s     VSZ     RSS   %MEM  Command
13:49:03        0     47228      0.00      0.00 1027108  181004   1.16  slam_gmapping

13:49:03      UID       PID    %usr %system  %guest   %wait    %CPU   CPU  Command
13:49:04        0     47228   21.00    1.00    0.00    0.00   22.00     6  slam_gmapping

13:49:03      UID       PID  minflt/s  majflt/s     VSZ     RSS   %MEM  Command
13:49:04        0     47228      0.00      0.00 1027108  181004   1.16  slam_gmapping

13:49:04      UID       PID    %usr %system  %guest   %wait    %CPU   CPU  Command
13:49:05        0     47228   68.00    3.00    0.00    0.00   71.00     6  slam_gmapping

13:49:04      UID       PID  minflt/s  majflt/s     VSZ     RSS   %MEM  Command
13:49:05        0     47228   8274.00      0.00 1027108  181004   1.16  slam_gmapping

13:49:05      UID       PID    %usr %system  %guest   %wait    %CPU   CPU  Command
13:49:06        0     47228   88.00    2.00    0.00    0.00   90.00     6  slam_gmapping

13:49:05      UID       PID  minflt/s  majflt/s     VSZ     RSS   %MEM  Command
13:49:06        0     47228   8280.00      0.00 1027108  181004   1.16  slam_gmapping

13:49:06      UID       PID    %usr %system  %guest   %wait    %CPU   CPU  Command
13:49:07        0     47228   66.00    2.00    0.00    0.00   68.00    14  slam_gmapping

13:49:06      UID       PID  minflt/s  majflt/s     VSZ     RSS   %MEM  Command
13:49:07        0     47228   8016.00      0.00 1027108  181004   1.16  slam_gmapping

13:49:07      UID       PID    %usr %system  %guest   %wait    %CPU   CPU  Command
13:49:08        0     47228   55.00    1.00    0.00    0.00   56.00     7  slam_gmapping

13:49:07      UID       PID  minflt/s  majflt/s     VSZ     RSS   %MEM  Command
13:49:08        0     47228   2311.00      0.00 1027108  181000   1.16  slam_gmapping

13:49:08      UID       PID    %usr %system  %guest   %wait    %CPU   CPU  Command
13:49:09        0     47228   71.00    1.00    0.00    0.00   72.00     2  slam_gmapping

13:49:08      UID       PID  minflt/s  majflt/s     VSZ     RSS   %MEM  Command
13:49:09        0     47228   7855.00      0.00 1027108  181000   1.16  slam_gmapping

13:49:09      UID       PID    %usr %system  %guest   %wait    %CPU   CPU  Command
13:49:10        0     47228   38.00    1.00    0.00    0.00   39.00    10  slam_gmapping

13:49:09      UID       PID  minflt/s  majflt/s     VSZ     RSS   %MEM  Command
13:49:10        0     47228      1.00      0.00 1027108  181000   1.16  slam_gmapping

13:49:10      UID       PID    %usr %system  %guest   %wait    %CPU   CPU  Command
13:49:11        0     47228   61.00    1.00    0.00    0.00   62.00    12  slam_gmapping

13:49:10      UID       PID  minflt/s  majflt/s     VSZ     RSS   %MEM  Command
13:49:11        0     47228   8099.00      0.00 1027108  181004   1.16  slam_gmapping

13:49:11      UID       PID    %usr %system  %guest   %wait    %CPU   CPU  Command
13:49:12        0     47228   77.00    2.00    0.00    0.00   79.00     0  slam_gmapping

13:49:11      UID       PID  minflt/s  majflt/s     VSZ     RSS   %MEM  Command
13:49:12        0     47228   8580.00      0.00 1027108  180924   1.16  slam_gmapping

13:49:12      UID       PID    %usr %system  %guest   %wait    %CPU   CPU  Command
13:49:13        0     47228   19.00    2.00    0.00    0.00   21.00     6  slam_gmapping

13:49:12      UID       PID  minflt/s  majflt/s     VSZ     RSS   %MEM  Command
13:49:13        0     47228      0.00      0.00 1027108  180924   1.16  slam_gmapping

13:49:13      UID       PID    %usr %system  %guest   %wait    %CPU   CPU  Command
13:49:14        0     47228   98.00    1.00    0.00    0.00   99.00     7  slam_gmapping

13:49:13      UID       PID  minflt/s  majflt/s     VSZ     RSS   %MEM  Command
13:49:14        0     47228   3099.00      0.00 1027108  180924   1.16  slam_gmapping

13:49:14      UID       PID    %usr %system  %guest   %wait    %CPU   CPU  Command
13:49:15        0     47228   53.00    2.00    0.00    1.00   55.00     7  slam_gmapping

13:49:14      UID       PID  minflt/s  majflt/s     VSZ     RSS   %MEM  Command
13:49:15        0     47228   8793.00      0.00 1027108  180888   1.16  slam_gmapping

13:49:15      UID       PID    %usr %system  %guest   %wait    %CPU   CPU  Command
13:49:16        0     47228   46.00    1.00    0.00    0.00   47.00     7  slam_gmapping

13:49:15      UID       PID  minflt/s  majflt/s     VSZ     RSS   %MEM  Command
13:49:16        0     47228      0.00      0.00 1027108  180888   1.16  slam_gmapping

13:49:16      UID       PID    %usr %system  %guest   %wait    %CPU   CPU  Command
13:49:17        0     47228   62.00    2.00    0.00    0.00   64.00     7  slam_gmapping

13:49:16      UID       PID  minflt/s  majflt/s     VSZ     RSS   %MEM  Command
13:49:17        0     47228   9110.00      0.00 1027108  180968   1.16  slam_gmapping

13:49:17      UID       PID    %usr %system  %guest   %wait    %CPU   CPU  Command
13:49:18        0     47228   59.00    2.00    0.00    0.00   61.00     7  slam_gmapping

13:49:17      UID       PID  minflt/s  majflt/s     VSZ     RSS   %MEM  Command
13:49:18        0     47228   9262.00      0.00 1027108  180968   1.16  slam_gmapping

13:49:18      UID       PID    %usr %system  %guest   %wait    %CPU   CPU  Command
13:49:19        0     47228   58.00    1.00    0.00    0.00   59.00     8  slam_gmapping

13:49:18      UID       PID  minflt/s  majflt/s     VSZ     RSS   %MEM  Command
13:49:19        0     47228   3171.00      0.00 1027108  180968   1.16  slam_gmapping

13:49:19      UID       PID    %usr %system  %guest   %wait    %CPU   CPU  Command
13:49:20        0     47228   71.00    2.00    0.00    0.00   73.00     8  slam_gmapping

13:49:19      UID       PID  minflt/s  majflt/s     VSZ     RSS   %MEM  Command
13:49:20        0     47228   9014.00      0.00 1027108  180968   1.16  slam_gmapping

13:49:20      UID       PID    %usr %system  %guest   %wait    %CPU   CPU  Command
13:49:21        0     47228   54.00    0.00    0.00    0.00   54.00     8  slam_gmapping

13:49:20      UID       PID  minflt/s  majflt/s     VSZ     RSS   %MEM  Command
13:49:21        0     47228      0.00      0.00 1027108  180968   1.16  slam_gmapping

13:49:21      UID       PID    %usr %system  %guest   %wait    %CPU   CPU  Command
13:49:22        0     47228   66.00    2.00    0.00    0.00   68.00    12  slam_gmapping

13:49:21      UID       PID  minflt/s  majflt/s     VSZ     RSS   %MEM  Command
13:49:22        0     47228  12451.00      0.00 1027108  194072   1.24  slam_gmapping

13:49:22      UID       PID    %usr %system  %guest   %wait    %CPU   CPU  Command
13:49:23        0     47228   41.00    2.00    0.00    0.00   43.00     4  slam_gmapping

13:49:22      UID       PID  minflt/s  majflt/s     VSZ     RSS   %MEM  Command
13:49:23        0     47228   6260.00      0.00 1027108  180968   1.16  slam_gmapping

13:49:23      UID       PID    %usr %system  %guest   %wait    %CPU   CPU  Command
13:49:24        0     47228   77.00    2.00    0.00    0.00   79.00     1  slam_gmapping

13:49:23      UID       PID  minflt/s  majflt/s     VSZ     RSS   %MEM  Command
13:49:24        0     47228   9654.00      0.00 1027108  180968   1.16  slam_gmapping

13:49:24      UID       PID    %usr %system  %guest   %wait    %CPU   CPU  Command
13:49:25        0     47228   48.00    0.00    0.00    0.00   48.00     2  slam_gmapping

13:49:24      UID       PID  minflt/s  majflt/s     VSZ     RSS   %MEM  Command
13:49:25        0     47228      0.00      0.00 1027108  180968   1.16  slam_gmapping

13:49:25      UID       PID    %usr %system  %guest   %wait    %CPU   CPU  Command
13:49:26        0     47228   71.00    1.00    0.00    0.00   72.00     3  slam_gmapping

13:49:25      UID       PID  minflt/s  majflt/s     VSZ     RSS   %MEM  Command
13:49:26        0     47228   7080.00      0.00 1027108  198248   1.27  slam_gmapping

13:49:26      UID       PID    %usr %system  %guest   %wait    %CPU   CPU  Command
13:49:27        0     47228   34.00    2.00    0.00    0.00   36.00     3  slam_gmapping

13:49:26      UID       PID  minflt/s  majflt/s     VSZ     RSS   %MEM  Command
13:49:27        0     47228   4695.00      0.00 1027108  180968   1.16  slam_gmapping

13:49:27      UID       PID    %usr %system  %guest   %wait    %CPU   CPU  Command
13:49:28        0     47228   79.00    0.00    0.00    0.00   79.00     3  slam_gmapping

13:49:27      UID       PID  minflt/s  majflt/s     VSZ     RSS   %MEM  Command
13:49:28        0     47228   3338.00      0.00 1027108  180968   1.16  slam_gmapping

13:49:28      UID       PID    %usr %system  %guest   %wait    %CPU   CPU  Command
13:49:29        0     47228   54.00    2.00    0.00    0.00   56.00     4  slam_gmapping

13:49:28      UID       PID  minflt/s  majflt/s     VSZ     RSS   %MEM  Command
13:49:29        0     47228   9399.00      0.00 1027108  180968   1.16  slam_gmapping

13:49:29      UID       PID    %usr %system  %guest   %wait    %CPU   CPU  Command
13:49:30        0     47228   50.00    0.00    0.00    0.00   50.00     3  slam_gmapping

13:49:29      UID       PID  minflt/s  majflt/s     VSZ     RSS   %MEM  Command
13:49:30        0     47228      0.00      0.00 1027108  180968   1.16  slam_gmapping

13:49:30      UID       PID    %usr %system  %guest   %wait    %CPU   CPU  Command
13:49:31        0     47228   76.00    2.00    0.00    0.00   78.00     3  slam_gmapping

13:49:30      UID       PID  minflt/s  majflt/s     VSZ     RSS   %MEM  Command
13:49:31        0     47228   6110.00      0.00 1027108  193512   1.24  slam_gmapping

13:49:31      UID       PID    %usr %system  %guest   %wait    %CPU   CPU  Command
13:49:32        0     47228   32.00    1.00    0.00    0.00   33.00     3  slam_gmapping

13:49:31      UID       PID  minflt/s  majflt/s     VSZ     RSS   %MEM  Command
13:49:32        0     47228   5731.00      0.00 1027108  180968   1.16  slam_gmapping

13:49:32      UID       PID    %usr %system  %guest   %wait    %CPU   CPU  Command
13:49:33        0     47228   83.00    1.00    0.00    0.00   84.00     4  slam_gmapping

13:49:32      UID       PID  minflt/s  majflt/s     VSZ     RSS   %MEM  Command
13:49:33        0     47228   9177.00      0.00 1027108  180884   1.16  slam_gmapping

13:49:33      UID       PID    %usr %system  %guest   %wait    %CPU   CPU  Command
13:49:34        0     47228   47.00    0.00    0.00    0.00   47.00     2  slam_gmapping

13:49:33      UID       PID  minflt/s  majflt/s     VSZ     RSS   %MEM  Command
13:49:34        0     47228      0.00      0.00 1027108  180884   1.16  slam_gmapping

13:49:34      UID       PID    %usr %system  %guest   %wait    %CPU   CPU  Command
13:49:35        0     47228   55.00    2.00    0.00    0.00   57.00     4  slam_gmapping

13:49:34      UID       PID  minflt/s  majflt/s     VSZ     RSS   %MEM  Command
13:49:35        0     47228   9530.00      0.00 1027108  180884   1.16  slam_gmapping

13:49:35      UID       PID    %usr %system  %guest   %wait    %CPU   CPU  Command
13:49:36        0     47228   77.00    1.00    0.00    0.00   78.00     3  slam_gmapping

13:49:35      UID       PID  minflt/s  majflt/s     VSZ     RSS   %MEM  Command
13:49:36        0     47228   3550.00      0.00 1027108  180884   1.16  slam_gmapping

13:49:36      UID       PID    %usr %system  %guest   %wait    %CPU   CPU  Command
13:49:37        0     47228   48.00    2.00    0.00    0.00   50.00     3  slam_gmapping

13:49:36      UID       PID  minflt/s  majflt/s     VSZ     RSS   %MEM  Command
13:49:37        0     47228   3827.00      0.00 1027108  180884   1.16  slam_gmapping

13:49:37      UID       PID    %usr %system  %guest   %wait    %CPU   CPU  Command
13:49:38        0     47228   72.00    2.00    0.00    0.00   74.00     6  slam_gmapping

13:49:37      UID       PID  minflt/s  majflt/s     VSZ     RSS   %MEM  Command
13:49:38        0     47228   8587.00      0.00 1027108  180884   1.16  slam_gmapping

13:49:38      UID       PID    %usr %system  %guest   %wait    %CPU   CPU  Command
13:49:39        0     47228   62.00    2.00    0.00    0.00   64.00     6  slam_gmapping

13:49:38      UID       PID  minflt/s  majflt/s     VSZ     RSS   %MEM  Command
13:49:39        0     47228   7951.00      0.00 1027108  212756   1.36  slam_gmapping

13:49:39      UID       PID    %usr %system  %guest   %wait    %CPU   CPU  Command
13:49:40        0     47228   35.00    1.00    0.00    0.00   36.00     4  slam_gmapping

13:49:39      UID       PID  minflt/s  majflt/s     VSZ     RSS   %MEM  Command
13:49:40        0     47228    782.00      0.00 1027108  180968   1.16  slam_gmapping

13:49:40      UID       PID    %usr %system  %guest   %wait    %CPU   CPU  Command
13:49:41        0     47228   81.00    2.00    0.00    0.00   83.00    10  slam_gmapping

13:49:40      UID       PID  minflt/s  majflt/s     VSZ     RSS   %MEM  Command
13:49:41        0     47228   9150.00      0.00 1027108  180968   1.16  slam_gmapping

13:49:41      UID       PID    %usr %system  %guest   %wait    %CPU   CPU  Command
13:49:42        0     47228   65.00    1.00    0.00    0.00   66.00     0  slam_gmapping

13:49:41      UID       PID  minflt/s  majflt/s     VSZ     RSS   %MEM  Command
13:49:42        0     47228   9156.00      0.00 1027108  180968   1.16  slam_gmapping

13:49:42      UID       PID    %usr %system  %guest   %wait    %CPU   CPU  Command
13:49:43        0     47228   77.00    1.00    0.00    0.00   78.00    12  slam_gmapping

13:49:42      UID       PID  minflt/s  majflt/s     VSZ     RSS   %MEM  Command
13:49:43        0     47228   3406.00      0.00 1027108  180968   1.16  slam_gmapping

13:49:43      UID       PID    %usr %system  %guest   %wait    %CPU   CPU  Command
13:49:44        0     47228   45.00    0.00    0.00    0.00   45.00     3  slam_gmapping

13:49:43      UID       PID  minflt/s  majflt/s     VSZ     RSS   %MEM  Command
13:49:44        0     47228      0.00      0.00 1027108  180968   1.16  slam_gmapping

13:49:44      UID       PID    %usr %system  %guest   %wait    %CPU   CPU  Command
13:49:45        0     47228   73.00    2.00    0.00    0.00   75.00     3  slam_gmapping

13:49:44      UID       PID  minflt/s  majflt/s     VSZ     RSS   %MEM  Command
13:49:45        0     47228   9847.00      0.00 1027108  205672   1.32  slam_gmapping

13:49:45      UID       PID    %usr %system  %guest   %wait    %CPU   CPU  Command
13:49:46        0     47228   28.00    0.00    0.00    0.00   28.00     3  slam_gmapping

13:49:45      UID       PID  minflt/s  majflt/s     VSZ     RSS   %MEM  Command
13:49:46        0     47228   2343.00      0.00 1027108  180968   1.16  slam_gmapping

13:49:46      UID       PID    %usr %system  %guest   %wait    %CPU   CPU  Command
13:49:47        0     47228   99.00    2.00    0.00    0.00  101.00    14  slam_gmapping

13:49:46      UID       PID  minflt/s  majflt/s     VSZ     RSS   %MEM  Command
13:49:47        0     47228   8995.00      0.00 1027108  180968   1.16  slam_gmapping

13:49:47      UID       PID    %usr %system  %guest   %wait    %CPU   CPU  Command
13:49:48        0     47228   50.00    2.00    0.00    0.00   52.00     2  slam_gmapping

13:49:47      UID       PID  minflt/s  majflt/s     VSZ     RSS   %MEM  Command
13:49:48        0     47228   9116.00      0.00 1027108  180968   1.16  slam_gmapping

13:49:48      UID       PID    %usr %system  %guest   %wait    %CPU   CPU  Command
13:49:49        0     47228   27.00    0.00    0.00    0.00   27.00     8  slam_gmapping

13:49:48      UID       PID  minflt/s  majflt/s     VSZ     RSS   %MEM  Command
13:49:49        0     47228      0.00      0.00 1027108  180968   1.16  slam_gmapping

13:49:49      UID       PID    %usr %system  %guest   %wait    %CPU   CPU  Command
13:49:50        0     47228   80.00    1.00    0.00    0.00   81.00     8  slam_gmapping

13:49:49      UID       PID  minflt/s  majflt/s     VSZ     RSS   %MEM  Command
13:49:50        0     47228   9020.00      0.00 1027108  180900   1.16  slam_gmapping

13:49:50      UID       PID    %usr %system  %guest   %wait    %CPU   CPU  Command
13:49:51        0     47228   60.00    0.00    0.00    0.00   60.00     2  slam_gmapping

13:49:50      UID       PID  minflt/s  majflt/s     VSZ     RSS   %MEM  Command
13:49:51        0     47228      0.00      0.00 1027108  180900   1.16  slam_gmapping

13:49:51      UID       PID    %usr %system  %guest   %wait    %CPU   CPU  Command
13:49:52        0     47228   49.00    2.00    0.00    0.00   51.00     2  slam_gmapping

13:49:51      UID       PID  minflt/s  majflt/s     VSZ     RSS   %MEM  Command
13:49:52        0     47228   9075.00      0.00 1027108  180900   1.16  slam_gmapping

13:49:52      UID       PID    %usr %system  %guest   %wait    %CPU   CPU  Command
13:49:53        0     47228   70.00    1.00    0.00    0.00   71.00     2  slam_gmapping

13:49:52      UID       PID  minflt/s  majflt/s     VSZ     RSS   %MEM  Command
13:49:53        0     47228   3701.00      0.00 1027108  180900   1.16  slam_gmapping

13:49:53      UID       PID    %usr %system  %guest   %wait    %CPU   CPU  Command
13:49:54        0     47228   56.00    2.00    0.00    0.00   58.00     2  slam_gmapping

13:49:53      UID       PID  minflt/s  majflt/s     VSZ     RSS   %MEM  Command
13:49:54        0     47228   9132.00      0.00 1027108  180968   1.16  slam_gmapping

13:49:54      UID       PID    %usr %system  %guest   %wait    %CPU   CPU  Command
13:49:55        0     47228   66.00    0.00    0.00    0.00   66.00     3  slam_gmapping

13:49:54      UID       PID  minflt/s  majflt/s     VSZ     RSS   %MEM  Command
13:49:55        0     47228      0.00      0.00 1027108  180968   1.16  slam_gmapping

13:49:55      UID       PID    %usr %system  %guest   %wait    %CPU   CPU  Command
13:49:56        0     47228   70.00    2.00    0.00    0.00   72.00     3  slam_gmapping

13:49:55      UID       PID  minflt/s  majflt/s     VSZ     RSS   %MEM  Command
13:49:56        0     47228  13049.00      0.00 1027108  181004   1.16  slam_gmapping

13:49:56      UID       PID    %usr %system  %guest   %wait    %CPU   CPU  Command
13:49:57        0     47228   22.00    1.00    0.00    0.00   23.00     3  slam_gmapping

13:49:56      UID       PID  minflt/s  majflt/s     VSZ     RSS   %MEM  Command
13:49:57        0     47228      0.00      0.00 1027108  181004   1.16  slam_gmapping

13:49:57      UID       PID    %usr %system  %guest   %wait    %CPU   CPU  Command
13:49:58        0     47228   82.00    2.00    0.00    0.00   84.00     3  slam_gmapping

13:49:57      UID       PID  minflt/s  majflt/s     VSZ     RSS   %MEM  Command
13:49:58        0     47228   9143.00      0.00 1027108  180988   1.16  slam_gmapping

13:49:58      UID       PID    %usr %system  %guest   %wait    %CPU   CPU  Command
13:49:59        0     47228   60.00    0.00    0.00    0.00   60.00     3  slam_gmapping

13:49:58      UID       PID  minflt/s  majflt/s     VSZ     RSS   %MEM  Command
13:49:59        0     47228   2218.00      0.00 1027108  189820   1.22  slam_gmapping

13:49:59      UID       PID    %usr %system  %guest   %wait    %CPU   CPU  Command
13:50:00        0     47228   36.00    2.00    0.00    0.00   38.00     8  slam_gmapping

13:49:59      UID       PID  minflt/s  majflt/s     VSZ     RSS   %MEM  Command
13:50:00        0     47228   7218.00      0.00 1027108  180876   1.16  slam_gmapping

13:50:00      UID       PID    %usr %system  %guest   %wait    %CPU   CPU  Command
13:50:01        0     47228   78.00    2.00    0.00    0.00   80.00    14  slam_gmapping

13:50:00      UID       PID  minflt/s  majflt/s     VSZ     RSS   %MEM  Command
13:50:01        0     47228   9484.00      0.00 1027108  180876   1.16  slam_gmapping

13:50:01      UID       PID    %usr %system  %guest   %wait    %CPU   CPU  Command
13:50:02        0     47228   58.00    1.00    0.00    0.00   59.00    10  slam_gmapping

13:50:01      UID       PID  minflt/s  majflt/s     VSZ     RSS   %MEM  Command
13:50:02        0     47228   6099.00      0.00 1027108  205196   1.32  slam_gmapping

13:50:02      UID       PID    %usr %system  %guest   %wait    %CPU   CPU  Command
13:50:03        0     47228   40.00    2.00    0.00    0.00   42.00     9  slam_gmapping

13:50:02      UID       PID  minflt/s  majflt/s     VSZ     RSS   %MEM  Command
13:50:03        0     47228   3391.00      0.00 1027108  180908   1.16  slam_gmapping

13:50:03      UID       PID    %usr %system  %guest   %wait    %CPU   CPU  Command
13:50:04        0     47228   61.00    2.00    0.00    0.00   63.00     9  slam_gmapping

13:50:03      UID       PID  minflt/s  majflt/s     VSZ     RSS   %MEM  Command
13:50:04        0     47228   9597.00      0.00 1027108  180924   1.16  slam_gmapping

13:50:04      UID       PID    %usr %system  %guest   %wait    %CPU   CPU  Command
13:50:05        0     47228   70.00    2.00    0.00    0.00   72.00     9  slam_gmapping

13:50:04      UID       PID  minflt/s  majflt/s     VSZ     RSS   %MEM  Command
13:50:05        0     47228   9627.00      0.00 1027108  180924   1.16  slam_gmapping

13:50:05      UID       PID    %usr %system  %guest   %wait    %CPU   CPU  Command
13:50:06        0     47228   59.00    0.00    0.00    0.00   59.00     6  slam_gmapping

13:50:05      UID       PID  minflt/s  majflt/s     VSZ     RSS   %MEM  Command
13:50:06        0     47228      0.00      0.00 1027108  180924   1.16  slam_gmapping

13:50:06      UID       PID    %usr %system  %guest   %wait    %CPU   CPU  Command
13:50:07        0     47228   70.00    2.00    0.00    0.00   72.00     2  slam_gmapping

13:50:06      UID       PID  minflt/s  majflt/s     VSZ     RSS   %MEM  Command
13:50:07        0     47228  12443.00      0.00 1027108  180924   1.16  slam_gmapping

13:50:07      UID       PID    %usr %system  %guest   %wait    %CPU   CPU  Command
13:50:08        0     47228   37.00    1.00    0.00    0.00   38.00     6  slam_gmapping

13:50:07      UID       PID  minflt/s  majflt/s     VSZ     RSS   %MEM  Command
13:50:08        0     47228      0.00      0.00 1027108  180924   1.16  slam_gmapping

13:50:08      UID       PID    %usr %system  %guest   %wait    %CPU   CPU  Command
13:50:09        0     47228   70.00    1.00    0.00    0.00   71.00     8  slam_gmapping

13:50:08      UID       PID  minflt/s  majflt/s     VSZ     RSS   %MEM  Command
13:50:09        0     47228   3702.00      0.00 1027108  180956   1.16  slam_gmapping

13:50:09      UID       PID    %usr %system  %guest   %wait    %CPU   CPU  Command
13:50:10        0     47228   46.00    2.00    0.00    0.00   48.00     6  slam_gmapping

13:50:09      UID       PID  minflt/s  majflt/s     VSZ     RSS   %MEM  Command
13:50:10        0     47228   9145.00      0.00 1027108  180956   1.16  slam_gmapping

13:50:10      UID       PID    %usr %system  %guest   %wait    %CPU   CPU  Command
13:50:11        0     47228   70.00    1.00    0.00    0.00   71.00    12  slam_gmapping

13:50:10      UID       PID  minflt/s  majflt/s     VSZ     RSS   %MEM  Command
13:50:11        0     47228   3252.00      0.00 1027108  180956   1.16  slam_gmapping

13:50:11      UID       PID    %usr %system  %guest   %wait    %CPU   CPU  Command
13:50:12        0     47228   40.00    2.00    0.00    0.00   42.00     6  slam_gmapping

13:50:11      UID       PID  minflt/s  majflt/s     VSZ     RSS   %MEM  Command
13:50:12        0     47228   9191.00      0.00 1027108  180988   1.16  slam_gmapping

13:50:12      UID       PID    %usr %system  %guest   %wait    %CPU   CPU  Command
13:50:13        0     47228   83.00    1.00    0.00    0.00   84.00    14  slam_gmapping

13:50:12      UID       PID  minflt/s  majflt/s     VSZ     RSS   %MEM  Command
13:50:13        0     47228   9411.00      0.00 1027108  180956   1.16  slam_gmapping

13:50:13      UID       PID    %usr %system  %guest   %wait    %CPU   CPU  Command
13:50:14        0     47228   41.00    1.00    0.00    0.00   42.00    14  slam_gmapping

13:50:13      UID       PID  minflt/s  majflt/s     VSZ     RSS   %MEM  Command
13:50:14        0     47228      0.00      0.00 1027108  180956   1.16  slam_gmapping

13:50:14      UID       PID    %usr %system  %guest   %wait    %CPU   CPU  Command
13:50:15        0     47228   56.00    2.00    0.00    0.00   58.00     2  slam_gmapping

13:50:14      UID       PID  minflt/s  majflt/s     VSZ     RSS   %MEM  Command
13:50:15        0     47228   9803.00      0.00 1027108  180980   1.16  slam_gmapping

13:50:15      UID       PID    %usr %system  %guest   %wait    %CPU   CPU  Command
13:50:16        0     47228   70.00    1.00    0.00    0.00   71.00     2  slam_gmapping

13:50:15      UID       PID  minflt/s  majflt/s     VSZ     RSS   %MEM  Command
13:50:16        0     47228  10015.00      0.00 1027108  181048   1.16  slam_gmapping

13:50:16      UID       PID    %usr %system  %guest   %wait    %CPU   CPU  Command
13:50:17        0     47228   58.00    0.00    0.00    0.00   58.00     3  slam_gmapping

13:50:16      UID       PID  minflt/s  majflt/s     VSZ     RSS   %MEM  Command
13:50:17        0     47228      0.00      0.00 1027108  181048   1.16  slam_gmapping

13:50:17      UID       PID    %usr %system  %guest   %wait    %CPU   CPU  Command
13:50:18        0     47228   75.00    2.00    0.00    0.00   77.00     3  slam_gmapping

13:50:17      UID       PID  minflt/s  majflt/s     VSZ     RSS   %MEM  Command
13:50:18        0     47228  12452.00      0.00 1027108  215736   1.38  slam_gmapping

13:50:18      UID       PID    %usr %system  %guest   %wait    %CPU   CPU  Command
13:50:19        0     47228   37.00    1.00    0.00    0.00   38.00     3  slam_gmapping

13:50:18      UID       PID  minflt/s  majflt/s     VSZ     RSS   %MEM  Command
13:50:19        0     47228    783.00      0.00 1027108  181048   1.16  slam_gmapping

13:50:19      UID       PID    %usr %system  %guest   %wait    %CPU   CPU  Command
13:50:20        0     47228   68.00    2.00    0.00    0.00   70.00     6  slam_gmapping

13:50:19      UID       PID  minflt/s  majflt/s     VSZ     RSS   %MEM  Command
13:50:20        0     47228   9530.00      0.00 1027108  181048   1.16  slam_gmapping

13:50:20      UID       PID    %usr %system  %guest   %wait    %CPU   CPU  Command
13:50:21        0     47228   67.00    1.00    0.00    0.00   68.00     2  slam_gmapping

13:50:20      UID       PID  minflt/s  majflt/s     VSZ     RSS   %MEM  Command
13:50:21        0     47228   4212.00      0.00 1027108  181048   1.16  slam_gmapping

13:50:21      UID       PID    %usr %system  %guest   %wait    %CPU   CPU  Command
13:50:22        0     47228   57.00    2.00    0.00    0.00   59.00    14  slam_gmapping

13:50:21      UID       PID  minflt/s  majflt/s     VSZ     RSS   %MEM  Command
13:50:22        0     47228   9624.00      0.00 1027108  181048   1.16  slam_gmapping

13:50:22      UID       PID    %usr %system  %guest   %wait    %CPU   CPU  Command
13:50:23        0     47228   45.00    0.00    0.00    0.00   45.00     0  slam_gmapping

13:50:22      UID       PID  minflt/s  majflt/s     VSZ     RSS   %MEM  Command
13:50:23        0     47228      0.00      0.00 1027108  181048   1.16  slam_gmapping

13:50:23      UID       PID    %usr %system  %guest   %wait    %CPU   CPU  Command
13:50:24        0     47228   64.00    2.00    0.00    0.00   66.00     8  slam_gmapping

13:50:23      UID       PID  minflt/s  majflt/s     VSZ     RSS   %MEM  Command
13:50:24        0     47228   9684.00      0.00 1027108  181072   1.16  slam_gmapping

13:50:24      UID       PID    %usr %system  %guest   %wait    %CPU   CPU  Command
13:50:25        0     47228   72.00    2.00    0.00    0.00   74.00     2  slam_gmapping

13:50:24      UID       PID  minflt/s  majflt/s     VSZ     RSS   %MEM  Command
13:50:25        0     47228   9681.00      0.00 1027108  181060   1.16  slam_gmapping

13:50:25      UID       PID    %usr %system  %guest   %wait    %CPU   CPU  Command
13:50:26        0     47228   58.00    2.00    0.00    0.00   60.00     4  slam_gmapping

13:50:25      UID       PID  minflt/s  majflt/s     VSZ     RSS   %MEM  Command
13:50:26        0     47228   9711.00      0.00 1027108  181060   1.16  slam_gmapping

13:50:26      UID       PID    %usr %system  %guest   %wait    %CPU   CPU  Command
13:50:27        0     47228   53.00    1.00    0.00    0.00   54.00     4  slam_gmapping

13:50:26      UID       PID  minflt/s  majflt/s     VSZ     RSS   %MEM  Command
13:50:27        0     47228      0.00      0.00 1027108  181060   1.16  slam_gmapping

13:50:27      UID       PID    %usr %system  %guest   %wait    %CPU   CPU  Command
13:50:28        0     47228   63.00    2.00    0.00    0.00   65.00     2  slam_gmapping

13:50:27      UID       PID  minflt/s  majflt/s     VSZ     RSS   %MEM  Command
13:50:28        0     47228   9918.00      0.00 1027108  181060   1.16  slam_gmapping

13:50:28      UID       PID    %usr %system  %guest   %wait    %CPU   CPU  Command
13:50:29        0     47228   56.00    2.00    0.00    0.00   58.00     6  slam_gmapping

13:50:28      UID       PID  minflt/s  majflt/s     VSZ     RSS   %MEM  Command
13:50:29        0     47228  10119.00      0.00 1027108  181048   1.16  slam_gmapping

13:50:29      UID       PID    %usr %system  %guest   %wait    %CPU   CPU  Command
13:50:30        0     47228   80.00    2.00    0.00    0.00   82.00     6  slam_gmapping

13:50:29      UID       PID  minflt/s  majflt/s     VSZ     RSS   %MEM  Command
13:50:30        0     47228  10465.00      0.00 1027108  181048   1.16  slam_gmapping

13:50:30      UID       PID    %usr %system  %guest   %wait    %CPU   CPU  Command
13:50:31        0     47228   42.00    1.00    0.00    0.00   43.00     4  slam_gmapping

13:50:30      UID       PID  minflt/s  majflt/s     VSZ     RSS   %MEM  Command
13:50:31        0     47228      0.00      0.00 1027108  181048   1.16  slam_gmapping

13:50:31      UID       PID    %usr %system  %guest   %wait    %CPU   CPU  Command
13:50:32        0     47228   49.00    2.00    0.00    0.00   51.00     6  slam_gmapping

13:50:31      UID       PID  minflt/s  majflt/s     VSZ     RSS   %MEM  Command
13:50:32        0     47228  10691.00      0.00 1027108  181048   1.16  slam_gmapping

13:50:32      UID       PID    %usr %system  %guest   %wait    %CPU   CPU  Command
13:50:33        0     47228   79.00    2.00    0.00    0.00   81.00     6  slam_gmapping

13:50:32      UID       PID  minflt/s  majflt/s     VSZ     RSS   %MEM  Command
13:50:33        0     47228  10695.00      0.00 1027108  181048   1.16  slam_gmapping

13:50:33      UID       PID    %usr %system  %guest   %wait    %CPU   CPU  Command
13:50:34        0     47228    4.00    0.00    0.00    0.00    4.00     8  slam_gmapping

13:50:33      UID       PID  minflt/s  majflt/s     VSZ     RSS   %MEM  Command
13:50:34        0     47228      0.00      0.00 1027108  181048   1.16  slam_gmapping

13:50:34      UID       PID    %usr %system  %guest   %wait    %CPU   CPU  Command
13:50:35        0     47228  100.00    2.00    0.00    0.00  102.00     2  slam_gmapping

13:50:34      UID       PID  minflt/s  majflt/s     VSZ     RSS   %MEM  Command
13:50:35        0     47228  10698.00      0.00 1027108  181048   1.16  slam_gmapping

13:50:35      UID       PID    %usr %system  %guest   %wait    %CPU   CPU  Command
13:50:36        0     47228   72.00    2.00    0.00    0.00   74.00     4  slam_gmapping

13:50:35      UID       PID  minflt/s  majflt/s     VSZ     RSS   %MEM  Command
13:50:36        0     47228  10185.00      0.00 1027108  181048   1.16  slam_gmapping

13:50:36      UID       PID    %usr %system  %guest   %wait    %CPU   CPU  Command
13:50:37        0     47228   58.00    2.00    0.00    0.00   60.00    14  slam_gmapping

13:50:36      UID       PID  minflt/s  majflt/s     VSZ     RSS   %MEM  Command
13:50:37        0     47228  10318.00      0.00 1027108  180936   1.16  slam_gmapping

13:50:37      UID       PID    %usr %system  %guest   %wait    %CPU   CPU  Command
13:50:38        0     47228   52.00    1.00    0.00    0.00   53.00    14  slam_gmapping

13:50:37      UID       PID  minflt/s  majflt/s     VSZ     RSS   %MEM  Command
13:50:38        0     47228      1.00      0.00 1027108  180936   1.16  slam_gmapping

13:50:38      UID       PID    %usr %system  %guest   %wait    %CPU   CPU  Command
13:50:39        0     47228   78.00    2.00    0.00    0.00   80.00     6  slam_gmapping

13:50:38      UID       PID  minflt/s  majflt/s     VSZ     RSS   %MEM  Command
13:50:39        0     47228  15963.00      0.00 1027108  203552   1.31  slam_gmapping

13:50:39      UID       PID    %usr %system  %guest   %wait    %CPU   CPU  Command
13:50:40        0     47228   29.00    2.00    0.00    0.00   31.00    10  slam_gmapping

13:50:39      UID       PID  minflt/s  majflt/s     VSZ     RSS   %MEM  Command
13:50:40        0     47228   4687.00      0.00 1027108  181040   1.16  slam_gmapping

13:50:40      UID       PID    %usr %system  %guest   %wait    %CPU   CPU  Command
13:50:41        0     47228   84.00    2.00    0.00    0.00   86.00    10  slam_gmapping

13:50:40      UID       PID  minflt/s  majflt/s     VSZ     RSS   %MEM  Command
13:50:41        0     47228  10627.00      0.00 1027108  181040   1.16  slam_gmapping

13:50:41      UID       PID    %usr %system  %guest   %wait    %CPU   CPU  Command
13:50:42        0     47228   50.00    0.00    0.00    0.00   50.00    12  slam_gmapping

13:50:41      UID       PID  minflt/s  majflt/s     VSZ     RSS   %MEM  Command
13:50:42        0     47228      0.00      0.00 1027108  181040   1.16  slam_gmapping

13:50:42      UID       PID    %usr %system  %guest   %wait    %CPU   CPU  Command
13:50:43        0     47228   51.00    2.00    0.00    0.00   53.00     4  slam_gmapping

13:50:42      UID       PID  minflt/s  majflt/s     VSZ     RSS   %MEM  Command
13:50:43        0     47228  11230.00      0.00 1027108  181040   1.16  slam_gmapping

13:50:43      UID       PID    %usr %system  %guest   %wait    %CPU   CPU  Command
13:50:44        0     47228   79.00    2.00    0.00    0.00   81.00    12  slam_gmapping

13:50:43      UID       PID  minflt/s  majflt/s     VSZ     RSS   %MEM  Command
13:50:44        0     47228  11419.00      0.00 1027108  181040   1.16  slam_gmapping

13:50:44      UID       PID    %usr %system  %guest   %wait    %CPU   CPU  Command
13:50:45        0     47228   45.00    0.00    0.00    0.00   45.00     9  slam_gmapping

13:50:44      UID       PID  minflt/s  majflt/s     VSZ     RSS   %MEM  Command
13:50:45        0     47228      0.00      0.00 1027108  181040   1.16  slam_gmapping

13:50:45      UID       PID    %usr %system  %guest   %wait    %CPU   CPU  Command
13:50:46        0     47228   53.00    3.00    0.00    0.00   56.00    14  slam_gmapping

13:50:45      UID       PID  minflt/s  majflt/s     VSZ     RSS   %MEM  Command
13:50:46        0     47228  11482.00      0.00 1027108  181048   1.16  slam_gmapping

13:50:46      UID       PID    %usr %system  %guest   %wait    %CPU   CPU  Command
13:50:47        0     47228   80.00    1.00    0.00    0.00   81.00    10  slam_gmapping

13:50:46      UID       PID  minflt/s  majflt/s     VSZ     RSS   %MEM  Command
13:50:47        0     47228  11825.00      0.00 1027108  181032   1.16  slam_gmapping

13:50:47      UID       PID    %usr %system  %guest   %wait    %CPU   CPU  Command
13:50:48        0     47228   18.00    1.00    0.00    0.00   19.00    10  slam_gmapping

13:50:47      UID       PID  minflt/s  majflt/s     VSZ     RSS   %MEM  Command
13:50:48        0     47228      0.00      0.00 1027108  181032   1.16  slam_gmapping

13:50:48      UID       PID    %usr %system  %guest   %wait    %CPU   CPU  Command
13:50:49        0     47228    3.00    1.00    0.00    0.00    4.00    14  slam_gmapping

13:50:48      UID       PID  minflt/s  majflt/s     VSZ     RSS   %MEM  Command
13:50:49        0     47228      0.00      0.00 1027108  181032   1.16  slam_gmapping

13:50:49      UID       PID    %usr %system  %guest   %wait    %CPU   CPU  Command
13:50:50        0     47228    3.96    0.99    0.00    0.00    4.95     0  slam_gmapping

13:50:49      UID       PID  minflt/s  majflt/s     VSZ     RSS   %MEM  Command
13:50:50        0     47228      0.00      0.00 1027108  181032   1.16  slam_gmapping

13:50:50      UID       PID    %usr %system  %guest   %wait    %CPU   CPU  Command
13:50:51        0     47228   97.00    3.00    0.00    0.00  100.00     0  slam_gmapping

13:50:50      UID       PID  minflt/s  majflt/s     VSZ     RSS   %MEM  Command
13:50:51        0     47228  11821.00      0.00 1027108  228136   1.46  slam_gmapping

13:50:51      UID       PID    %usr %system  %guest   %wait    %CPU   CPU  Command
13:50:52        0     47228    7.00    2.00    0.00    0.00    9.00     8  slam_gmapping

13:50:51      UID       PID  minflt/s  majflt/s     VSZ     RSS   %MEM  Command
13:50:52        0     47228    261.00      0.00 1027108  180944   1.16  slam_gmapping

13:50:52      UID       PID    %usr %system  %guest   %wait    %CPU   CPU  Command
13:50:53        0     47228    4.00    0.00    0.00    0.00    4.00     8  slam_gmapping

13:50:52      UID       PID  minflt/s  majflt/s     VSZ     RSS   %MEM  Command
13:50:53        0     47228      0.00      0.00 1027108  180944   1.16  slam_gmapping

13:50:53      UID       PID    %usr %system  %guest   %wait    %CPU   CPU  Command
13:50:54        0     47228   94.00    4.00    0.00    0.00   98.00     4  slam_gmapping

13:50:53      UID       PID  minflt/s  majflt/s     VSZ     RSS   %MEM  Command
13:50:54        0     47228  12096.00      0.00 1027108  181032   1.16  slam_gmapping

13:50:54      UID       PID    %usr %system  %guest   %wait    %CPU   CPU  Command
13:50:55        0     47228    4.00    1.00    0.00    0.00    5.00     8  slam_gmapping

13:50:54      UID       PID  minflt/s  majflt/s     VSZ     RSS   %MEM  Command
13:50:55        0     47228      0.00      0.00 1027108  181032   1.16  slam_gmapping

13:50:55      UID       PID    %usr %system  %guest   %wait    %CPU   CPU  Command
13:50:56        0     47228   21.00    1.00    0.00    0.00   22.00     6  slam_gmapping

13:50:55      UID       PID  minflt/s  majflt/s     VSZ     RSS   %MEM  Command
13:50:56        0     47228      0.00      0.00 1027108  181032   1.16  slam_gmapping

13:50:56      UID       PID    %usr %system  %guest   %wait    %CPU   CPU  Command
13:50:57        0     47228   98.00    4.00    0.00    0.00  102.00     8  slam_gmapping

13:50:56      UID       PID  minflt/s  majflt/s     VSZ     RSS   %MEM  Command
13:50:57        0     47228  12215.00      0.00 1027108  180940   1.16  slam_gmapping

13:50:57      UID       PID    %usr %system  %guest   %wait    %CPU   CPU  Command
13:50:58        0     47228   21.00    0.00    0.00    0.00   21.00     6  slam_gmapping

13:50:57      UID       PID  minflt/s  majflt/s     VSZ     RSS   %MEM  Command
13:50:58        0     47228      0.00      0.00 1027108  180940   1.16  slam_gmapping

13:50:58      UID       PID    %usr %system  %guest   %wait    %CPU   CPU  Command
13:50:59        0     47228   96.00    3.00    0.00    0.00   99.00     8  slam_gmapping

13:50:58      UID       PID  minflt/s  majflt/s     VSZ     RSS   %MEM  Command
13:50:59        0     47228  12315.00      0.00 1027108  180708   1.16  slam_gmapping

13:50:59      UID       PID    %usr %system  %guest   %wait    %CPU   CPU  Command
13:51:00        0     47228   62.00    2.00    0.00    0.00   64.00    12  slam_gmapping

13:50:59      UID       PID  minflt/s  majflt/s     VSZ     RSS   %MEM  Command
13:51:00        0     47228  12317.00      0.00 1027108  180712   1.16  slam_gmapping

13:51:00      UID       PID    %usr %system  %guest   %wait    %CPU   CPU  Command
13:51:01        0     47228   50.00    0.00    0.00    0.00   50.00    12  slam_gmapping

13:51:00      UID       PID  minflt/s  majflt/s     VSZ     RSS   %MEM  Command
13:51:01        0     47228      0.00      0.00 1027108  180712   1.16  slam_gmapping

13:51:01      UID       PID    %usr %system  %guest   %wait    %CPU   CPU  Command
13:51:02        0     47228   82.00    3.00    0.00    0.00   85.00     0  slam_gmapping

13:51:01      UID       PID  minflt/s  majflt/s     VSZ     RSS   %MEM  Command
13:51:02        0     47228  17461.00      0.00 1027108  201268   1.29  slam_gmapping

13:51:02      UID       PID    %usr %system  %guest   %wait    %CPU   CPU  Command
13:51:03        0     47228   49.00    3.00    0.00    0.00   52.00     6  slam_gmapping

13:51:02      UID       PID  minflt/s  majflt/s     VSZ     RSS   %MEM  Command
13:51:03        0     47228   7184.00      0.00 1027108  180804   1.16  slam_gmapping

13:51:03      UID       PID    %usr %system  %guest   %wait    %CPU   CPU  Command
13:51:04        0     47228   36.00    2.00    0.00    0.00   38.00    14  slam_gmapping

13:51:03      UID       PID  minflt/s  majflt/s     VSZ     RSS   %MEM  Command
13:51:04        0     47228  12327.00      0.00 1027108  180804   1.16  slam_gmapping

13:51:04      UID       PID    %usr %system  %guest   %wait    %CPU   CPU  Command
13:51:05        0     47228   90.00    2.00    0.00    0.00   92.00    10  slam_gmapping

13:51:04      UID       PID  minflt/s  majflt/s     VSZ     RSS   %MEM  Command
13:51:05        0     47228  12331.00      0.00 1027108  180804   1.16  slam_gmapping

13:51:05      UID       PID    %usr %system  %guest   %wait    %CPU   CPU  Command
13:51:06        0     47228   52.00    1.00    0.00    0.00   53.00    12  slam_gmapping

13:51:05      UID       PID  minflt/s  majflt/s     VSZ     RSS   %MEM  Command
13:51:06        0     47228   2472.00      0.00 1027108  190660   1.22  slam_gmapping

13:51:06      UID       PID    %usr %system  %guest   %wait    %CPU   CPU  Command
13:51:07        0     47228   54.00    2.00    0.00    0.00   56.00     4  slam_gmapping

13:51:06      UID       PID  minflt/s  majflt/s     VSZ     RSS   %MEM  Command
13:51:07        0     47228   9865.00      0.00 1027108  180804   1.16  slam_gmapping

13:51:07      UID       PID    %usr %system  %guest   %wait    %CPU   CPU  Command
13:51:08        0     47228   52.00    2.00    0.00    0.00   54.00     4  slam_gmapping

13:51:07      UID       PID  minflt/s  majflt/s     VSZ     RSS   %MEM  Command
13:51:08        0     47228  12339.00      0.00 1027108  180804   1.16  slam_gmapping

13:51:08      UID       PID    %usr %system  %guest   %wait    %CPU   CPU  Command
13:51:09        0     47228   28.00    1.00    0.00    0.00   29.00     3  slam_gmapping

13:51:08      UID       PID  minflt/s  majflt/s     VSZ     RSS   %MEM  Command
13:51:09        0     47228      0.00      0.00 1027108  180804   1.16  slam_gmapping

13:51:09      UID       PID    %usr %system  %guest   %wait    %CPU   CPU  Command
13:51:10        0     47228   99.00    3.00    0.00    0.00  102.00     3  slam_gmapping

13:51:09      UID       PID  minflt/s  majflt/s     VSZ     RSS   %MEM  Command
13:51:10        0     47228  12344.00      0.00 1027108  180764   1.16  slam_gmapping

13:51:10      UID       PID    %usr %system  %guest   %wait    %CPU   CPU  Command
13:51:11        0     47228   63.00    3.00    0.00    0.00   66.00     3  slam_gmapping

13:51:10      UID       PID  minflt/s  majflt/s     VSZ     RSS   %MEM  Command
13:51:11        0     47228  12369.00      0.00 1027108  180792   1.16  slam_gmapping

13:51:11      UID       PID    %usr %system  %guest   %wait    %CPU   CPU  Command
13:51:12        0     47228   71.00    2.00    0.00    0.00   73.00     3  slam_gmapping

13:51:11      UID       PID  minflt/s  majflt/s     VSZ     RSS   %MEM  Command
13:51:12        0     47228  12374.00      0.00 1027108  180856   1.16  slam_gmapping

13:51:12      UID       PID    %usr %system  %guest   %wait    %CPU   CPU  Command
13:51:13        0     47228   18.00    2.00    0.00    0.00   20.00     3  slam_gmapping

13:51:12      UID       PID  minflt/s  majflt/s     VSZ     RSS   %MEM  Command
13:51:13        0     47228      0.00      0.00 1027108  180856   1.16  slam_gmapping

13:51:13      UID       PID    %usr %system  %guest   %wait    %CPU   CPU  Command
13:51:14        0     47228   83.00    3.00    0.00    0.00   86.00     2  slam_gmapping

13:51:13      UID       PID  minflt/s  majflt/s     VSZ     RSS   %MEM  Command
13:51:14        0     47228  12380.00      0.00 1027108  180868   1.16  slam_gmapping

13:51:14      UID       PID    %usr %system  %guest   %wait    %CPU   CPU  Command
13:51:15        0     47228   55.00    2.00    0.00    0.00   57.00     3  slam_gmapping

13:51:14      UID       PID  minflt/s  majflt/s     VSZ     RSS   %MEM  Command
13:51:15        0     47228  12383.00      0.00 1027108  180868   1.16  slam_gmapping

13:51:15      UID       PID    %usr %system  %guest   %wait    %CPU   CPU  Command
13:51:16        0     47228   66.00    2.00    0.00    0.00   68.00     2  slam_gmapping

13:51:15      UID       PID  minflt/s  majflt/s     VSZ     RSS   %MEM  Command
13:51:16        0     47228   4313.00      0.00 1027108  198020   1.27  slam_gmapping

13:51:16      UID       PID    %usr %system  %guest   %wait    %CPU   CPU  Command
13:51:17        0     47228   80.00    1.00    0.00    0.00   81.00     2  slam_gmapping

13:51:16      UID       PID  minflt/s  majflt/s     VSZ     RSS   %MEM  Command
13:51:17        0     47228  11861.00      0.00 1027108  195972   1.26  slam_gmapping

13:51:17      UID       PID    %usr %system  %guest   %wait    %CPU   CPU  Command
13:51:18        0     47228   61.00    2.00    0.00    0.00   63.00     4  slam_gmapping

13:51:17      UID       PID  minflt/s  majflt/s     VSZ     RSS   %MEM  Command
13:51:18        0     47228   8604.00      0.00 1027108  180868   1.16  slam_gmapping

13:51:18      UID       PID    %usr %system  %guest   %wait    %CPU   CPU  Command
13:51:19        0     47228   58.00    2.00    0.00    0.00   60.00     4  slam_gmapping

13:51:18      UID       PID  minflt/s  majflt/s     VSZ     RSS   %MEM  Command
13:51:19        0     47228  12399.00      0.00 1027108  180868   1.16  slam_gmapping

13:51:19      UID       PID    %usr %system  %guest   %wait    %CPU   CPU  Command
13:51:20        0     47228   61.00    2.00    0.00    0.00   63.00     6  slam_gmapping

13:51:19      UID       PID  minflt/s  majflt/s     VSZ     RSS   %MEM  Command
13:51:20        0     47228  12407.00      0.00 1027108  180868   1.16  slam_gmapping

13:51:20      UID       PID    %usr %system  %guest   %wait    %CPU   CPU  Command
13:51:21        0     47228   46.00    1.00    0.00    0.00   47.00     8  slam_gmapping

13:51:20      UID       PID  minflt/s  majflt/s     VSZ     RSS   %MEM  Command
13:51:21        0     47228      0.00      0.00 1027108  180868   1.16  slam_gmapping

13:51:21      UID       PID    %usr %system  %guest   %wait    %CPU   CPU  Command
13:51:22        0     47228   83.00    2.00    0.00    0.00   85.00     6  slam_gmapping

13:51:21      UID       PID  minflt/s  majflt/s     VSZ     RSS   %MEM  Command
13:51:22        0     47228  12409.00      0.00 1027108  180868   1.16  slam_gmapping

13:51:22      UID       PID    %usr %system  %guest   %wait    %CPU   CPU  Command
13:51:23        0     47228   49.00    2.00    0.00    0.00   51.00     0  slam_gmapping

13:51:22      UID       PID  minflt/s  majflt/s     VSZ     RSS   %MEM  Command
13:51:23        0     47228  12414.00      0.00 1027108  180868   1.16  slam_gmapping

13:51:23      UID       PID    %usr %system  %guest   %wait    %CPU   CPU  Command
13:51:24        0     47228   65.00    1.00    0.00    0.00   66.00     7  slam_gmapping

13:51:23      UID       PID  minflt/s  majflt/s     VSZ     RSS   %MEM  Command
13:51:24        0     47228   6163.00      0.00 1027108  205444   1.32  slam_gmapping

13:51:24      UID       PID    %usr %system  %guest   %wait    %CPU   CPU  Command
13:51:25        0     47228   73.00    4.00    0.00    0.00   77.00     7  slam_gmapping

13:51:24      UID       PID  minflt/s  majflt/s     VSZ     RSS   %MEM  Command
13:51:25        0     47228  18680.00      0.00 1027108  180840   1.16  slam_gmapping

13:51:25      UID       PID    %usr %system  %guest   %wait    %CPU   CPU  Command
13:51:26        0     47228   35.00    0.00    0.00    0.00   35.00     7  slam_gmapping

13:51:25      UID       PID  minflt/s  majflt/s     VSZ     RSS   %MEM  Command
13:51:26        0     47228      0.00      0.00 1027108  180840   1.16  slam_gmapping

13:51:26      UID       PID    %usr %system  %guest   %wait    %CPU   CPU  Command
13:51:27        0     47228   75.00    3.00    0.00    0.00   78.00     8  slam_gmapping

13:51:26      UID       PID  minflt/s  majflt/s     VSZ     RSS   %MEM  Command
13:51:27        0     47228  12428.00      0.00 1027108  180900   1.16  slam_gmapping

13:51:27      UID       PID    %usr %system  %guest   %wait    %CPU   CPU  Command
13:51:28        0     47228   52.00    2.00    0.00    0.00   54.00    14  slam_gmapping

13:51:27      UID       PID  minflt/s  majflt/s     VSZ     RSS   %MEM  Command
13:51:28        0     47228  12431.00      0.00 1027108  180900   1.16  slam_gmapping

13:51:28      UID       PID    %usr %system  %guest   %wait    %CPU   CPU  Command
13:51:29        0     47228   60.00    2.00    0.00    0.00   62.00    10  slam_gmapping

13:51:28      UID       PID  minflt/s  majflt/s     VSZ     RSS   %MEM  Command
13:51:29        0     47228  12435.00      0.00 1027108  180984   1.16  slam_gmapping

13:51:29      UID       PID    %usr %system  %guest   %wait    %CPU   CPU  Command
13:51:30        0     47228   63.00    1.00    0.00    0.00   64.00    14  slam_gmapping

13:51:29      UID       PID  minflt/s  majflt/s     VSZ     RSS   %MEM  Command
13:51:30        0     47228      0.00      0.00 1027108  180984   1.16  slam_gmapping

13:51:30      UID       PID    %usr %system  %guest   %wait    %CPU   CPU  Command
13:51:31        0     47228   49.00    2.00    0.00    0.00   51.00     0  slam_gmapping

13:51:30      UID       PID  minflt/s  majflt/s     VSZ     RSS   %MEM  Command
13:51:31        0     47228  12440.00      0.00 1027108  180832   1.16  slam_gmapping

13:51:31      UID       PID    %usr %system  %guest   %wait    %CPU   CPU  Command
13:51:32        0     47228   87.00    3.00    0.00    0.00   90.00     0  slam_gmapping

13:51:31      UID       PID  minflt/s  majflt/s     VSZ     RSS   %MEM  Command
13:51:32        0     47228  12447.00      0.00 1027108  180820   1.16  slam_gmapping

13:51:32      UID       PID    %usr %system  %guest   %wait    %CPU   CPU  Command
13:51:33        0     47228    6.00    0.00    0.00    0.00    6.00     0  slam_gmapping

13:51:32      UID       PID  minflt/s  majflt/s     VSZ     RSS   %MEM  Command
13:51:33        0     47228      0.00      0.00 1027108  180820   1.16  slam_gmapping

13:51:33      UID       PID    %usr %system  %guest   %wait    %CPU   CPU  Command
13:51:34        0     47228   90.00    3.00    0.00    0.00   93.00     8  slam_gmapping

13:51:33      UID       PID  minflt/s  majflt/s     VSZ     RSS   %MEM  Command
13:51:34        0     47228  12451.00      0.00 1027108  180892   1.16  slam_gmapping

13:51:34      UID       PID    %usr %system  %guest   %wait    %CPU   CPU  Command
13:51:35        0     47228   63.00    2.00    0.00    0.00   65.00     8  slam_gmapping

13:51:34      UID       PID  minflt/s  majflt/s     VSZ     RSS   %MEM  Command
13:51:35        0     47228   6301.00      0.00 1027108  205980   1.32  slam_gmapping

13:51:35      UID       PID    %usr %system  %guest   %wait    %CPU   CPU  Command
13:51:36        0     47228   82.00    3.00    0.00    0.00   85.00     8  slam_gmapping

13:51:35      UID       PID  minflt/s  majflt/s     VSZ     RSS   %MEM  Command
13:51:36        0     47228  12876.00      0.00 1027108  207712   1.33  slam_gmapping

13:51:36      UID       PID    %usr %system  %guest   %wait    %CPU   CPU  Command
13:51:37        0     47228   64.00    3.00    0.00    0.00   67.00    12  slam_gmapping

13:51:36      UID       PID  minflt/s  majflt/s     VSZ     RSS   %MEM  Command
13:51:37        0     47228   7044.00      0.00 1027108  186080   1.19  slam_gmapping

13:51:37      UID       PID    %usr %system  %guest   %wait    %CPU   CPU  Command
13:51:38        0     47228   54.00    2.00    0.00    0.00   56.00     4  slam_gmapping

13:51:37      UID       PID  minflt/s  majflt/s     VSZ     RSS   %MEM  Command
13:51:38        0     47228  11157.00      0.00 1027108  180908   1.16  slam_gmapping

13:51:38      UID       PID    %usr %system  %guest   %wait    %CPU   CPU  Command
13:51:39        0     47228   74.00    2.00    0.00    0.00   76.00    14  slam_gmapping

13:51:38      UID       PID  minflt/s  majflt/s     VSZ     RSS   %MEM  Command
13:51:39        0     47228  12472.00      0.00 1027108  180912   1.16  slam_gmapping

13:51:39      UID       PID    %usr %system  %guest   %wait    %CPU   CPU  Command
13:51:40        0     47228   62.00    2.00    0.00    0.00   64.00    14  slam_gmapping

13:51:39      UID       PID  minflt/s  majflt/s     VSZ     RSS   %MEM  Command
13:51:40        0     47228  10130.00      0.00 1027108  221488   1.42  slam_gmapping

13:51:40      UID       PID    %usr %system  %guest   %wait    %CPU   CPU  Command
13:51:41        0     47228   37.00    1.00    0.00    0.00   38.00    14  slam_gmapping

13:51:40      UID       PID  minflt/s  majflt/s     VSZ     RSS   %MEM  Command
13:51:41        0     47228   2347.00      0.00 1027108  181016   1.16  slam_gmapping

13:51:41      UID       PID    %usr %system  %guest   %wait    %CPU   CPU  Command
13:51:42        0     47228   83.00    2.00    0.00    0.00   85.00     4  slam_gmapping

13:51:41      UID       PID  minflt/s  majflt/s     VSZ     RSS   %MEM  Command
13:51:42        0     47228  12483.00      0.00 1027108  181016   1.16  slam_gmapping

13:51:42      UID       PID    %usr %system  %guest   %wait    %CPU   CPU  Command
13:51:43        0     47228   60.00    2.00    0.00    0.00   62.00     8  slam_gmapping

13:51:42      UID       PID  minflt/s  majflt/s     VSZ     RSS   %MEM  Command
13:51:43        0     47228  12488.00      0.00 1027108  180984   1.16  slam_gmapping

13:51:43      UID       PID    %usr %system  %guest   %wait    %CPU   CPU  Command
13:51:44        0     47228   73.00    2.00    0.00    0.00   75.00     4  slam_gmapping

13:51:43      UID       PID  minflt/s  majflt/s     VSZ     RSS   %MEM  Command
13:51:44        0     47228  12494.00      0.00 1027108  180984   1.16  slam_gmapping

13:51:44      UID       PID    %usr %system  %guest   %wait    %CPU   CPU  Command
13:51:45        0     47228   70.00    2.00    0.00    0.00   72.00     8  slam_gmapping

13:51:44      UID       PID  minflt/s  majflt/s     VSZ     RSS   %MEM  Command
13:51:45        0     47228  12503.00      0.00 1027108  180984   1.16  slam_gmapping

13:51:45      UID       PID    %usr %system  %guest   %wait    %CPU   CPU  Command
13:51:46        0     47228   34.00    1.00    0.00    0.00   35.00     2  slam_gmapping

13:51:45      UID       PID  minflt/s  majflt/s     VSZ     RSS   %MEM  Command
13:51:46        0     47228      0.00      0.00 1027108  180984   1.16  slam_gmapping

13:51:46      UID       PID    %usr %system  %guest   %wait    %CPU   CPU  Command
13:51:47        0     47228   81.00    2.00    0.00    0.00   83.00     8  slam_gmapping

13:51:46      UID       PID  minflt/s  majflt/s     VSZ     RSS   %MEM  Command
13:51:47        0     47228  12510.00      0.00 1027108  181016   1.16  slam_gmapping

13:51:47      UID       PID    %usr %system  %guest   %wait    %CPU   CPU  Command
13:51:48        0     47228   62.00    1.00    0.00    0.00   63.00     8  slam_gmapping

13:51:47      UID       PID  minflt/s  majflt/s     VSZ     RSS   %MEM  Command
13:51:48        0     47228   7937.00      0.00 1027108  212760   1.36  slam_gmapping

13:51:48      UID       PID    %usr %system  %guest   %wait    %CPU   CPU  Command
13:51:49        0     47228   38.00    1.00    0.00    0.00   39.00     6  slam_gmapping

13:51:48      UID       PID  minflt/s  majflt/s     VSZ     RSS   %MEM  Command
13:51:49        0     47228   4695.00      0.00 1027108  181016   1.16  slam_gmapping

13:51:49      UID       PID    %usr %system  %guest   %wait    %CPU   CPU  Command
13:51:50        0     47228   70.00    3.00    0.00    0.00   73.00    12  slam_gmapping

13:51:49      UID       PID  minflt/s  majflt/s     VSZ     RSS   %MEM  Command
13:51:50        0     47228  12868.00      0.00 1027108  181016   1.16  slam_gmapping

13:51:50      UID       PID    %usr %system  %guest   %wait    %CPU   CPU  Command
13:51:51        0     47228   79.00    3.00    0.00    0.00   82.00    10  slam_gmapping

13:51:50      UID       PID  minflt/s  majflt/s     VSZ     RSS   %MEM  Command
13:51:51        0     47228  13545.00      0.00 1027108  181016   1.16  slam_gmapping

13:51:51      UID       PID    %usr %system  %guest   %wait    %CPU   CPU  Command
13:51:52        0     47228   62.00    3.00    0.00    0.00   65.00    12  slam_gmapping

13:51:51      UID       PID  minflt/s  majflt/s     VSZ     RSS   %MEM  Command
13:51:52        0     47228  13551.00      0.00 1027108  181016   1.16  slam_gmapping

13:51:52      UID       PID    %usr %system  %guest   %wait    %CPU   CPU  Command
13:51:53        0     47228   62.00    1.00    0.00    0.00   63.00    14  slam_gmapping

13:51:52      UID       PID  minflt/s  majflt/s     VSZ     RSS   %MEM  Command
13:51:53        0     47228  13587.00      0.00 1027108  180872   1.16  slam_gmapping

13:51:53      UID       PID    %usr %system  %guest   %wait    %CPU   CPU  Command
13:51:54        0     47228   60.00    2.00    0.00    0.00   62.00     0  slam_gmapping

13:51:53      UID       PID  minflt/s  majflt/s     VSZ     RSS   %MEM  Command
13:51:54        0     47228  12465.00      0.00 1027108  230664   1.48  slam_gmapping

13:51:54      UID       PID    %usr %system  %guest   %wait    %CPU   CPU  Command
13:51:55        0     47228   15.00    1.00    0.00    0.00   16.00     2  slam_gmapping

13:51:54      UID       PID  minflt/s  majflt/s     VSZ     RSS   %MEM  Command
13:51:55        0     47228   1279.00      0.00 1027108  180872   1.16  slam_gmapping

13:51:55      UID       PID    %usr %system  %guest   %wait    %CPU   CPU  Command
13:51:56        0     47228   79.00    3.00    0.00    0.00   82.00     4  slam_gmapping

13:51:55      UID       PID  minflt/s  majflt/s     VSZ     RSS   %MEM  Command
13:51:56        0     47228  13746.00      0.00 1027108  180888   1.16  slam_gmapping

13:51:56      UID       PID    %usr %system  %guest   %wait    %CPU   CPU  Command
13:51:57        0     47228   77.00    2.00    0.00    0.00   79.00     0  slam_gmapping

13:51:56      UID       PID  minflt/s  majflt/s     VSZ     RSS   %MEM  Command
13:51:57        0     47228  13847.00      0.00 1027108  180888   1.16  slam_gmapping

13:51:57      UID       PID    %usr %system  %guest   %wait    %CPU   CPU  Command
13:51:58        0     47228   14.00    0.00    0.00    0.00   14.00     0  slam_gmapping

13:51:57      UID       PID  minflt/s  majflt/s     VSZ     RSS   %MEM  Command
13:51:58        0     47228      0.00      0.00 1027108  180888   1.16  slam_gmapping

13:51:58      UID       PID    %usr %system  %guest   %wait    %CPU   CPU  Command
13:51:59        0     47228   41.00    1.00    0.00    0.00   42.00     6  slam_gmapping

13:51:58      UID       PID  minflt/s  majflt/s     VSZ     RSS   %MEM  Command
13:51:59        0     47228      0.00      0.00 1027108  180888   1.16  slam_gmapping

13:51:59      UID       PID    %usr %system  %guest   %wait    %CPU   CPU  Command
13:52:00        0     47228   87.00    5.00    0.00    0.00   92.00     2  slam_gmapping

13:51:59      UID       PID  minflt/s  majflt/s     VSZ     RSS   %MEM  Command
13:52:00        0     47228  13858.00      0.00 1027108  180904   1.16  slam_gmapping

13:52:00      UID       PID    %usr %system  %guest   %wait    %CPU   CPU  Command
13:52:01        0     47228    4.00    1.00    0.00    0.00    5.00     4  slam_gmapping

13:52:00      UID       PID  minflt/s  majflt/s     VSZ     RSS   %MEM  Command
13:52:01        0     47228      0.00      0.00 1027108  180904   1.16  slam_gmapping

13:52:01      UID       PID    %usr %system  %guest   %wait    %CPU   CPU  Command
13:52:02        0     47228   52.00    0.00    0.00    0.00   52.00     4  slam_gmapping

13:52:01      UID       PID  minflt/s  majflt/s     VSZ     RSS   %MEM  Command
13:52:02        0     47228      0.00      0.00 1027108  180904   1.16  slam_gmapping

13:52:02      UID       PID    %usr %system  %guest   %wait    %CPU   CPU  Command
13:52:03        0     47228   85.00    4.00    0.00    0.00   89.00     2  slam_gmapping

13:52:02      UID       PID  minflt/s  majflt/s     VSZ     RSS   %MEM  Command
13:52:03        0     47228  13862.00      0.00 1027108  180816   1.16  slam_gmapping

13:52:03      UID       PID    %usr %system  %guest   %wait    %CPU   CPU  Command
13:52:04        0     47228   71.00    3.00    0.00    0.00   74.00    14  slam_gmapping

13:52:03      UID       PID  minflt/s  majflt/s     VSZ     RSS   %MEM  Command
13:52:04        0     47228  13864.00      0.00 1027108  180816   1.16  slam_gmapping

13:52:04      UID       PID    %usr %system  %guest   %wait    %CPU   CPU  Command
13:52:05        0     47228    5.00    0.00    0.00    0.00    5.00    14  slam_gmapping

13:52:04      UID       PID  minflt/s  majflt/s     VSZ     RSS   %MEM  Command
13:52:05        0     47228      0.00      0.00 1027108  180816   1.16  slam_gmapping

13:52:05      UID       PID    %usr %system  %guest   %wait    %CPU   CPU  Command
13:52:06        0     47228    4.00    0.00    0.00    0.00    4.00     0  slam_gmapping

13:52:05      UID       PID  minflt/s  majflt/s     VSZ     RSS   %MEM  Command
13:52:06        0     47228      0.00      0.00 1027108  180816   1.16  slam_gmapping

13:52:06      UID       PID    %usr %system  %guest   %wait    %CPU   CPU  Command
13:52:07        0     47228   88.00    2.00    0.00    0.00   90.00    14  slam_gmapping

13:52:06      UID       PID  minflt/s  majflt/s     VSZ     RSS   %MEM  Command
13:52:07        0     47228   8823.00      0.00 1027108  216016   1.39  slam_gmapping

13:52:07      UID       PID    %usr %system  %guest   %wait    %CPU   CPU  Command
13:52:08        0     47228   22.00    3.00    0.00    0.00   25.00     2  slam_gmapping

13:52:07      UID       PID  minflt/s  majflt/s     VSZ     RSS   %MEM  Command
13:52:08        0     47228   5217.00      0.00 1027108  180820   1.16  slam_gmapping

13:52:08      UID       PID    %usr %system  %guest   %wait    %CPU   CPU  Command
13:52:09        0     47228    4.00    1.00    0.00    0.00    5.00     8  slam_gmapping

13:52:08      UID       PID  minflt/s  majflt/s     VSZ     RSS   %MEM  Command
13:52:09        0     47228      0.00      0.00 1027108  180820   1.16  slam_gmapping

13:52:09      UID       PID    %usr %system  %guest   %wait    %CPU   CPU  Command
13:52:10        0     47228   87.00    2.00    0.00    0.00   89.00    10  slam_gmapping

13:52:09      UID       PID  minflt/s  majflt/s     VSZ     RSS   %MEM  Command
13:52:10        0     47228   8563.00      0.00 1027108  214996   1.38  slam_gmapping

13:52:10      UID       PID    %usr %system  %guest   %wait    %CPU   CPU  Command
13:52:11        0     47228   93.00    5.00    0.00    0.00   98.00    12  slam_gmapping

13:52:10      UID       PID  minflt/s  majflt/s     VSZ     RSS   %MEM  Command
13:52:11        0     47228  19521.00      0.00 1027108  180804   1.16  slam_gmapping

13:52:11      UID       PID    %usr %system  %guest   %wait    %CPU   CPU  Command
13:52:12        0     47228    3.00    1.00    0.00    0.00    4.00     1  slam_gmapping

13:52:11      UID       PID  minflt/s  majflt/s     VSZ     RSS   %MEM  Command
13:52:12        0     47228      0.00      0.00 1027108  180804   1.16  slam_gmapping

13:52:12      UID       PID    %usr %system  %guest   %wait    %CPU   CPU  Command
13:52:13        0     47228   30.00    0.00    0.00    0.00   30.00     1  slam_gmapping

13:52:12      UID       PID  minflt/s  majflt/s     VSZ     RSS   %MEM  Command
13:52:13        0     47228      0.00      0.00 1027108  180804   1.16  slam_gmapping

13:52:13      UID       PID    %usr %system  %guest   %wait    %CPU   CPU  Command
13:52:14        0     47228   96.00    4.00    0.00    0.00  100.00     1  slam_gmapping

13:52:13      UID       PID  minflt/s  majflt/s     VSZ     RSS   %MEM  Command
13:52:14        0     47228  14047.00      0.00 1027108  180832   1.16  slam_gmapping

13:52:14      UID       PID    %usr %system  %guest   %wait    %CPU   CPU  Command
13:52:15        0     47228   63.00    3.00    0.00    0.00   66.00     1  slam_gmapping

13:52:14      UID       PID  minflt/s  majflt/s     VSZ     RSS   %MEM  Command
13:52:15        0     47228  14049.00      0.00 1027108  180832   1.16  slam_gmapping

13:52:15      UID       PID    %usr %system  %guest   %wait    %CPU   CPU  Command
13:52:16        0     47228   59.00    0.00    0.00    0.00   59.00     1  slam_gmapping

13:52:15      UID       PID  minflt/s  majflt/s     VSZ     RSS   %MEM  Command
13:52:16        0     47228      0.00      0.00 1027108  180832   1.16  slam_gmapping

13:52:16      UID       PID    %usr %system  %guest   %wait    %CPU   CPU  Command
13:52:17        0     47228   48.00    2.00    0.00    0.00   50.00     1  slam_gmapping

13:52:16      UID       PID  minflt/s  majflt/s     VSZ     RSS   %MEM  Command
13:52:17        0     47228  14058.00      0.00 1027108  180852   1.16  slam_gmapping

13:52:17      UID       PID    %usr %system  %guest   %wait    %CPU   CPU  Command
13:52:18        0     47228   74.00    2.00    0.00    0.00   76.00     1  slam_gmapping

13:52:17      UID       PID  minflt/s  majflt/s     VSZ     RSS   %MEM  Command
13:52:18        0     47228  14242.00      0.00 1027108  180852   1.16  slam_gmapping

13:52:18      UID       PID    %usr %system  %guest   %wait    %CPU   CPU  Command
13:52:19        0     47228    4.00    1.00    0.00    0.00    5.00    10  slam_gmapping

13:52:18      UID       PID  minflt/s  majflt/s     VSZ     RSS   %MEM  Command
13:52:19        0     47228      0.00      0.00 1027108  180852   1.16  slam_gmapping

13:52:19      UID       PID    %usr %system  %guest   %wait    %CPU   CPU  Command
13:52:20        0     47228   85.00    3.00    0.00    0.00   88.00     0  slam_gmapping

13:52:19      UID       PID  minflt/s  majflt/s     VSZ     RSS   %MEM  Command
13:52:20        0     47228   8766.00      0.00 1027108  215924   1.38  slam_gmapping

13:52:20      UID       PID    %usr %system  %guest   %wait    %CPU   CPU  Command
13:52:21        0     47228   19.00    3.00    0.00    0.00   22.00     6  slam_gmapping

13:52:20      UID       PID  minflt/s  majflt/s     VSZ     RSS   %MEM  Command
13:52:21        0     47228   5478.00      0.00 1027108  180812   1.16  slam_gmapping

13:52:21      UID       PID    %usr %system  %guest   %wait    %CPU   CPU  Command
13:52:22        0     47228    5.00    0.00    0.00    0.00    5.00     6  slam_gmapping

13:52:21      UID       PID  minflt/s  majflt/s     VSZ     RSS   %MEM  Command
13:52:22        0     47228      0.00      0.00 1027108  180812   1.16  slam_gmapping

13:52:22      UID       PID    %usr %system  %guest   %wait    %CPU   CPU  Command
13:52:23        0     47228   85.00    3.00    0.00    0.00   88.00     4  slam_gmapping

13:52:22      UID       PID  minflt/s  majflt/s     VSZ     RSS   %MEM  Command
13:52:23        0     47228   9290.00      0.00 1027108  218060   1.40  slam_gmapping

13:52:23      UID       PID    %usr %system  %guest   %wait    %CPU   CPU  Command
13:52:24        0     47228   97.00    4.00    0.00    0.00  101.00     8  slam_gmapping

13:52:23      UID       PID  minflt/s  majflt/s     VSZ     RSS   %MEM  Command
13:52:24        0     47228  19207.00      0.00 1027108  180928   1.16  slam_gmapping

13:52:24      UID       PID    %usr %system  %guest   %wait    %CPU   CPU  Command
13:52:25        0     47228   60.00    3.00    0.00    0.00   63.00     2  slam_gmapping

13:52:24      UID       PID  minflt/s  majflt/s     VSZ     RSS   %MEM  Command
13:52:25        0     47228  14254.00      0.00 1027108  180860   1.16  slam_gmapping

13:52:25      UID       PID    %usr %system  %guest   %wait    %CPU   CPU  Command
13:52:26        0     47228   26.00    0.00    0.00    0.00   26.00     6  slam_gmapping

13:52:25      UID       PID  minflt/s  majflt/s     VSZ     RSS   %MEM  Command
13:52:26        0     47228      0.00      0.00 1027108  180860   1.16  slam_gmapping

13:52:26      UID       PID    %usr %system  %guest   %wait    %CPU   CPU  Command
13:52:27        0     47228   85.00    4.00    0.00    0.00   89.00     8  slam_gmapping

13:52:26      UID       PID  minflt/s  majflt/s     VSZ     RSS   %MEM  Command
13:52:27        0     47228  14258.00      0.00 1027108  180928   1.16  slam_gmapping

13:52:27      UID       PID    %usr %system  %guest   %wait    %CPU   CPU  Command
13:52:28        0     47228   62.00    2.00    0.00    0.00   64.00     4  slam_gmapping

13:52:27      UID       PID  minflt/s  majflt/s     VSZ     RSS   %MEM  Command
13:52:28        0     47228  14261.00      0.00 1027108  180928   1.16  slam_gmapping

13:52:28      UID       PID    %usr %system  %guest   %wait    %CPU   CPU  Command
13:52:29        0     47228   61.00    1.00    0.00    0.00   62.00    10  slam_gmapping

13:52:28      UID       PID  minflt/s  majflt/s     VSZ     RSS   %MEM  Command
13:52:29        0     47228   6683.00      0.00 1027108  207552   1.33  slam_gmapping

13:52:29      UID       PID    %usr %system  %guest   %wait    %CPU   CPU  Command
13:52:30        0     47228   59.00    3.00    0.00    0.00   62.00     4  slam_gmapping

13:52:29      UID       PID  minflt/s  majflt/s     VSZ     RSS   %MEM  Command
13:52:30        0     47228  15853.00      0.00 1027108  214028   1.37  slam_gmapping

13:52:30      UID       PID    %usr %system  %guest   %wait    %CPU   CPU  Command
13:52:31        0     47228   32.00    2.00    0.00    0.00   34.00     0  slam_gmapping

13:52:30      UID       PID  minflt/s  majflt/s     VSZ     RSS   %MEM  Command
13:52:31        0     47228   5997.00      0.00 1027108  181004   1.16  slam_gmapping

13:52:31      UID       PID    %usr %system  %guest   %wait    %CPU   CPU  Command
13:52:32        0     47228   89.00    3.00    0.00    0.00   92.00     2  slam_gmapping

13:52:31      UID       PID  minflt/s  majflt/s     VSZ     RSS   %MEM  Command
13:52:32        0     47228  14274.00      0.00 1027108  181004   1.16  slam_gmapping

13:52:32      UID       PID    %usr %system  %guest   %wait    %CPU   CPU  Command
13:52:33        0     47228   74.00    3.00    0.00    0.00   77.00     2  slam_gmapping

13:52:32      UID       PID  minflt/s  majflt/s     VSZ     RSS   %MEM  Command
13:52:33        0     47228  14279.00      0.00 1027108  181004   1.16  slam_gmapping

13:52:33      UID       PID    %usr %system  %guest   %wait    %CPU   CPU  Command
13:52:34        0     47228   74.00    3.00    0.00    0.00   77.00     2  slam_gmapping

13:52:33      UID       PID  minflt/s  majflt/s     VSZ     RSS   %MEM  Command
13:52:34        0     47228  14286.00      0.00 1027108  181004   1.16  slam_gmapping

13:52:34      UID       PID    %usr %system  %guest   %wait    %CPU   CPU  Command
13:52:35        0     47228   66.00    1.00    0.00    0.00   67.00     2  slam_gmapping

13:52:34      UID       PID  minflt/s  majflt/s     VSZ     RSS   %MEM  Command
13:52:35        0     47228   9076.00      0.00 1027108  217228   1.39  slam_gmapping

13:52:35      UID       PID    %usr %system  %guest   %wait    %CPU   CPU  Command
13:52:36        0     47228   64.00    3.00    0.00    0.00   67.00     2  slam_gmapping

13:52:35      UID       PID  minflt/s  majflt/s     VSZ     RSS   %MEM  Command
13:52:36        0     47228  14559.00      0.00 1027108  218252   1.40  slam_gmapping

13:52:36      UID       PID    %usr %system  %guest   %wait    %CPU   CPU  Command
13:52:37        0     47228   31.00    1.00    0.00    0.00   32.00     2  slam_gmapping

13:52:36      UID       PID  minflt/s  majflt/s     VSZ     RSS   %MEM  Command
13:52:37        0     47228   4956.00      0.00 1027108  181004   1.16  slam_gmapping

13:52:37      UID       PID    %usr %system  %guest   %wait    %CPU   CPU  Command
13:52:38        0     47228   85.00    3.00    0.00    0.00   88.00     2  slam_gmapping

13:52:37      UID       PID  minflt/s  majflt/s     VSZ     RSS   %MEM  Command
13:52:38        0     47228  14303.00      0.00 1027108  181004   1.16  slam_gmapping

13:52:38      UID       PID    %usr %system  %guest   %wait    %CPU   CPU  Command
13:52:39        0     47228   62.38    2.97    0.00    0.00   65.35    12  slam_gmapping

13:52:38      UID       PID  minflt/s  majflt/s     VSZ     RSS   %MEM  Command
13:52:39        0     47228  14287.13      0.00 1027108  181004   1.16  slam_gmapping

13:52:39      UID       PID    %usr %system  %guest   %wait    %CPU   CPU  Command
13:52:40        0     47228   57.00    0.00    0.00    0.00   57.00    12  slam_gmapping

13:52:39      UID       PID  minflt/s  majflt/s     VSZ     RSS   %MEM  Command
13:52:40        0     47228      0.00      0.00 1027108  181004   1.16  slam_gmapping

13:52:40      UID       PID    %usr %system  %guest   %wait    %CPU   CPU  Command
13:52:41        0     47228   32.00    2.00    0.00    0.00   34.00    10  slam_gmapping

13:52:40      UID       PID  minflt/s  majflt/s     VSZ     RSS   %MEM  Command
13:52:41        0     47228  14436.00      0.00 1027108  180988   1.16  slam_gmapping

13:52:41      UID       PID    %usr %system  %guest   %wait    %CPU   CPU  Command
13:52:42        0     47228    4.00    2.00    0.00    0.00    6.00     2  slam_gmapping

13:52:41      UID       PID  minflt/s  majflt/s     VSZ     RSS   %MEM  Command
13:52:42        0     47228      0.00      0.00 1027108  180988   1.16  slam_gmapping

13:52:42      UID       PID    %usr %system  %guest   %wait    %CPU   CPU  Command
13:52:43        0     47228   83.00    2.00    0.00    0.00   85.00     4  slam_gmapping

13:52:42      UID       PID  minflt/s  majflt/s     VSZ     RSS   %MEM  Command
13:52:43        0     47228   7054.00      0.00 1027108  209148   1.34  slam_gmapping

13:52:43      UID       PID    %usr %system  %guest   %wait    %CPU   CPU  Command
13:52:44        0     47228   29.00    3.00    0.00    0.00   32.00    14  slam_gmapping

13:52:43      UID       PID  minflt/s  majflt/s     VSZ     RSS   %MEM  Command
13:52:44        0     47228   7384.00      0.00 1027108  180988   1.16  slam_gmapping

13:52:44      UID       PID    %usr %system  %guest   %wait    %CPU   CPU  Command
13:52:45        0     47228    3.00    1.00    0.00    0.00    4.00     4  slam_gmapping

13:52:44      UID       PID  minflt/s  majflt/s     VSZ     RSS   %MEM  Command
13:52:45        0     47228      0.00      0.00 1027108  180988   1.16  slam_gmapping

13:52:45      UID       PID    %usr %system  %guest   %wait    %CPU   CPU  Command
13:52:46        0     47228   84.00    2.00    0.00    0.00   86.00     4  slam_gmapping

13:52:45      UID       PID  minflt/s  majflt/s     VSZ     RSS   %MEM  Command
13:52:46        0     47228   8960.00      0.00 1027108  216828   1.39  slam_gmapping

13:52:46      UID       PID    %usr %system  %guest   %wait    %CPU   CPU  Command
13:52:47        0     47228   23.00    3.00    0.00    0.00   26.00     4  slam_gmapping

13:52:46      UID       PID  minflt/s  majflt/s     VSZ     RSS   %MEM  Command
13:52:47        0     47228   5478.00      0.00 1027108  181004   1.16  slam_gmapping

13:52:47      UID       PID    %usr %system  %guest   %wait    %CPU   CPU  Command
13:52:48        0     47228    4.00    1.00    0.00    0.00    5.00     0  slam_gmapping

13:52:47      UID       PID  minflt/s  majflt/s     VSZ     RSS   %MEM  Command
13:52:48        0     47228      0.00      0.00 1027108  181004   1.16  slam_gmapping

13:52:48      UID       PID    %usr %system  %guest   %wait    %CPU   CPU  Command
13:52:49        0     47228   84.00    2.00    0.00    0.00   86.00     0  slam_gmapping

13:52:48      UID       PID  minflt/s  majflt/s     VSZ     RSS   %MEM  Command
13:52:49        0     47228   7660.00      0.00 1027108  211596   1.36  slam_gmapping

13:52:49      UID       PID    %usr %system  %guest   %wait    %CPU   CPU  Command
13:52:50        0     47228   27.00    3.00    0.00    0.00   30.00     8  slam_gmapping

13:52:49      UID       PID  minflt/s  majflt/s     VSZ     RSS   %MEM  Command
13:52:50        0     47228   6779.00      0.00 1027108  180976   1.16  slam_gmapping

13:52:50      UID       PID    %usr %system  %guest   %wait    %CPU   CPU  Command
13:52:51        0     47228    4.00    1.00    0.00    0.00    5.00    12  slam_gmapping

13:52:50      UID       PID  minflt/s  majflt/s     VSZ     RSS   %MEM  Command
13:52:51        0     47228      0.00      0.00 1027108  180976   1.16  slam_gmapping

13:52:51      UID       PID    %usr %system  %guest   %wait    %CPU   CPU  Command
13:52:52        0     47228   82.00    2.00    0.00    0.00   84.00    12  slam_gmapping

13:52:51      UID       PID  minflt/s  majflt/s     VSZ     RSS   %MEM  Command
13:52:52        0     47228   8440.00      0.00 1027108  214640   1.38  slam_gmapping

13:52:52      UID       PID    %usr %system  %guest   %wait    %CPU   CPU  Command
13:52:53        0     47228   25.00    2.00    0.00    0.00   27.00    14  slam_gmapping

13:52:52      UID       PID  minflt/s  majflt/s     VSZ     RSS   %MEM  Command
13:52:53        0     47228   6000.00      0.00 1027108  180844   1.16  slam_gmapping

13:52:53      UID       PID    %usr %system  %guest   %wait    %CPU   CPU  Command
13:52:54        0     47228   74.00    1.00    0.00    0.00   75.00     2  slam_gmapping

13:52:53      UID       PID  minflt/s  majflt/s     VSZ     RSS   %MEM  Command
13:52:54        0     47228   3830.00      0.00 1027108  196076   1.26  slam_gmapping

13:52:54      UID       PID    %usr %system  %guest   %wait    %CPU   CPU  Command
13:52:55        0     47228   70.00    4.00    0.00    0.00   74.00     8  slam_gmapping

13:52:54      UID       PID  minflt/s  majflt/s     VSZ     RSS   %MEM  Command
13:52:55        0     47228  17875.00      0.00 1027108  209900   1.35  slam_gmapping

13:52:55      UID       PID    %usr %system  %guest   %wait    %CPU   CPU  Command
13:52:56        0     47228   46.00    1.00    0.00    0.00   47.00    14  slam_gmapping

13:52:55      UID       PID  minflt/s  majflt/s     VSZ     RSS   %MEM  Command
13:52:56        0     47228   7179.00      0.00 1027108  180896   1.16  slam_gmapping

13:52:56      UID       PID    %usr %system  %guest   %wait    %CPU   CPU  Command
13:52:57        0     47228   80.00    3.00    0.00    0.00   83.00    10  slam_gmapping

13:52:56      UID       PID  minflt/s  majflt/s     VSZ     RSS   %MEM  Command
13:52:57        0     47228  14450.00      0.00 1027108  180896   1.16  slam_gmapping

13:52:57      UID       PID    %usr %system  %guest   %wait    %CPU   CPU  Command
13:52:58        0     47228   61.00    3.00    0.00    0.00   64.00    10  slam_gmapping

13:52:57      UID       PID  minflt/s  majflt/s     VSZ     RSS   %MEM  Command
13:52:58        0     47228  14456.00      0.00 1027108  180896   1.16  slam_gmapping

13:52:58      UID       PID    %usr %system  %guest   %wait    %CPU   CPU  Command
13:52:59        0     47228   27.00    0.00    0.00    0.00   27.00     8  slam_gmapping

13:52:58      UID       PID  minflt/s  majflt/s     VSZ     RSS   %MEM  Command
13:52:59        0     47228      0.00      0.00 1027108  180896   1.16  slam_gmapping

13:52:59      UID       PID    %usr %system  %guest   %wait    %CPU   CPU  Command
13:53:00        0     47228   85.00    3.00    0.00    0.00   88.00    14  slam_gmapping

13:52:59      UID       PID  minflt/s  majflt/s     VSZ     RSS   %MEM  Command
13:53:00        0     47228  14462.00      0.00 1027108  180936   1.16  slam_gmapping

13:53:00      UID       PID    %usr %system  %guest   %wait    %CPU   CPU  Command
13:53:01        0     47228   61.00    2.00    0.00    0.00   63.00    10  slam_gmapping

13:53:00      UID       PID  minflt/s  majflt/s     VSZ     RSS   %MEM  Command
13:53:01        0     47228  14468.00      0.00 1027108  238664   1.53  slam_gmapping

13:53:01      UID       PID    %usr %system  %guest   %wait    %CPU   CPU  Command
13:53:02        0     47228   66.00    1.00    0.00    0.00   67.00     8  slam_gmapping

13:53:01      UID       PID  minflt/s  majflt/s     VSZ     RSS   %MEM  Command
13:53:02        0     47228    615.00      0.00 1027108  183316   1.18  slam_gmapping

13:53:02      UID       PID    %usr %system  %guest   %wait    %CPU   CPU  Command
13:53:03        0     47228   47.00    2.00    0.00    0.00   49.00     2  slam_gmapping

13:53:02      UID       PID  minflt/s  majflt/s     VSZ     RSS   %MEM  Command
13:53:03        0     47228  13861.00      0.00 1027108  180884   1.16  slam_gmapping

13:53:03      UID       PID    %usr %system  %guest   %wait    %CPU   CPU  Command
13:53:04        0     47228   65.00    3.00    0.00    0.00   68.00     2  slam_gmapping

13:53:03      UID       PID  minflt/s  majflt/s     VSZ     RSS   %MEM  Command
13:53:04        0     47228  14482.00      0.00 1027108  180884   1.16  slam_gmapping

13:53:04      UID       PID    %usr %system  %guest   %wait    %CPU   CPU  Command
13:53:05        0     47228   64.00    0.00    0.00    0.00   64.00     4  slam_gmapping

13:53:04      UID       PID  minflt/s  majflt/s     VSZ     RSS   %MEM  Command
13:53:05        0     47228      0.00      0.00 1027108  180884   1.16  slam_gmapping

13:53:05      UID       PID    %usr %system  %guest   %wait    %CPU   CPU  Command
13:53:06        0     47228   62.00    4.00    0.00    0.00   66.00    10  slam_gmapping

13:53:05      UID       PID  minflt/s  majflt/s     VSZ     RSS   %MEM  Command
13:53:06        0     47228  14492.00      0.00 1027108  180884   1.16  slam_gmapping

13:53:06      UID       PID    %usr %system  %guest   %wait    %CPU   CPU  Command
13:53:07        0     47228   66.00    3.00    0.00    0.00   69.00    14  slam_gmapping

13:53:06      UID       PID  minflt/s  majflt/s     VSZ     RSS   %MEM  Command
13:53:07        0     47228  14497.00      0.00 1027108  180948   1.16  slam_gmapping

13:53:07      UID       PID    %usr %system  %guest   %wait    %CPU   CPU  Command
13:53:08        0     47228   70.00    2.00    0.00    0.00   72.00     2  slam_gmapping

13:53:07      UID       PID  minflt/s  majflt/s     VSZ     RSS   %MEM  Command
13:53:08        0     47228  11894.00      0.00 1027108  228436   1.47  slam_gmapping

13:53:08      UID       PID    %usr %system  %guest   %wait    %CPU   CPU  Command
13:53:09        0     47228   20.00    2.00    0.00    0.00   22.00     2  slam_gmapping

13:53:08      UID       PID  minflt/s  majflt/s     VSZ     RSS   %MEM  Command
13:53:09        0     47228   2608.00      0.00 1027108  180840   1.16  slam_gmapping

13:53:09      UID       PID    %usr %system  %guest   %wait    %CPU   CPU  Command
13:53:10        0     47228   93.00    2.00    0.00    0.00   95.00     2  slam_gmapping

13:53:09      UID       PID  minflt/s  majflt/s     VSZ     RSS   %MEM  Command
13:53:10        0     47228  14505.00      0.00 1027108  180944   1.16  slam_gmapping

13:53:10      UID       PID    %usr %system  %guest   %wait    %CPU   CPU  Command
13:53:11        0     47228   66.00    2.00    0.00    0.00   68.00     0  slam_gmapping

13:53:10      UID       PID  minflt/s  majflt/s     VSZ     RSS   %MEM  Command
13:53:11        0     47228  14510.00      0.00 1027108  180944   1.16  slam_gmapping

13:53:11      UID       PID    %usr %system  %guest   %wait    %CPU   CPU  Command
13:53:12        0     47228   61.00    2.00    0.00    0.00   63.00     0  slam_gmapping

13:53:11      UID       PID  minflt/s  majflt/s     VSZ     RSS   %MEM  Command
13:53:12        0     47228   9116.00      0.00 1027108  217424   1.39  slam_gmapping

13:53:12      UID       PID    %usr %system  %guest   %wait    %CPU   CPU  Command
13:53:13        0     47228   32.00    1.00    0.00    0.00   33.00     0  slam_gmapping

13:53:12      UID       PID  minflt/s  majflt/s     VSZ     RSS   %MEM  Command
13:53:13        0     47228   5415.00      0.00 1027108  180988   1.16  slam_gmapping

13:53:13      UID       PID    %usr %system  %guest   %wait    %CPU   CPU  Command
13:53:14        0     47228   85.00    2.00    0.00    0.00   87.00     0  slam_gmapping

13:53:13      UID       PID  minflt/s  majflt/s     VSZ     RSS   %MEM  Command
13:53:14        0     47228  14675.00      0.00 1027108  180924   1.16  slam_gmapping

13:53:14      UID       PID    %usr %system  %guest   %wait    %CPU   CPU  Command
13:53:15        0     47228   76.00    2.00    0.00    0.00   78.00     6  slam_gmapping

13:53:14      UID       PID  minflt/s  majflt/s     VSZ     RSS   %MEM  Command
13:53:15        0     47228  14679.00      0.00 1027108  181036   1.16  slam_gmapping

13:53:15      UID       PID    %usr %system  %guest   %wait    %CPU   CPU  Command
13:53:16        0     47228   70.00    3.00    0.00    0.00   73.00     6  slam_gmapping

13:53:15      UID       PID  minflt/s  majflt/s     VSZ     RSS   %MEM  Command
13:53:16        0     47228  14684.00      0.00 1027108  181036   1.16  slam_gmapping

13:53:16      UID       PID    %usr %system  %guest   %wait    %CPU   CPU  Command
13:53:17        0     47228   51.00    1.00    0.00    0.00   52.00     6  slam_gmapping

13:53:16      UID       PID  minflt/s  majflt/s     VSZ     RSS   %MEM  Command
13:53:17        0     47228   5382.00      0.00 1027108  202540   1.30  slam_gmapping

13:53:17      UID       PID    %usr %system  %guest   %wait    %CPU   CPU  Command
13:53:18        0     47228   66.00    2.00    0.00    0.00   68.00    10  slam_gmapping

13:53:17      UID       PID  minflt/s  majflt/s     VSZ     RSS   %MEM  Command
13:53:18        0     47228  15213.00      0.00 1027108  204584   1.31  slam_gmapping

13:53:18      UID       PID    %usr %system  %guest   %wait    %CPU   CPU  Command
13:53:19        0     47228   67.00    2.00    0.00    0.00   69.00     4  slam_gmapping

13:53:18      UID       PID  minflt/s  majflt/s     VSZ     RSS   %MEM  Command
13:53:19        0     47228   8787.00      0.00 1027108  181032   1.16  slam_gmapping

13:53:19      UID       PID    %usr %system  %guest   %wait    %CPU   CPU  Command
13:53:20        0     47228   49.00    2.00    0.00    0.00   51.00     0  slam_gmapping

13:53:19      UID       PID  minflt/s  majflt/s     VSZ     RSS   %MEM  Command
13:53:20        0     47228  14697.00      0.00 1027108  180952   1.16  slam_gmapping

13:53:20      UID       PID    %usr %system  %guest   %wait    %CPU   CPU  Command
13:53:21        0     47228   70.00    2.00    0.00    0.00   72.00    12  slam_gmapping

13:53:20      UID       PID  minflt/s  majflt/s     VSZ     RSS   %MEM  Command
13:53:21        0     47228   7325.00      0.00 1027108  210136   1.35  slam_gmapping

13:53:21      UID       PID    %usr %system  %guest   %wait    %CPU   CPU  Command
13:53:22        0     47228   72.00    2.00    0.00    0.00   74.00     0  slam_gmapping

13:53:21      UID       PID  minflt/s  majflt/s     VSZ     RSS   %MEM  Command
13:53:22        0     47228  18170.00      0.00 1027108  224088   1.44  slam_gmapping

13:53:22      UID       PID    %usr %system  %guest   %wait    %CPU   CPU  Command
13:53:23        0     47228   27.00    2.00    0.00    0.00   29.00    12  slam_gmapping

13:53:22      UID       PID  minflt/s  majflt/s     VSZ     RSS   %MEM  Command
13:53:23        0     47228   3913.00      0.00 1027108  180952   1.16  slam_gmapping

13:53:23      UID       PID    %usr %system  %guest   %wait    %CPU   CPU  Command
13:53:24        0     47228   87.00    2.00    0.00    0.00   89.00    12  slam_gmapping

13:53:23      UID       PID  minflt/s  majflt/s     VSZ     RSS   %MEM  Command
13:53:24        0     47228  14719.00      0.00 1027108  180952   1.16  slam_gmapping

13:53:24      UID       PID    %usr %system  %guest   %wait    %CPU   CPU  Command
13:53:25        0     47228   67.00    2.00    0.00    0.00   69.00     0  slam_gmapping

13:53:24      UID       PID  minflt/s  majflt/s     VSZ     RSS   %MEM  Command
13:53:25        0     47228  14725.00      0.00 1027108  180952   1.16  slam_gmapping

13:53:25      UID       PID    %usr %system  %guest   %wait    %CPU   CPU  Command
13:53:26        0     47228   48.00    1.00    0.00    0.00   49.00     8  slam_gmapping

13:53:25      UID       PID  minflt/s  majflt/s     VSZ     RSS   %MEM  Command
13:53:26        0     47228      0.00      0.00 1027108  180952   1.16  slam_gmapping

13:53:26      UID       PID    %usr %system  %guest   %wait    %CPU   CPU  Command
13:53:27        0     47228   47.00    3.00    0.00    0.00   50.00    12  slam_gmapping

13:53:26      UID       PID  minflt/s  majflt/s     VSZ     RSS   %MEM  Command
13:53:27        0     47228  14730.00      0.00 1027108  180952   1.16  slam_gmapping

13:53:27      UID       PID    %usr %system  %guest   %wait    %CPU   CPU  Command
13:53:28        0     47228   78.00    3.00    0.00    0.00   81.00    10  slam_gmapping

13:53:27      UID       PID  minflt/s  majflt/s     VSZ     RSS   %MEM  Command
13:53:28        0     47228  12649.00      0.00 1027108  231512   1.48  slam_gmapping

13:53:28      UID       PID    %usr %system  %guest   %wait    %CPU   CPU  Command
13:53:29        0     47228   70.00    4.00    0.00    0.00   74.00     2  slam_gmapping

13:53:28      UID       PID  minflt/s  majflt/s     VSZ     RSS   %MEM  Command
13:53:29        0     47228  16825.00      0.00 1027108  180972   1.16  slam_gmapping

13:53:29      UID       PID    %usr %system  %guest   %wait    %CPU   CPU  Command
13:53:30        0     47228   56.00    3.00    0.00    0.00   59.00     4  slam_gmapping

13:53:29      UID       PID  minflt/s  majflt/s     VSZ     RSS   %MEM  Command
13:53:30        0     47228  10686.00      0.00 1027108  223724   1.44  slam_gmapping

13:53:30      UID       PID    %usr %system  %guest   %wait    %CPU   CPU  Command
13:53:31        0     47228   29.00    1.00    0.00    0.00   30.00     4  slam_gmapping

13:53:30      UID       PID  minflt/s  majflt/s     VSZ     RSS   %MEM  Command
13:53:31        0     47228   4058.00      0.00 1027108  181004   1.16  slam_gmapping

13:53:31      UID       PID    %usr %system  %guest   %wait    %CPU   CPU  Command
13:53:32        0     47228   89.00    3.00    0.00    0.00   92.00     4  slam_gmapping

13:53:31      UID       PID  minflt/s  majflt/s     VSZ     RSS   %MEM  Command
13:53:32        0     47228  14750.00      0.00 1027108  181004   1.16  slam_gmapping

13:53:32      UID       PID    %usr %system  %guest   %wait    %CPU   CPU  Command
13:53:33        0     47228   58.00    1.00    0.00    0.00   59.00     4  slam_gmapping

13:53:32      UID       PID  minflt/s  majflt/s     VSZ     RSS   %MEM  Command
13:53:33        0     47228   8147.00      0.00 1027108  213516   1.37  slam_gmapping

13:53:33      UID       PID    %usr %system  %guest   %wait    %CPU   CPU  Command
13:53:34        0     47228   73.00    2.00    0.00    0.00   75.00     4  slam_gmapping

13:53:33      UID       PID  minflt/s  majflt/s     VSZ     RSS   %MEM  Command
13:53:34        0     47228   6608.00      0.00 1027108  181004   1.16  slam_gmapping

13:53:34      UID       PID    %usr %system  %guest   %wait    %CPU   CPU  Command
13:53:35        0     47228   51.00    2.00    0.00    0.00   53.00    14  slam_gmapping

13:53:34      UID       PID  minflt/s  majflt/s     VSZ     RSS   %MEM  Command
13:53:35        0     47228  14762.00      0.00 1027108  180996   1.16  slam_gmapping

13:53:35      UID       PID    %usr %system  %guest   %wait    %CPU   CPU  Command
13:53:36        0     47228   77.00    3.00    0.00    0.00   80.00     4  slam_gmapping

13:53:35      UID       PID  minflt/s  majflt/s     VSZ     RSS   %MEM  Command
13:53:36        0     47228  14767.00      0.00 1027108  180996   1.16  slam_gmapping

13:53:36      UID       PID    %usr %system  %guest   %wait    %CPU   CPU  Command
13:53:37        0     47228   65.00    2.00    0.00    0.00   67.00     4  slam_gmapping

13:53:36      UID       PID  minflt/s  majflt/s     VSZ     RSS   %MEM  Command
13:53:37        0     47228  14772.00      0.00 1027108  180996   1.16  slam_gmapping

13:53:37      UID       PID    %usr %system  %guest   %wait    %CPU   CPU  Command
13:53:38        0     47228   48.00    1.00    0.00    0.00   49.00     4  slam_gmapping

13:53:37      UID       PID  minflt/s  majflt/s     VSZ     RSS   %MEM  Command
13:53:38        0     47228      0.00      0.00 1027108  180996   1.16  slam_gmapping

13:53:38      UID       PID    %usr %system  %guest   %wait    %CPU   CPU  Command
13:53:39        0     47228   77.00    3.00    0.00    0.00   80.00     4  slam_gmapping

13:53:38      UID       PID  minflt/s  majflt/s     VSZ     RSS   %MEM  Command
13:53:39        0     47228  18958.00      0.00 1027108  197260   1.27  slam_gmapping

13:53:39      UID       PID    %usr %system  %guest   %wait    %CPU   CPU  Command
13:53:40        0     47228   55.00    2.00    0.00    0.00   57.00    12  slam_gmapping

13:53:39      UID       PID  minflt/s  majflt/s     VSZ     RSS   %MEM  Command
13:53:40        0     47228  10860.00      0.00 1027108  181060   1.16  slam_gmapping

13:53:40      UID       PID    %usr %system  %guest   %wait    %CPU   CPU  Command
13:53:41        0     47228   60.00    4.00    0.00    0.00   64.00    10  slam_gmapping

13:53:40      UID       PID  minflt/s  majflt/s     VSZ     RSS   %MEM  Command
13:53:41        0     47228  15044.00      0.00 1027108  181060   1.16  slam_gmapping

13:53:41      UID       PID    %usr %system  %guest   %wait    %CPU   CPU  Command
13:53:42        0     47228   58.00    3.00    0.00    0.00   61.00     6  slam_gmapping

13:53:41      UID       PID  minflt/s  majflt/s     VSZ     RSS   %MEM  Command
13:53:42        0     47228  15180.00      0.00 1027108  181060   1.16  slam_gmapping

13:53:42      UID       PID    %usr %system  %guest   %wait    %CPU   CPU  Command
13:53:43        0     47228   63.00    2.00    0.00    0.00   65.00     6  slam_gmapping

13:53:42      UID       PID  minflt/s  majflt/s     VSZ     RSS   %MEM  Command
13:53:43        0     47228  15185.00      0.00 1027108  180924   1.16  slam_gmapping

13:53:43      UID       PID    %usr %system  %guest   %wait    %CPU   CPU  Command
13:53:44        0     47228   46.00    1.00    0.00    0.00   47.00     4  slam_gmapping

13:53:43      UID       PID  minflt/s  majflt/s     VSZ     RSS   %MEM  Command
13:53:44        0     47228      0.00      0.00 1027108  180924   1.16  slam_gmapping

13:53:44      UID       PID    %usr %system  %guest   %wait    %CPU   CPU  Command
13:53:45        0     47228   90.00    2.00    0.00    0.00   92.00     8  slam_gmapping

13:53:44      UID       PID  minflt/s  majflt/s     VSZ     RSS   %MEM  Command
13:53:45        0     47228  15189.00      0.00 1027108  180980   1.16  slam_gmapping

13:53:45      UID       PID    %usr %system  %guest   %wait    %CPU   CPU  Command
13:53:46        0     47228   39.00    2.00    0.00    0.00   41.00     6  slam_gmapping

13:53:45      UID       PID  minflt/s  majflt/s     VSZ     RSS   %MEM  Command
13:53:46        0     47228  15194.00      0.00 1027108  180968   1.16  slam_gmapping

13:53:46      UID       PID    %usr %system  %guest   %wait    %CPU   CPU  Command
13:53:47        0     47228   66.00    3.00    0.00    0.00   69.00     6  slam_gmapping

13:53:46      UID       PID  minflt/s  majflt/s     VSZ     RSS   %MEM  Command
13:53:47        0     47228  15197.00      0.00 1027108  180960   1.16  slam_gmapping

13:53:47      UID       PID    %usr %system  %guest   %wait    %CPU   CPU  Command
13:53:48        0     47228   75.00    2.00    0.00    0.00   77.00     2  slam_gmapping

13:53:47      UID       PID  minflt/s  majflt/s     VSZ     RSS   %MEM  Command
13:53:48        0     47228  15215.00      0.00 1027108  241760   1.55  slam_gmapping

13:53:48      UID       PID    %usr %system  %guest   %wait    %CPU   CPU  Command
13:53:49        0     47228   72.00    4.00    0.00    0.00   76.00     6  slam_gmapping

13:53:48      UID       PID  minflt/s  majflt/s     VSZ     RSS   %MEM  Command
13:53:49        0     47228  15217.00      0.00 1027108  180960   1.16  slam_gmapping

13:53:49      UID       PID    %usr %system  %guest   %wait    %CPU   CPU  Command
13:53:50        0     47228   55.00    3.00    0.00    0.00   58.00     0  slam_gmapping

13:53:49      UID       PID  minflt/s  majflt/s     VSZ     RSS   %MEM  Command
13:53:50        0     47228  14700.00      0.00 1027108  239840   1.54  slam_gmapping

13:53:50      UID       PID    %usr %system  %guest   %wait    %CPU   CPU  Command
13:53:51        0     47228   66.00    1.00    0.00    0.00   67.00     4  slam_gmapping

13:53:50      UID       PID  minflt/s  majflt/s     VSZ     RSS   %MEM  Command
13:53:51        0     47228   3591.00      0.00 1027108  193204   1.24  slam_gmapping

13:53:51      UID       PID    %usr %system  %guest   %wait    %CPU   CPU  Command
13:53:52        0     47228   37.00    2.00    0.00    0.00   39.00     6  slam_gmapping

13:53:51      UID       PID  minflt/s  majflt/s     VSZ     RSS   %MEM  Command
13:53:52        0     47228  12159.00      0.00 1027108  181044   1.16  slam_gmapping

13:53:52      UID       PID    %usr %system  %guest   %wait    %CPU   CPU  Command
13:53:53        0     47228   81.00    2.00    0.00    0.00   83.00     4  slam_gmapping

13:53:52      UID       PID  minflt/s  majflt/s     VSZ     RSS   %MEM  Command
13:53:53        0     47228  15348.00      0.00 1027108  181516   1.16  slam_gmapping

13:53:53      UID       PID    %usr %system  %guest   %wait    %CPU   CPU  Command
13:53:54        0     47228   66.00    3.00    0.00    0.00   69.00     8  slam_gmapping

13:53:53      UID       PID  minflt/s  majflt/s     VSZ     RSS   %MEM  Command
13:53:54        0     47228  15254.00      0.00 1027108  181440   1.16  slam_gmapping

13:53:54      UID       PID    %usr %system  %guest   %wait    %CPU   CPU  Command
13:53:55        0     47228   64.00    3.00    0.00    0.00   67.00     8  slam_gmapping

13:53:54      UID       PID  minflt/s  majflt/s     VSZ     RSS   %MEM  Command
13:53:55        0     47228  15253.00      0.00 1027108  181564   1.16  slam_gmapping

13:53:55      UID       PID    %usr %system  %guest   %wait    %CPU   CPU  Command
13:53:56        0     47228   56.00    0.00    0.00    0.00   56.00     8  slam_gmapping

13:53:55      UID       PID  minflt/s  majflt/s     VSZ     RSS   %MEM  Command
13:53:56        0     47228      0.00      0.00 1027108  181564   1.16  slam_gmapping

13:53:56      UID       PID    %usr %system  %guest   %wait    %CPU   CPU  Command
13:53:57        0     47228   77.00    3.00    0.00    0.00   80.00     8  slam_gmapping

13:53:56      UID       PID  minflt/s  majflt/s     VSZ     RSS   %MEM  Command
13:53:57        0     47228  15255.00      0.00 1027108  181476   1.16  slam_gmapping

13:53:57      UID       PID    %usr %system  %guest   %wait    %CPU   CPU  Command
13:53:58        0     47228   51.00    3.00    0.00    0.00   54.00    14  slam_gmapping

13:53:57      UID       PID  minflt/s  majflt/s     VSZ     RSS   %MEM  Command
13:53:58        0     47228  15254.00      0.00 1027108  181308   1.16  slam_gmapping

13:53:58      UID       PID    %usr %system  %guest   %wait    %CPU   CPU  Command
13:53:59        0     47228   66.00    2.00    0.00    0.00   68.00     0  slam_gmapping

13:53:58      UID       PID  minflt/s  majflt/s     VSZ     RSS   %MEM  Command
13:53:59        0     47228  15253.00      0.00 1027108  181460   1.16  slam_gmapping

13:53:59      UID       PID    %usr %system  %guest   %wait    %CPU   CPU  Command
13:54:00        0     47228   64.00    3.00    0.00    0.00   67.00     0  slam_gmapping

13:53:59      UID       PID  minflt/s  majflt/s     VSZ     RSS   %MEM  Command
13:54:00        0     47228  15250.00      0.00 1027108  181468   1.16  slam_gmapping

13:54:00      UID       PID    %usr %system  %guest   %wait    %CPU   CPU  Command
13:54:01        0     47228   64.00    3.00    0.00    0.00   67.00     6  slam_gmapping

13:54:00      UID       PID  minflt/s  majflt/s     VSZ     RSS   %MEM  Command
13:54:01        0     47228  15279.00      0.00 1027108  181592   1.16  slam_gmapping

13:54:01      UID       PID    %usr %system  %guest   %wait    %CPU   CPU  Command
13:54:02        0     47228   35.00    1.00    0.00    0.00   36.00     2  slam_gmapping

13:54:01      UID       PID  minflt/s  majflt/s     VSZ     RSS   %MEM  Command
13:54:02        0     47228      0.00      0.00 1027108  181592   1.16  slam_gmapping

13:54:02      UID       PID    %usr %system  %guest   %wait    %CPU   CPU  Command
13:54:03        0     47228   90.00    3.00    0.00    0.00   93.00     8  slam_gmapping

13:54:02      UID       PID  minflt/s  majflt/s     VSZ     RSS   %MEM  Command
13:54:03        0     47228  15255.00      0.00 1027108  181612   1.16  slam_gmapping

13:54:03      UID       PID    %usr %system  %guest   %wait    %CPU   CPU  Command
13:54:04        0     47228   56.00    0.00    0.00    0.00   56.00     9  slam_gmapping

13:54:03      UID       PID  minflt/s  majflt/s     VSZ     RSS   %MEM  Command
13:54:04        0     47228   6675.00      0.00 1027108  208236   1.34  slam_gmapping

13:54:04      UID       PID    %usr %system  %guest   %wait    %CPU   CPU  Command
13:54:05        0     47228   34.00    2.00    0.00    0.00   36.00     9  slam_gmapping

13:54:04      UID       PID  minflt/s  majflt/s     VSZ     RSS   %MEM  Command
13:54:05        0     47228   8581.00      0.00 1027108  181564   1.16  slam_gmapping

13:54:05      UID       PID    %usr %system  %guest   %wait    %CPU   CPU  Command
13:54:06        0     47228   84.00    3.00    0.00    0.00   87.00     9  slam_gmapping

13:54:05      UID       PID  minflt/s  majflt/s     VSZ     RSS   %MEM  Command
13:54:06        0     47228  14472.00      0.00 1027108  239420   1.54  slam_gmapping

13:54:06      UID       PID    %usr %system  %guest   %wait    %CPU   CPU  Command
13:54:07        0     47228   83.00    3.00    0.00    0.00   86.00     9  slam_gmapping

13:54:06      UID       PID  minflt/s  majflt/s     VSZ     RSS   %MEM  Command
13:54:07        0     47228  16036.00      0.00 1027108  181684   1.17  slam_gmapping

13:54:07      UID       PID    %usr %system  %guest   %wait    %CPU   CPU  Command
13:54:08        0     47228   29.00    0.00    0.00    0.00   29.00     2  slam_gmapping

13:54:07      UID       PID  minflt/s  majflt/s     VSZ     RSS   %MEM  Command
13:54:08        0     47228      0.00      0.00 1027108  181684   1.17  slam_gmapping

13:54:08      UID       PID    %usr %system  %guest   %wait    %CPU   CPU  Command
13:54:09        0     47228   80.00    3.00    0.00    0.00   83.00     2  slam_gmapping

13:54:08      UID       PID  minflt/s  majflt/s     VSZ     RSS   %MEM  Command
13:54:09        0     47228  15382.00      0.00 1027108  182236   1.17  slam_gmapping

13:54:09      UID       PID    %usr %system  %guest   %wait    %CPU   CPU  Command
13:54:10        0     47228   63.00    1.00    0.00    0.00   64.00     8  slam_gmapping

13:54:09      UID       PID  minflt/s  majflt/s     VSZ     RSS   %MEM  Command
13:54:10        0     47228   8284.00      0.00 1027108  215260   1.38  slam_gmapping

13:54:10      UID       PID    %usr %system  %guest   %wait    %CPU   CPU  Command
13:54:11        0     47228   37.00    2.00    0.00    0.00   39.00     8  slam_gmapping

13:54:10      UID       PID  minflt/s  majflt/s     VSZ     RSS   %MEM  Command
13:54:11        0     47228   6969.00      0.00 1027108  182260   1.17  slam_gmapping

13:54:11      UID       PID    %usr %system  %guest   %wait    %CPU   CPU  Command
13:54:12        0     47228   91.00    4.00    0.00    0.00   95.00     8  slam_gmapping

13:54:11      UID       PID  minflt/s  majflt/s     VSZ     RSS   %MEM  Command
13:54:12        0     47228  15254.00      0.00 1027108  182256   1.17  slam_gmapping

13:54:12      UID       PID    %usr %system  %guest   %wait    %CPU   CPU  Command
13:54:13        0     47228   70.00    2.00    0.00    0.00   72.00     2  slam_gmapping

13:54:12      UID       PID  minflt/s  majflt/s     VSZ     RSS   %MEM  Command
13:54:13        0     47228  15250.00      0.00 1027108  182132   1.17  slam_gmapping

13:54:13      UID       PID    %usr %system  %guest   %wait    %CPU   CPU  Command
13:54:14        0     47228   61.00    3.00    0.00    0.00   64.00     8  slam_gmapping

13:54:13      UID       PID  minflt/s  majflt/s     VSZ     RSS   %MEM  Command
13:54:14        0     47228  11083.00      0.00 1027108  226420   1.45  slam_gmapping

13:54:14      UID       PID    %usr %system  %guest   %wait    %CPU   CPU  Command
13:54:15        0     47228   54.00    1.00    0.00    0.00   55.00     8  slam_gmapping

13:54:14      UID       PID  minflt/s  majflt/s     VSZ     RSS   %MEM  Command
13:54:15        0     47228   4169.00      0.00 1027108  182168   1.17  slam_gmapping

13:54:15      UID       PID    %usr %system  %guest   %wait    %CPU   CPU  Command
13:54:16        0     47228   73.00    3.00    0.00    0.00   76.00     2  slam_gmapping

13:54:15      UID       PID  minflt/s  majflt/s     VSZ     RSS   %MEM  Command
13:54:16        0     47228  15254.00      0.00 1027108  182220   1.17  slam_gmapping

13:54:16      UID       PID    %usr %system  %guest   %wait    %CPU   CPU  Command
13:54:17        0     47228   71.00    3.00    0.00    0.00   74.00     6  slam_gmapping

13:54:16      UID       PID  minflt/s  majflt/s     VSZ     RSS   %MEM  Command
13:54:17        0     47228  15254.00      0.00 1027108  182308   1.17  slam_gmapping

13:54:17      UID       PID    %usr %system  %guest   %wait    %CPU   CPU  Command
13:54:18        0     47228   63.00    3.00    0.00    0.00   66.00     6  slam_gmapping

13:54:17      UID       PID  minflt/s  majflt/s     VSZ     RSS   %MEM  Command
13:54:18        0     47228  15249.00      0.00 1027108  182320   1.17  slam_gmapping

13:54:18      UID       PID    %usr %system  %guest   %wait    %CPU   CPU  Command
13:54:19        0     47228   33.00    0.00    0.00    0.00   33.00     3  slam_gmapping

13:54:18      UID       PID  minflt/s  majflt/s     VSZ     RSS   %MEM  Command
13:54:19        0     47228      1.00      0.00 1027108  182320   1.17  slam_gmapping

13:54:19      UID       PID    %usr %system  %guest   %wait    %CPU   CPU  Command
13:54:20        0     47228   71.00    3.00    0.00    0.00   74.00     3  slam_gmapping

13:54:19      UID       PID  minflt/s  majflt/s     VSZ     RSS   %MEM  Command
13:54:20        0     47228  15253.00      0.00 1027108  182344   1.17  slam_gmapping

13:54:20      UID       PID    %usr %system  %guest   %wait    %CPU   CPU  Command
13:54:21        0     47228   70.00    3.00    0.00    0.00   73.00     3  slam_gmapping

13:54:20      UID       PID  minflt/s  majflt/s     VSZ     RSS   %MEM  Command
13:54:21        0     47228  15251.00      0.00 1027108  182364   1.17  slam_gmapping

13:54:21      UID       PID    %usr %system  %guest   %wait    %CPU   CPU  Command
13:54:22        0     47228   55.00    0.00    0.00    0.00   55.00     3  slam_gmapping

13:54:21      UID       PID  minflt/s  majflt/s     VSZ     RSS   %MEM  Command
13:54:22        0     47228      0.00      0.00 1027108  182364   1.17  slam_gmapping

13:54:22      UID       PID    %usr %system  %guest   %wait    %CPU   CPU  Command
13:54:23        0     47228   89.00    3.00    0.00    0.00   92.00     3  slam_gmapping

13:54:22      UID       PID  minflt/s  majflt/s     VSZ     RSS   %MEM  Command
13:54:23        0     47228  24515.00      0.00 1027108  219372   1.41  slam_gmapping

13:54:23      UID       PID    %usr %system  %guest   %wait    %CPU   CPU  Command
13:54:24        0     47228   79.00    2.00    0.00    0.00   81.00     3  slam_gmapping

13:54:23      UID       PID  minflt/s  majflt/s     VSZ     RSS   %MEM  Command
13:54:24        0     47228   5986.00      0.00 1027108  182232   1.17  slam_gmapping

13:54:24      UID       PID    %usr %system  %guest   %wait    %CPU   CPU  Command
13:54:25        0     47228   65.00    2.00    0.00    0.00   67.00     8  slam_gmapping

13:54:24      UID       PID  minflt/s  majflt/s     VSZ     RSS   %MEM  Command
13:54:25        0     47228  15252.00      0.00 1027108  182260   1.17  slam_gmapping

13:54:25      UID       PID    %usr %system  %guest   %wait    %CPU   CPU  Command
13:54:26        0     47228   73.00    3.00    0.00    0.00   76.00     8  slam_gmapping

13:54:25      UID       PID  minflt/s  majflt/s     VSZ     RSS   %MEM  Command
13:54:26        0     47228  15253.00      0.00 1027108  182280   1.17  slam_gmapping

13:54:26      UID       PID    %usr %system  %guest   %wait    %CPU   CPU  Command
13:54:27        0     47228   53.00    1.00    0.00    0.00   54.00    12  slam_gmapping

13:54:26      UID       PID  minflt/s  majflt/s     VSZ     RSS   %MEM  Command
13:54:27        0     47228   4135.00      0.00 1027108  198792   1.28  slam_gmapping

13:54:27      UID       PID    %usr %system  %guest   %wait    %CPU   CPU  Command
13:54:28        0     47228   42.00    2.00    0.00    0.00   44.00    12  slam_gmapping

13:54:27      UID       PID  minflt/s  majflt/s     VSZ     RSS   %MEM  Command
13:54:28        0     47228  11118.00      0.00 1027108  182232   1.17  slam_gmapping

13:54:28      UID       PID    %usr %system  %guest   %wait    %CPU   CPU  Command
13:54:29        0     47228   83.00    3.00    0.00    0.00   86.00     4  slam_gmapping

13:54:28      UID       PID  minflt/s  majflt/s     VSZ     RSS   %MEM  Command
13:54:29        0     47228  15253.00      0.00 1027108  182308   1.17  slam_gmapping

13:54:29      UID       PID    %usr %system  %guest   %wait    %CPU   CPU  Command
13:54:30        0     47228   69.00    3.00    0.00    0.00   72.00     4  slam_gmapping

13:54:29      UID       PID  minflt/s  majflt/s     VSZ     RSS   %MEM  Command
13:54:30        0     47228  15249.00      0.00 1027108  182432   1.17  slam_gmapping

13:54:30      UID       PID    %usr %system  %guest   %wait    %CPU   CPU  Command
13:54:31        0     47228   52.00    0.00    0.00    1.00   52.00     1  slam_gmapping

13:54:30      UID       PID  minflt/s  majflt/s     VSZ     RSS   %MEM  Command
13:54:31        0     47228      0.00      0.00 1027108  182432   1.17  slam_gmapping

13:54:31      UID       PID    %usr %system  %guest   %wait    %CPU   CPU  Command
13:54:32        0     47228   76.00    4.00    0.00    0.00   80.00     1  slam_gmapping

13:54:31      UID       PID  minflt/s  majflt/s     VSZ     RSS   %MEM  Command
13:54:32        0     47228  19774.00      0.00 1027108  200384   1.29  slam_gmapping

13:54:32      UID       PID    %usr %system  %guest   %wait    %CPU   CPU  Command
13:54:33        0     47228   41.00    2.00    0.00    0.00   43.00     1  slam_gmapping

13:54:32      UID       PID  minflt/s  majflt/s     VSZ     RSS   %MEM  Command
13:54:33        0     47228  10858.00      0.00 1027108  182868   1.17  slam_gmapping

13:54:33      UID       PID    %usr %system  %guest   %wait    %CPU   CPU  Command
13:54:34        0     47228   72.00    2.00    0.00    0.00   74.00     1  slam_gmapping

13:54:33      UID       PID  minflt/s  majflt/s     VSZ     RSS   %MEM  Command
13:54:34        0     47228  15253.00      0.00 1027108  183000   1.17  slam_gmapping

13:54:34      UID       PID    %usr %system  %guest   %wait    %CPU   CPU  Command
13:54:35        0     47228   51.00    1.00    0.00    0.00   52.00    10  slam_gmapping

13:54:34      UID       PID  minflt/s  majflt/s     VSZ     RSS   %MEM  Command
13:54:35        0     47228      0.00      0.00 1027108  183000   1.17  slam_gmapping

13:54:35      UID       PID    %usr %system  %guest   %wait    %CPU   CPU  Command
13:54:36        0     47228   61.00    3.00    0.00    0.00   64.00    12  slam_gmapping

13:54:35      UID       PID  minflt/s  majflt/s     VSZ     RSS   %MEM  Command
13:54:36        0     47228  15255.00      0.00 1027108  183028   1.17  slam_gmapping

13:54:36      UID       PID    %usr %system  %guest   %wait    %CPU   CPU  Command
13:54:37        0     47228   71.00    1.00    0.00    0.00   72.00    12  slam_gmapping

13:54:36      UID       PID  minflt/s  majflt/s     VSZ     RSS   %MEM  Command
13:54:37        0     47228   6214.00      0.00 1027108  207860   1.33  slam_gmapping

13:54:37      UID       PID    %usr %system  %guest   %wait    %CPU   CPU  Command
13:54:38        0     47228   85.00    4.00    0.00    0.00   89.00    12  slam_gmapping

13:54:37      UID       PID  minflt/s  majflt/s     VSZ     RSS   %MEM  Command
13:54:38        0     47228  18044.00      0.00 1027108  219060   1.41  slam_gmapping

13:54:38      UID       PID    %usr %system  %guest   %wait    %CPU   CPU  Command
13:54:39        0     47228   63.00    2.00    0.00    0.00   65.00    14  slam_gmapping

13:54:38      UID       PID  minflt/s  majflt/s     VSZ     RSS   %MEM  Command
13:54:39        0     47228   6248.00      0.00 1027108  183116   1.17  slam_gmapping

13:54:39      UID       PID    %usr %system  %guest   %wait    %CPU   CPU  Command
13:54:40        0     47228   63.00    2.00    0.00    0.00   65.00     6  slam_gmapping

13:54:39      UID       PID  minflt/s  majflt/s     VSZ     RSS   %MEM  Command
13:54:40        0     47228  15255.00      0.00 1027108  183204   1.18  slam_gmapping

13:54:40      UID       PID    %usr %system  %guest   %wait    %CPU   CPU  Command
13:54:41        0     47228   71.00    3.00    0.00    0.00   74.00     7  slam_gmapping

13:54:40      UID       PID  minflt/s  majflt/s     VSZ     RSS   %MEM  Command
13:54:41        0     47228  15253.00      0.00 1027108  183232   1.18  slam_gmapping

13:54:41      UID       PID    %usr %system  %guest   %wait    %CPU   CPU  Command
13:54:42        0     47228   51.00    0.00    0.00    0.00   51.00    10  slam_gmapping

13:54:41      UID       PID  minflt/s  majflt/s     VSZ     RSS   %MEM  Command
13:54:42        0     47228      0.00      0.00 1027108  183232   1.18  slam_gmapping

13:54:42      UID       PID    %usr %system  %guest   %wait    %CPU   CPU  Command
13:54:43        0     47228   45.00    3.00    0.00    0.00   48.00     7  slam_gmapping

13:54:42      UID       PID  minflt/s  majflt/s     VSZ     RSS   %MEM  Command
13:54:43        0     47228  15133.00      0.00 1027108  183232   1.18  slam_gmapping

13:54:43      UID       PID    %usr %system  %guest   %wait    %CPU   CPU  Command
13:54:44        0     47228   98.00    3.00    0.00    0.00  101.00     7  slam_gmapping

13:54:43      UID       PID  minflt/s  majflt/s     VSZ     RSS   %MEM  Command
13:54:44        0     47228  15138.00      0.00 1027108  183232   1.18  slam_gmapping

13:54:44      UID       PID    %usr %system  %guest   %wait    %CPU   CPU  Command
13:54:45        0     47228   70.00    2.00    0.00    0.00   72.00     7  slam_gmapping

13:54:44      UID       PID  minflt/s  majflt/s     VSZ     RSS   %MEM  Command
13:54:45        0     47228  15231.00      0.00 1027108  183280   1.18  slam_gmapping

13:54:45      UID       PID    %usr %system  %guest   %wait    %CPU   CPU  Command
13:54:46        0     47228   68.00    1.00    0.00    0.00   69.00     7  slam_gmapping

13:54:45      UID       PID  minflt/s  majflt/s     VSZ     RSS   %MEM  Command
13:54:46        0     47228  13979.00      0.00 1027108  239088   1.53  slam_gmapping

13:54:46      UID       PID    %usr %system  %guest   %wait    %CPU   CPU  Command
13:54:47        0     47228   61.00    2.00    0.00    0.00   63.00     7  slam_gmapping

13:54:46      UID       PID  minflt/s  majflt/s     VSZ     RSS   %MEM  Command
13:54:47        0     47228  10437.00      0.00 1027108  219988   1.41  slam_gmapping

13:54:47      UID       PID    %usr %system  %guest   %wait    %CPU   CPU  Command
13:54:48        0     47228   67.00    3.00    0.00    0.00   70.00     7  slam_gmapping

13:54:47      UID       PID  minflt/s  majflt/s     VSZ     RSS   %MEM  Command
13:54:48        0     47228   9086.00      0.00 1027108  195304   1.25  slam_gmapping

13:54:48      UID       PID    %usr %system  %guest   %wait    %CPU   CPU  Command
13:54:49        0     47228   51.00    2.00    0.00    0.00   53.00     7  slam_gmapping

13:54:48      UID       PID  minflt/s  majflt/s     VSZ     RSS   %MEM  Command
13:54:49        0     47228  12418.00      0.00 1027108  184048   1.18  slam_gmapping

13:54:49      UID       PID    %usr %system  %guest   %wait    %CPU   CPU  Command
13:54:50        0     47228   68.32    2.97    0.00    0.00   71.29     2  slam_gmapping

13:54:49      UID       PID  minflt/s  majflt/s     VSZ     RSS   %MEM  Command
13:54:50        0     47228  15104.95      0.00 1027108  183936   1.18  slam_gmapping

13:54:50      UID       PID    %usr %system  %guest   %wait    %CPU   CPU  Command
13:54:51        0     47228   59.00    0.00    0.00    0.00   59.00     0  slam_gmapping

13:54:50      UID       PID  minflt/s  majflt/s     VSZ     RSS   %MEM  Command
13:54:51        0     47228      0.00      0.00 1027108  183936   1.18  slam_gmapping

13:54:51      UID       PID    %usr %system  %guest   %wait    %CPU   CPU  Command
13:54:52        0     47228   50.00    3.00    0.00    0.00   53.00     2  slam_gmapping

13:54:51      UID       PID  minflt/s  majflt/s     VSZ     RSS   %MEM  Command
13:54:52        0     47228  15260.00      0.00 1027108  184040   1.18  slam_gmapping

13:54:52      UID       PID    %usr %system  %guest   %wait    %CPU   CPU  Command
13:54:53        0     47228   69.00    3.00    0.00    0.00   72.00     0  slam_gmapping

13:54:52      UID       PID  minflt/s  majflt/s     VSZ     RSS   %MEM  Command
13:54:53        0     47228  15252.00      0.00 1027108  184020   1.18  slam_gmapping

13:54:53      UID       PID    %usr %system  %guest   %wait    %CPU   CPU  Command
13:54:54        0     47228   68.00    4.00    0.00    0.00   72.00    10  slam_gmapping

13:54:53      UID       PID  minflt/s  majflt/s     VSZ     RSS   %MEM  Command
13:54:54        0     47228  15251.00      0.00 1027108  184040   1.18  slam_gmapping

13:54:54      UID       PID    %usr %system  %guest   %wait    %CPU   CPU  Command
13:54:55        0     47228   48.00    0.00    0.00    0.00   48.00     8  slam_gmapping

13:54:54      UID       PID  minflt/s  majflt/s     VSZ     RSS   %MEM  Command
13:54:55        0     47228      0.00      0.00 1027108  184040   1.18  slam_gmapping

13:54:55      UID       PID    %usr %system  %guest   %wait    %CPU   CPU  Command
13:54:56        0     47228   55.00    3.00    0.00    0.00   58.00    14  slam_gmapping

13:54:55      UID       PID  minflt/s  majflt/s     VSZ     RSS   %MEM  Command
13:54:56        0     47228  15301.00      0.00 1027108  184268   1.18  slam_gmapping

13:54:56      UID       PID    %usr %system  %guest   %wait    %CPU   CPU  Command
13:54:57        0     47228   67.00    4.00    0.00    0.00   71.00    14  slam_gmapping

13:54:56      UID       PID  minflt/s  majflt/s     VSZ     RSS   %MEM  Command
13:54:57        0     47228  15342.00      0.00 1027108  184724   1.18  slam_gmapping

13:54:57      UID       PID    %usr %system  %guest   %wait    %CPU   CPU  Command
13:54:58        0     47228    3.00    1.00    0.00    0.00    4.00     8  slam_gmapping

13:54:57      UID       PID  minflt/s  majflt/s     VSZ     RSS   %MEM  Command
13:54:58        0     47228      0.00      0.00 1027056  184724   1.18  slam_gmapping

13:54:58      UID       PID    %usr %system  %guest   %wait    %CPU   CPU  Command
13:54:59        0     47228    1.00    0.00    0.00    0.00    1.00     8  slam_gmapping

13:54:58      UID       PID  minflt/s  majflt/s     VSZ     RSS   %MEM  Command
13:54:59        0     47228      0.00      0.00 1027056  184724   1.18  slam_gmapping

13:54:59      UID       PID    %usr %system  %guest   %wait    %CPU   CPU  Command
13:55:00        0     47228    1.00    1.00    0.00    0.00    2.00    14  slam_gmapping

13:54:59      UID       PID  minflt/s  majflt/s     VSZ     RSS   %MEM  Command
13:55:00        0     47228      3.00      0.00 1027648  184724   1.18  slam_gmapping

13:55:00      UID       PID    %usr %system  %guest   %wait    %CPU   CPU  Command
13:55:01        0     47228    1.00    0.00    0.00    0.00    1.00    14  slam_gmapping

13:55:00      UID       PID  minflt/s  majflt/s     VSZ     RSS   %MEM  Command
13:55:01        0     47228      0.00      0.00 1027596  184724   1.18  slam_gmapping

13:55:01      UID       PID    %usr %system  %guest   %wait    %CPU   CPU  Command
13:55:02        0     47228    1.00    0.00    0.00    0.00    1.00    14  slam_gmapping

13:55:01      UID       PID  minflt/s  majflt/s     VSZ     RSS   %MEM  Command
13:55:02        0     47228      0.00      0.00 1027056  184724   1.18  slam_gmapping

13:55:02      UID       PID    %usr %system  %guest   %wait    %CPU   CPU  Command
13:55:03        0     47228    0.00    1.00    0.00    0.00    1.00    14  slam_gmapping

13:55:02      UID       PID  minflt/s  majflt/s     VSZ     RSS   %MEM  Command
13:55:03        0     47228      0.00      0.00 1027056  184724   1.18  slam_gmapping

13:55:03      UID       PID    %usr %system  %guest   %wait    %CPU   CPU  Command
13:55:04        0     47228    0.00    0.00    0.00    0.00    0.00    14  slam_gmapping

13:55:03      UID       PID  minflt/s  majflt/s     VSZ     RSS   %MEM  Command
13:55:04        0     47228      0.00      0.00 1027056  184724   1.18  slam_gmapping

13:55:04      UID       PID    %usr %system  %guest   %wait    %CPU   CPU  Command
13:55:05        0     47228    1.00    1.00    0.00    0.00    2.00    14  slam_gmapping

13:55:04      UID       PID  minflt/s  majflt/s     VSZ     RSS   %MEM  Command
13:55:05        0     47228      0.00      0.00 1027056  184724   1.18  slam_gmapping

13:55:05      UID       PID    %usr %system  %guest   %wait    %CPU   CPU  Command
13:55:06        0     47228    1.00    0.00    0.00    0.00    1.00    14  slam_gmapping

13:55:05      UID       PID  minflt/s  majflt/s     VSZ     RSS   %MEM  Command
13:55:06        0     47228      0.00      0.00 1026516  184724   1.18  slam_gmapping


Average:      UID       PID    %usr %system  %guest   %wait    %CPU   CPU  Command
Average:        0     47228   54.58    1.66    0.00    0.01   56.24     -  slam_gmapping

Average:      UID       PID  minflt/s  majflt/s     VSZ     RSS   %MEM  Command
Average:        0     47228   7097.25      0.00 1027120  185183   1.19  slam_gmapping
