Linux 6.17.0-23-generic (admin1-ASUS-TUF-Gaming-A15-FA507NU-FA507NU) 	05/11/26 	_x86_64_	(16 CPU)

13:15:26      UID       PID    %usr %system  %guest   %wait    %CPU   CPU  Command
13:15:27        0     28082    7.00    0.00    0.00    0.00    7.00     4  hector_mapping_

13:15:26      UID       PID  minflt/s  majflt/s     VSZ     RSS   %MEM  Command
13:15:27        0     28082      0.00      0.00 1206336  434520   2.79  hector_mapping_

13:15:27      UID       PID    %usr %system  %guest   %wait    %CPU   CPU  Command
13:15:28        0     28082    7.00    1.00    0.00    0.00    8.00    12  hector_mapping_

13:15:27      UID       PID  minflt/s  majflt/s     VSZ     RSS   %MEM  Command
13:15:28        0     28082      0.00      0.00 1206336  434520   2.79  hector_mapping_

13:15:28      UID       PID    %usr %system  %guest   %wait    %CPU   CPU  Command
13:15:29        0     28082    7.00    0.00    0.00    1.00    7.00     7  hector_mapping_

13:15:28      UID       PID  minflt/s  majflt/s     VSZ     RSS   %MEM  Command
13:15:29        0     28082      0.00      0.00 1206336  434520   2.79  hector_mapping_

13:15:29      UID       PID    %usr %system  %guest   %wait    %CPU   CPU  Command
13:15:30        0     28082    7.00    1.00    0.00    0.00    8.00     8  hector_mapping_

13:15:29      UID       PID  minflt/s  majflt/s     VSZ     RSS   %MEM  Command
13:15:30        0     28082      0.00      0.00 1206336  434520   2.79  hector_mapping_

13:15:30      UID       PID    %usr %system  %guest   %wait    %CPU   CPU  Command
13:15:31        0     28082    7.00    0.00    0.00    0.00    7.00     3  hector_mapping_

13:15:30      UID       PID  minflt/s  majflt/s     VSZ     RSS   %MEM  Command
13:15:31        0     28082      0.00      0.00 1206336  434520   2.79  hector_mapping_

13:15:31      UID       PID    %usr %system  %guest   %wait    %CPU   CPU  Command
13:15:32        0     28082    6.00    2.00    0.00    0.00    8.00     3  hector_mapping_

13:15:31      UID       PID  minflt/s  majflt/s     VSZ     RSS   %MEM  Command
13:15:32        0     28082      0.00      0.00 1206336  434520   2.79  hector_mapping_

13:15:32      UID       PID    %usr %system  %guest   %wait    %CPU   CPU  Command
13:15:33        0     28082    6.93    0.00    0.00    0.00    6.93     3  hector_mapping_

13:15:32      UID       PID  minflt/s  majflt/s     VSZ     RSS   %MEM  Command
13:15:33        0     28082      0.00      0.00 1206336  434520   2.79  hector_mapping_

13:15:33      UID       PID    %usr %system  %guest   %wait    %CPU   CPU  Command
13:15:34        0     28082    7.00    1.00    0.00    0.00    8.00    14  hector_mapping_

13:15:33      UID       PID  minflt/s  majflt/s     VSZ     RSS   %MEM  Command
13:15:34        0     28082      0.00      0.00 1206336  434520   2.79  hector_mapping_

13:15:34      UID       PID    %usr %system  %guest   %wait    %CPU   CPU  Command
13:15:35        0     28082    7.00    0.00    0.00    0.00    7.00     7  hector_mapping_

13:15:34      UID       PID  minflt/s  majflt/s     VSZ     RSS   %MEM  Command
13:15:35        0     28082      0.00      0.00 1206336  434520   2.79  hector_mapping_

13:15:35      UID       PID    %usr %system  %guest   %wait    %CPU   CPU  Command
13:15:36        0     28082    6.00    1.00    0.00    0.00    7.00     7  hector_mapping_

13:15:35      UID       PID  minflt/s  majflt/s     VSZ     RSS   %MEM  Command
13:15:36        0     28082      0.00      0.00 1206336  434520   2.79  hector_mapping_

13:15:36      UID       PID    %usr %system  %guest   %wait    %CPU   CPU  Command
13:15:37        0     28082    7.00    1.00    0.00    0.00    8.00     7  hector_mapping_

13:15:36      UID       PID  minflt/s  majflt/s     VSZ     RSS   %MEM  Command
13:15:37        0     28082      0.00      0.00 1206336  434520   2.79  hector_mapping_

13:15:37      UID       PID    %usr %system  %guest   %wait    %CPU   CPU  Command
13:15:38        0     28082    7.00    0.00    0.00    0.00    7.00     2  hector_mapping_

13:15:37      UID       PID  minflt/s  majflt/s     VSZ     RSS   %MEM  Command
13:15:38        0     28082      0.00      0.00 1206336  434520   2.79  hector_mapping_

13:15:38      UID       PID    %usr %system  %guest   %wait    %CPU   CPU  Command
13:15:39        0     28082    7.00    1.00    0.00    0.00    8.00     6  hector_mapping_

13:15:38      UID       PID  minflt/s  majflt/s     VSZ     RSS   %MEM  Command
13:15:39        0     28082      0.00      0.00 1206336  434520   2.79  hector_mapping_

13:15:39      UID       PID    %usr %system  %guest   %wait    %CPU   CPU  Command
13:15:40        0     28082    7.00    0.00    0.00    0.00    7.00     2  hector_mapping_

13:15:39      UID       PID  minflt/s  majflt/s     VSZ     RSS   %MEM  Command
13:15:40        0     28082      0.00      0.00 1206336  434520   2.79  hector_mapping_

13:15:40      UID       PID    %usr %system  %guest   %wait    %CPU   CPU  Command
13:15:41        0     28082    7.00    1.00    0.00    0.00    8.00     2  hector_mapping_

13:15:40      UID       PID  minflt/s  majflt/s     VSZ     RSS   %MEM  Command
13:15:41        0     28082      0.00      0.00 1206336  434520   2.79  hector_mapping_

13:15:41      UID       PID    %usr %system  %guest   %wait    %CPU   CPU  Command
13:15:42        0     28082    6.00    0.00    0.00    0.00    6.00     2  hector_mapping_

13:15:41      UID       PID  minflt/s  majflt/s     VSZ     RSS   %MEM  Command
13:15:42        0     28082      0.00      0.00 1206336  434520   2.79  hector_mapping_

13:15:42      UID       PID    %usr %system  %guest   %wait    %CPU   CPU  Command
13:15:43        0     28082    8.00    1.00    0.00    0.00    9.00     8  hector_mapping_

13:15:42      UID       PID  minflt/s  majflt/s     VSZ     RSS   %MEM  Command
13:15:43        0     28082      0.00      0.00 1206336  434520   2.79  hector_mapping_

13:15:43      UID       PID    %usr %system  %guest   %wait    %CPU   CPU  Command
13:15:44        0     28082    6.00    0.00    0.00    0.00    6.00     0  hector_mapping_

13:15:43      UID       PID  minflt/s  majflt/s     VSZ     RSS   %MEM  Command
13:15:44        0     28082      0.00      0.00 1206336  434520   2.79  hector_mapping_

13:15:44      UID       PID    %usr %system  %guest   %wait    %CPU   CPU  Command
13:15:45        0     28082    7.00    1.00    0.00    0.00    8.00     8  hector_mapping_

13:15:44      UID       PID  minflt/s  majflt/s     VSZ     RSS   %MEM  Command
13:15:45        0     28082      0.00      0.00 1206336  434520   2.79  hector_mapping_

13:15:45      UID       PID    %usr %system  %guest   %wait    %CPU   CPU  Command
13:15:46        0     28082    6.00    1.00    0.00    0.00    7.00     0  hector_mapping_

13:15:45      UID       PID  minflt/s  majflt/s     VSZ     RSS   %MEM  Command
13:15:46        0     28082      0.00      0.00 1206336  434520   2.79  hector_mapping_

13:15:46      UID       PID    %usr %system  %guest   %wait    %CPU   CPU  Command
13:15:47        0     28082    7.00    1.00    0.00    0.00    8.00    12  hector_mapping_

13:15:46      UID       PID  minflt/s  majflt/s     VSZ     RSS   %MEM  Command
13:15:47        0     28082      0.00      0.00 1206336  434520   2.79  hector_mapping_

13:15:47      UID       PID    %usr %system  %guest   %wait    %CPU   CPU  Command
13:15:48        0     28082    7.00    1.00    0.00    0.00    8.00     6  hector_mapping_

13:15:47      UID       PID  minflt/s  majflt/s     VSZ     RSS   %MEM  Command
13:15:48        0     28082      0.00      0.00 1206336  434520   2.79  hector_mapping_

13:15:48      UID       PID    %usr %system  %guest   %wait    %CPU   CPU  Command
13:15:49        0     28082    7.00    0.00    0.00    0.00    7.00     8  hector_mapping_

13:15:48      UID       PID  minflt/s  majflt/s     VSZ     RSS   %MEM  Command
13:15:49        0     28082      0.00      0.00 1206336  434520   2.79  hector_mapping_

13:15:49      UID       PID    %usr %system  %guest   %wait    %CPU   CPU  Command
13:15:50        0     28082    6.00    1.00    0.00    0.00    7.00     6  hector_mapping_

13:15:49      UID       PID  minflt/s  majflt/s     VSZ     RSS   %MEM  Command
13:15:50        0     28082      0.00      0.00 1206336  434520   2.79  hector_mapping_

13:15:50      UID       PID    %usr %system  %guest   %wait    %CPU   CPU  Command
13:15:51        0     28082    8.00    0.00    0.00    1.00    8.00    10  hector_mapping_

13:15:50      UID       PID  minflt/s  majflt/s     VSZ     RSS   %MEM  Command
13:15:51        0     28082      0.00      0.00 1206336  434520   2.79  hector_mapping_

13:15:51      UID       PID    %usr %system  %guest   %wait    %CPU   CPU  Command
13:15:52        0     28082    7.00    1.00    0.00    0.00    8.00     8  hector_mapping_

13:15:51      UID       PID  minflt/s  majflt/s     VSZ     RSS   %MEM  Command
13:15:52        0     28082      0.00      0.00 1206336  434520   2.79  hector_mapping_

13:15:52      UID       PID    %usr %system  %guest   %wait    %CPU   CPU  Command
13:15:53        0     28082    7.00    0.00    0.00    0.00    7.00     8  hector_mapping_

13:15:52      UID       PID  minflt/s  majflt/s     VSZ     RSS   %MEM  Command
13:15:53        0     28082      0.00      0.00 1206336  434520   2.79  hector_mapping_

13:15:53      UID       PID    %usr %system  %guest   %wait    %CPU   CPU  Command
13:15:54        0     28082    6.00    1.00    0.00    0.00    7.00     2  hector_mapping_

13:15:53      UID       PID  minflt/s  majflt/s     VSZ     RSS   %MEM  Command
13:15:54        0     28082      0.00      0.00 1206336  434520   2.79  hector_mapping_

13:15:54      UID       PID    %usr %system  %guest   %wait    %CPU   CPU  Command
13:15:55        0     28082    7.00    1.00    0.00    0.00    8.00     2  hector_mapping_

13:15:54      UID       PID  minflt/s  majflt/s     VSZ     RSS   %MEM  Command
13:15:55        0     28082      0.00      0.00 1206336  434520   2.79  hector_mapping_

13:15:55      UID       PID    %usr %system  %guest   %wait    %CPU   CPU  Command
13:15:56        0     28082    7.00    0.00    0.00    0.00    7.00     6  hector_mapping_

13:15:55      UID       PID  minflt/s  majflt/s     VSZ     RSS   %MEM  Command
13:15:56        0     28082      0.00      0.00 1206336  434520   2.79  hector_mapping_

13:15:56      UID       PID    %usr %system  %guest   %wait    %CPU   CPU  Command
13:15:57        0     28082    7.00    2.00    0.00    0.00    9.00     2  hector_mapping_

13:15:56      UID       PID  minflt/s  majflt/s     VSZ     RSS   %MEM  Command
13:15:57        0     28082      0.00      0.00 1206336  434520   2.79  hector_mapping_

13:15:57      UID       PID    %usr %system  %guest   %wait    %CPU   CPU  Command
13:15:58        0     28082    6.00    1.00    0.00    0.00    7.00     6  hector_mapping_

13:15:57      UID       PID  minflt/s  majflt/s     VSZ     RSS   %MEM  Command
13:15:58        0     28082      0.00      0.00 1206336  434520   2.79  hector_mapping_

13:15:58      UID       PID    %usr %system  %guest   %wait    %CPU   CPU  Command
13:15:59        0     28082    6.00    1.00    0.00    0.00    7.00     4  hector_mapping_

13:15:58      UID       PID  minflt/s  majflt/s     VSZ     RSS   %MEM  Command
13:15:59        0     28082      0.00      0.00 1206336  434520   2.79  hector_mapping_

13:15:59      UID       PID    %usr %system  %guest   %wait    %CPU   CPU  Command
13:16:00        0     28082    7.00    1.00    0.00    0.00    8.00     2  hector_mapping_

13:15:59      UID       PID  minflt/s  majflt/s     VSZ     RSS   %MEM  Command
13:16:00        0     28082      0.00      0.00 1206336  434520   2.79  hector_mapping_

13:16:00      UID       PID    %usr %system  %guest   %wait    %CPU   CPU  Command
13:16:01        0     28082    6.00    1.00    0.00    0.00    7.00    14  hector_mapping_

13:16:00      UID       PID  minflt/s  majflt/s     VSZ     RSS   %MEM  Command
13:16:01        0     28082      0.00      0.00 1206336  434520   2.79  hector_mapping_

13:16:01      UID       PID    %usr %system  %guest   %wait    %CPU   CPU  Command
13:16:02        0     28082    7.00    1.00    0.00    0.00    8.00     6  hector_mapping_

13:16:01      UID       PID  minflt/s  majflt/s     VSZ     RSS   %MEM  Command
13:16:02        0     28082      0.00      0.00 1206336  434520   2.79  hector_mapping_

13:16:02      UID       PID    %usr %system  %guest   %wait    %CPU   CPU  Command
13:16:03        0     28082    6.00    1.00    0.00    0.00    7.00     2  hector_mapping_

13:16:02      UID       PID  minflt/s  majflt/s     VSZ     RSS   %MEM  Command
13:16:03        0     28082      0.00      0.00 1206336  434520   2.79  hector_mapping_

13:16:03      UID       PID    %usr %system  %guest   %wait    %CPU   CPU  Command
13:16:04        0     28082    7.00    0.00    0.00    0.00    7.00     8  hector_mapping_

13:16:03      UID       PID  minflt/s  majflt/s     VSZ     RSS   %MEM  Command
13:16:04        0     28082      0.00      0.00 1206336  434520   2.79  hector_mapping_

13:16:04      UID       PID    %usr %system  %guest   %wait    %CPU   CPU  Command
13:16:05        0     28082    8.00    0.00    0.00    0.00    8.00     6  hector_mapping_

13:16:04      UID       PID  minflt/s  majflt/s     VSZ     RSS   %MEM  Command
13:16:05        0     28082      0.00      0.00 1206336  434520   2.79  hector_mapping_

13:16:05      UID       PID    %usr %system  %guest   %wait    %CPU   CPU  Command
13:16:06        0     28082    6.00    1.00    0.00    0.00    7.00     8  hector_mapping_

13:16:05      UID       PID  minflt/s  majflt/s     VSZ     RSS   %MEM  Command
13:16:06        0     28082      0.00      0.00 1206336  434520   2.79  hector_mapping_

13:16:06      UID       PID    %usr %system  %guest   %wait    %CPU   CPU  Command
13:16:07        0     28082    7.00    1.00    0.00    0.00    8.00     2  hector_mapping_

13:16:06      UID       PID  minflt/s  majflt/s     VSZ     RSS   %MEM  Command
13:16:07        0     28082      0.00      0.00 1206336  434520   2.79  hector_mapping_

13:16:07      UID       PID    %usr %system  %guest   %wait    %CPU   CPU  Command
13:16:08        0     28082    7.00    0.00    0.00    0.00    7.00     8  hector_mapping_

13:16:07      UID       PID  minflt/s  majflt/s     VSZ     RSS   %MEM  Command
13:16:08        0     28082      0.00      0.00 1206336  434520   2.79  hector_mapping_

13:16:08      UID       PID    %usr %system  %guest   %wait    %CPU   CPU  Command
13:16:09        0     28082    6.00    1.00    0.00    0.00    7.00     8  hector_mapping_

13:16:08      UID       PID  minflt/s  majflt/s     VSZ     RSS   %MEM  Command
13:16:09        0     28082      0.00      0.00 1206336  434520   2.79  hector_mapping_

13:16:09      UID       PID    %usr %system  %guest   %wait    %CPU   CPU  Command
13:16:10        0     28082    7.00    1.00    0.00    0.00    8.00     4  hector_mapping_

13:16:09      UID       PID  minflt/s  majflt/s     VSZ     RSS   %MEM  Command
13:16:10        0     28082      0.00      0.00 1206336  434520   2.79  hector_mapping_

13:16:10      UID       PID    %usr %system  %guest   %wait    %CPU   CPU  Command
13:16:11        0     28082    7.00    0.00    0.00    0.00    7.00    14  hector_mapping_

13:16:10      UID       PID  minflt/s  majflt/s     VSZ     RSS   %MEM  Command
13:16:11        0     28082      0.00      0.00 1206336  434520   2.79  hector_mapping_

13:16:11      UID       PID    %usr %system  %guest   %wait    %CPU   CPU  Command
13:16:12        0     28082    7.00    1.00    0.00    0.00    8.00     0  hector_mapping_

13:16:11      UID       PID  minflt/s  majflt/s     VSZ     RSS   %MEM  Command
13:16:12        0     28082      0.00      0.00 1206336  434520   2.79  hector_mapping_

13:16:12      UID       PID    %usr %system  %guest   %wait    %CPU   CPU  Command
13:16:13        0     28082    7.00    1.00    0.00    0.00    8.00     3  hector_mapping_

13:16:12      UID       PID  minflt/s  majflt/s     VSZ     RSS   %MEM  Command
13:16:13        0     28082      0.00      0.00 1206336  434520   2.79  hector_mapping_

13:16:13      UID       PID    %usr %system  %guest   %wait    %CPU   CPU  Command
13:16:14        0     28082    7.00    0.00    0.00    0.00    7.00     3  hector_mapping_

13:16:13      UID       PID  minflt/s  majflt/s     VSZ     RSS   %MEM  Command
13:16:14        0     28082      0.00      0.00 1206336  434520   2.79  hector_mapping_

13:16:14      UID       PID    %usr %system  %guest   %wait    %CPU   CPU  Command
13:16:15        0     28082    7.00    1.00    0.00    0.00    8.00     3  hector_mapping_

13:16:14      UID       PID  minflt/s  majflt/s     VSZ     RSS   %MEM  Command
13:16:15        0     28082      0.00      0.00 1206336  434520   2.79  hector_mapping_

13:16:15      UID       PID    %usr %system  %guest   %wait    %CPU   CPU  Command
13:16:16        0     28082    6.00    1.00    0.00    0.00    7.00     6  hector_mapping_

13:16:15      UID       PID  minflt/s  majflt/s     VSZ     RSS   %MEM  Command
13:16:16        0     28082      0.00      0.00 1206336  434520   2.79  hector_mapping_

13:16:16      UID       PID    %usr %system  %guest   %wait    %CPU   CPU  Command
13:16:17        0     28082    7.00    0.00    0.00    0.00    7.00     3  hector_mapping_

13:16:16      UID       PID  minflt/s  majflt/s     VSZ     RSS   %MEM  Command
13:16:17        0     28082      0.00      0.00 1206336  434520   2.79  hector_mapping_

13:16:17      UID       PID    %usr %system  %guest   %wait    %CPU   CPU  Command
13:16:18        0     28082    6.00    1.00    0.00    0.00    7.00     2  hector_mapping_

13:16:17      UID       PID  minflt/s  majflt/s     VSZ     RSS   %MEM  Command
13:16:18        0     28082      0.00      0.00 1206336  434520   2.79  hector_mapping_

13:16:18      UID       PID    %usr %system  %guest   %wait    %CPU   CPU  Command
13:16:19        0     28082    7.00    1.00    0.00    0.00    8.00     8  hector_mapping_

13:16:18      UID       PID  minflt/s  majflt/s     VSZ     RSS   %MEM  Command
13:16:19        0     28082      0.00      0.00 1206336  434520   2.79  hector_mapping_

13:16:19      UID       PID    %usr %system  %guest   %wait    %CPU   CPU  Command
13:16:20        0     28082    7.00    0.00    0.00    0.00    7.00     7  hector_mapping_

13:16:19      UID       PID  minflt/s  majflt/s     VSZ     RSS   %MEM  Command
13:16:20        0     28082      0.00      0.00 1206336  434520   2.79  hector_mapping_

13:16:20      UID       PID    %usr %system  %guest   %wait    %CPU   CPU  Command
13:16:21        0     28082    7.00    1.00    0.00    0.00    8.00     7  hector_mapping_

13:16:20      UID       PID  minflt/s  majflt/s     VSZ     RSS   %MEM  Command
13:16:21        0     28082      0.00      0.00 1206336  434520   2.79  hector_mapping_

13:16:21      UID       PID    %usr %system  %guest   %wait    %CPU   CPU  Command
13:16:22        0     28082    7.00    0.00    0.00    1.00    7.00     7  hector_mapping_

13:16:21      UID       PID  minflt/s  majflt/s     VSZ     RSS   %MEM  Command
13:16:22        0     28082      0.00      0.00 1206336  434520   2.79  hector_mapping_

13:16:22      UID       PID    %usr %system  %guest   %wait    %CPU   CPU  Command
13:16:23        0     28082    7.00    1.00    0.00    0.00    8.00     6  hector_mapping_

13:16:22      UID       PID  minflt/s  majflt/s     VSZ     RSS   %MEM  Command
13:16:23        0     28082      0.00      0.00 1206336  434520   2.79  hector_mapping_

13:16:23      UID       PID    %usr %system  %guest   %wait    %CPU   CPU  Command
13:16:24        0     28082    7.00    1.00    0.00    0.00    8.00    10  hector_mapping_

13:16:23      UID       PID  minflt/s  majflt/s     VSZ     RSS   %MEM  Command
13:16:24        0     28082      0.00      0.00 1206336  434520   2.79  hector_mapping_

13:16:24      UID       PID    %usr %system  %guest   %wait    %CPU   CPU  Command
13:16:25        0     28082    7.00    0.00    0.00    0.00    7.00     8  hector_mapping_

13:16:24      UID       PID  minflt/s  majflt/s     VSZ     RSS   %MEM  Command
13:16:25        0     28082      0.00      0.00 1206336  434520   2.79  hector_mapping_

13:16:25      UID       PID    %usr %system  %guest   %wait    %CPU   CPU  Command
13:16:26        0     28082    7.00    1.00    0.00    0.00    8.00     4  hector_mapping_

13:16:25      UID       PID  minflt/s  majflt/s     VSZ     RSS   %MEM  Command
13:16:26        0     28082      0.00      0.00 1206336  434520   2.79  hector_mapping_

13:16:26      UID       PID    %usr %system  %guest   %wait    %CPU   CPU  Command
13:16:27        0     28082    7.00    0.00    0.00    0.00    7.00     8  hector_mapping_

13:16:26      UID       PID  minflt/s  majflt/s     VSZ     RSS   %MEM  Command
13:16:27        0     28082      0.00      0.00 1206336  434520   2.79  hector_mapping_

13:16:27      UID       PID    %usr %system  %guest   %wait    %CPU   CPU  Command
13:16:28        0     28082    7.00    1.00    0.00    0.00    8.00     2  hector_mapping_

13:16:27      UID       PID  minflt/s  majflt/s     VSZ     RSS   %MEM  Command
13:16:28        0     28082      0.00      0.00 1206336  434520   2.79  hector_mapping_

13:16:28      UID       PID    %usr %system  %guest   %wait    %CPU   CPU  Command
13:16:29        0     28082    7.00    0.00    0.00    0.00    7.00     8  hector_mapping_

13:16:28      UID       PID  minflt/s  majflt/s     VSZ     RSS   %MEM  Command
13:16:29        0     28082      0.00      0.00 1206336  434520   2.79  hector_mapping_

13:16:29      UID       PID    %usr %system  %guest   %wait    %CPU   CPU  Command
13:16:30        0     28082    7.00    0.00    0.00    0.00    7.00     4  hector_mapping_

13:16:29      UID       PID  minflt/s  majflt/s     VSZ     RSS   %MEM  Command
13:16:30        0     28082      0.00      0.00 1206336  434520   2.79  hector_mapping_

13:16:30      UID       PID    %usr %system  %guest   %wait    %CPU   CPU  Command
13:16:31        0     28082    7.00    1.00    0.00    0.00    8.00     6  hector_mapping_

13:16:30      UID       PID  minflt/s  majflt/s     VSZ     RSS   %MEM  Command
13:16:31        0     28082      0.00      0.00 1206336  434520   2.79  hector_mapping_

13:16:31      UID       PID    %usr %system  %guest   %wait    %CPU   CPU  Command
13:16:32        0     28082    7.00    1.00    0.00    0.00    8.00    10  hector_mapping_

13:16:31      UID       PID  minflt/s  majflt/s     VSZ     RSS   %MEM  Command
13:16:32        0     28082      0.00      0.00 1206336  434520   2.79  hector_mapping_

13:16:32      UID       PID    %usr %system  %guest   %wait    %CPU   CPU  Command
13:16:33        0     28082    7.00    0.00    0.00    0.00    7.00     2  hector_mapping_

13:16:32      UID       PID  minflt/s  majflt/s     VSZ     RSS   %MEM  Command
13:16:33        0     28082      0.00      0.00 1206336  434520   2.79  hector_mapping_

13:16:33      UID       PID    %usr %system  %guest   %wait    %CPU   CPU  Command
13:16:34        0     28082    7.00    1.00    0.00    0.00    8.00    14  hector_mapping_

13:16:33      UID       PID  minflt/s  majflt/s     VSZ     RSS   %MEM  Command
13:16:34        0     28082      0.00      0.00 1206336  434520   2.79  hector_mapping_

13:16:34      UID       PID    %usr %system  %guest   %wait    %CPU   CPU  Command
13:16:35        0     28082    7.00    0.00    0.00    0.00    7.00     0  hector_mapping_

13:16:34      UID       PID  minflt/s  majflt/s     VSZ     RSS   %MEM  Command
13:16:35        0     28082      0.00      0.00 1206336  434520   2.79  hector_mapping_

13:16:35      UID       PID    %usr %system  %guest   %wait    %CPU   CPU  Command
13:16:36        0     28082    7.00    1.00    0.00    0.00    8.00     6  hector_mapping_

13:16:35      UID       PID  minflt/s  majflt/s     VSZ     RSS   %MEM  Command
13:16:36        0     28082      0.00      0.00 1206336  434520   2.79  hector_mapping_

13:16:36      UID       PID    %usr %system  %guest   %wait    %CPU   CPU  Command
13:16:37        0     28082    7.00    1.00    0.00    0.00    8.00     0  hector_mapping_

13:16:36      UID       PID  minflt/s  majflt/s     VSZ     RSS   %MEM  Command
13:16:37        0     28082      0.00      0.00 1206336  434520   2.79  hector_mapping_

13:16:37      UID       PID    %usr %system  %guest   %wait    %CPU   CPU  Command
13:16:38        0     28082    7.00    0.00    0.00    0.00    7.00     6  hector_mapping_

13:16:37      UID       PID  minflt/s  majflt/s     VSZ     RSS   %MEM  Command
13:16:38        0     28082      0.00      0.00 1206336  434520   2.79  hector_mapping_

13:16:38      UID       PID    %usr %system  %guest   %wait    %CPU   CPU  Command
13:16:39        0     28082    7.00    1.00    0.00    0.00    8.00     6  hector_mapping_

13:16:38      UID       PID  minflt/s  majflt/s     VSZ     RSS   %MEM  Command
13:16:39        0     28082      0.00      0.00 1206336  434520   2.79  hector_mapping_

13:16:39      UID       PID    %usr %system  %guest   %wait    %CPU   CPU  Command
13:16:40        0     28082    7.00    0.00    0.00    0.00    7.00     2  hector_mapping_

13:16:39      UID       PID  minflt/s  majflt/s     VSZ     RSS   %MEM  Command
13:16:40        0     28082      0.00      0.00 1206336  434520   2.79  hector_mapping_

13:16:40      UID       PID    %usr %system  %guest   %wait    %CPU   CPU  Command
13:16:41        0     28082    7.00    1.00    0.00    0.00    8.00     2  hector_mapping_

13:16:40      UID       PID  minflt/s  majflt/s     VSZ     RSS   %MEM  Command
13:16:41        0     28082      0.00      0.00 1206336  434520   2.79  hector_mapping_

13:16:41      UID       PID    %usr %system  %guest   %wait    %CPU   CPU  Command
13:16:42        0     28082    7.00    1.00    0.00    0.00    8.00     6  hector_mapping_

13:16:41      UID       PID  minflt/s  majflt/s     VSZ     RSS   %MEM  Command
13:16:42        0     28082      0.00      0.00 1206336  434520   2.79  hector_mapping_

13:16:42      UID       PID    %usr %system  %guest   %wait    %CPU   CPU  Command
13:16:43        0     28082    7.00    0.00    0.00    0.00    7.00     6  hector_mapping_

13:16:42      UID       PID  minflt/s  majflt/s     VSZ     RSS   %MEM  Command
13:16:43        0     28082      0.00      0.00 1206336  434520   2.79  hector_mapping_

13:16:43      UID       PID    %usr %system  %guest   %wait    %CPU   CPU  Command
13:16:44        0     28082    7.00    0.00    0.00    0.00    7.00     6  hector_mapping_

13:16:43      UID       PID  minflt/s  majflt/s     VSZ     RSS   %MEM  Command
13:16:44        0     28082      0.00      0.00 1206336  434520   2.79  hector_mapping_

13:16:44      UID       PID    %usr %system  %guest   %wait    %CPU   CPU  Command
13:16:45        0     28082    7.00    1.00    0.00    0.00    8.00    12  hector_mapping_

13:16:44      UID       PID  minflt/s  majflt/s     VSZ     RSS   %MEM  Command
13:16:45        0     28082      0.00      0.00 1206336  434520   2.79  hector_mapping_

13:16:45      UID       PID    %usr %system  %guest   %wait    %CPU   CPU  Command
13:16:46        0     28082    7.00    1.00    0.00    0.00    8.00     2  hector_mapping_

13:16:45      UID       PID  minflt/s  majflt/s     VSZ     RSS   %MEM  Command
13:16:46        0     28082      0.00      0.00 1206336  434520   2.79  hector_mapping_

13:16:46      UID       PID    %usr %system  %guest   %wait    %CPU   CPU  Command
13:16:47        0     28082    7.00    1.00    0.00    0.00    8.00     2  hector_mapping_

13:16:46      UID       PID  minflt/s  majflt/s     VSZ     RSS   %MEM  Command
13:16:47        0     28082      0.00      0.00 1206336  434520   2.79  hector_mapping_

13:16:47      UID       PID    %usr %system  %guest   %wait    %CPU   CPU  Command
13:16:48        0     28082    7.00    0.00    0.00    0.00    7.00     6  hector_mapping_

13:16:47      UID       PID  minflt/s  majflt/s     VSZ     RSS   %MEM  Command
13:16:48        0     28082      0.00      0.00 1206336  434520   2.79  hector_mapping_

13:16:48      UID       PID    %usr %system  %guest   %wait    %CPU   CPU  Command
13:16:49        0     28082    6.00    1.00    0.00    0.00    7.00     8  hector_mapping_

13:16:48      UID       PID  minflt/s  majflt/s     VSZ     RSS   %MEM  Command
13:16:49        0     28082      0.00      0.00 1206336  434520   2.79  hector_mapping_

13:16:49      UID       PID    %usr %system  %guest   %wait    %CPU   CPU  Command
13:16:50        0     28082    7.00    1.00    0.00    0.00    8.00     0  hector_mapping_

13:16:49      UID       PID  minflt/s  majflt/s     VSZ     RSS   %MEM  Command
13:16:50        0     28082      0.00      0.00 1206336  434520   2.79  hector_mapping_

13:16:50      UID       PID    %usr %system  %guest   %wait    %CPU   CPU  Command
13:16:51        0     28082    7.00    1.00    0.00    0.00    8.00     3  hector_mapping_

13:16:50      UID       PID  minflt/s  majflt/s     VSZ     RSS   %MEM  Command
13:16:51        0     28082      0.00      0.00 1206336  434520   2.79  hector_mapping_

13:16:51      UID       PID    %usr %system  %guest   %wait    %CPU   CPU  Command
13:16:52        0     28082    7.00    0.00    0.00    0.00    7.00     3  hector_mapping_

13:16:51      UID       PID  minflt/s  majflt/s     VSZ     RSS   %MEM  Command
13:16:52        0     28082      0.00      0.00 1206336  434520   2.79  hector_mapping_

13:16:52      UID       PID    %usr %system  %guest   %wait    %CPU   CPU  Command
13:16:53        0     28082    7.00    1.00    0.00    0.00    8.00     6  hector_mapping_

13:16:52      UID       PID  minflt/s  majflt/s     VSZ     RSS   %MEM  Command
13:16:53        0     28082      0.00      0.00 1206336  434520   2.79  hector_mapping_

13:16:53      UID       PID    %usr %system  %guest   %wait    %CPU   CPU  Command
13:16:54        0     28082    6.00    1.00    0.00    0.00    7.00     6  hector_mapping_

13:16:53      UID       PID  minflt/s  majflt/s     VSZ     RSS   %MEM  Command
13:16:54        0     28082      0.00      0.00 1206336  434520   2.79  hector_mapping_

13:16:54      UID       PID    %usr %system  %guest   %wait    %CPU   CPU  Command
13:16:55        0     28082    8.00    0.00    0.00    0.00    8.00     2  hector_mapping_

13:16:54      UID       PID  minflt/s  majflt/s     VSZ     RSS   %MEM  Command
13:16:55        0     28082      0.00      0.00 1206336  434520   2.79  hector_mapping_

13:16:55      UID       PID    %usr %system  %guest   %wait    %CPU   CPU  Command
13:16:56        0     28082    6.00    1.00    0.00    0.00    7.00     6  hector_mapping_

13:16:55      UID       PID  minflt/s  majflt/s     VSZ     RSS   %MEM  Command
13:16:56        0     28082      0.00      0.00 1206336  434520   2.79  hector_mapping_

13:16:56      UID       PID    %usr %system  %guest   %wait    %CPU   CPU  Command
13:16:57        0     28082    7.00    0.00    0.00    0.00    7.00     6  hector_mapping_

13:16:56      UID       PID  minflt/s  majflt/s     VSZ     RSS   %MEM  Command
13:16:57        0     28082      0.00      0.00 1206336  434520   2.79  hector_mapping_

13:16:57      UID       PID    %usr %system  %guest   %wait    %CPU   CPU  Command
13:16:58        0     28082    7.00    1.00    0.00    0.00    8.00     2  hector_mapping_

13:16:57      UID       PID  minflt/s  majflt/s     VSZ     RSS   %MEM  Command
13:16:58        0     28082      0.00      0.00 1206336  434520   2.79  hector_mapping_

13:16:58      UID       PID    %usr %system  %guest   %wait    %CPU   CPU  Command
13:16:59        0     28082    7.00    1.00    0.00    0.00    8.00     2  hector_mapping_

13:16:58      UID       PID  minflt/s  majflt/s     VSZ     RSS   %MEM  Command
13:16:59        0     28082      0.00      0.00 1206336  434520   2.79  hector_mapping_

13:16:59      UID       PID    %usr %system  %guest   %wait    %CPU   CPU  Command
13:17:00        0     28082    7.00    1.00    0.00    0.00    8.00     8  hector_mapping_

13:16:59      UID       PID  minflt/s  majflt/s     VSZ     RSS   %MEM  Command
13:17:00        0     28082      0.00      0.00 1206336  434520   2.79  hector_mapping_

13:17:00      UID       PID    %usr %system  %guest   %wait    %CPU   CPU  Command
13:17:01        0     28082    7.00    1.00    0.00    0.00    8.00     2  hector_mapping_

13:17:00      UID       PID  minflt/s  majflt/s     VSZ     RSS   %MEM  Command
13:17:01        0     28082      0.00      0.00 1206336  434520   2.79  hector_mapping_

13:17:01      UID       PID    %usr %system  %guest   %wait    %CPU   CPU  Command
13:17:02        0     28082    7.00    0.00    0.00    0.00    7.00     6  hector_mapping_

13:17:01      UID       PID  minflt/s  majflt/s     VSZ     RSS   %MEM  Command
13:17:02        0     28082      0.00      0.00 1206336  434520   2.79  hector_mapping_

13:17:02      UID       PID    %usr %system  %guest   %wait    %CPU   CPU  Command
13:17:03        0     28082    7.00    1.00    0.00    0.00    8.00     6  hector_mapping_

13:17:02      UID       PID  minflt/s  majflt/s     VSZ     RSS   %MEM  Command
13:17:03        0     28082      0.00      0.00 1206336  434520   2.79  hector_mapping_

13:17:03      UID       PID    %usr %system  %guest   %wait    %CPU   CPU  Command
13:17:04        0     28082    7.00    0.00    0.00    0.00    7.00     6  hector_mapping_

13:17:03      UID       PID  minflt/s  majflt/s     VSZ     RSS   %MEM  Command
13:17:04        0     28082      0.00      0.00 1206336  434520   2.79  hector_mapping_

13:17:04      UID       PID    %usr %system  %guest   %wait    %CPU   CPU  Command
13:17:05        0     28082    7.00    0.00    0.00    0.00    7.00     4  hector_mapping_

13:17:04      UID       PID  minflt/s  majflt/s     VSZ     RSS   %MEM  Command
13:17:05        0     28082      0.00      0.00 1206336  434520   2.79  hector_mapping_

13:17:05      UID       PID    %usr %system  %guest   %wait    %CPU   CPU  Command
13:17:06        0     28082    6.00    1.00    0.00    0.00    7.00     6  hector_mapping_

13:17:05      UID       PID  minflt/s  majflt/s     VSZ     RSS   %MEM  Command
13:17:06        0     28082      0.00      0.00 1206336  434520   2.79  hector_mapping_

13:17:06      UID       PID    %usr %system  %guest   %wait    %CPU   CPU  Command
13:17:07        0     28082    7.00    0.00    0.00    0.00    7.00    12  hector_mapping_

13:17:06      UID       PID  minflt/s  majflt/s     VSZ     RSS   %MEM  Command
13:17:07        0     28082      0.00      0.00 1206336  434520   2.79  hector_mapping_

13:17:07      UID       PID    %usr %system  %guest   %wait    %CPU   CPU  Command
13:17:08        0     28082    4.00    1.00    0.00    0.00    5.00    12  hector_mapping_

13:17:07      UID       PID  minflt/s  majflt/s     VSZ     RSS   %MEM  Command
13:17:08        0     28082      0.00      0.00 1206336  434520   2.79  hector_mapping_

13:17:08      UID       PID    %usr %system  %guest   %wait    %CPU   CPU  Command
13:17:09        0     28082    8.00    0.00    0.00    0.00    8.00     2  hector_mapping_

13:17:08      UID       PID  minflt/s  majflt/s     VSZ     RSS   %MEM  Command
13:17:09        0     28082      0.00      0.00 1206336  434520   2.79  hector_mapping_

13:17:09      UID       PID    %usr %system  %guest   %wait    %CPU   CPU  Command
13:17:10        0     28082    6.00    1.00    0.00    0.00    7.00     8  hector_mapping_

13:17:09      UID       PID  minflt/s  majflt/s     VSZ     RSS   %MEM  Command
13:17:10        0     28082      0.00      0.00 1206336  434520   2.79  hector_mapping_

13:17:10      UID       PID    %usr %system  %guest   %wait    %CPU   CPU  Command
13:17:11        0     28082    5.00    0.00    0.00    0.00    5.00     8  hector_mapping_

13:17:10      UID       PID  minflt/s  majflt/s     VSZ     RSS   %MEM  Command
13:17:11        0     28082      0.00      0.00 1206336  434520   2.79  hector_mapping_

13:17:11      UID       PID    %usr %system  %guest   %wait    %CPU   CPU  Command
13:17:12        0     28082    6.00    1.00    0.00    0.00    7.00     2  hector_mapping_

13:17:11      UID       PID  minflt/s  majflt/s     VSZ     RSS   %MEM  Command
13:17:12        0     28082      0.00      0.00 1206336  434520   2.79  hector_mapping_

13:17:12      UID       PID    %usr %system  %guest   %wait    %CPU   CPU  Command
13:17:13        0     28082    6.93    0.99    0.00    0.00    7.92     7  hector_mapping_

13:17:12      UID       PID  minflt/s  majflt/s     VSZ     RSS   %MEM  Command
13:17:13        0     28082      0.00      0.00 1206336  434520   2.79  hector_mapping_

13:17:13      UID       PID    %usr %system  %guest   %wait    %CPU   CPU  Command
13:17:14        0     28082    7.00    0.00    0.00    0.00    7.00     2  hector_mapping_

13:17:13      UID       PID  minflt/s  majflt/s     VSZ     RSS   %MEM  Command
13:17:14        0     28082      0.00      0.00 1206336  434520   2.79  hector_mapping_

13:17:14      UID       PID    %usr %system  %guest   %wait    %CPU   CPU  Command
13:17:15        0     28082    7.00    1.00    0.00    0.00    8.00     6  hector_mapping_

13:17:14      UID       PID  minflt/s  majflt/s     VSZ     RSS   %MEM  Command
13:17:15        0     28082      0.00      0.00 1206336  434520   2.79  hector_mapping_

13:17:15      UID       PID    %usr %system  %guest   %wait    %CPU   CPU  Command
13:17:16        0     28082    7.00    0.00    0.00    0.00    7.00     6  hector_mapping_

13:17:15      UID       PID  minflt/s  majflt/s     VSZ     RSS   %MEM  Command
13:17:16        0     28082      0.00      0.00 1206336  434520   2.79  hector_mapping_

13:17:16      UID       PID    %usr %system  %guest   %wait    %CPU   CPU  Command
13:17:17        0     28082    7.00    0.00    0.00    0.00    7.00     2  hector_mapping_

13:17:16      UID       PID  minflt/s  majflt/s     VSZ     RSS   %MEM  Command
13:17:17        0     28082      0.00      0.00 1206336  434520   2.79  hector_mapping_

13:17:17      UID       PID    %usr %system  %guest   %wait    %CPU   CPU  Command
13:17:18        0     28082    7.00    1.00    0.00    0.00    8.00     2  hector_mapping_

13:17:17      UID       PID  minflt/s  majflt/s     VSZ     RSS   %MEM  Command
13:17:18        0     28082      0.00      0.00 1206336  434520   2.79  hector_mapping_

13:17:18      UID       PID    %usr %system  %guest   %wait    %CPU   CPU  Command
13:17:19        0     28082    7.00    1.00    0.00    0.00    8.00     6  hector_mapping_

13:17:18      UID       PID  minflt/s  majflt/s     VSZ     RSS   %MEM  Command
13:17:19        0     28082      0.00      0.00 1206336  434520   2.79  hector_mapping_

13:17:19      UID       PID    %usr %system  %guest   %wait    %CPU   CPU  Command
13:17:20        0     28082    7.00    1.00    0.00    0.00    8.00    10  hector_mapping_

13:17:19      UID       PID  minflt/s  majflt/s     VSZ     RSS   %MEM  Command
13:17:20        0     28082      0.00      0.00 1206336  434520   2.79  hector_mapping_

13:17:20      UID       PID    %usr %system  %guest   %wait    %CPU   CPU  Command
13:17:21        0     28082    7.00    0.00    0.00    0.00    7.00     0  hector_mapping_

13:17:20      UID       PID  minflt/s  majflt/s     VSZ     RSS   %MEM  Command
13:17:21        0     28082      0.00      0.00 1206336  434520   2.79  hector_mapping_

13:17:21      UID       PID    %usr %system  %guest   %wait    %CPU   CPU  Command
13:17:22        0     28082    6.00    1.00    0.00    0.00    7.00     0  hector_mapping_

13:17:21      UID       PID  minflt/s  majflt/s     VSZ     RSS   %MEM  Command
13:17:22        0     28082      0.00      0.00 1206336  434520   2.79  hector_mapping_

13:17:22      UID       PID    %usr %system  %guest   %wait    %CPU   CPU  Command
13:17:23        0     28082    8.00    1.00    0.00    0.00    9.00     6  hector_mapping_

13:17:22      UID       PID  minflt/s  majflt/s     VSZ     RSS   %MEM  Command
13:17:23        0     28082      0.00      0.00 1206336  434520   2.79  hector_mapping_

13:17:23      UID       PID    %usr %system  %guest   %wait    %CPU   CPU  Command
13:17:24        0     28082    7.00    0.00    0.00    0.00    7.00     2  hector_mapping_

13:17:23      UID       PID  minflt/s  majflt/s     VSZ     RSS   %MEM  Command
13:17:24        0     28082      0.00      0.00 1206336  434520   2.79  hector_mapping_

13:17:24      UID       PID    %usr %system  %guest   %wait    %CPU   CPU  Command
13:17:25        0     28082    6.00    1.00    0.00    0.00    7.00    14  hector_mapping_

13:17:24      UID       PID  minflt/s  majflt/s     VSZ     RSS   %MEM  Command
13:17:25        0     28082      0.00      0.00 1206336  434520   2.79  hector_mapping_

13:17:25      UID       PID    %usr %system  %guest   %wait    %CPU   CPU  Command
13:17:26        0     28082    7.00    1.00    0.00    0.00    8.00     0  hector_mapping_

13:17:25      UID       PID  minflt/s  majflt/s     VSZ     RSS   %MEM  Command
13:17:26        0     28082      0.00      0.00 1206336  434520   2.79  hector_mapping_

13:17:26      UID       PID    %usr %system  %guest   %wait    %CPU   CPU  Command
13:17:27        0     28082    7.00    0.00    0.00    0.00    7.00    12  hector_mapping_

13:17:26      UID       PID  minflt/s  majflt/s     VSZ     RSS   %MEM  Command
13:17:27        0     28082      0.00      0.00 1206336  434520   2.79  hector_mapping_

13:17:27      UID       PID    %usr %system  %guest   %wait    %CPU   CPU  Command
13:17:28        0     28082    8.00    1.00    0.00    0.00    9.00     2  hector_mapping_

13:17:27      UID       PID  minflt/s  majflt/s     VSZ     RSS   %MEM  Command
13:17:28        0     28082      0.00      0.00 1206336  434520   2.79  hector_mapping_

13:17:28      UID       PID    %usr %system  %guest   %wait    %CPU   CPU  Command
13:17:29        0     28082    7.00    0.00    0.00    0.00    7.00    14  hector_mapping_

13:17:28      UID       PID  minflt/s  majflt/s     VSZ     RSS   %MEM  Command
13:17:29        0     28082      0.00      0.00 1206336  434520   2.79  hector_mapping_

13:17:29      UID       PID    %usr %system  %guest   %wait    %CPU   CPU  Command
13:17:30        0     28082    7.00    1.00    0.00    0.00    8.00     6  hector_mapping_

13:17:29      UID       PID  minflt/s  majflt/s     VSZ     RSS   %MEM  Command
13:17:30        0     28082      0.00      0.00 1206336  434520   2.79  hector_mapping_

13:17:30      UID       PID    %usr %system  %guest   %wait    %CPU   CPU  Command
13:17:31        0     28082    7.00    0.00    0.00    0.00    7.00     6  hector_mapping_

13:17:30      UID       PID  minflt/s  majflt/s     VSZ     RSS   %MEM  Command
13:17:31        0     28082      0.00      0.00 1206336  434520   2.79  hector_mapping_

13:17:31      UID       PID    %usr %system  %guest   %wait    %CPU   CPU  Command
13:17:32        0     28082    7.00    1.00    0.00    0.00    8.00     6  hector_mapping_

13:17:31      UID       PID  minflt/s  majflt/s     VSZ     RSS   %MEM  Command
13:17:32        0     28082      0.00      0.00 1206336  434520   2.79  hector_mapping_

13:17:32      UID       PID    %usr %system  %guest   %wait    %CPU   CPU  Command
13:17:33        0     28082    7.00    0.00    0.00    0.00    7.00     6  hector_mapping_

13:17:32      UID       PID  minflt/s  majflt/s     VSZ     RSS   %MEM  Command
13:17:33        0     28082      0.00      0.00 1206336  434520   2.79  hector_mapping_

13:17:33      UID       PID    %usr %system  %guest   %wait    %CPU   CPU  Command
13:17:34        0     28082    7.00    1.00    0.00    0.00    8.00     2  hector_mapping_

13:17:33      UID       PID  minflt/s  majflt/s     VSZ     RSS   %MEM  Command
13:17:34        0     28082      0.00      0.00 1206336  434520   2.79  hector_mapping_

13:17:34      UID       PID    %usr %system  %guest   %wait    %CPU   CPU  Command
13:17:35        0     28082    7.00    0.00    0.00    0.00    7.00     2  hector_mapping_

13:17:34      UID       PID  minflt/s  majflt/s     VSZ     RSS   %MEM  Command
13:17:35        0     28082      0.00      0.00 1206336  434520   2.79  hector_mapping_

13:17:35      UID       PID    %usr %system  %guest   %wait    %CPU   CPU  Command
13:17:36        0     28082    7.00    1.00    0.00    0.00    8.00     6  hector_mapping_

13:17:35      UID       PID  minflt/s  majflt/s     VSZ     RSS   %MEM  Command
13:17:36        0     28082      0.00      0.00 1206336  434520   2.79  hector_mapping_

13:17:36      UID       PID    %usr %system  %guest   %wait    %CPU   CPU  Command
13:17:37        0     28082    7.00    1.00    0.00    0.00    8.00     8  hector_mapping_

13:17:36      UID       PID  minflt/s  majflt/s     VSZ     RSS   %MEM  Command
13:17:37        0     28082      0.00      0.00 1206336  434520   2.79  hector_mapping_

13:17:37      UID       PID    %usr %system  %guest   %wait    %CPU   CPU  Command
13:17:38        0     28082    7.00    0.00    0.00    0.00    7.00     7  hector_mapping_

13:17:37      UID       PID  minflt/s  majflt/s     VSZ     RSS   %MEM  Command
13:17:38        0     28082      0.00      0.00 1206336  434520   2.79  hector_mapping_

13:17:38      UID       PID    %usr %system  %guest   %wait    %CPU   CPU  Command
13:17:39        0     28082    7.00    1.00    0.00    0.00    8.00     7  hector_mapping_

13:17:38      UID       PID  minflt/s  majflt/s     VSZ     RSS   %MEM  Command
13:17:39        0     28082      0.00      0.00 1206336  434520   2.79  hector_mapping_

13:17:39      UID       PID    %usr %system  %guest   %wait    %CPU   CPU  Command
13:17:40        0     28082    7.00    1.00    0.00    0.00    8.00    14  hector_mapping_

13:17:39      UID       PID  minflt/s  majflt/s     VSZ     RSS   %MEM  Command
13:17:40        0     28082      0.00      0.00 1206336  434520   2.79  hector_mapping_

13:17:40      UID       PID    %usr %system  %guest   %wait    %CPU   CPU  Command
13:17:41        0     28082    7.00    0.00    0.00    0.00    7.00     2  hector_mapping_

13:17:40      UID       PID  minflt/s  majflt/s     VSZ     RSS   %MEM  Command
13:17:41        0     28082      0.00      0.00 1206336  434520   2.79  hector_mapping_

13:17:41      UID       PID    %usr %system  %guest   %wait    %CPU   CPU  Command
13:17:42        0     28082    6.00    1.00    0.00    0.00    7.00     0  hector_mapping_

13:17:41      UID       PID  minflt/s  majflt/s     VSZ     RSS   %MEM  Command
13:17:42        0     28082      0.00      0.00 1206336  434520   2.79  hector_mapping_

13:17:42      UID       PID    %usr %system  %guest   %wait    %CPU   CPU  Command
13:17:43        0     28082    8.00    0.00    0.00    0.00    8.00    12  hector_mapping_

13:17:42      UID       PID  minflt/s  majflt/s     VSZ     RSS   %MEM  Command
13:17:43        0     28082      0.00      0.00 1206336  434520   2.79  hector_mapping_

13:17:43      UID       PID    %usr %system  %guest   %wait    %CPU   CPU  Command
13:17:44        0     28082    6.00    1.00    0.00    0.00    7.00     2  hector_mapping_

13:17:43      UID       PID  minflt/s  majflt/s     VSZ     RSS   %MEM  Command
13:17:44        0     28082      0.00      0.00 1206336  434520   2.79  hector_mapping_

13:17:44      UID       PID    %usr %system  %guest   %wait    %CPU   CPU  Command
13:17:45        0     28082    7.00    1.00    0.00    0.00    8.00     8  hector_mapping_

13:17:44      UID       PID  minflt/s  majflt/s     VSZ     RSS   %MEM  Command
13:17:45        0     28082      0.00      0.00 1206336  434520   2.79  hector_mapping_

13:17:45      UID       PID    %usr %system  %guest   %wait    %CPU   CPU  Command
13:17:46        0     28082    7.00    1.00    0.00    0.00    8.00    14  hector_mapping_

13:17:45      UID       PID  minflt/s  majflt/s     VSZ     RSS   %MEM  Command
13:17:46        0     28082      0.00      0.00 1206336  434520   2.79  hector_mapping_

13:17:46      UID       PID    %usr %system  %guest   %wait    %CPU   CPU  Command
13:17:47        0     28082    7.00    1.00    0.00    0.00    8.00     6  hector_mapping_

13:17:46      UID       PID  minflt/s  majflt/s     VSZ     RSS   %MEM  Command
13:17:47        0     28082      0.00      0.00 1206336  434520   2.79  hector_mapping_

13:17:47      UID       PID    %usr %system  %guest   %wait    %CPU   CPU  Command
13:17:48        0     28082    6.00    1.00    0.00    0.00    7.00     3  hector_mapping_

13:17:47      UID       PID  minflt/s  majflt/s     VSZ     RSS   %MEM  Command
13:17:48        0     28082      0.00      0.00 1206336  434520   2.79  hector_mapping_

13:17:48      UID       PID    %usr %system  %guest   %wait    %CPU   CPU  Command
13:17:49        0     28082    6.00    1.00    0.00    0.00    7.00     4  hector_mapping_

13:17:48      UID       PID  minflt/s  majflt/s     VSZ     RSS   %MEM  Command
13:17:49        0     28082      0.00      0.00 1206336  434520   2.79  hector_mapping_

13:17:49      UID       PID    %usr %system  %guest   %wait    %CPU   CPU  Command
13:17:50        0     28082    7.00    1.00    0.00    0.00    8.00     6  hector_mapping_

13:17:49      UID       PID  minflt/s  majflt/s     VSZ     RSS   %MEM  Command
13:17:50        0     28082      0.00      0.00 1206336  434520   2.79  hector_mapping_

13:17:50      UID       PID    %usr %system  %guest   %wait    %CPU   CPU  Command
13:17:51        0     28082    6.00    1.00    0.00    0.00    7.00    10  hector_mapping_

13:17:50      UID       PID  minflt/s  majflt/s     VSZ     RSS   %MEM  Command
13:17:51        0     28082      0.00      0.00 1206336  434520   2.79  hector_mapping_

13:17:51      UID       PID    %usr %system  %guest   %wait    %CPU   CPU  Command
13:17:52        0     28082    8.00    0.00    0.00    0.00    8.00     6  hector_mapping_

13:17:51      UID       PID  minflt/s  majflt/s     VSZ     RSS   %MEM  Command
13:17:52        0     28082      0.00      0.00 1206336  434520   2.79  hector_mapping_

13:17:52      UID       PID    %usr %system  %guest   %wait    %CPU   CPU  Command
13:17:53        0     28082    6.00    1.00    0.00    0.00    7.00     6  hector_mapping_

13:17:52      UID       PID  minflt/s  majflt/s     VSZ     RSS   %MEM  Command
13:17:53        0     28082      0.00      0.00 1206336  434520   2.79  hector_mapping_

13:17:53      UID       PID    %usr %system  %guest   %wait    %CPU   CPU  Command
13:17:54        0     28082    7.00    0.00    0.00    0.00    7.00     7  hector_mapping_

13:17:53      UID       PID  minflt/s  majflt/s     VSZ     RSS   %MEM  Command
13:17:54        0     28082      0.00      0.00 1206336  434520   2.79  hector_mapping_

13:17:54      UID       PID    %usr %system  %guest   %wait    %CPU   CPU  Command
13:17:55        0     28082    7.00    1.00    0.00    0.00    8.00     6  hector_mapping_

13:17:54      UID       PID  minflt/s  majflt/s     VSZ     RSS   %MEM  Command
13:17:55        0     28082      0.00      0.00 1206336  434520   2.79  hector_mapping_

13:17:55      UID       PID    %usr %system  %guest   %wait    %CPU   CPU  Command
13:17:56        0     28082    7.00    0.00    0.00    0.00    7.00     2  hector_mapping_

13:17:55      UID       PID  minflt/s  majflt/s     VSZ     RSS   %MEM  Command
13:17:56        0     28082      0.00      0.00 1206336  434520   2.79  hector_mapping_

13:17:56      UID       PID    %usr %system  %guest   %wait    %CPU   CPU  Command
13:17:57        0     28082    7.00    1.00    0.00    0.00    8.00     2  hector_mapping_

13:17:56      UID       PID  minflt/s  majflt/s     VSZ     RSS   %MEM  Command
13:17:57        0     28082      0.00      0.00 1206336  434520   2.79  hector_mapping_

13:17:57      UID       PID    %usr %system  %guest   %wait    %CPU   CPU  Command
13:17:58        0     28082    7.00    0.00    0.00    0.00    7.00     2  hector_mapping_

13:17:57      UID       PID  minflt/s  majflt/s     VSZ     RSS   %MEM  Command
13:17:58        0     28082      0.00      0.00 1206336  434520   2.79  hector_mapping_

13:17:58      UID       PID    %usr %system  %guest   %wait    %CPU   CPU  Command
13:17:59        0     28082    7.00    1.00    0.00    0.00    8.00     0  hector_mapping_

13:17:58      UID       PID  minflt/s  majflt/s     VSZ     RSS   %MEM  Command
13:17:59        0     28082      0.00      0.00 1206336  434520   2.79  hector_mapping_

13:17:59      UID       PID    %usr %system  %guest   %wait    %CPU   CPU  Command
13:18:00        0     28082    6.00    1.00    0.00    0.00    7.00     2  hector_mapping_

13:17:59      UID       PID  minflt/s  majflt/s     VSZ     RSS   %MEM  Command
13:18:00        0     28082      0.00      0.00 1206336  434520   2.79  hector_mapping_

13:18:00      UID       PID    %usr %system  %guest   %wait    %CPU   CPU  Command
13:18:01        0     28082    8.00    0.00    0.00    0.00    8.00     6  hector_mapping_

13:18:00      UID       PID  minflt/s  majflt/s     VSZ     RSS   %MEM  Command
13:18:01        0     28082      0.00      0.00 1206336  434520   2.79  hector_mapping_

13:18:01      UID       PID    %usr %system  %guest   %wait    %CPU   CPU  Command
13:18:02        0     28082    6.00    1.00    0.00    0.00    7.00     6  hector_mapping_

13:18:01      UID       PID  minflt/s  majflt/s     VSZ     RSS   %MEM  Command
13:18:02        0     28082      0.00      0.00 1206336  434520   2.79  hector_mapping_

13:18:02      UID       PID    %usr %system  %guest   %wait    %CPU   CPU  Command
13:18:03        0     28082    7.00    0.00    0.00    1.00    7.00     7  hector_mapping_

13:18:02      UID       PID  minflt/s  majflt/s     VSZ     RSS   %MEM  Command
13:18:03        0     28082      0.00      0.00 1206336  434520   2.79  hector_mapping_

13:18:03      UID       PID    %usr %system  %guest   %wait    %CPU   CPU  Command
13:18:04        0     28082    7.00    1.00    0.00    0.00    8.00     7  hector_mapping_

13:18:03      UID       PID  minflt/s  majflt/s     VSZ     RSS   %MEM  Command
13:18:04        0     28082      0.00      0.00 1206336  434520   2.79  hector_mapping_

13:18:04      UID       PID    %usr %system  %guest   %wait    %CPU   CPU  Command
13:18:05        0     28082    7.00    1.00    0.00    0.00    8.00     6  hector_mapping_

13:18:04      UID       PID  minflt/s  majflt/s     VSZ     RSS   %MEM  Command
13:18:05        0     28082      0.00      0.00 1206336  434520   2.79  hector_mapping_

13:18:05      UID       PID    %usr %system  %guest   %wait    %CPU   CPU  Command
13:18:06        0     28082    7.00    0.00    0.00    0.00    7.00     7  hector_mapping_

13:18:05      UID       PID  minflt/s  majflt/s     VSZ     RSS   %MEM  Command
13:18:06        0     28082      0.00      0.00 1206336  434520   2.79  hector_mapping_

13:18:06      UID       PID    %usr %system  %guest   %wait    %CPU   CPU  Command
13:18:07        0     28082    6.00    1.00    0.00    0.00    7.00     7  hector_mapping_

13:18:06      UID       PID  minflt/s  majflt/s     VSZ     RSS   %MEM  Command
13:18:07        0     28082      0.00      0.00 1206336  434520   2.79  hector_mapping_

13:18:07      UID       PID    %usr %system  %guest   %wait    %CPU   CPU  Command
13:18:08        0     28082    6.00    1.00    0.00    0.00    7.00     7  hector_mapping_

13:18:07      UID       PID  minflt/s  majflt/s     VSZ     RSS   %MEM  Command
13:18:08        0     28082      0.00      0.00 1206336  434520   2.79  hector_mapping_

13:18:08      UID       PID    %usr %system  %guest   %wait    %CPU   CPU  Command
13:18:09        0     28082    7.00    1.00    0.00    0.00    8.00     7  hector_mapping_

13:18:08      UID       PID  minflt/s  majflt/s     VSZ     RSS   %MEM  Command
13:18:09        0     28082      0.00      0.00 1206336  434520   2.79  hector_mapping_

13:18:09      UID       PID    %usr %system  %guest   %wait    %CPU   CPU  Command
13:18:10        0     28082    6.00    1.00    0.00    0.00    7.00     7  hector_mapping_

13:18:09      UID       PID  minflt/s  majflt/s     VSZ     RSS   %MEM  Command
13:18:10        0     28082      0.00      0.00 1206336  434520   2.79  hector_mapping_

13:18:10      UID       PID    %usr %system  %guest   %wait    %CPU   CPU  Command
13:18:11        0     28082    7.00    1.00    0.00    0.00    8.00     7  hector_mapping_

13:18:10      UID       PID  minflt/s  majflt/s     VSZ     RSS   %MEM  Command
13:18:11        0     28082      0.00      0.00 1206336  434520   2.79  hector_mapping_

13:18:11      UID       PID    %usr %system  %guest   %wait    %CPU   CPU  Command
13:18:12        0     28082    7.00    0.00    0.00    0.00    7.00     7  hector_mapping_

13:18:11      UID       PID  minflt/s  majflt/s     VSZ     RSS   %MEM  Command
13:18:12        0     28082      0.00      0.00 1206336  434520   2.79  hector_mapping_

13:18:12      UID       PID    %usr %system  %guest   %wait    %CPU   CPU  Command
13:18:13        0     28082    7.00    1.00    0.00    0.00    8.00     8  hector_mapping_

13:18:12      UID       PID  minflt/s  majflt/s     VSZ     RSS   %MEM  Command
13:18:13        0     28082      0.00      0.00 1206336  434520   2.79  hector_mapping_

13:18:13      UID       PID    %usr %system  %guest   %wait    %CPU   CPU  Command
13:18:14        0     28082    6.00    1.00    0.00    0.00    7.00     2  hector_mapping_

13:18:13      UID       PID  minflt/s  majflt/s     VSZ     RSS   %MEM  Command
13:18:14        0     28082      0.00      0.00 1206336  434520   2.79  hector_mapping_

13:18:14      UID       PID    %usr %system  %guest   %wait    %CPU   CPU  Command
13:18:15        0     28082    8.00    0.00    0.00    0.00    8.00     4  hector_mapping_

13:18:14      UID       PID  minflt/s  majflt/s     VSZ     RSS   %MEM  Command
13:18:15        0     28082      0.00      0.00 1206336  434520   2.79  hector_mapping_

13:18:15      UID       PID    %usr %system  %guest   %wait    %CPU   CPU  Command
13:18:16        0     28082    6.00    1.00    0.00    0.00    7.00     6  hector_mapping_

13:18:15      UID       PID  minflt/s  majflt/s     VSZ     RSS   %MEM  Command
13:18:16        0     28082      0.00      0.00 1206336  434520   2.79  hector_mapping_

13:18:16      UID       PID    %usr %system  %guest   %wait    %CPU   CPU  Command
13:18:17        0     28082    7.00    0.00    0.00    0.00    7.00     8  hector_mapping_

13:18:16      UID       PID  minflt/s  majflt/s     VSZ     RSS   %MEM  Command
13:18:17        0     28082      0.00      0.00 1206336  434520   2.79  hector_mapping_

13:18:17      UID       PID    %usr %system  %guest   %wait    %CPU   CPU  Command
13:18:18        0     28082    7.00    1.00    0.00    0.00    8.00     8  hector_mapping_

13:18:17      UID       PID  minflt/s  majflt/s     VSZ     RSS   %MEM  Command
13:18:18        0     28082      0.00      0.00 1206336  434520   2.79  hector_mapping_

13:18:18      UID       PID    %usr %system  %guest   %wait    %CPU   CPU  Command
13:18:19        0     28082    7.00    0.00    0.00    0.00    7.00     6  hector_mapping_

13:18:18      UID       PID  minflt/s  majflt/s     VSZ     RSS   %MEM  Command
13:18:19        0     28082      0.00      0.00 1206336  434520   2.79  hector_mapping_

13:18:19      UID       PID    %usr %system  %guest   %wait    %CPU   CPU  Command
13:18:20        0     28082    7.00    1.00    0.00    0.00    8.00    12  hector_mapping_

13:18:19      UID       PID  minflt/s  majflt/s     VSZ     RSS   %MEM  Command
13:18:20        0     28082      0.00      0.00 1206336  434520   2.79  hector_mapping_

13:18:20      UID       PID    %usr %system  %guest   %wait    %CPU   CPU  Command
13:18:21        0     28082    7.00    1.00    0.00    0.00    8.00     4  hector_mapping_

13:18:20      UID       PID  minflt/s  majflt/s     VSZ     RSS   %MEM  Command
13:18:21        0     28082      0.00      0.00 1206336  434520   2.79  hector_mapping_

13:18:21      UID       PID    %usr %system  %guest   %wait    %CPU   CPU  Command
13:18:22        0     28082    7.00    0.00    0.00    0.00    7.00     4  hector_mapping_

13:18:21      UID       PID  minflt/s  majflt/s     VSZ     RSS   %MEM  Command
13:18:22        0     28082      0.00      0.00 1206336  434520   2.79  hector_mapping_

13:18:22      UID       PID    %usr %system  %guest   %wait    %CPU   CPU  Command
13:18:23        0     28082    7.00    1.00    0.00    0.00    8.00     8  hector_mapping_

13:18:22      UID       PID  minflt/s  majflt/s     VSZ     RSS   %MEM  Command
13:18:23        0     28082      0.00      0.00 1206336  434520   2.79  hector_mapping_

13:18:23      UID       PID    %usr %system  %guest   %wait    %CPU   CPU  Command
13:18:24        0     28082    6.00    0.00    0.00    0.00    6.00     0  hector_mapping_

13:18:23      UID       PID  minflt/s  majflt/s     VSZ     RSS   %MEM  Command
13:18:24        0     28082      0.00      0.00 1206336  434520   2.79  hector_mapping_

13:18:24      UID       PID    %usr %system  %guest   %wait    %CPU   CPU  Command
13:18:25        0     28082    7.00    1.00    0.00    0.00    8.00     6  hector_mapping_

13:18:24      UID       PID  minflt/s  majflt/s     VSZ     RSS   %MEM  Command
13:18:25        0     28082      0.00      0.00 1206336  434520   2.79  hector_mapping_

13:18:25      UID       PID    %usr %system  %guest   %wait    %CPU   CPU  Command
13:18:26        0     28082    7.00    0.00    0.00    0.00    7.00     6  hector_mapping_

13:18:25      UID       PID  minflt/s  majflt/s     VSZ     RSS   %MEM  Command
13:18:26        0     28082      0.00      0.00 1206336  434520   2.79  hector_mapping_

13:18:26      UID       PID    %usr %system  %guest   %wait    %CPU   CPU  Command
13:18:27        0     28082    7.00    1.00    0.00    0.00    8.00     0  hector_mapping_

13:18:26      UID       PID  minflt/s  majflt/s     VSZ     RSS   %MEM  Command
13:18:27        0     28082      0.00      0.00 1206336  434520   2.79  hector_mapping_

13:18:27      UID       PID    %usr %system  %guest   %wait    %CPU   CPU  Command
13:18:28        0     28082    7.00    0.00    0.00    1.00    7.00     2  hector_mapping_

13:18:27      UID       PID  minflt/s  majflt/s     VSZ     RSS   %MEM  Command
13:18:28        0     28082      0.00      0.00 1206336  434520   2.79  hector_mapping_

13:18:28      UID       PID    %usr %system  %guest   %wait    %CPU   CPU  Command
13:18:29        0     28082    7.00    1.00    0.00    0.00    8.00     4  hector_mapping_

13:18:28      UID       PID  minflt/s  majflt/s     VSZ     RSS   %MEM  Command
13:18:29        0     28082      0.00      0.00 1206336  434520   2.79  hector_mapping_

13:18:29      UID       PID    %usr %system  %guest   %wait    %CPU   CPU  Command
13:18:30        0     28082    6.00    1.00    0.00    0.00    7.00     2  hector_mapping_

13:18:29      UID       PID  minflt/s  majflt/s     VSZ     RSS   %MEM  Command
13:18:30        0     28082      0.00      0.00 1206336  434520   2.79  hector_mapping_

13:18:30      UID       PID    %usr %system  %guest   %wait    %CPU   CPU  Command
13:18:31        0     28082    7.00    1.00    0.00    0.00    8.00     8  hector_mapping_

13:18:30      UID       PID  minflt/s  majflt/s     VSZ     RSS   %MEM  Command
13:18:31        0     28082      0.00      0.00 1206336  434520   2.79  hector_mapping_

13:18:31      UID       PID    %usr %system  %guest   %wait    %CPU   CPU  Command
13:18:32        0     28082    7.00    1.00    0.00    0.00    8.00     2  hector_mapping_

13:18:31      UID       PID  minflt/s  majflt/s     VSZ     RSS   %MEM  Command
13:18:32        0     28082      0.00      0.00 1206336  434520   2.79  hector_mapping_

13:18:32      UID       PID    %usr %system  %guest   %wait    %CPU   CPU  Command
13:18:33        0     28082    7.00    0.00    0.00    0.00    7.00     6  hector_mapping_

13:18:32      UID       PID  minflt/s  majflt/s     VSZ     RSS   %MEM  Command
13:18:33        0     28082      0.00      0.00 1206336  434520   2.79  hector_mapping_

13:18:33      UID       PID    %usr %system  %guest   %wait    %CPU   CPU  Command
13:18:34        0     28082    7.00    1.00    0.00    0.00    8.00     0  hector_mapping_

13:18:33      UID       PID  minflt/s  majflt/s     VSZ     RSS   %MEM  Command
13:18:34        0     28082      0.00      0.00 1206336  434520   2.79  hector_mapping_

13:18:34      UID       PID    %usr %system  %guest   %wait    %CPU   CPU  Command
13:18:35        0     28082    6.00    1.00    0.00    0.00    7.00     6  hector_mapping_

13:18:34      UID       PID  minflt/s  majflt/s     VSZ     RSS   %MEM  Command
13:18:35        0     28082      0.00      0.00 1206336  434520   2.79  hector_mapping_

13:18:35      UID       PID    %usr %system  %guest   %wait    %CPU   CPU  Command
13:18:36        0     28082    7.00    0.00    0.00    0.00    7.00     6  hector_mapping_

13:18:35      UID       PID  minflt/s  majflt/s     VSZ     RSS   %MEM  Command
13:18:36        0     28082      0.00      0.00 1206336  434520   2.79  hector_mapping_

13:18:36      UID       PID    %usr %system  %guest   %wait    %CPU   CPU  Command
13:18:37        0     28082    7.00    1.00    0.00    0.00    8.00     6  hector_mapping_

13:18:36      UID       PID  minflt/s  majflt/s     VSZ     RSS   %MEM  Command
13:18:37        0     28082      0.00      0.00 1206336  434520   2.79  hector_mapping_

13:18:37      UID       PID    %usr %system  %guest   %wait    %CPU   CPU  Command
13:18:38        0     28082    7.00    0.00    0.00    0.00    7.00    10  hector_mapping_

13:18:37      UID       PID  minflt/s  majflt/s     VSZ     RSS   %MEM  Command
13:18:38        0     28082      0.00      0.00 1206336  434520   2.79  hector_mapping_

13:18:38      UID       PID    %usr %system  %guest   %wait    %CPU   CPU  Command
13:18:39        0     28082    7.00    0.00    0.00    0.00    7.00     3  hector_mapping_

13:18:38      UID       PID  minflt/s  majflt/s     VSZ     RSS   %MEM  Command
13:18:39        0     28082      0.00      0.00 1206336  434520   2.79  hector_mapping_

13:18:39      UID       PID    %usr %system  %guest   %wait    %CPU   CPU  Command
13:18:40        0     28082    7.00    1.00    0.00    0.00    8.00     3  hector_mapping_

13:18:39      UID       PID  minflt/s  majflt/s     VSZ     RSS   %MEM  Command
13:18:40        0     28082      0.00      0.00 1206336  434520   2.79  hector_mapping_

13:18:40      UID       PID    %usr %system  %guest   %wait    %CPU   CPU  Command
13:18:41        0     28082    6.00    1.00    0.00    0.00    7.00    14  hector_mapping_

13:18:40      UID       PID  minflt/s  majflt/s     VSZ     RSS   %MEM  Command
13:18:41        0     28082      0.00      0.00 1206336  434520   2.79  hector_mapping_

13:18:41      UID       PID    %usr %system  %guest   %wait    %CPU   CPU  Command
13:18:42        0     28082    6.00    1.00    0.00    0.00    7.00     3  hector_mapping_

13:18:41      UID       PID  minflt/s  majflt/s     VSZ     RSS   %MEM  Command
13:18:42        0     28082      0.00      0.00 1206336  434520   2.79  hector_mapping_

13:18:42      UID       PID    %usr %system  %guest   %wait    %CPU   CPU  Command
13:18:43        0     28082    8.00    0.00    0.00    0.00    8.00     3  hector_mapping_

13:18:42      UID       PID  minflt/s  majflt/s     VSZ     RSS   %MEM  Command
13:18:43        0     28082      0.00      0.00 1206336  434520   2.79  hector_mapping_

13:18:43      UID       PID    %usr %system  %guest   %wait    %CPU   CPU  Command
13:18:44        0     28082    7.00    0.00    0.00    0.00    7.00     3  hector_mapping_

13:18:43      UID       PID  minflt/s  majflt/s     VSZ     RSS   %MEM  Command
13:18:44        0     28082      0.00      0.00 1206336  434520   2.79  hector_mapping_

13:18:44      UID       PID    %usr %system  %guest   %wait    %CPU   CPU  Command
13:18:45        0     28082    7.00    1.00    0.00    0.00    8.00     4  hector_mapping_

13:18:44      UID       PID  minflt/s  majflt/s     VSZ     RSS   %MEM  Command
13:18:45        0     28082      0.00      0.00 1206336  434520   2.79  hector_mapping_

13:18:45      UID       PID    %usr %system  %guest   %wait    %CPU   CPU  Command
13:18:46        0     28082    5.00    2.00    0.00    0.00    7.00     8  hector_mapping_

13:18:45      UID       PID  minflt/s  majflt/s     VSZ     RSS   %MEM  Command
13:18:46        0     28082      0.00      0.00 1206336  434520   2.79  hector_mapping_

13:18:46      UID       PID    %usr %system  %guest   %wait    %CPU   CPU  Command
13:18:47        0     28082    7.00    1.00    0.00    0.00    8.00     2  hector_mapping_

13:18:46      UID       PID  minflt/s  majflt/s     VSZ     RSS   %MEM  Command
13:18:47        0     28082      0.00      0.00 1206336  434520   2.79  hector_mapping_

13:18:47      UID       PID    %usr %system  %guest   %wait    %CPU   CPU  Command
13:18:48        0     28082    7.00    0.00    0.00    0.00    7.00    14  hector_mapping_

13:18:47      UID       PID  minflt/s  majflt/s     VSZ     RSS   %MEM  Command
13:18:48        0     28082      0.00      0.00 1206336  434520   2.79  hector_mapping_

13:18:48      UID       PID    %usr %system  %guest   %wait    %CPU   CPU  Command
13:18:49        0     28082    7.00    1.00    0.00    0.00    8.00     2  hector_mapping_

13:18:48      UID       PID  minflt/s  majflt/s     VSZ     RSS   %MEM  Command
13:18:49        0     28082      0.00      0.00 1206336  434520   2.79  hector_mapping_

13:18:49      UID       PID    %usr %system  %guest   %wait    %CPU   CPU  Command
13:18:50        0     28082    7.00    0.00    0.00    0.00    7.00    10  hector_mapping_

13:18:49      UID       PID  minflt/s  majflt/s     VSZ     RSS   %MEM  Command
13:18:50        0     28082      0.00      0.00 1206336  434520   2.79  hector_mapping_

13:18:50      UID       PID    %usr %system  %guest   %wait    %CPU   CPU  Command
13:18:51        0     28082    7.00    1.00    0.00    0.00    8.00     4  hector_mapping_

13:18:50      UID       PID  minflt/s  majflt/s     VSZ     RSS   %MEM  Command
13:18:51        0     28082      0.00      0.00 1206336  434520   2.79  hector_mapping_

13:18:51      UID       PID    %usr %system  %guest   %wait    %CPU   CPU  Command
13:18:52        0     28082    6.00    0.00    0.00    0.00    6.00     2  hector_mapping_

13:18:51      UID       PID  minflt/s  majflt/s     VSZ     RSS   %MEM  Command
13:18:52        0     28082      0.00      0.00 1206336  434520   2.79  hector_mapping_

13:18:52      UID       PID    %usr %system  %guest   %wait    %CPU   CPU  Command
13:18:53        0     28082    7.00    1.00    0.00    0.00    8.00     6  hector_mapping_

13:18:52      UID       PID  minflt/s  majflt/s     VSZ     RSS   %MEM  Command
13:18:53        0     28082      0.00      0.00 1206336  434520   2.79  hector_mapping_

13:18:53      UID       PID    %usr %system  %guest   %wait    %CPU   CPU  Command
13:18:54        0     28082    7.00    1.00    0.00    0.00    8.00     6  hector_mapping_

13:18:53      UID       PID  minflt/s  majflt/s     VSZ     RSS   %MEM  Command
13:18:54        0     28082      0.00      0.00 1206336  434520   2.79  hector_mapping_

13:18:54      UID       PID    %usr %system  %guest   %wait    %CPU   CPU  Command
13:18:55        0     28082    8.00    0.00    0.00    0.00    8.00     2  hector_mapping_

13:18:54      UID       PID  minflt/s  majflt/s     VSZ     RSS   %MEM  Command
13:18:55        0     28082      0.00      0.00 1206336  434520   2.79  hector_mapping_

13:18:55      UID       PID    %usr %system  %guest   %wait    %CPU   CPU  Command
13:18:56        0     28082    7.00    0.00    0.00    0.00    7.00     7  hector_mapping_

13:18:55      UID       PID  minflt/s  majflt/s     VSZ     RSS   %MEM  Command
13:18:56        0     28082      0.00      0.00 1206336  434520   2.79  hector_mapping_

13:18:56      UID       PID    %usr %system  %guest   %wait    %CPU   CPU  Command
13:18:57        0     28082    7.00    1.00    0.00    0.00    8.00     7  hector_mapping_

13:18:56      UID       PID  minflt/s  majflt/s     VSZ     RSS   %MEM  Command
13:18:57        0     28082      0.00      0.00 1206336  434520   2.79  hector_mapping_

13:18:57      UID       PID    %usr %system  %guest   %wait    %CPU   CPU  Command
13:18:58        0     28082    7.00    0.00    0.00    0.00    7.00     7  hector_mapping_

13:18:57      UID       PID  minflt/s  majflt/s     VSZ     RSS   %MEM  Command
13:18:58        0     28082      0.00      0.00 1206336  434520   2.79  hector_mapping_

13:18:58      UID       PID    %usr %system  %guest   %wait    %CPU   CPU  Command
13:18:59        0     28082    8.00    0.00    0.00    0.00    8.00     4  hector_mapping_

13:18:58      UID       PID  minflt/s  majflt/s     VSZ     RSS   %MEM  Command
13:18:59        0     28082      0.00      0.00 1206336  434520   2.79  hector_mapping_

13:18:59      UID       PID    %usr %system  %guest   %wait    %CPU   CPU  Command
13:19:00        0     28082    6.00    1.00    0.00    0.00    7.00     2  hector_mapping_

13:18:59      UID       PID  minflt/s  majflt/s     VSZ     RSS   %MEM  Command
13:19:00        0     28082      0.00      0.00 1206336  434520   2.79  hector_mapping_

13:19:00      UID       PID    %usr %system  %guest   %wait    %CPU   CPU  Command
13:19:01        0     28082    8.00    0.00    0.00    0.00    8.00     2  hector_mapping_

13:19:00      UID       PID  minflt/s  majflt/s     VSZ     RSS   %MEM  Command
13:19:01        0     28082      0.00      0.00 1206336  434520   2.79  hector_mapping_

13:19:01      UID       PID    %usr %system  %guest   %wait    %CPU   CPU  Command
13:19:02        0     28082    5.00    1.00    0.00    0.00    6.00     2  hector_mapping_

13:19:01      UID       PID  minflt/s  majflt/s     VSZ     RSS   %MEM  Command
13:19:02        0     28082      0.00      0.00 1206336  434520   2.79  hector_mapping_

13:19:02      UID       PID    %usr %system  %guest   %wait    %CPU   CPU  Command
13:19:03        0     28082    7.00    1.00    0.00    0.00    8.00     8  hector_mapping_

13:19:02      UID       PID  minflt/s  majflt/s     VSZ     RSS   %MEM  Command
13:19:03        0     28082      0.00      0.00 1206336  434520   2.79  hector_mapping_

13:19:03      UID       PID    %usr %system  %guest   %wait    %CPU   CPU  Command
13:19:04        0     28082    6.00    0.00    0.00    0.00    6.00     8  hector_mapping_

13:19:03      UID       PID  minflt/s  majflt/s     VSZ     RSS   %MEM  Command
13:19:04        0     28082      0.00      0.00 1206336  434520   2.79  hector_mapping_

13:19:04      UID       PID    %usr %system  %guest   %wait    %CPU   CPU  Command
13:19:05        0     28082    4.00    1.00    0.00    0.00    5.00     8  hector_mapping_

13:19:04      UID       PID  minflt/s  majflt/s     VSZ     RSS   %MEM  Command
13:19:05        0     28082      0.00      0.00 1206336  434520   2.79  hector_mapping_

13:19:05      UID       PID    %usr %system  %guest   %wait    %CPU   CPU  Command
13:19:06        0     28082    4.00    1.00    0.00    0.00    5.00     2  hector_mapping_

13:19:05      UID       PID  minflt/s  majflt/s     VSZ     RSS   %MEM  Command
13:19:06        0     28082      0.00      0.00 1206336  434520   2.79  hector_mapping_

13:19:06      UID       PID    %usr %system  %guest   %wait    %CPU   CPU  Command
13:19:07        0     28082    7.00    0.00    0.00    0.00    7.00     4  hector_mapping_

13:19:06      UID       PID  minflt/s  majflt/s     VSZ     RSS   %MEM  Command
13:19:07        0     28082      0.00      0.00 1206336  434520   2.79  hector_mapping_

13:19:07      UID       PID    %usr %system  %guest   %wait    %CPU   CPU  Command
13:19:08        0     28082    6.00    1.00    0.00    0.00    7.00     8  hector_mapping_

13:19:07      UID       PID  minflt/s  majflt/s     VSZ     RSS   %MEM  Command
13:19:08        0     28082      0.00      0.00 1206336  434520   2.79  hector_mapping_

13:19:08      UID       PID    %usr %system  %guest   %wait    %CPU   CPU  Command
13:19:09        0     28082    6.93    0.99    0.00    0.00    7.92     2  hector_mapping_

13:19:08      UID       PID  minflt/s  majflt/s     VSZ     RSS   %MEM  Command
13:19:09        0     28082      0.00      0.00 1206336  434520   2.79  hector_mapping_

13:19:09      UID       PID    %usr %system  %guest   %wait    %CPU   CPU  Command
13:19:10        0     28082    7.00    0.00    0.00    0.00    7.00     0  hector_mapping_

13:19:09      UID       PID  minflt/s  majflt/s     VSZ     RSS   %MEM  Command
13:19:10        0     28082      0.00      0.00 1206336  434520   2.79  hector_mapping_

13:19:10      UID       PID    %usr %system  %guest   %wait    %CPU   CPU  Command
13:19:11        0     28082    7.00    0.00    0.00    0.00    7.00     0  hector_mapping_

13:19:10      UID       PID  minflt/s  majflt/s     VSZ     RSS   %MEM  Command
13:19:11        0     28082      0.00      0.00 1206336  434520   2.79  hector_mapping_

13:19:11      UID       PID    %usr %system  %guest   %wait    %CPU   CPU  Command
13:19:12        0     28082    7.00    1.00    0.00    0.00    8.00     6  hector_mapping_

13:19:11      UID       PID  minflt/s  majflt/s     VSZ     RSS   %MEM  Command
13:19:12        0     28082      0.00      0.00 1206336  434520   2.79  hector_mapping_

13:19:12      UID       PID    %usr %system  %guest   %wait    %CPU   CPU  Command
13:19:13        0     28082    7.00    1.00    0.00    0.00    8.00     0  hector_mapping_

13:19:12      UID       PID  minflt/s  majflt/s     VSZ     RSS   %MEM  Command
13:19:13        0     28082      0.00      0.00 1206336  434520   2.79  hector_mapping_

13:19:13      UID       PID    %usr %system  %guest   %wait    %CPU   CPU  Command
13:19:14        0     28082    7.00    0.00    0.00    0.00    7.00    10  hector_mapping_

13:19:13      UID       PID  minflt/s  majflt/s     VSZ     RSS   %MEM  Command
13:19:14        0     28082      0.00      0.00 1206336  434520   2.79  hector_mapping_

13:19:14      UID       PID    %usr %system  %guest   %wait    %CPU   CPU  Command
13:19:15        0     28082    7.00    1.00    0.00    0.00    8.00     6  hector_mapping_

13:19:14      UID       PID  minflt/s  majflt/s     VSZ     RSS   %MEM  Command
13:19:15        0     28082      0.00      0.00 1206336  434520   2.79  hector_mapping_

13:19:15      UID       PID    %usr %system  %guest   %wait    %CPU   CPU  Command
13:19:16        0     28082    5.00    0.00    0.00    0.00    5.00     9  hector_mapping_

13:19:15      UID       PID  minflt/s  majflt/s     VSZ     RSS   %MEM  Command
13:19:16        0     28082      0.00      0.00 1206336  434520   2.79  hector_mapping_

13:19:16      UID       PID    %usr %system  %guest   %wait    %CPU   CPU  Command
13:19:17        0     28082    5.00    0.00    0.00    0.00    5.00     9  hector_mapping_

13:19:16      UID       PID  minflt/s  majflt/s     VSZ     RSS   %MEM  Command
13:19:17        0     28082      0.00      0.00 1206336  434520   2.79  hector_mapping_

13:19:17      UID       PID    %usr %system  %guest   %wait    %CPU   CPU  Command
13:19:18        0     28082    6.00    1.00    0.00    0.00    7.00     6  hector_mapping_

13:19:17      UID       PID  minflt/s  majflt/s     VSZ     RSS   %MEM  Command
13:19:18        0     28082      0.00      0.00 1206336  434520   2.79  hector_mapping_

13:19:18      UID       PID    %usr %system  %guest   %wait    %CPU   CPU  Command
13:19:19        0     28082    7.00    0.00    0.00    0.00    7.00     2  hector_mapping_

13:19:18      UID       PID  minflt/s  majflt/s     VSZ     RSS   %MEM  Command
13:19:19        0     28082      0.00      0.00 1206336  434520   2.79  hector_mapping_

13:19:19      UID       PID    %usr %system  %guest   %wait    %CPU   CPU  Command
13:19:20        0     28082    7.00    1.00    0.00    0.00    8.00     0  hector_mapping_

13:19:19      UID       PID  minflt/s  majflt/s     VSZ     RSS   %MEM  Command
13:19:20        0     28082      0.00      0.00 1206336  434520   2.79  hector_mapping_

13:19:20      UID       PID    %usr %system  %guest   %wait    %CPU   CPU  Command
13:19:21        0     28082    7.00    1.00    0.00    0.00    8.00    10  hector_mapping_

13:19:20      UID       PID  minflt/s  majflt/s     VSZ     RSS   %MEM  Command
13:19:21        0     28082      0.00      0.00 1206336  434520   2.79  hector_mapping_

13:19:21      UID       PID    %usr %system  %guest   %wait    %CPU   CPU  Command
13:19:22        0     28082    7.00    0.00    0.00    0.00    7.00     2  hector_mapping_

13:19:21      UID       PID  minflt/s  majflt/s     VSZ     RSS   %MEM  Command
13:19:22        0     28082      0.00      0.00 1206336  434520   2.79  hector_mapping_

13:19:22      UID       PID    %usr %system  %guest   %wait    %CPU   CPU  Command
13:19:23        0     28082    7.00    1.00    0.00    0.00    8.00     7  hector_mapping_

13:19:22      UID       PID  minflt/s  majflt/s     VSZ     RSS   %MEM  Command
13:19:23        0     28082      0.00      0.00 1206336  434520   2.79  hector_mapping_

13:19:23      UID       PID    %usr %system  %guest   %wait    %CPU   CPU  Command
13:19:24        0     28082    7.00    1.00    0.00    0.00    8.00     7  hector_mapping_

13:19:23      UID       PID  minflt/s  majflt/s     VSZ     RSS   %MEM  Command
13:19:24        0     28082      0.00      0.00 1206336  434520   2.79  hector_mapping_

13:19:24      UID       PID    %usr %system  %guest   %wait    %CPU   CPU  Command
13:19:25        0     28082    7.00    0.00    0.00    0.00    7.00     2  hector_mapping_

13:19:24      UID       PID  minflt/s  majflt/s     VSZ     RSS   %MEM  Command
13:19:25        0     28082      0.00      0.00 1206336  434520   2.79  hector_mapping_

13:19:25      UID       PID    %usr %system  %guest   %wait    %CPU   CPU  Command
13:19:26        0     28082    7.00    1.00    0.00    0.00    8.00     7  hector_mapping_

13:19:25      UID       PID  minflt/s  majflt/s     VSZ     RSS   %MEM  Command
13:19:26        0     28082      0.00      0.00 1206336  434520   2.79  hector_mapping_

13:19:26      UID       PID    %usr %system  %guest   %wait    %CPU   CPU  Command
13:19:27        0     28082    6.00    1.00    0.00    0.00    7.00     2  hector_mapping_

13:19:26      UID       PID  minflt/s  majflt/s     VSZ     RSS   %MEM  Command
13:19:27        0     28082      0.00      0.00 1206336  434520   2.79  hector_mapping_

13:19:27      UID       PID    %usr %system  %guest   %wait    %CPU   CPU  Command
13:19:28        0     28082    7.00    1.00    0.00    0.00    8.00     2  hector_mapping_

13:19:27      UID       PID  minflt/s  majflt/s     VSZ     RSS   %MEM  Command
13:19:28        0     28082      0.00      0.00 1206336  434520   2.79  hector_mapping_

13:19:28      UID       PID    %usr %system  %guest   %wait    %CPU   CPU  Command
13:19:29        0     28082    8.00    0.00    0.00    0.00    8.00     6  hector_mapping_

13:19:28      UID       PID  minflt/s  majflt/s     VSZ     RSS   %MEM  Command
13:19:29        0     28082      0.00      0.00 1206336  434520   2.79  hector_mapping_

13:19:29      UID       PID    %usr %system  %guest   %wait    %CPU   CPU  Command
13:19:30        0     28082    6.00    1.00    0.00    0.00    7.00     8  hector_mapping_

13:19:29      UID       PID  minflt/s  majflt/s     VSZ     RSS   %MEM  Command
13:19:30        0     28082      0.00      0.00 1206336  434520   2.79  hector_mapping_

13:19:30      UID       PID    %usr %system  %guest   %wait    %CPU   CPU  Command
13:19:31        0     28082    7.00    1.00    0.00    0.00    8.00     2  hector_mapping_

13:19:30      UID       PID  minflt/s  majflt/s     VSZ     RSS   %MEM  Command
13:19:31        0     28082      0.00      0.00 1206336  434520   2.79  hector_mapping_

13:19:31      UID       PID    %usr %system  %guest   %wait    %CPU   CPU  Command
13:19:32        0     28082    7.00    0.00    0.00    0.00    7.00     2  hector_mapping_

13:19:31      UID       PID  minflt/s  majflt/s     VSZ     RSS   %MEM  Command
13:19:32        0     28082      0.00      0.00 1206336  434520   2.79  hector_mapping_

13:19:32      UID       PID    %usr %system  %guest   %wait    %CPU   CPU  Command
13:19:33        0     28082    7.00    1.00    0.00    0.00    8.00     2  hector_mapping_

13:19:32      UID       PID  minflt/s  majflt/s     VSZ     RSS   %MEM  Command
13:19:33        0     28082      0.00      0.00 1206336  434520   2.79  hector_mapping_

13:19:33      UID       PID    %usr %system  %guest   %wait    %CPU   CPU  Command
13:19:34        0     28082    7.00    0.00    0.00    0.00    7.00     7  hector_mapping_

13:19:33      UID       PID  minflt/s  majflt/s     VSZ     RSS   %MEM  Command
13:19:34        0     28082      0.00      0.00 1206336  434520   2.79  hector_mapping_

13:19:34      UID       PID    %usr %system  %guest   %wait    %CPU   CPU  Command
13:19:35        0     28082    6.00    1.00    0.00    0.00    7.00     7  hector_mapping_

13:19:34      UID       PID  minflt/s  majflt/s     VSZ     RSS   %MEM  Command
13:19:35        0     28082      0.00      0.00 1206336  434520   2.79  hector_mapping_

13:19:35      UID       PID    %usr %system  %guest   %wait    %CPU   CPU  Command
13:19:36        0     28082    7.00    1.00    0.00    0.00    8.00     8  hector_mapping_

13:19:35      UID       PID  minflt/s  majflt/s     VSZ     RSS   %MEM  Command
13:19:36        0     28082      0.00      0.00 1206336  434520   2.79  hector_mapping_

13:19:36      UID       PID    %usr %system  %guest   %wait    %CPU   CPU  Command
13:19:37        0     28082    7.00    1.00    0.00    1.00    8.00     6  hector_mapping_

13:19:36      UID       PID  minflt/s  majflt/s     VSZ     RSS   %MEM  Command
13:19:37        0     28082      0.00      0.00 1206336  434520   2.79  hector_mapping_

13:19:37      UID       PID    %usr %system  %guest   %wait    %CPU   CPU  Command
13:19:38        0     28082    7.00    0.00    0.00    0.00    7.00     2  hector_mapping_

13:19:37      UID       PID  minflt/s  majflt/s     VSZ     RSS   %MEM  Command
13:19:38        0     28082      0.00      0.00 1206336  434520   2.79  hector_mapping_

13:19:38      UID       PID    %usr %system  %guest   %wait    %CPU   CPU  Command
13:19:39        0     28082    7.00    1.00    0.00    0.00    8.00     6  hector_mapping_

13:19:38      UID       PID  minflt/s  majflt/s     VSZ     RSS   %MEM  Command
13:19:39        0     28082      0.00      0.00 1206336  434520   2.79  hector_mapping_

13:19:39      UID       PID    %usr %system  %guest   %wait    %CPU   CPU  Command
13:19:40        0     28082    7.00    0.00    0.00    0.00    7.00     1  hector_mapping_

13:19:39      UID       PID  minflt/s  majflt/s     VSZ     RSS   %MEM  Command
13:19:40        0     28082      0.00      0.00 1206336  434520   2.79  hector_mapping_

13:19:40      UID       PID    %usr %system  %guest   %wait    %CPU   CPU  Command
13:19:41        0     28082    7.00    1.00    0.00    0.00    8.00     6  hector_mapping_

13:19:40      UID       PID  minflt/s  majflt/s     VSZ     RSS   %MEM  Command
13:19:41        0     28082      0.00      0.00 1206336  434520   2.79  hector_mapping_

13:19:41      UID       PID    %usr %system  %guest   %wait    %CPU   CPU  Command
13:19:42        0     28082    6.00    1.00    0.00    0.00    7.00     8  hector_mapping_

13:19:41      UID       PID  minflt/s  majflt/s     VSZ     RSS   %MEM  Command
13:19:42        0     28082      0.00      0.00 1206336  434520   2.79  hector_mapping_

13:19:42      UID       PID    %usr %system  %guest   %wait    %CPU   CPU  Command
13:19:43        0     28082    7.00    1.00    0.00    0.00    8.00     8  hector_mapping_

13:19:42      UID       PID  minflt/s  majflt/s     VSZ     RSS   %MEM  Command
13:19:43        0     28082      0.00      0.00 1206336  434520   2.79  hector_mapping_

13:19:43      UID       PID    %usr %system  %guest   %wait    %CPU   CPU  Command
13:19:44        0     28082    7.00    0.00    0.00    0.00    7.00     6  hector_mapping_

13:19:43      UID       PID  minflt/s  majflt/s     VSZ     RSS   %MEM  Command
13:19:44        0     28082      0.00      0.00 1206336  434520   2.79  hector_mapping_

13:19:44      UID       PID    %usr %system  %guest   %wait    %CPU   CPU  Command
13:19:45        0     28082    7.00    1.00    0.00    0.00    8.00     0  hector_mapping_

13:19:44      UID       PID  minflt/s  majflt/s     VSZ     RSS   %MEM  Command
13:19:45        0     28082      0.00      0.00 1206336  434520   2.79  hector_mapping_

13:19:45      UID       PID    %usr %system  %guest   %wait    %CPU   CPU  Command
13:19:46        0     28082    7.00    0.00    0.00    0.00    7.00     0  hector_mapping_

13:19:45      UID       PID  minflt/s  majflt/s     VSZ     RSS   %MEM  Command
13:19:46        0     28082      0.00      0.00 1206336  434520   2.79  hector_mapping_

13:19:46      UID       PID    %usr %system  %guest   %wait    %CPU   CPU  Command
13:19:47        0     28082    7.00    1.00    0.00    0.00    8.00     0  hector_mapping_

13:19:46      UID       PID  minflt/s  majflt/s     VSZ     RSS   %MEM  Command
13:19:47        0     28082      0.00      0.00 1206336  434520   2.79  hector_mapping_

13:19:47      UID       PID    %usr %system  %guest   %wait    %CPU   CPU  Command
13:19:48        0     28082    6.00    0.00    0.00    0.00    6.00     0  hector_mapping_

13:19:47      UID       PID  minflt/s  majflt/s     VSZ     RSS   %MEM  Command
13:19:48        0     28082      0.00      0.00 1206336  434520   2.79  hector_mapping_

13:19:48      UID       PID    %usr %system  %guest   %wait    %CPU   CPU  Command
13:19:49        0     28082    8.00    0.00    0.00    0.00    8.00     2  hector_mapping_

13:19:48      UID       PID  minflt/s  majflt/s     VSZ     RSS   %MEM  Command
13:19:49        0     28082      0.00      0.00 1206336  434520   2.79  hector_mapping_

13:19:49      UID       PID    %usr %system  %guest   %wait    %CPU   CPU  Command
13:19:50        0     28082    6.00    1.00    0.00    0.00    7.00    10  hector_mapping_

13:19:49      UID       PID  minflt/s  majflt/s     VSZ     RSS   %MEM  Command
13:19:50        0     28082      0.00      0.00 1206336  434520   2.79  hector_mapping_

13:19:50      UID       PID    %usr %system  %guest   %wait    %CPU   CPU  Command
13:19:51        0     28082    7.00    1.00    0.00    0.00    8.00     2  hector_mapping_

13:19:50      UID       PID  minflt/s  majflt/s     VSZ     RSS   %MEM  Command
13:19:51        0     28082      0.00      0.00 1206336  434520   2.79  hector_mapping_

13:19:51      UID       PID    %usr %system  %guest   %wait    %CPU   CPU  Command
13:19:52        0     28082    7.00    0.00    0.00    0.00    7.00     8  hector_mapping_

13:19:51      UID       PID  minflt/s  majflt/s     VSZ     RSS   %MEM  Command
13:19:52        0     28082      0.00      0.00 1206336  434520   2.79  hector_mapping_

13:19:52      UID       PID    %usr %system  %guest   %wait    %CPU   CPU  Command
13:19:53        0     28082    7.00    1.00    0.00    0.00    8.00     6  hector_mapping_

13:19:52      UID       PID  minflt/s  majflt/s     VSZ     RSS   %MEM  Command
13:19:53        0     28082      0.00      0.00 1206336  434520   2.79  hector_mapping_

13:19:53      UID       PID    %usr %system  %guest   %wait    %CPU   CPU  Command
13:19:54        0     28082    7.00    0.00    0.00    0.00    7.00     8  hector_mapping_

13:19:53      UID       PID  minflt/s  majflt/s     VSZ     RSS   %MEM  Command
13:19:54        0     28082      0.00      0.00 1206336  434520   2.79  hector_mapping_

13:19:54      UID       PID    %usr %system  %guest   %wait    %CPU   CPU  Command
13:19:55        0     28082    7.00    1.00    0.00    0.00    8.00     2  hector_mapping_

13:19:54      UID       PID  minflt/s  majflt/s     VSZ     RSS   %MEM  Command
13:19:55        0     28082      0.00      0.00 1206336  434520   2.79  hector_mapping_

13:19:55      UID       PID    %usr %system  %guest   %wait    %CPU   CPU  Command
13:19:56        0     28082    7.00    0.00    0.00    0.00    7.00     4  hector_mapping_

13:19:55      UID       PID  minflt/s  majflt/s     VSZ     RSS   %MEM  Command
13:19:56        0     28082      0.00      0.00 1206336  434520   2.79  hector_mapping_

13:19:56      UID       PID    %usr %system  %guest   %wait    %CPU   CPU  Command
13:19:57        0     28082    7.00    0.00    0.00    0.00    7.00     3  hector_mapping_

13:19:56      UID       PID  minflt/s  majflt/s     VSZ     RSS   %MEM  Command
13:19:57        0     28082      0.00      0.00 1206336  434520   2.79  hector_mapping_

13:19:57      UID       PID    %usr %system  %guest   %wait    %CPU   CPU  Command
13:19:58        0     28082    7.00    1.00    0.00    0.00    8.00     3  hector_mapping_

13:19:57      UID       PID  minflt/s  majflt/s     VSZ     RSS   %MEM  Command
13:19:58        0     28082      0.00      0.00 1206336  434520   2.79  hector_mapping_

13:19:58      UID       PID    %usr %system  %guest   %wait    %CPU   CPU  Command
13:19:59        0     28082    7.00    1.00    0.00    0.00    8.00     3  hector_mapping_

13:19:58      UID       PID  minflt/s  majflt/s     VSZ     RSS   %MEM  Command
13:19:59        0     28082      0.00      0.00 1206336  434520   2.79  hector_mapping_

13:19:59      UID       PID    %usr %system  %guest   %wait    %CPU   CPU  Command
13:20:00        0     28082    6.00    1.00    0.00    0.00    7.00     0  hector_mapping_

13:19:59      UID       PID  minflt/s  majflt/s     VSZ     RSS   %MEM  Command
13:20:00        0     28082      0.00      0.00 1206336  434520   2.79  hector_mapping_

13:20:00      UID       PID    %usr %system  %guest   %wait    %CPU   CPU  Command
13:20:01        0     28082    8.00    0.00    0.00    0.00    8.00     8  hector_mapping_

13:20:00      UID       PID  minflt/s  majflt/s     VSZ     RSS   %MEM  Command
13:20:01        0     28082      0.00      0.00 1206336  434520   2.79  hector_mapping_

13:20:01      UID       PID    %usr %system  %guest   %wait    %CPU   CPU  Command
13:20:02        0     28082    6.00    1.00    0.00    0.00    7.00     4  hector_mapping_

13:20:01      UID       PID  minflt/s  majflt/s     VSZ     RSS   %MEM  Command
13:20:02        0     28082      0.00      0.00 1206336  434520   2.79  hector_mapping_

13:20:02      UID       PID    %usr %system  %guest   %wait    %CPU   CPU  Command
13:20:03        0     28082    7.00    0.00    0.00    0.00    7.00     1  hector_mapping_

13:20:02      UID       PID  minflt/s  majflt/s     VSZ     RSS   %MEM  Command
13:20:03        0     28082      0.00      0.00 1206336  434520   2.79  hector_mapping_

13:20:03      UID       PID    %usr %system  %guest   %wait    %CPU   CPU  Command
13:20:04        0     28082    7.00    1.00    0.00    0.00    8.00     7  hector_mapping_

13:20:03      UID       PID  minflt/s  majflt/s     VSZ     RSS   %MEM  Command
13:20:04        0     28082      0.00      0.00 1206336  434520   2.79  hector_mapping_

13:20:04      UID       PID    %usr %system  %guest   %wait    %CPU   CPU  Command
13:20:05        0     28082    7.00    1.00    0.00    0.00    8.00    12  hector_mapping_

13:20:04      UID       PID  minflt/s  majflt/s     VSZ     RSS   %MEM  Command
13:20:05        0     28082      0.00      0.00 1206336  434520   2.79  hector_mapping_

13:20:05      UID       PID    %usr %system  %guest   %wait    %CPU   CPU  Command
13:20:06        0     28082    6.00    1.00    0.00    0.00    7.00     0  hector_mapping_

13:20:05      UID       PID  minflt/s  majflt/s     VSZ     RSS   %MEM  Command
13:20:06        0     28082      0.00      0.00 1206336  434520   2.79  hector_mapping_

13:20:06      UID       PID    %usr %system  %guest   %wait    %CPU   CPU  Command
13:20:07        0     28082    7.00    0.00    0.00    0.00    7.00     0  hector_mapping_

13:20:06      UID       PID  minflt/s  majflt/s     VSZ     RSS   %MEM  Command
13:20:07        0     28082      0.00      0.00 1206336  434520   2.79  hector_mapping_

13:20:07      UID       PID    %usr %system  %guest   %wait    %CPU   CPU  Command
13:20:08        0     28082    6.00    2.00    0.00    0.00    8.00     2  hector_mapping_

13:20:07      UID       PID  minflt/s  majflt/s     VSZ     RSS   %MEM  Command
13:20:08        0     28082      0.00      0.00 1206336  434520   2.79  hector_mapping_

13:20:08      UID       PID    %usr %system  %guest   %wait    %CPU   CPU  Command
13:20:09        0     28082    7.00    0.00    0.00    0.00    7.00     6  hector_mapping_

13:20:08      UID       PID  minflt/s  majflt/s     VSZ     RSS   %MEM  Command
13:20:09        0     28082      0.00      0.00 1206336  434520   2.79  hector_mapping_

13:20:09      UID       PID    %usr %system  %guest   %wait    %CPU   CPU  Command
13:20:10        0     28082    7.00    1.00    0.00    1.00    8.00     6  hector_mapping_

13:20:09      UID       PID  minflt/s  majflt/s     VSZ     RSS   %MEM  Command
13:20:10        0     28082      0.00      0.00 1206336  434520   2.79  hector_mapping_

13:20:10      UID       PID    %usr %system  %guest   %wait    %CPU   CPU  Command
13:20:11        0     28082    7.00    0.00    0.00    0.00    7.00     2  hector_mapping_

13:20:10      UID       PID  minflt/s  majflt/s     VSZ     RSS   %MEM  Command
13:20:11        0     28082      0.00      0.00 1206336  434520   2.79  hector_mapping_

13:20:11      UID       PID    %usr %system  %guest   %wait    %CPU   CPU  Command
13:20:12        0     28082    6.00    2.00    0.00    0.00    8.00     3  hector_mapping_

13:20:11      UID       PID  minflt/s  majflt/s     VSZ     RSS   %MEM  Command
13:20:12        0     28082      0.00      0.00 1206336  434520   2.79  hector_mapping_

13:20:12      UID       PID    %usr %system  %guest   %wait    %CPU   CPU  Command
13:20:13        0     28082    7.00    0.00    0.00    0.00    7.00     7  hector_mapping_

13:20:12      UID       PID  minflt/s  majflt/s     VSZ     RSS   %MEM  Command
13:20:13        0     28082      0.00      0.00 1206336  434520   2.79  hector_mapping_

13:20:13      UID       PID    %usr %system  %guest   %wait    %CPU   CPU  Command
13:20:14        0     28082    7.00    1.00    0.00    0.00    8.00    10  hector_mapping_

13:20:13      UID       PID  minflt/s  majflt/s     VSZ     RSS   %MEM  Command
13:20:14        0     28082      0.00      0.00 1206336  434520   2.79  hector_mapping_

13:20:14      UID       PID    %usr %system  %guest   %wait    %CPU   CPU  Command
13:20:15        0     28082    7.00    1.00    0.00    0.00    8.00     2  hector_mapping_

13:20:14      UID       PID  minflt/s  majflt/s     VSZ     RSS   %MEM  Command
13:20:15        0     28082      0.00      0.00 1206336  434520   2.79  hector_mapping_

13:20:15      UID       PID    %usr %system  %guest   %wait    %CPU   CPU  Command
13:20:16        0     28082    6.00    1.00    0.00    0.00    7.00    10  hector_mapping_

13:20:15      UID       PID  minflt/s  majflt/s     VSZ     RSS   %MEM  Command
13:20:16        0     28082      0.00      0.00 1206336  434520   2.79  hector_mapping_

13:20:16      UID       PID    %usr %system  %guest   %wait    %CPU   CPU  Command
13:20:17        0     28082    7.00    1.00    0.00    0.00    8.00     2  hector_mapping_

13:20:16      UID       PID  minflt/s  majflt/s     VSZ     RSS   %MEM  Command
13:20:17        0     28082      0.00      0.00 1206336  434520   2.79  hector_mapping_

13:20:17      UID       PID    %usr %system  %guest   %wait    %CPU   CPU  Command
13:20:18        0     28082    6.00    0.00    0.00    0.00    6.00     0  hector_mapping_

13:20:17      UID       PID  minflt/s  majflt/s     VSZ     RSS   %MEM  Command
13:20:18        0     28082      0.00      0.00 1206336  434520   2.79  hector_mapping_

13:20:18      UID       PID    %usr %system  %guest   %wait    %CPU   CPU  Command
13:20:19        0     28082    7.00    1.00    0.00    0.00    8.00     6  hector_mapping_

13:20:18      UID       PID  minflt/s  majflt/s     VSZ     RSS   %MEM  Command
13:20:19        0     28082      0.00      0.00 1206336  434520   2.79  hector_mapping_

13:20:19      UID       PID    %usr %system  %guest   %wait    %CPU   CPU  Command
13:20:20        0     28082    7.00    1.00    0.00    0.00    8.00    14  hector_mapping_

13:20:19      UID       PID  minflt/s  majflt/s     VSZ     RSS   %MEM  Command
13:20:20        0     28082      0.00      0.00 1206336  434520   2.79  hector_mapping_

13:20:20      UID       PID    %usr %system  %guest   %wait    %CPU   CPU  Command
13:20:21        0     28082    7.00    0.00    0.00    0.00    7.00     2  hector_mapping_

13:20:20      UID       PID  minflt/s  majflt/s     VSZ     RSS   %MEM  Command
13:20:21        0     28082      0.00      0.00 1206336  434520   2.79  hector_mapping_

13:20:21      UID       PID    %usr %system  %guest   %wait    %CPU   CPU  Command
13:20:22        0     28082    7.00    0.00    0.00    0.00    7.00     0  hector_mapping_

13:20:21      UID       PID  minflt/s  majflt/s     VSZ     RSS   %MEM  Command
13:20:22        0     28082      0.00      0.00 1206336  434520   2.79  hector_mapping_

13:20:22      UID       PID    %usr %system  %guest   %wait    %CPU   CPU  Command
13:20:23        0     28082    7.00    2.00    0.00    0.00    9.00     4  hector_mapping_

13:20:22      UID       PID  minflt/s  majflt/s     VSZ     RSS   %MEM  Command
13:20:23        0     28082      0.00      0.00 1206336  434520   2.79  hector_mapping_

13:20:23      UID       PID    %usr %system  %guest   %wait    %CPU   CPU  Command
13:20:24        0     28082    7.00    0.00    0.00    0.00    7.00     6  hector_mapping_

13:20:23      UID       PID  minflt/s  majflt/s     VSZ     RSS   %MEM  Command
13:20:24        0     28082      0.00      0.00 1206336  434520   2.79  hector_mapping_

13:20:24      UID       PID    %usr %system  %guest   %wait    %CPU   CPU  Command
13:20:25        0     28082    7.00    1.00    0.00    0.00    8.00     4  hector_mapping_

13:20:24      UID       PID  minflt/s  majflt/s     VSZ     RSS   %MEM  Command
13:20:25        0     28082      0.00      0.00 1206336  434520   2.79  hector_mapping_

13:20:25      UID       PID    %usr %system  %guest   %wait    %CPU   CPU  Command
13:20:26        0     28082    7.00    1.00    0.00    0.00    8.00     8  hector_mapping_

13:20:25      UID       PID  minflt/s  majflt/s     VSZ     RSS   %MEM  Command
13:20:26        0     28082      0.00      0.00 1206336  434520   2.79  hector_mapping_

13:20:26      UID       PID    %usr %system  %guest   %wait    %CPU   CPU  Command
13:20:27        0     28082    7.00    0.00    0.00    0.00    7.00     9  hector_mapping_

13:20:26      UID       PID  minflt/s  majflt/s     VSZ     RSS   %MEM  Command
13:20:27        0     28082      0.00      0.00 1206336  434520   2.79  hector_mapping_

13:20:27      UID       PID    %usr %system  %guest   %wait    %CPU   CPU  Command
13:20:28        0     28082    6.00    1.00    0.00    0.00    7.00     2  hector_mapping_

13:20:27      UID       PID  minflt/s  majflt/s     VSZ     RSS   %MEM  Command
13:20:28        0     28082      0.00      0.00 1206336  434520   2.79  hector_mapping_

13:20:28      UID       PID    %usr %system  %guest   %wait    %CPU   CPU  Command
13:20:29        0     28082    8.00    0.00    0.00    0.00    8.00     2  hector_mapping_

13:20:28      UID       PID  minflt/s  majflt/s     VSZ     RSS   %MEM  Command
13:20:29        0     28082      0.00      0.00 1206336  434520   2.79  hector_mapping_

13:20:29      UID       PID    %usr %system  %guest   %wait    %CPU   CPU  Command
13:20:30        0     28082    7.00    1.00    0.00    0.00    8.00     8  hector_mapping_

13:20:29      UID       PID  minflt/s  majflt/s     VSZ     RSS   %MEM  Command
13:20:30        0     28082      0.00      0.00 1206336  434520   2.79  hector_mapping_

13:20:30      UID       PID    %usr %system  %guest   %wait    %CPU   CPU  Command
13:20:31        0     28082    7.00    0.00    0.00    0.00    7.00    14  hector_mapping_

13:20:30      UID       PID  minflt/s  majflt/s     VSZ     RSS   %MEM  Command
13:20:31        0     28082      0.00      0.00 1206336  434520   2.79  hector_mapping_

13:20:31      UID       PID    %usr %system  %guest   %wait    %CPU   CPU  Command
13:20:32        0     28082    6.00    1.00    0.00    0.00    7.00    10  hector_mapping_

13:20:31      UID       PID  minflt/s  majflt/s     VSZ     RSS   %MEM  Command
13:20:32        0     28082      0.00      0.00 1206336  434520   2.79  hector_mapping_

13:20:32      UID       PID    %usr %system  %guest   %wait    %CPU   CPU  Command
13:20:33        0     28082    8.00    0.00    0.00    0.00    8.00     0  hector_mapping_

13:20:32      UID       PID  minflt/s  majflt/s     VSZ     RSS   %MEM  Command
13:20:33        0     28082      0.00      0.00 1206336  434520   2.79  hector_mapping_

13:20:33      UID       PID    %usr %system  %guest   %wait    %CPU   CPU  Command
13:20:34        0     28082    7.00    1.00    0.00    0.00    8.00     0  hector_mapping_

13:20:33      UID       PID  minflt/s  majflt/s     VSZ     RSS   %MEM  Command
13:20:34        0     28082      0.00      0.00 1206336  434520   2.79  hector_mapping_

13:20:34      UID       PID    %usr %system  %guest   %wait    %CPU   CPU  Command
13:20:35        0     28082    7.00    1.00    0.00    0.00    8.00     0  hector_mapping_

13:20:34      UID       PID  minflt/s  majflt/s     VSZ     RSS   %MEM  Command
13:20:35        0     28082      0.00      0.00 1206336  434520   2.79  hector_mapping_

13:20:35      UID       PID    %usr %system  %guest   %wait    %CPU   CPU  Command
13:20:36        0     28082    7.00    1.00    0.00    0.00    8.00     2  hector_mapping_

13:20:35      UID       PID  minflt/s  majflt/s     VSZ     RSS   %MEM  Command
13:20:36        0     28082      0.00      0.00 1206336  434520   2.79  hector_mapping_

13:20:36      UID       PID    %usr %system  %guest   %wait    %CPU   CPU  Command
13:20:37        0     28082    7.00    0.00    0.00    0.00    7.00     0  hector_mapping_

13:20:36      UID       PID  minflt/s  majflt/s     VSZ     RSS   %MEM  Command
13:20:37        0     28082      0.00      0.00 1206336  434520   2.79  hector_mapping_

13:20:37      UID       PID    %usr %system  %guest   %wait    %CPU   CPU  Command
13:20:38        0     28082    6.00    1.00    0.00    0.00    7.00     2  hector_mapping_

13:20:37      UID       PID  minflt/s  majflt/s     VSZ     RSS   %MEM  Command
13:20:38        0     28082      0.00      0.00 1206336  434520   2.79  hector_mapping_

13:20:38      UID       PID    %usr %system  %guest   %wait    %CPU   CPU  Command
13:20:39        0     28082    7.00    1.00    0.00    0.00    8.00     8  hector_mapping_

13:20:38      UID       PID  minflt/s  majflt/s     VSZ     RSS   %MEM  Command
13:20:39        0     28082      0.00      0.00 1206336  434520   2.79  hector_mapping_

13:20:39      UID       PID    %usr %system  %guest   %wait    %CPU   CPU  Command
13:20:40        0     28082    6.00    1.00    0.00    0.00    7.00     7  hector_mapping_

13:20:39      UID       PID  minflt/s  majflt/s     VSZ     RSS   %MEM  Command
13:20:40        0     28082      0.00      0.00 1206336  434520   2.79  hector_mapping_

13:20:40      UID       PID    %usr %system  %guest   %wait    %CPU   CPU  Command
13:20:41        0     28082    8.00    0.00    0.00    0.00    8.00     7  hector_mapping_

13:20:40      UID       PID  minflt/s  majflt/s     VSZ     RSS   %MEM  Command
13:20:41        0     28082      0.00      0.00 1206336  434520   2.79  hector_mapping_

13:20:41      UID       PID    %usr %system  %guest   %wait    %CPU   CPU  Command
13:20:42        0     28082    6.00    1.00    0.00    0.00    7.00     6  hector_mapping_

13:20:41      UID       PID  minflt/s  majflt/s     VSZ     RSS   %MEM  Command
13:20:42        0     28082      0.00      0.00 1206336  434520   2.79  hector_mapping_

13:20:42      UID       PID    %usr %system  %guest   %wait    %CPU   CPU  Command
13:20:43        0     28082    7.00    1.00    0.00    0.00    8.00     4  hector_mapping_

13:20:42      UID       PID  minflt/s  majflt/s     VSZ     RSS   %MEM  Command
13:20:43        0     28082      0.00      0.00 1206336  434520   2.79  hector_mapping_

13:20:43      UID       PID    %usr %system  %guest   %wait    %CPU   CPU  Command
13:20:44        0     28082    7.00    1.00    0.00    0.00    8.00     2  hector_mapping_

13:20:43      UID       PID  minflt/s  majflt/s     VSZ     RSS   %MEM  Command
13:20:44        0     28082      0.00      0.00 1206336  434520   2.79  hector_mapping_

13:20:44      UID       PID    %usr %system  %guest   %wait    %CPU   CPU  Command
13:20:45        0     28082    7.00    1.00    0.00    0.00    8.00     6  hector_mapping_

13:20:44      UID       PID  minflt/s  majflt/s     VSZ     RSS   %MEM  Command
13:20:45        0     28082      0.00      0.00 1206336  434520   2.79  hector_mapping_

13:20:45      UID       PID    %usr %system  %guest   %wait    %CPU   CPU  Command
13:20:46        0     28082    7.00    1.00    0.00    0.00    8.00     4  hector_mapping_

13:20:45      UID       PID  minflt/s  majflt/s     VSZ     RSS   %MEM  Command
13:20:46        0     28082      0.00      0.00 1206336  434520   2.79  hector_mapping_

13:20:46      UID       PID    %usr %system  %guest   %wait    %CPU   CPU  Command
13:20:47        0     28082    7.00    0.00    0.00    0.00    7.00     4  hector_mapping_

13:20:46      UID       PID  minflt/s  majflt/s     VSZ     RSS   %MEM  Command
13:20:47        0     28082      0.00      0.00 1206336  434520   2.79  hector_mapping_

13:20:47      UID       PID    %usr %system  %guest   %wait    %CPU   CPU  Command
13:20:48        0     28082    7.00    1.00    0.00    0.00    8.00     2  hector_mapping_

13:20:47      UID       PID  minflt/s  majflt/s     VSZ     RSS   %MEM  Command
13:20:48        0     28082      0.00      0.00 1206336  434520   2.79  hector_mapping_

13:20:48      UID       PID    %usr %system  %guest   %wait    %CPU   CPU  Command
13:20:49        0     28082    7.00    0.00    0.00    0.00    7.00     6  hector_mapping_

13:20:48      UID       PID  minflt/s  majflt/s     VSZ     RSS   %MEM  Command
13:20:49        0     28082      0.00      0.00 1206336  434520   2.79  hector_mapping_

13:20:49      UID       PID    %usr %system  %guest   %wait    %CPU   CPU  Command
13:20:50        0     28082    7.00    0.00    0.00    0.00    7.00     6  hector_mapping_

13:20:49      UID       PID  minflt/s  majflt/s     VSZ     RSS   %MEM  Command
13:20:50        0     28082      0.00      0.00 1206336  434520   2.79  hector_mapping_

13:20:50      UID       PID    %usr %system  %guest   %wait    %CPU   CPU  Command
13:20:51        0     28082    7.00    1.00    0.00    0.00    8.00     6  hector_mapping_

13:20:50      UID       PID  minflt/s  majflt/s     VSZ     RSS   %MEM  Command
13:20:51        0     28082      0.00      0.00 1206336  434520   2.79  hector_mapping_

13:20:51      UID       PID    %usr %system  %guest   %wait    %CPU   CPU  Command
13:20:52        0     28082    6.00    1.00    0.00    0.00    7.00     0  hector_mapping_

13:20:51      UID       PID  minflt/s  majflt/s     VSZ     RSS   %MEM  Command
13:20:52        0     28082      0.00      0.00 1206336  434520   2.79  hector_mapping_

13:20:52      UID       PID    %usr %system  %guest   %wait    %CPU   CPU  Command
13:20:53        0     28082    7.00    1.00    0.00    0.00    8.00     0  hector_mapping_

13:20:52      UID       PID  minflt/s  majflt/s     VSZ     RSS   %MEM  Command
13:20:53        0     28082      0.00      0.00 1206336  434520   2.79  hector_mapping_

13:20:53      UID       PID    %usr %system  %guest   %wait    %CPU   CPU  Command
13:20:54        0     28082    7.00    0.00    0.00    0.00    7.00     2  hector_mapping_

13:20:53      UID       PID  minflt/s  majflt/s     VSZ     RSS   %MEM  Command
13:20:54        0     28082      0.00      0.00 1206336  434520   2.79  hector_mapping_

13:20:54      UID       PID    %usr %system  %guest   %wait    %CPU   CPU  Command
13:20:55        0     28082    7.00    1.00    0.00    0.00    8.00     6  hector_mapping_

13:20:54      UID       PID  minflt/s  majflt/s     VSZ     RSS   %MEM  Command
13:20:55        0     28082      0.00      0.00 1206336  434520   2.79  hector_mapping_

13:20:55      UID       PID    %usr %system  %guest   %wait    %CPU   CPU  Command
13:20:56        0     28082    7.00    1.00    0.00    0.00    8.00     6  hector_mapping_

13:20:55      UID       PID  minflt/s  majflt/s     VSZ     RSS   %MEM  Command
13:20:56        0     28082      0.00      0.00 1206336  434520   2.79  hector_mapping_

13:20:56      UID       PID    %usr %system  %guest   %wait    %CPU   CPU  Command
13:20:57        0     28082    7.00    1.00    0.00    0.00    8.00     2  hector_mapping_

13:20:56      UID       PID  minflt/s  majflt/s     VSZ     RSS   %MEM  Command
13:20:57        0     28082      0.00      0.00 1206336  434520   2.79  hector_mapping_

13:20:57      UID       PID    %usr %system  %guest   %wait    %CPU   CPU  Command
13:20:58        0     28082    7.00    0.00    0.00    0.00    7.00     8  hector_mapping_

13:20:57      UID       PID  minflt/s  majflt/s     VSZ     RSS   %MEM  Command
13:20:58        0     28082      0.00      0.00 1206336  434520   2.79  hector_mapping_

13:20:58      UID       PID    %usr %system  %guest   %wait    %CPU   CPU  Command
13:20:59        0     28082    6.00    1.00    0.00    0.00    7.00    14  hector_mapping_

13:20:58      UID       PID  minflt/s  majflt/s     VSZ     RSS   %MEM  Command
13:20:59        0     28082      0.00      0.00 1206336  434520   2.79  hector_mapping_

13:20:59      UID       PID    %usr %system  %guest   %wait    %CPU   CPU  Command
13:21:00        0     28082    7.00    0.00    0.00    0.00    7.00     2  hector_mapping_

13:20:59      UID       PID  minflt/s  majflt/s     VSZ     RSS   %MEM  Command
13:21:00        0     28082      0.00      0.00 1206336  434520   2.79  hector_mapping_

13:21:00      UID       PID    %usr %system  %guest   %wait    %CPU   CPU  Command
13:21:01        0     28082    8.00    1.00    0.00    1.00    9.00     2  hector_mapping_

13:21:00      UID       PID  minflt/s  majflt/s     VSZ     RSS   %MEM  Command
13:21:01        0     28082      0.00      0.00 1206336  434520   2.79  hector_mapping_

13:21:01      UID       PID    %usr %system  %guest   %wait    %CPU   CPU  Command
13:21:02        0     28082    6.00    0.00    0.00    0.00    6.00     6  hector_mapping_

13:21:01      UID       PID  minflt/s  majflt/s     VSZ     RSS   %MEM  Command
13:21:02        0     28082      0.00      0.00 1206336  434520   2.79  hector_mapping_

13:21:02      UID       PID    %usr %system  %guest   %wait    %CPU   CPU  Command
13:21:03        0     28082    7.00    1.00    0.00    0.00    8.00     6  hector_mapping_

13:21:02      UID       PID  minflt/s  majflt/s     VSZ     RSS   %MEM  Command
13:21:03        0     28082      0.00      0.00 1206336  434520   2.79  hector_mapping_

13:21:03      UID       PID    %usr %system  %guest   %wait    %CPU   CPU  Command
13:21:04        0     28082    8.00    0.00    0.00    0.00    8.00     6  hector_mapping_

13:21:03      UID       PID  minflt/s  majflt/s     VSZ     RSS   %MEM  Command
13:21:04        0     28082      0.00      0.00 1206336  434520   2.79  hector_mapping_

13:21:04      UID       PID    %usr %system  %guest   %wait    %CPU   CPU  Command
13:21:05        0     28082    7.00    1.00    0.00    0.00    8.00     6  hector_mapping_

13:21:04      UID       PID  minflt/s  majflt/s     VSZ     RSS   %MEM  Command
13:21:05        0     28082      0.00      0.00 1206336  434520   2.79  hector_mapping_

13:21:05      UID       PID    %usr %system  %guest   %wait    %CPU   CPU  Command
13:21:06        0     28082    7.00    0.00    0.00    0.00    7.00     2  hector_mapping_

13:21:05      UID       PID  minflt/s  majflt/s     VSZ     RSS   %MEM  Command
13:21:06        0     28082      0.00      0.00 1206336  434520   2.79  hector_mapping_

13:21:06      UID       PID    %usr %system  %guest   %wait    %CPU   CPU  Command
13:21:07        0     28082    7.00    1.00    0.00    0.00    8.00     0  hector_mapping_

13:21:06      UID       PID  minflt/s  majflt/s     VSZ     RSS   %MEM  Command
13:21:07        0     28082      0.00      0.00 1206336  434520   2.79  hector_mapping_

13:21:07      UID       PID    %usr %system  %guest   %wait    %CPU   CPU  Command
13:21:08        0     28082    6.00    2.00    0.00    0.00    8.00     2  hector_mapping_

13:21:07      UID       PID  minflt/s  majflt/s     VSZ     RSS   %MEM  Command
13:21:08        0     28082      0.00      0.00 1206336  434520   2.79  hector_mapping_

13:21:08      UID       PID    %usr %system  %guest   %wait    %CPU   CPU  Command
13:21:09        0     28082    6.00    2.00    0.00    0.00    8.00     2  hector_mapping_

13:21:08      UID       PID  minflt/s  majflt/s     VSZ     RSS   %MEM  Command
13:21:09        0     28082      0.00      0.00 1206336  434520   2.79  hector_mapping_

13:21:09      UID       PID    %usr %system  %guest   %wait    %CPU   CPU  Command
13:21:10        0     28082    7.00    1.00    0.00    0.00    8.00     8  hector_mapping_

13:21:09      UID       PID  minflt/s  majflt/s     VSZ     RSS   %MEM  Command
13:21:10        0     28082      0.00      0.00 1206336  434520   2.79  hector_mapping_

13:21:10      UID       PID    %usr %system  %guest   %wait    %CPU   CPU  Command
13:21:11        0     28082    7.00    0.00    0.00    0.00    7.00     2  hector_mapping_

13:21:10      UID       PID  minflt/s  majflt/s     VSZ     RSS   %MEM  Command
13:21:11        0     28082      0.00      0.00 1206336  434520   2.79  hector_mapping_

13:21:11      UID       PID    %usr %system  %guest   %wait    %CPU   CPU  Command
13:21:12        0     28082    7.00    0.00    0.00    0.00    7.00     6  hector_mapping_

13:21:11      UID       PID  minflt/s  majflt/s     VSZ     RSS   %MEM  Command
13:21:12        0     28082      0.00      0.00 1206336  434520   2.79  hector_mapping_

13:21:12      UID       PID    %usr %system  %guest   %wait    %CPU   CPU  Command
13:21:13        0     28082    8.00    1.00    0.00    0.00    9.00     6  hector_mapping_

13:21:12      UID       PID  minflt/s  majflt/s     VSZ     RSS   %MEM  Command
13:21:13        0     28082      0.00      0.00 1206336  434520   2.79  hector_mapping_

13:21:13      UID       PID    %usr %system  %guest   %wait    %CPU   CPU  Command
13:21:14        0     28082    7.00    0.00    0.00    0.00    7.00     2  hector_mapping_

13:21:13      UID       PID  minflt/s  majflt/s     VSZ     RSS   %MEM  Command
13:21:14        0     28082      0.00      0.00 1206336  434520   2.79  hector_mapping_

13:21:14      UID       PID    %usr %system  %guest   %wait    %CPU   CPU  Command
13:21:15        0     28082    7.00    1.00    0.00    0.00    8.00     2  hector_mapping_

13:21:14      UID       PID  minflt/s  majflt/s     VSZ     RSS   %MEM  Command
13:21:15        0     28082      0.00      0.00 1206336  434520   2.79  hector_mapping_

13:21:15      UID       PID    %usr %system  %guest   %wait    %CPU   CPU  Command
13:21:16        0     28082    6.00    1.00    0.00    0.00    7.00     6  hector_mapping_

13:21:15      UID       PID  minflt/s  majflt/s     VSZ     RSS   %MEM  Command
13:21:16        0     28082      0.00      0.00 1206336  434520   2.79  hector_mapping_

13:21:16      UID       PID    %usr %system  %guest   %wait    %CPU   CPU  Command
13:21:17        0     28082    8.00    0.00    0.00    0.00    8.00     6  hector_mapping_

13:21:16      UID       PID  minflt/s  majflt/s     VSZ     RSS   %MEM  Command
13:21:17        0     28082      0.00      0.00 1206336  434520   2.79  hector_mapping_

13:21:17      UID       PID    %usr %system  %guest   %wait    %CPU   CPU  Command
13:21:18        0     28082    6.00    1.00    0.00    0.00    7.00     2  hector_mapping_

13:21:17      UID       PID  minflt/s  majflt/s     VSZ     RSS   %MEM  Command
13:21:18        0     28082      0.00      0.00 1206336  434520   2.79  hector_mapping_

13:21:18      UID       PID    %usr %system  %guest   %wait    %CPU   CPU  Command
13:21:19        0     28082    7.00    0.00    0.00    0.00    7.00     2  hector_mapping_

13:21:18      UID       PID  minflt/s  majflt/s     VSZ     RSS   %MEM  Command
13:21:19        0     28082      0.00      0.00 1206336  434520   2.79  hector_mapping_

13:21:19      UID       PID    %usr %system  %guest   %wait    %CPU   CPU  Command
13:21:20        0     28082    7.00    2.00    0.00    0.00    9.00     6  hector_mapping_

13:21:19      UID       PID  minflt/s  majflt/s     VSZ     RSS   %MEM  Command
13:21:20        0     28082      0.00      0.00 1206336  434520   2.79  hector_mapping_

13:21:20      UID       PID    %usr %system  %guest   %wait    %CPU   CPU  Command
13:21:21        0     28082    7.00    1.00    0.00    0.00    8.00     6  hector_mapping_

13:21:20      UID       PID  minflt/s  majflt/s     VSZ     RSS   %MEM  Command
13:21:21        0     28082      0.00      0.00 1206336  434520   2.79  hector_mapping_

13:21:21      UID       PID    %usr %system  %guest   %wait    %CPU   CPU  Command
13:21:22        0     28082    6.00    1.00    0.00    0.00    7.00     2  hector_mapping_

13:21:21      UID       PID  minflt/s  majflt/s     VSZ     RSS   %MEM  Command
13:21:22        0     28082      0.00      0.00 1206336  434520   2.79  hector_mapping_

13:21:22      UID       PID    %usr %system  %guest   %wait    %CPU   CPU  Command
13:21:23        0     28082    6.93    0.99    0.00    0.00    7.92    10  hector_mapping_

13:21:22      UID       PID  minflt/s  majflt/s     VSZ     RSS   %MEM  Command
13:21:23        0     28082      0.00      0.00 1206336  434520   2.79  hector_mapping_

13:21:23      UID       PID    %usr %system  %guest   %wait    %CPU   CPU  Command
13:21:24        0     28082    6.00    2.00    0.00    0.00    8.00     4  hector_mapping_

13:21:23      UID       PID  minflt/s  majflt/s     VSZ     RSS   %MEM  Command
13:21:24        0     28082      0.00      0.00 1206336  434520   2.79  hector_mapping_

13:21:24      UID       PID    %usr %system  %guest   %wait    %CPU   CPU  Command
13:21:25        0     28082    6.00    1.00    0.00    0.00    7.00    12  hector_mapping_

13:21:24      UID       PID  minflt/s  majflt/s     VSZ     RSS   %MEM  Command
13:21:25        0     28082      0.00      0.00 1206336  434520   2.79  hector_mapping_

13:21:25      UID       PID    %usr %system  %guest   %wait    %CPU   CPU  Command
13:21:26        0     28082    7.00    0.00    0.00    0.00    7.00     6  hector_mapping_

13:21:25      UID       PID  minflt/s  majflt/s     VSZ     RSS   %MEM  Command
13:21:26        0     28082      0.00      0.00 1206336  434520   2.79  hector_mapping_

13:21:26      UID       PID    %usr %system  %guest   %wait    %CPU   CPU  Command
13:21:27        0     28082    7.00    1.00    0.00    0.00    8.00     6  hector_mapping_

13:21:26      UID       PID  minflt/s  majflt/s     VSZ     RSS   %MEM  Command
13:21:27        0     28082      0.00      0.00 1206336  434520   2.79  hector_mapping_

13:21:27      UID       PID    %usr %system  %guest   %wait    %CPU   CPU  Command
13:21:28        0     28082    7.00    1.00    0.00    0.00    8.00     4  hector_mapping_

13:21:27      UID       PID  minflt/s  majflt/s     VSZ     RSS   %MEM  Command
13:21:28        0     28082      0.00      0.00 1206336  434520   2.79  hector_mapping_

13:21:28      UID       PID    %usr %system  %guest   %wait    %CPU   CPU  Command
13:21:29        0     28082    7.00    0.00    0.00    0.00    7.00     4  hector_mapping_

13:21:28      UID       PID  minflt/s  majflt/s     VSZ     RSS   %MEM  Command
13:21:29        0     28082      0.00      0.00 1206336  434520   2.79  hector_mapping_

13:21:29      UID       PID    %usr %system  %guest   %wait    %CPU   CPU  Command
13:21:30        0     28082    7.00    1.00    0.00    0.00    8.00     8  hector_mapping_

13:21:29      UID       PID  minflt/s  majflt/s     VSZ     RSS   %MEM  Command
13:21:30        0     28082      0.00      0.00 1206336  434520   2.79  hector_mapping_

13:21:30      UID       PID    %usr %system  %guest   %wait    %CPU   CPU  Command
13:21:31        0     28082    7.00    0.00    0.00    0.00    7.00     2  hector_mapping_

13:21:30      UID       PID  minflt/s  majflt/s     VSZ     RSS   %MEM  Command
13:21:31        0     28082      0.00      0.00 1206336  434520   2.79  hector_mapping_

13:21:31      UID       PID    %usr %system  %guest   %wait    %CPU   CPU  Command
13:21:32        0     28082    6.00    1.00    0.00    0.00    7.00     8  hector_mapping_

13:21:31      UID       PID  minflt/s  majflt/s     VSZ     RSS   %MEM  Command
13:21:32        0     28082      0.00      0.00 1206336  434520   2.79  hector_mapping_

13:21:32      UID       PID    %usr %system  %guest   %wait    %CPU   CPU  Command
13:21:33        0     28082    7.00    0.00    0.00    0.00    7.00     2  hector_mapping_

13:21:32      UID       PID  minflt/s  majflt/s     VSZ     RSS   %MEM  Command
13:21:33        0     28082      0.00      0.00 1206336  434520   2.79  hector_mapping_

13:21:33      UID       PID    %usr %system  %guest   %wait    %CPU   CPU  Command
13:21:34        0     28082    7.00    1.00    0.00    0.00    8.00     3  hector_mapping_

13:21:33      UID       PID  minflt/s  majflt/s     VSZ     RSS   %MEM  Command
13:21:34        0     28082      0.00      0.00 1206336  434520   2.79  hector_mapping_

13:21:34      UID       PID    %usr %system  %guest   %wait    %CPU   CPU  Command
13:21:35        0     28082    7.00    1.00    0.00    0.00    8.00     3  hector_mapping_

13:21:34      UID       PID  minflt/s  majflt/s     VSZ     RSS   %MEM  Command
13:21:35        0     28082      0.00      0.00 1206336  434520   2.79  hector_mapping_

13:21:35      UID       PID    %usr %system  %guest   %wait    %CPU   CPU  Command
13:21:36        0     28082    7.00    0.00    0.00    0.00    7.00     3  hector_mapping_

13:21:35      UID       PID  minflt/s  majflt/s     VSZ     RSS   %MEM  Command
13:21:36        0     28082      0.00      0.00 1206336  434520   2.79  hector_mapping_

13:21:36      UID       PID    %usr %system  %guest   %wait    %CPU   CPU  Command
13:21:37        0     28082    7.00    0.00    0.00    0.00    7.00     3  hector_mapping_

13:21:36      UID       PID  minflt/s  majflt/s     VSZ     RSS   %MEM  Command
13:21:37        0     28082      0.00      0.00 1206336  434520   2.79  hector_mapping_

13:21:37      UID       PID    %usr %system  %guest   %wait    %CPU   CPU  Command
13:21:38        0     28082    7.00    1.00    0.00    0.00    8.00     3  hector_mapping_

13:21:37      UID       PID  minflt/s  majflt/s     VSZ     RSS   %MEM  Command
13:21:38        0     28082      0.00      0.00 1206336  434520   2.79  hector_mapping_

13:21:38      UID       PID    %usr %system  %guest   %wait    %CPU   CPU  Command
13:21:39        0     28082    7.00    1.00    0.00    0.00    8.00     2  hector_mapping_

13:21:38      UID       PID  minflt/s  majflt/s     VSZ     RSS   %MEM  Command
13:21:39        0     28082      0.00      0.00 1206336  434520   2.79  hector_mapping_

13:21:39      UID       PID    %usr %system  %guest   %wait    %CPU   CPU  Command
13:21:40        0     28082    7.00    0.00    0.00    0.00    7.00     0  hector_mapping_

13:21:39      UID       PID  minflt/s  majflt/s     VSZ     RSS   %MEM  Command
13:21:40        0     28082      0.00      0.00 1206336  434520   2.79  hector_mapping_

13:21:40      UID       PID    %usr %system  %guest   %wait    %CPU   CPU  Command
13:21:41        0     28082    8.00    1.00    0.00    0.00    9.00     2  hector_mapping_

13:21:40      UID       PID  minflt/s  majflt/s     VSZ     RSS   %MEM  Command
13:21:41        0     28082      0.00      0.00 1206336  434520   2.79  hector_mapping_

13:21:41      UID       PID    %usr %system  %guest   %wait    %CPU   CPU  Command
13:21:42        0     28082    6.00    1.00    0.00    0.00    7.00     6  hector_mapping_

13:21:41      UID       PID  minflt/s  majflt/s     VSZ     RSS   %MEM  Command
13:21:42        0     28082      0.00      0.00 1206336  434520   2.79  hector_mapping_

13:21:42      UID       PID    %usr %system  %guest   %wait    %CPU   CPU  Command
13:21:43        0     28082    7.00    0.00    0.00    0.00    7.00     8  hector_mapping_

13:21:42      UID       PID  minflt/s  majflt/s     VSZ     RSS   %MEM  Command
13:21:43        0     28082      0.00      0.00 1206336  434520   2.79  hector_mapping_

13:21:43      UID       PID    %usr %system  %guest   %wait    %CPU   CPU  Command
13:21:44        0     28082    7.00    1.00    0.00    0.00    8.00     3  hector_mapping_

13:21:43      UID       PID  minflt/s  majflt/s     VSZ     RSS   %MEM  Command
13:21:44        0     28082      0.00      0.00 1206336  434520   2.79  hector_mapping_

13:21:44      UID       PID    %usr %system  %guest   %wait    %CPU   CPU  Command
13:21:45        0     28082    7.00    1.00    0.00    0.00    8.00     3  hector_mapping_

13:21:44      UID       PID  minflt/s  majflt/s     VSZ     RSS   %MEM  Command
13:21:45        0     28082      0.00      0.00 1206336  434520   2.79  hector_mapping_

13:21:45      UID       PID    %usr %system  %guest   %wait    %CPU   CPU  Command
13:21:46        0     28082    7.00    0.00    0.00    1.00    7.00    12  hector_mapping_

13:21:45      UID       PID  minflt/s  majflt/s     VSZ     RSS   %MEM  Command
13:21:46        0     28082      0.00      0.00 1206336  434520   2.79  hector_mapping_

13:21:46      UID       PID    %usr %system  %guest   %wait    %CPU   CPU  Command
13:21:47        0     28082    7.00    1.00    0.00    0.00    8.00     7  hector_mapping_

13:21:46      UID       PID  minflt/s  majflt/s     VSZ     RSS   %MEM  Command
13:21:47        0     28082      0.00      0.00 1206336  434520   2.79  hector_mapping_

13:21:47      UID       PID    %usr %system  %guest   %wait    %CPU   CPU  Command
13:21:48        0     28082    7.00    0.00    0.00    0.00    7.00     7  hector_mapping_

13:21:47      UID       PID  minflt/s  majflt/s     VSZ     RSS   %MEM  Command
13:21:48        0     28082      0.00      0.00 1206336  434520   2.79  hector_mapping_

13:21:48      UID       PID    %usr %system  %guest   %wait    %CPU   CPU  Command
13:21:49        0     28082    7.00    1.00    0.00    0.00    8.00     7  hector_mapping_

13:21:48      UID       PID  minflt/s  majflt/s     VSZ     RSS   %MEM  Command
13:21:49        0     28082      0.00      0.00 1206336  434520   2.79  hector_mapping_

13:21:49      UID       PID    %usr %system  %guest   %wait    %CPU   CPU  Command
13:21:50        0     28082    7.00    0.00    0.00    0.00    7.00     7  hector_mapping_

13:21:49      UID       PID  minflt/s  majflt/s     VSZ     RSS   %MEM  Command
13:21:50        0     28082      0.00      0.00 1206336  434520   2.79  hector_mapping_

13:21:50      UID       PID    %usr %system  %guest   %wait    %CPU   CPU  Command
13:21:51        0     28082    7.00    1.00    0.00    0.00    8.00     7  hector_mapping_

13:21:50      UID       PID  minflt/s  majflt/s     VSZ     RSS   %MEM  Command
13:21:51        0     28082      0.00      0.00 1206336  434520   2.79  hector_mapping_

13:21:51      UID       PID    %usr %system  %guest   %wait    %CPU   CPU  Command
13:21:52        0     28082    7.00    0.00    0.00    0.00    7.00     7  hector_mapping_

13:21:51      UID       PID  minflt/s  majflt/s     VSZ     RSS   %MEM  Command
13:21:52        0     28082      0.00      0.00 1206336  434520   2.79  hector_mapping_

13:21:52      UID       PID    %usr %system  %guest   %wait    %CPU   CPU  Command
13:21:53        0     28082    7.00    1.00    0.00    0.00    8.00     7  hector_mapping_

13:21:52      UID       PID  minflt/s  majflt/s     VSZ     RSS   %MEM  Command
13:21:53        0     28082      0.00      0.00 1206336  434520   2.79  hector_mapping_

13:21:53      UID       PID    %usr %system  %guest   %wait    %CPU   CPU  Command
13:21:54        0     28082    7.00    0.00    0.00    0.00    7.00     7  hector_mapping_

13:21:53      UID       PID  minflt/s  majflt/s     VSZ     RSS   %MEM  Command
13:21:54        0     28082      0.00      0.00 1206336  434520   2.79  hector_mapping_

13:21:54      UID       PID    %usr %system  %guest   %wait    %CPU   CPU  Command
13:21:55        0     28082    7.00    1.00    0.00    0.00    8.00     8  hector_mapping_

13:21:54      UID       PID  minflt/s  majflt/s     VSZ     RSS   %MEM  Command
13:21:55        0     28082      0.00      0.00 1206336  434520   2.79  hector_mapping_

13:21:55      UID       PID    %usr %system  %guest   %wait    %CPU   CPU  Command
13:21:56        0     28082    7.00    1.00    0.00    0.00    8.00    10  hector_mapping_

13:21:55      UID       PID  minflt/s  majflt/s     VSZ     RSS   %MEM  Command
13:21:56        0     28082      0.00      0.00 1206336  434520   2.79  hector_mapping_

13:21:56      UID       PID    %usr %system  %guest   %wait    %CPU   CPU  Command
13:21:57        0     28082    7.00    0.00    0.00    0.00    7.00     8  hector_mapping_

13:21:56      UID       PID  minflt/s  majflt/s     VSZ     RSS   %MEM  Command
13:21:57        0     28082      0.00      0.00 1206336  434520   2.79  hector_mapping_

13:21:57      UID       PID    %usr %system  %guest   %wait    %CPU   CPU  Command
13:21:58        0     28082    6.00    1.00    0.00    0.00    7.00     8  hector_mapping_

13:21:57      UID       PID  minflt/s  majflt/s     VSZ     RSS   %MEM  Command
13:21:58        0     28082      0.00      0.00 1206336  434520   2.79  hector_mapping_

13:21:58      UID       PID    %usr %system  %guest   %wait    %CPU   CPU  Command
13:21:59        0     28082    8.00    0.00    0.00    0.00    8.00     6  hector_mapping_

13:21:58      UID       PID  minflt/s  majflt/s     VSZ     RSS   %MEM  Command
13:21:59        0     28082      0.00      0.00 1206336  434520   2.79  hector_mapping_

13:21:59      UID       PID    %usr %system  %guest   %wait    %CPU   CPU  Command
13:22:00        0     28082    6.00    1.00    0.00    0.00    7.00     7  hector_mapping_

13:21:59      UID       PID  minflt/s  majflt/s     VSZ     RSS   %MEM  Command
13:22:00        0     28082      0.00      0.00 1206336  434520   2.79  hector_mapping_

13:22:00      UID       PID    %usr %system  %guest   %wait    %CPU   CPU  Command
13:22:01        0     28082    7.00    1.00    0.00    0.00    8.00     7  hector_mapping_

13:22:00      UID       PID  minflt/s  majflt/s     VSZ     RSS   %MEM  Command
13:22:01        0     28082      0.00      0.00 1206336  434520   2.79  hector_mapping_

13:22:01      UID       PID    %usr %system  %guest   %wait    %CPU   CPU  Command
13:22:02        0     28082    7.00    1.00    0.00    0.00    8.00     7  hector_mapping_

13:22:01      UID       PID  minflt/s  majflt/s     VSZ     RSS   %MEM  Command
13:22:02        0     28082      0.00      0.00 1206336  434520   2.79  hector_mapping_

13:22:02      UID       PID    %usr %system  %guest   %wait    %CPU   CPU  Command
13:22:03        0     28082    7.00    1.00    0.00    0.00    8.00     7  hector_mapping_

13:22:02      UID       PID  minflt/s  majflt/s     VSZ     RSS   %MEM  Command
13:22:03        0     28082      0.00      0.00 1206336  434520   2.79  hector_mapping_

13:22:03      UID       PID    %usr %system  %guest   %wait    %CPU   CPU  Command
13:22:04        0     28082    6.00    1.00    0.00    0.00    7.00     6  hector_mapping_

13:22:03      UID       PID  minflt/s  majflt/s     VSZ     RSS   %MEM  Command
13:22:04        0     28082      0.00      0.00 1206336  434520   2.79  hector_mapping_

13:22:04      UID       PID    %usr %system  %guest   %wait    %CPU   CPU  Command
13:22:05        0     28082    7.00    0.00    0.00    0.00    7.00     8  hector_mapping_

13:22:04      UID       PID  minflt/s  majflt/s     VSZ     RSS   %MEM  Command
13:22:05        0     28082      0.00      0.00 1206336  434520   2.79  hector_mapping_

13:22:05      UID       PID    %usr %system  %guest   %wait    %CPU   CPU  Command
13:22:06        0     28082    7.00    1.00    0.00    0.00    8.00     8  hector_mapping_

13:22:05      UID       PID  minflt/s  majflt/s     VSZ     RSS   %MEM  Command
13:22:06        0     28082      0.00      0.00 1206336  434520   2.79  hector_mapping_

13:22:06      UID       PID    %usr %system  %guest   %wait    %CPU   CPU  Command
13:22:07        0     28082    7.00    1.00    0.00    0.00    8.00     2  hector_mapping_

13:22:06      UID       PID  minflt/s  majflt/s     VSZ     RSS   %MEM  Command
13:22:07        0     28082      0.00      0.00 1206336  434520   2.79  hector_mapping_

13:22:07      UID       PID    %usr %system  %guest   %wait    %CPU   CPU  Command
13:22:08        0     28082    7.00    0.00    0.00    0.00    7.00     6  hector_mapping_

13:22:07      UID       PID  minflt/s  majflt/s     VSZ     RSS   %MEM  Command
13:22:08        0     28082      0.00      0.00 1206336  434520   2.79  hector_mapping_

13:22:08      UID       PID    %usr %system  %guest   %wait    %CPU   CPU  Command
13:22:09        0     28082    6.00    2.00    0.00    0.00    8.00     6  hector_mapping_

13:22:08      UID       PID  minflt/s  majflt/s     VSZ     RSS   %MEM  Command
13:22:09        0     28082      0.00      0.00 1206336  434520   2.79  hector_mapping_

13:22:09      UID       PID    %usr %system  %guest   %wait    %CPU   CPU  Command
13:22:10        0     28082    6.00    1.00    0.00    0.00    7.00     0  hector_mapping_

13:22:09      UID       PID  minflt/s  majflt/s     VSZ     RSS   %MEM  Command
13:22:10        0     28082      0.00      0.00 1206336  434520   2.79  hector_mapping_

13:22:10      UID       PID    %usr %system  %guest   %wait    %CPU   CPU  Command
13:22:11        0     28082    8.00    0.00    0.00    0.00    8.00     2  hector_mapping_

13:22:10      UID       PID  minflt/s  majflt/s     VSZ     RSS   %MEM  Command
13:22:11        0     28082      0.00      0.00 1206336  434520   2.79  hector_mapping_

13:22:11      UID       PID    %usr %system  %guest   %wait    %CPU   CPU  Command
13:22:12        0     28082    7.00    0.00    0.00    0.00    7.00     0  hector_mapping_

13:22:11      UID       PID  minflt/s  majflt/s     VSZ     RSS   %MEM  Command
13:22:12        0     28082      0.00      0.00 1206336  434520   2.79  hector_mapping_

13:22:12      UID       PID    %usr %system  %guest   %wait    %CPU   CPU  Command
13:22:13        0     28082    7.00    1.00    0.00    0.00    8.00     4  hector_mapping_

13:22:12      UID       PID  minflt/s  majflt/s     VSZ     RSS   %MEM  Command
13:22:13        0     28082      0.00      0.00 1206336  434520   2.79  hector_mapping_

13:22:13      UID       PID    %usr %system  %guest   %wait    %CPU   CPU  Command
13:22:14        0     28082    7.00    0.00    0.00    0.00    7.00     2  hector_mapping_

13:22:13      UID       PID  minflt/s  majflt/s     VSZ     RSS   %MEM  Command
13:22:14        0     28082      0.00      0.00 1206336  434520   2.79  hector_mapping_

13:22:14      UID       PID    %usr %system  %guest   %wait    %CPU   CPU  Command
13:22:15        0     28082    7.00    1.00    0.00    1.00    8.00     2  hector_mapping_

13:22:14      UID       PID  minflt/s  majflt/s     VSZ     RSS   %MEM  Command
13:22:15        0     28082      0.00      0.00 1206336  434520   2.79  hector_mapping_

13:22:15      UID       PID    %usr %system  %guest   %wait    %CPU   CPU  Command
13:22:16        0     28082    6.00    1.00    0.00    0.00    7.00     0  hector_mapping_

13:22:15      UID       PID  minflt/s  majflt/s     VSZ     RSS   %MEM  Command
13:22:16        0     28082      0.00      0.00 1206336  434520   2.79  hector_mapping_

13:22:16      UID       PID    %usr %system  %guest   %wait    %CPU   CPU  Command
13:22:17        0     28082    7.00    1.00    0.00    0.00    8.00     2  hector_mapping_

13:22:16      UID       PID  minflt/s  majflt/s     VSZ     RSS   %MEM  Command
13:22:17        0     28082      0.00      0.00 1206336  434520   2.79  hector_mapping_

13:22:17      UID       PID    %usr %system  %guest   %wait    %CPU   CPU  Command
13:22:18        0     28082    7.00    1.00    0.00    0.00    8.00     6  hector_mapping_

13:22:17      UID       PID  minflt/s  majflt/s     VSZ     RSS   %MEM  Command
13:22:18        0     28082      0.00      0.00 1206336  434520   2.79  hector_mapping_

13:22:18      UID       PID    %usr %system  %guest   %wait    %CPU   CPU  Command
13:22:19        0     28082    6.00    0.00    0.00    0.00    6.00     2  hector_mapping_

13:22:18      UID       PID  minflt/s  majflt/s     VSZ     RSS   %MEM  Command
13:22:19        0     28082      0.00      0.00 1206336  434520   2.79  hector_mapping_

13:22:19      UID       PID    %usr %system  %guest   %wait    %CPU   CPU  Command
13:22:20        0     28082    7.00    1.00    0.00    0.00    8.00     3  hector_mapping_

13:22:19      UID       PID  minflt/s  majflt/s     VSZ     RSS   %MEM  Command
13:22:20        0     28082      0.00      0.00 1206336  434520   2.79  hector_mapping_

13:22:20      UID       PID    %usr %system  %guest   %wait    %CPU   CPU  Command
13:22:21        0     28082    7.00    1.00    0.00    0.00    8.00     3  hector_mapping_

13:22:20      UID       PID  minflt/s  majflt/s     VSZ     RSS   %MEM  Command
13:22:21        0     28082      0.00      0.00 1206336  434520   2.79  hector_mapping_

13:22:21      UID       PID    %usr %system  %guest   %wait    %CPU   CPU  Command
13:22:22        0     28082    7.00    0.00    0.00    0.00    7.00     3  hector_mapping_

13:22:21      UID       PID  minflt/s  majflt/s     VSZ     RSS   %MEM  Command
13:22:22        0     28082      0.00      0.00 1206336  434520   2.79  hector_mapping_

13:22:22      UID       PID    %usr %system  %guest   %wait    %CPU   CPU  Command
13:22:23        0     28082    7.00    1.00    0.00    0.00    8.00     3  hector_mapping_

13:22:22      UID       PID  minflt/s  majflt/s     VSZ     RSS   %MEM  Command
13:22:23        0     28082      0.00      0.00 1206336  434520   2.79  hector_mapping_

13:22:23      UID       PID    %usr %system  %guest   %wait    %CPU   CPU  Command
13:22:24        0     28082    7.00    0.00    0.00    0.00    7.00     6  hector_mapping_

13:22:23      UID       PID  minflt/s  majflt/s     VSZ     RSS   %MEM  Command
13:22:24        0     28082      0.00      0.00 1206336  434520   2.79  hector_mapping_

13:22:24      UID       PID    %usr %system  %guest   %wait    %CPU   CPU  Command
13:22:25        0     28082    7.00    1.00    0.00    0.00    8.00     6  hector_mapping_

13:22:24      UID       PID  minflt/s  majflt/s     VSZ     RSS   %MEM  Command
13:22:25        0     28082      0.00      0.00 1206336  434520   2.79  hector_mapping_

13:22:25      UID       PID    %usr %system  %guest   %wait    %CPU   CPU  Command
13:22:26        0     28082    7.00    0.00    0.00    0.00    7.00    12  hector_mapping_

13:22:25      UID       PID  minflt/s  majflt/s     VSZ     RSS   %MEM  Command
13:22:26        0     28082      0.00      0.00 1206336  434520   2.79  hector_mapping_

13:22:26      UID       PID    %usr %system  %guest   %wait    %CPU   CPU  Command
13:22:27        0     28082    7.00    1.00    0.00    0.00    8.00    12  hector_mapping_

13:22:26      UID       PID  minflt/s  majflt/s     VSZ     RSS   %MEM  Command
13:22:27        0     28082      0.00      0.00 1206336  434520   2.79  hector_mapping_

13:22:27      UID       PID    %usr %system  %guest   %wait    %CPU   CPU  Command
13:22:28        0     28082    7.00    1.00    0.00    0.00    8.00    14  hector_mapping_

13:22:27      UID       PID  minflt/s  majflt/s     VSZ     RSS   %MEM  Command
13:22:28        0     28082      0.00      0.00 1206336  434520   2.79  hector_mapping_

13:22:28      UID       PID    %usr %system  %guest   %wait    %CPU   CPU  Command
13:22:29        0     28082    7.00    1.00    0.00    0.00    8.00    14  hector_mapping_

13:22:28      UID       PID  minflt/s  majflt/s     VSZ     RSS   %MEM  Command
13:22:29        0     28082      0.00      0.00 1206336  434520   2.79  hector_mapping_

13:22:29      UID       PID    %usr %system  %guest   %wait    %CPU   CPU  Command
13:22:30        0     28082    7.00    0.00    0.00    0.00    7.00     2  hector_mapping_

13:22:29      UID       PID  minflt/s  majflt/s     VSZ     RSS   %MEM  Command
13:22:30        0     28082      0.00      0.00 1206336  434520   2.79  hector_mapping_

13:22:30      UID       PID    %usr %system  %guest   %wait    %CPU   CPU  Command
13:22:31        0     28082    7.00    1.00    0.00    0.00    8.00     2  hector_mapping_

13:22:30      UID       PID  minflt/s  majflt/s     VSZ     RSS   %MEM  Command
13:22:31        0     28082      0.00      0.00 1206336  434520   2.79  hector_mapping_

13:22:31      UID       PID    %usr %system  %guest   %wait    %CPU   CPU  Command
13:22:32        0     28082    7.00    0.00    0.00    0.00    7.00    14  hector_mapping_

13:22:31      UID       PID  minflt/s  majflt/s     VSZ     RSS   %MEM  Command
13:22:32        0     28082      0.00      0.00 1206336  434520   2.79  hector_mapping_

13:22:32      UID       PID    %usr %system  %guest   %wait    %CPU   CPU  Command
13:22:33        0     28082    7.00    1.00    0.00    0.00    8.00    14  hector_mapping_

13:22:32      UID       PID  minflt/s  majflt/s     VSZ     RSS   %MEM  Command
13:22:33        0     28082      0.00      0.00 1206336  434520   2.79  hector_mapping_

13:22:33      UID       PID    %usr %system  %guest   %wait    %CPU   CPU  Command
13:22:34        0     28082    6.00    0.00    0.00    0.00    6.00     1  hector_mapping_

13:22:33      UID       PID  minflt/s  majflt/s     VSZ     RSS   %MEM  Command
13:22:34        0     28082      0.00      0.00 1206336  434520   2.79  hector_mapping_

13:22:34      UID       PID    %usr %system  %guest   %wait    %CPU   CPU  Command
13:22:35        0     28082    7.00    1.00    0.00    0.00    8.00     2  hector_mapping_

13:22:34      UID       PID  minflt/s  majflt/s     VSZ     RSS   %MEM  Command
13:22:35        0     28082      0.00      0.00 1206336  434520   2.79  hector_mapping_

13:22:35      UID       PID    %usr %system  %guest   %wait    %CPU   CPU  Command
13:22:36        0     28082    7.00    1.00    0.00    0.00    8.00     6  hector_mapping_

13:22:35      UID       PID  minflt/s  majflt/s     VSZ     RSS   %MEM  Command
13:22:36        0     28082      0.00      0.00 1206336  434520   2.79  hector_mapping_

13:22:36      UID       PID    %usr %system  %guest   %wait    %CPU   CPU  Command
13:22:37        0     28082    7.00    1.00    0.00    0.00    8.00     6  hector_mapping_

13:22:36      UID       PID  minflt/s  majflt/s     VSZ     RSS   %MEM  Command
13:22:37        0     28082      0.00      0.00 1206336  434520   2.79  hector_mapping_

13:22:37      UID       PID    %usr %system  %guest   %wait    %CPU   CPU  Command
13:22:38        0     28082    6.00    1.00    0.00    0.00    7.00     6  hector_mapping_

13:22:37      UID       PID  minflt/s  majflt/s     VSZ     RSS   %MEM  Command
13:22:38        0     28082      0.00      0.00 1206336  434520   2.79  hector_mapping_

13:22:38      UID       PID    %usr %system  %guest   %wait    %CPU   CPU  Command
13:22:39        0     28082    7.00    0.00    0.00    0.00    7.00     2  hector_mapping_

13:22:38      UID       PID  minflt/s  majflt/s     VSZ     RSS   %MEM  Command
13:22:39        0     28082      0.00      0.00 1206336  434520   2.79  hector_mapping_

13:22:39      UID       PID    %usr %system  %guest   %wait    %CPU   CPU  Command
13:22:40        0     28082    7.00    1.00    0.00    0.00    8.00    10  hector_mapping_

13:22:39      UID       PID  minflt/s  majflt/s     VSZ     RSS   %MEM  Command
13:22:40        0     28082      0.00      0.00 1206336  434520   2.79  hector_mapping_

13:22:40      UID       PID    %usr %system  %guest   %wait    %CPU   CPU  Command
13:22:41        0     28082    8.00    0.00    0.00    0.00    8.00     8  hector_mapping_

13:22:40      UID       PID  minflt/s  majflt/s     VSZ     RSS   %MEM  Command
13:22:41        0     28082      0.00      0.00 1206336  434520   2.79  hector_mapping_

13:22:41      UID       PID    %usr %system  %guest   %wait    %CPU   CPU  Command
13:22:42        0     28082    6.00    1.00    0.00    0.00    7.00    14  hector_mapping_

13:22:41      UID       PID  minflt/s  majflt/s     VSZ     RSS   %MEM  Command
13:22:42        0     28082      0.00      0.00 1206336  434520   2.79  hector_mapping_

13:22:42      UID       PID    %usr %system  %guest   %wait    %CPU   CPU  Command
13:22:43        0     28082    8.00    0.00    0.00    0.00    8.00     2  hector_mapping_

13:22:42      UID       PID  minflt/s  majflt/s     VSZ     RSS   %MEM  Command
13:22:43        0     28082      0.00      0.00 1206336  434520   2.79  hector_mapping_

13:22:43      UID       PID    %usr %system  %guest   %wait    %CPU   CPU  Command
13:22:44        0     28082    6.00    1.00    0.00    0.00    7.00     6  hector_mapping_

13:22:43      UID       PID  minflt/s  majflt/s     VSZ     RSS   %MEM  Command
13:22:44        0     28082      0.00      0.00 1206336  434520   2.79  hector_mapping_

13:22:44      UID       PID    %usr %system  %guest   %wait    %CPU   CPU  Command
13:22:45        0     28082    6.00    2.00    0.00    0.00    8.00     6  hector_mapping_

13:22:44      UID       PID  minflt/s  majflt/s     VSZ     RSS   %MEM  Command
13:22:45        0     28082      0.00      0.00 1206336  434520   2.79  hector_mapping_

13:22:45      UID       PID    %usr %system  %guest   %wait    %CPU   CPU  Command
13:22:46        0     28082    7.00    1.00    0.00    0.00    8.00     6  hector_mapping_

13:22:45      UID       PID  minflt/s  majflt/s     VSZ     RSS   %MEM  Command
13:22:46        0     28082      0.00      0.00 1206336  434520   2.79  hector_mapping_

13:22:46      UID       PID    %usr %system  %guest   %wait    %CPU   CPU  Command
13:22:47        0     28082    7.00    0.00    0.00    0.00    7.00     2  hector_mapping_

13:22:46      UID       PID  minflt/s  majflt/s     VSZ     RSS   %MEM  Command
13:22:47        0     28082      0.00      0.00 1206336  434520   2.79  hector_mapping_

13:22:47      UID       PID    %usr %system  %guest   %wait    %CPU   CPU  Command
13:22:48        0     28082    7.00    1.00    0.00    0.00    8.00     6  hector_mapping_

13:22:47      UID       PID  minflt/s  majflt/s     VSZ     RSS   %MEM  Command
13:22:48        0     28082      0.00      0.00 1206336  434520   2.79  hector_mapping_

13:22:48      UID       PID    %usr %system  %guest   %wait    %CPU   CPU  Command
13:22:49        0     28082    7.00    1.00    0.00    0.00    8.00     0  hector_mapping_

13:22:48      UID       PID  minflt/s  majflt/s     VSZ     RSS   %MEM  Command
13:22:49        0     28082      0.00      0.00 1206336  434520   2.79  hector_mapping_

13:22:49      UID       PID    %usr %system  %guest   %wait    %CPU   CPU  Command
13:22:50        0     28082    8.00    1.00    0.00    0.00    9.00     8  hector_mapping_

13:22:49      UID       PID  minflt/s  majflt/s     VSZ     RSS   %MEM  Command
13:22:50        0     28082     40.00      0.00 1206928  434776   2.79  hector_mapping_

13:22:50      UID       PID    %usr %system  %guest   %wait    %CPU   CPU  Command
13:22:51        0     28082    5.00    0.00    0.00    0.00    5.00     4  hector_mapping_

13:22:50      UID       PID  minflt/s  majflt/s     VSZ     RSS   %MEM  Command
13:22:51        0     28082      0.00      0.00 1206928  434776   2.79  hector_mapping_

13:22:51      UID       PID    %usr %system  %guest   %wait    %CPU   CPU  Command
13:22:52        0     28082    4.00    1.00    0.00    0.00    5.00     0  hector_mapping_

13:22:51      UID       PID  minflt/s  majflt/s     VSZ     RSS   %MEM  Command
13:22:52        0     28082      0.00      0.00 1206928  434776   2.79  hector_mapping_

13:22:52      UID       PID    %usr %system  %guest   %wait    %CPU   CPU  Command
13:22:53        0     28082    4.00    1.00    0.00    0.00    5.00     0  hector_mapping_

13:22:52      UID       PID  minflt/s  majflt/s     VSZ     RSS   %MEM  Command
13:22:53        0     28082      0.00      0.00 1206876  434776   2.79  hector_mapping_

13:22:53      UID       PID    %usr %system  %guest   %wait    %CPU   CPU  Command
13:22:54        0     28082    5.00    0.00    0.00    0.00    5.00     2  hector_mapping_

13:22:53      UID       PID  minflt/s  majflt/s     VSZ     RSS   %MEM  Command
13:22:54        0     28082      0.00      0.00 1206876  434776   2.79  hector_mapping_

13:22:54      UID       PID    %usr %system  %guest   %wait    %CPU   CPU  Command
13:22:55        0     28082    7.00    0.00    0.00    0.00    7.00     6  hector_mapping_

13:22:54      UID       PID  minflt/s  majflt/s     VSZ     RSS   %MEM  Command
13:22:55        0     28082      0.00      0.00 1206336  434776   2.79  hector_mapping_

13:22:55      UID       PID    %usr %system  %guest   %wait    %CPU   CPU  Command
13:22:56        0     28082    7.00    1.00    0.00    0.00    8.00    14  hector_mapping_

13:22:55      UID       PID  minflt/s  majflt/s     VSZ     RSS   %MEM  Command
13:22:56        0     28082      0.00      0.00 1206336  434776   2.79  hector_mapping_

13:22:56      UID       PID    %usr %system  %guest   %wait    %CPU   CPU  Command
13:22:57        0     28082    7.00    1.00    0.00    0.00    8.00     0  hector_mapping_

13:22:56      UID       PID  minflt/s  majflt/s     VSZ     RSS   %MEM  Command
13:22:57        0     28082      0.00      0.00 1206336  434776   2.79  hector_mapping_

13:22:57      UID       PID    %usr %system  %guest   %wait    %CPU   CPU  Command
13:22:58        0     28082    6.00    1.00    0.00    0.00    7.00     6  hector_mapping_

13:22:57      UID       PID  minflt/s  majflt/s     VSZ     RSS   %MEM  Command
13:22:58        0     28082      0.00      0.00 1206336  434776   2.79  hector_mapping_

13:22:58      UID       PID    %usr %system  %guest   %wait    %CPU   CPU  Command
13:22:59        0     28082    7.00    1.00    0.00    0.00    8.00     6  hector_mapping_

13:22:58      UID       PID  minflt/s  majflt/s     VSZ     RSS   %MEM  Command
13:22:59        0     28082      0.00      0.00 1206336  434776   2.79  hector_mapping_

13:22:59      UID       PID    %usr %system  %guest   %wait    %CPU   CPU  Command
13:23:00        0     28082    7.00    1.00    0.00    0.00    8.00     6  hector_mapping_

13:22:59      UID       PID  minflt/s  majflt/s     VSZ     RSS   %MEM  Command
13:23:00        0     28082      0.00      0.00 1206336  434776   2.79  hector_mapping_

13:23:00      UID       PID    %usr %system  %guest   %wait    %CPU   CPU  Command
13:23:01        0     28082    7.00    0.00    0.00    0.00    7.00     2  hector_mapping_

13:23:00      UID       PID  minflt/s  majflt/s     VSZ     RSS   %MEM  Command
13:23:01        0     28082      0.00      0.00 1206336  434776   2.79  hector_mapping_

13:23:01      UID       PID    %usr %system  %guest   %wait    %CPU   CPU  Command
13:23:02        0     28082    6.00    2.00    0.00    0.00    8.00     4  hector_mapping_

13:23:01      UID       PID  minflt/s  majflt/s     VSZ     RSS   %MEM  Command
13:23:02        0     28082      0.00      0.00 1206336  434776   2.79  hector_mapping_

13:23:02      UID       PID    %usr %system  %guest   %wait    %CPU   CPU  Command
13:23:03        0     28082    8.00    0.00    0.00    0.00    8.00     8  hector_mapping_

13:23:02      UID       PID  minflt/s  majflt/s     VSZ     RSS   %MEM  Command
13:23:03        0     28082      0.00      0.00 1206336  434776   2.79  hector_mapping_

13:23:03      UID       PID    %usr %system  %guest   %wait    %CPU   CPU  Command
13:23:04        0     28082    7.00    0.00    0.00    0.00    7.00     2  hector_mapping_

13:23:03      UID       PID  minflt/s  majflt/s     VSZ     RSS   %MEM  Command
13:23:04        0     28082      0.00      0.00 1206336  434776   2.79  hector_mapping_


Average:      UID       PID    %usr %system  %guest   %wait    %CPU   CPU  Command
Average:        0     28082    6.81    0.65    0.00    0.02    7.46     -  hector_mapping_

Average:      UID       PID  minflt/s  majflt/s     VSZ     RSS   %MEM  Command
Average:        0     28082      0.09      0.00 1206342  434528   2.79  hector_mapping_
