Linux 6.17.0-23-generic (admin1-ASUS-TUF-Gaming-A15-FA507NU-FA507NU) 	05/11/26 	_x86_64_	(16 CPU)

13:25:05      UID       PID    %usr %system  %guest   %wait    %CPU   CPU  Command
13:25:06        0     33861    4.00    1.00    0.00    0.00    5.00    12  sync_slam_toolb

13:25:05      UID       PID  minflt/s  majflt/s     VSZ     RSS   %MEM  Command
13:25:06        0     33861      0.00      0.00 1505456   46312   0.30  sync_slam_toolb

13:25:06      UID       PID    %usr %system  %guest   %wait    %CPU   CPU  Command
13:25:07        0     33861    6.00    1.00    0.00    0.00    7.00    15  sync_slam_toolb

13:25:06      UID       PID  minflt/s  majflt/s     VSZ     RSS   %MEM  Command
13:25:07        0     33861      0.00      0.00 1505456   46312   0.30  sync_slam_toolb

13:25:07      UID       PID    %usr %system  %guest   %wait    %CPU   CPU  Command
13:25:08        0     33861    5.00    0.00    0.00    0.00    5.00    15  sync_slam_toolb

13:25:07      UID       PID  minflt/s  majflt/s     VSZ     RSS   %MEM  Command
13:25:08        0     33861      0.00      0.00 1505456   46312   0.30  sync_slam_toolb

13:25:08      UID       PID    %usr %system  %guest   %wait    %CPU   CPU  Command
13:25:09        0     33861    5.00    1.00    0.00    0.00    6.00    15  sync_slam_toolb

13:25:08      UID       PID  minflt/s  majflt/s     VSZ     RSS   %MEM  Command
13:25:09        0     33861      0.00      0.00 1505456   46312   0.30  sync_slam_toolb

13:25:09      UID       PID    %usr %system  %guest   %wait    %CPU   CPU  Command
13:25:10        0     33861    4.00    2.00    0.00    0.00    6.00    15  sync_slam_toolb

13:25:09      UID       PID  minflt/s  majflt/s     VSZ     RSS   %MEM  Command
13:25:10        0     33861      0.00      0.00 1505456   46312   0.30  sync_slam_toolb

13:25:10      UID       PID    %usr %system  %guest   %wait    %CPU   CPU  Command
13:25:11        0     33861    6.00    0.00    0.00    0.00    6.00    14  sync_slam_toolb

13:25:10      UID       PID  minflt/s  majflt/s     VSZ     RSS   %MEM  Command
13:25:11        0     33861      0.00      0.00 1505456   46312   0.30  sync_slam_toolb

13:25:11      UID       PID    %usr %system  %guest   %wait    %CPU   CPU  Command
13:25:12        0     33861    4.00    1.00    0.00    0.00    5.00     6  sync_slam_toolb

13:25:11      UID       PID  minflt/s  majflt/s     VSZ     RSS   %MEM  Command
13:25:12        0     33861      0.00      0.00 1505456   46312   0.30  sync_slam_toolb

13:25:12      UID       PID    %usr %system  %guest   %wait    %CPU   CPU  Command
13:25:13        0     33861    5.00    0.00    0.00    0.00    5.00     8  sync_slam_toolb

13:25:12      UID       PID  minflt/s  majflt/s     VSZ     RSS   %MEM  Command
13:25:13        0     33861      0.00      0.00 1505456   46312   0.30  sync_slam_toolb

13:25:13      UID       PID    %usr %system  %guest   %wait    %CPU   CPU  Command
13:25:14        0     33861    5.00    1.00    0.00    0.00    6.00     8  sync_slam_toolb

13:25:13      UID       PID  minflt/s  majflt/s     VSZ     RSS   %MEM  Command
13:25:14        0     33861      0.00      0.00 1505456   46312   0.30  sync_slam_toolb

13:25:14      UID       PID    %usr %system  %guest   %wait    %CPU   CPU  Command
13:25:15        0     33861    4.00    1.00    0.00    0.00    5.00     8  sync_slam_toolb

13:25:14      UID       PID  minflt/s  majflt/s     VSZ     RSS   %MEM  Command
13:25:15        0     33861      0.00      0.00 1505456   46312   0.30  sync_slam_toolb

13:25:15      UID       PID    %usr %system  %guest   %wait    %CPU   CPU  Command
13:25:16        0     33861    5.00    1.00    0.00    0.00    6.00     8  sync_slam_toolb

13:25:15      UID       PID  minflt/s  majflt/s     VSZ     RSS   %MEM  Command
13:25:16        0     33861      0.00      0.00 1505456   46312   0.30  sync_slam_toolb

13:25:16      UID       PID    %usr %system  %guest   %wait    %CPU   CPU  Command
13:25:17        0     33861    5.00    1.00    0.00    0.00    6.00    14  sync_slam_toolb

13:25:16      UID       PID  minflt/s  majflt/s     VSZ     RSS   %MEM  Command
13:25:17        0     33861      0.00      0.00 1505456   46312   0.30  sync_slam_toolb

13:25:17      UID       PID    %usr %system  %guest   %wait    %CPU   CPU  Command
13:25:18        0     33861    8.00    1.00    0.00    0.00    9.00    14  sync_slam_toolb

13:25:17      UID       PID  minflt/s  majflt/s     VSZ     RSS   %MEM  Command
13:25:18        0     33861      4.00      0.00 1505456   46312   0.30  sync_slam_toolb

13:25:18      UID       PID    %usr %system  %guest   %wait    %CPU   CPU  Command
13:25:19        0     33861    5.00    1.00    0.00    0.00    6.00     7  sync_slam_toolb

13:25:18      UID       PID  minflt/s  majflt/s     VSZ     RSS   %MEM  Command
13:25:19        0     33861      0.00      0.00 1505456   46312   0.30  sync_slam_toolb

13:25:19      UID       PID    %usr %system  %guest   %wait    %CPU   CPU  Command
13:25:20        0     33861    7.00    2.00    0.00    0.00    9.00     2  sync_slam_toolb

13:25:19      UID       PID  minflt/s  majflt/s     VSZ     RSS   %MEM  Command
13:25:20        0     33861      7.00      0.00 1505456   46312   0.30  sync_slam_toolb

13:25:20      UID       PID    %usr %system  %guest   %wait    %CPU   CPU  Command
13:25:21        0     33861    5.00    1.00    0.00    0.00    6.00    12  sync_slam_toolb

13:25:20      UID       PID  minflt/s  majflt/s     VSZ     RSS   %MEM  Command
13:25:21        0     33861      0.00      0.00 1505456   46312   0.30  sync_slam_toolb

13:25:21      UID       PID    %usr %system  %guest   %wait    %CPU   CPU  Command
13:25:22        0     33861    6.00    0.00    0.00    0.00    6.00     0  sync_slam_toolb

13:25:21      UID       PID  minflt/s  majflt/s     VSZ     RSS   %MEM  Command
13:25:22        0     33861      0.00      0.00 1505456   46312   0.30  sync_slam_toolb

13:25:22      UID       PID    %usr %system  %guest   %wait    %CPU   CPU  Command
13:25:23        0     33861    9.00    0.00    0.00    0.00    9.00     6  sync_slam_toolb

13:25:22      UID       PID  minflt/s  majflt/s     VSZ     RSS   %MEM  Command
13:25:23        0     33861     27.00      0.00 1505456   46440   0.30  sync_slam_toolb

13:25:23      UID       PID    %usr %system  %guest   %wait    %CPU   CPU  Command
13:25:24        0     33861    4.00    2.00    0.00    0.00    6.00    12  sync_slam_toolb

13:25:23      UID       PID  minflt/s  majflt/s     VSZ     RSS   %MEM  Command
13:25:24        0     33861      2.00      0.00 1505456   46440   0.30  sync_slam_toolb

13:25:24      UID       PID    %usr %system  %guest   %wait    %CPU   CPU  Command
13:25:25        0     33861    9.00    0.00    0.00    0.00    9.00    12  sync_slam_toolb

13:25:24      UID       PID  minflt/s  majflt/s     VSZ     RSS   %MEM  Command
13:25:25        0     33861     11.00      0.00 1505456   46440   0.30  sync_slam_toolb

13:25:25      UID       PID    %usr %system  %guest   %wait    %CPU   CPU  Command
13:25:26        0     33861    5.00    0.00    0.00    0.00    5.00    12  sync_slam_toolb

13:25:25      UID       PID  minflt/s  majflt/s     VSZ     RSS   %MEM  Command
13:25:26        0     33861      1.00      0.00 1505456   46440   0.30  sync_slam_toolb

13:25:26      UID       PID    %usr %system  %guest   %wait    %CPU   CPU  Command
13:25:27        0     33861    6.00    1.00    0.00    0.00    7.00     0  sync_slam_toolb

13:25:26      UID       PID  minflt/s  majflt/s     VSZ     RSS   %MEM  Command
13:25:27        0     33861      0.00      0.00 1505456   46440   0.30  sync_slam_toolb

13:25:27      UID       PID    %usr %system  %guest   %wait    %CPU   CPU  Command
13:25:28        0     33861    8.00    1.00    0.00    0.00    9.00     2  sync_slam_toolb

13:25:27      UID       PID  minflt/s  majflt/s     VSZ     RSS   %MEM  Command
13:25:28        0     33861      6.00      0.00 1505456   46440   0.30  sync_slam_toolb

13:25:28      UID       PID    %usr %system  %guest   %wait    %CPU   CPU  Command
13:25:29        0     33861    4.00    1.00    0.00    0.00    5.00     2  sync_slam_toolb

13:25:28      UID       PID  minflt/s  majflt/s     VSZ     RSS   %MEM  Command
13:25:29        0     33861      0.00      0.00 1505456   46440   0.30  sync_slam_toolb

13:25:29      UID       PID    %usr %system  %guest   %wait    %CPU   CPU  Command
13:25:30        0     33861    6.00    1.00    0.00    0.00    7.00     0  sync_slam_toolb

13:25:29      UID       PID  minflt/s  majflt/s     VSZ     RSS   %MEM  Command
13:25:30        0     33861      0.00      0.00 1505456   46440   0.30  sync_slam_toolb

13:25:30      UID       PID    %usr %system  %guest   %wait    %CPU   CPU  Command
13:25:31        0     33861    8.00    1.00    0.00    0.00    9.00     0  sync_slam_toolb

13:25:30      UID       PID  minflt/s  majflt/s     VSZ     RSS   %MEM  Command
13:25:31        0     33861      6.00      0.00 1505456   46568   0.30  sync_slam_toolb

13:25:31      UID       PID    %usr %system  %guest   %wait    %CPU   CPU  Command
13:25:32        0     33861    5.00    0.00    0.00    0.00    5.00     2  sync_slam_toolb

13:25:31      UID       PID  minflt/s  majflt/s     VSZ     RSS   %MEM  Command
13:25:32        0     33861      0.00      0.00 1505456   46568   0.30  sync_slam_toolb

13:25:32      UID       PID    %usr %system  %guest   %wait    %CPU   CPU  Command
13:25:33        0     33861    7.00    2.00    0.00    0.00    9.00    10  sync_slam_toolb

13:25:32      UID       PID  minflt/s  majflt/s     VSZ     RSS   %MEM  Command
13:25:33        0     33861      6.00      0.00 1505456   46568   0.30  sync_slam_toolb

13:25:33      UID       PID    %usr %system  %guest   %wait    %CPU   CPU  Command
13:25:34        0     33861    6.00    0.00    0.00    0.00    6.00    10  sync_slam_toolb

13:25:33      UID       PID  minflt/s  majflt/s     VSZ     RSS   %MEM  Command
13:25:34        0     33861      0.00      0.00 1505456   46568   0.30  sync_slam_toolb

13:25:34      UID       PID    %usr %system  %guest   %wait    %CPU   CPU  Command
13:25:35        0     33861    5.00    1.00    0.00    0.00    6.00    10  sync_slam_toolb

13:25:34      UID       PID  minflt/s  majflt/s     VSZ     RSS   %MEM  Command
13:25:35        0     33861      0.00      0.00 1505456   46568   0.30  sync_slam_toolb

13:25:35      UID       PID    %usr %system  %guest   %wait    %CPU   CPU  Command
13:25:36        0     33861    9.00    0.00    0.00    0.00    9.00    10  sync_slam_toolb

13:25:35      UID       PID  minflt/s  majflt/s     VSZ     RSS   %MEM  Command
13:25:36        0     33861      6.00      0.00 1505456   46568   0.30  sync_slam_toolb

13:25:36      UID       PID    %usr %system  %guest   %wait    %CPU   CPU  Command
13:25:37        0     33861    5.00    1.00    0.00    0.00    6.00     8  sync_slam_toolb

13:25:36      UID       PID  minflt/s  majflt/s     VSZ     RSS   %MEM  Command
13:25:37        0     33861      0.00      0.00 1505456   46568   0.30  sync_slam_toolb

13:25:37      UID       PID    %usr %system  %guest   %wait    %CPU   CPU  Command
13:25:38        0     33861    5.00    1.00    0.00    0.00    6.00     0  sync_slam_toolb

13:25:37      UID       PID  minflt/s  majflt/s     VSZ     RSS   %MEM  Command
13:25:38        0     33861      0.00      0.00 1505456   46568   0.30  sync_slam_toolb

13:25:38      UID       PID    %usr %system  %guest   %wait    %CPU   CPU  Command
13:25:39        0     33861    5.00    1.00    0.00    0.00    6.00     8  sync_slam_toolb

13:25:38      UID       PID  minflt/s  majflt/s     VSZ     RSS   %MEM  Command
13:25:39        0     33861      0.00      0.00 1505456   46568   0.30  sync_slam_toolb

13:25:39      UID       PID    %usr %system  %guest   %wait    %CPU   CPU  Command
13:25:40        0     33861    9.00    1.00    0.00    0.00   10.00     0  sync_slam_toolb

13:25:39      UID       PID  minflt/s  majflt/s     VSZ     RSS   %MEM  Command
13:25:40        0     33861      6.00      0.00 1505456   46696   0.30  sync_slam_toolb

13:25:40      UID       PID    %usr %system  %guest   %wait    %CPU   CPU  Command
13:25:41        0     33861    5.00    0.00    0.00    0.00    5.00    12  sync_slam_toolb

13:25:40      UID       PID  minflt/s  majflt/s     VSZ     RSS   %MEM  Command
13:25:41        0     33861      0.00      0.00 1505456   46696   0.30  sync_slam_toolb

13:25:41      UID       PID    %usr %system  %guest   %wait    %CPU   CPU  Command
13:25:42        0     33861    8.00    1.00    0.00    0.00    9.00     2  sync_slam_toolb

13:25:41      UID       PID  minflt/s  majflt/s     VSZ     RSS   %MEM  Command
13:25:42        0     33861      6.00      0.00 1505456   46696   0.30  sync_slam_toolb

13:25:42      UID       PID    %usr %system  %guest   %wait    %CPU   CPU  Command
13:25:43        0     33861    5.00    1.00    0.00    0.00    6.00     4  sync_slam_toolb

13:25:42      UID       PID  minflt/s  majflt/s     VSZ     RSS   %MEM  Command
13:25:43        0     33861      0.00      0.00 1505456   46696   0.30  sync_slam_toolb

13:25:43      UID       PID    %usr %system  %guest   %wait    %CPU   CPU  Command
13:25:44        0     33861    5.00    1.00    0.00    0.00    6.00     8  sync_slam_toolb

13:25:43      UID       PID  minflt/s  majflt/s     VSZ     RSS   %MEM  Command
13:25:44        0     33861      0.00      0.00 1505456   46696   0.30  sync_slam_toolb

13:25:44      UID       PID    %usr %system  %guest   %wait    %CPU   CPU  Command
13:25:45        0     33861    8.00    1.00    0.00    0.00    9.00     8  sync_slam_toolb

13:25:44      UID       PID  minflt/s  majflt/s     VSZ     RSS   %MEM  Command
13:25:45        0     33861      6.00      0.00 1505456   46696   0.30  sync_slam_toolb

13:25:45      UID       PID    %usr %system  %guest   %wait    %CPU   CPU  Command
13:25:46        0     33861    5.00    1.00    0.00    0.00    6.00     0  sync_slam_toolb

13:25:45      UID       PID  minflt/s  majflt/s     VSZ     RSS   %MEM  Command
13:25:46        0     33861      0.00      0.00 1505456   46696   0.30  sync_slam_toolb

13:25:46      UID       PID    %usr %system  %guest   %wait    %CPU   CPU  Command
13:25:47        0     33861    5.00    1.00    0.00    0.00    6.00     6  sync_slam_toolb

13:25:46      UID       PID  minflt/s  majflt/s     VSZ     RSS   %MEM  Command
13:25:47        0     33861      0.00      0.00 1505456   46696   0.30  sync_slam_toolb

13:25:47      UID       PID    %usr %system  %guest   %wait    %CPU   CPU  Command
13:25:48        0     33861    5.00    1.00    0.00    0.00    6.00     2  sync_slam_toolb

13:25:47      UID       PID  minflt/s  majflt/s     VSZ     RSS   %MEM  Command
13:25:48        0     33861      0.00      0.00 1505456   46696   0.30  sync_slam_toolb

13:25:48      UID       PID    %usr %system  %guest   %wait    %CPU   CPU  Command
13:25:49        0     33861    5.00    1.00    0.00    0.00    6.00    12  sync_slam_toolb

13:25:48      UID       PID  minflt/s  majflt/s     VSZ     RSS   %MEM  Command
13:25:49        0     33861      0.00      0.00 1505456   46696   0.30  sync_slam_toolb

13:25:49      UID       PID    %usr %system  %guest   %wait    %CPU   CPU  Command
13:25:50        0     33861    6.00    1.00    0.00    0.00    7.00    14  sync_slam_toolb

13:25:49      UID       PID  minflt/s  majflt/s     VSZ     RSS   %MEM  Command
13:25:50        0     33861      0.00      0.00 1505456   46696   0.30  sync_slam_toolb

13:25:50      UID       PID    %usr %system  %guest   %wait    %CPU   CPU  Command
13:25:51        0     33861    5.00    1.00    0.00    0.00    6.00     0  sync_slam_toolb

13:25:50      UID       PID  minflt/s  majflt/s     VSZ     RSS   %MEM  Command
13:25:51        0     33861      0.00      0.00 1505456   46696   0.30  sync_slam_toolb

13:25:51      UID       PID    %usr %system  %guest   %wait    %CPU   CPU  Command
13:25:52        0     33861    5.00    1.00    0.00    0.00    6.00     2  sync_slam_toolb

13:25:51      UID       PID  minflt/s  majflt/s     VSZ     RSS   %MEM  Command
13:25:52        0     33861      0.00      0.00 1505456   46696   0.30  sync_slam_toolb

13:25:52      UID       PID    %usr %system  %guest   %wait    %CPU   CPU  Command
13:25:53        0     33861    5.00    1.00    0.00    0.00    6.00     0  sync_slam_toolb

13:25:52      UID       PID  minflt/s  majflt/s     VSZ     RSS   %MEM  Command
13:25:53        0     33861      0.00      0.00 1505456   46696   0.30  sync_slam_toolb

13:25:53      UID       PID    %usr %system  %guest   %wait    %CPU   CPU  Command
13:25:54        0     33861    5.00    0.00    0.00    0.00    5.00     8  sync_slam_toolb

13:25:53      UID       PID  minflt/s  majflt/s     VSZ     RSS   %MEM  Command
13:25:54        0     33861      0.00      0.00 1505456   46696   0.30  sync_slam_toolb

13:25:54      UID       PID    %usr %system  %guest   %wait    %CPU   CPU  Command
13:25:55        0     33861    5.00    2.00    0.00    0.00    7.00     8  sync_slam_toolb

13:25:54      UID       PID  minflt/s  majflt/s     VSZ     RSS   %MEM  Command
13:25:55        0     33861      0.00      0.00 1505456   46696   0.30  sync_slam_toolb

13:25:55      UID       PID    %usr %system  %guest   %wait    %CPU   CPU  Command
13:25:56        0     33861    6.00    0.00    0.00    0.00    6.00     0  sync_slam_toolb

13:25:55      UID       PID  minflt/s  majflt/s     VSZ     RSS   %MEM  Command
13:25:56        0     33861      0.00      0.00 1505456   46696   0.30  sync_slam_toolb

13:25:56      UID       PID    %usr %system  %guest   %wait    %CPU   CPU  Command
13:25:57        0     33861    5.00    1.00    0.00    0.00    6.00     4  sync_slam_toolb

13:25:56      UID       PID  minflt/s  majflt/s     VSZ     RSS   %MEM  Command
13:25:57        0     33861      0.00      0.00 1505456   46696   0.30  sync_slam_toolb

13:25:57      UID       PID    %usr %system  %guest   %wait    %CPU   CPU  Command
13:25:58        0     33861    5.00    1.00    0.00    0.00    6.00     8  sync_slam_toolb

13:25:57      UID       PID  minflt/s  majflt/s     VSZ     RSS   %MEM  Command
13:25:58        0     33861      0.00      0.00 1505456   46696   0.30  sync_slam_toolb

13:25:58      UID       PID    %usr %system  %guest   %wait    %CPU   CPU  Command
13:25:59        0     33861    4.00    1.00    0.00    0.00    5.00     0  sync_slam_toolb

13:25:58      UID       PID  minflt/s  majflt/s     VSZ     RSS   %MEM  Command
13:25:59        0     33861      0.00      0.00 1505456   46696   0.30  sync_slam_toolb

13:25:59      UID       PID    %usr %system  %guest   %wait    %CPU   CPU  Command
13:26:00        0     33861    5.00    1.00    0.00    0.00    6.00     0  sync_slam_toolb

13:25:59      UID       PID  minflt/s  majflt/s     VSZ     RSS   %MEM  Command
13:26:00        0     33861      0.00      0.00 1505456   46696   0.30  sync_slam_toolb

13:26:00      UID       PID    %usr %system  %guest   %wait    %CPU   CPU  Command
13:26:01        0     33861    8.00    2.00    0.00    0.00   10.00    12  sync_slam_toolb

13:26:00      UID       PID  minflt/s  majflt/s     VSZ     RSS   %MEM  Command
13:26:01        0     33861      6.00      0.00 1505456   46824   0.30  sync_slam_toolb

13:26:01      UID       PID    %usr %system  %guest   %wait    %CPU   CPU  Command
13:26:02        0     33861    3.96    0.99    0.00    0.00    4.95    14  sync_slam_toolb

13:26:01      UID       PID  minflt/s  majflt/s     VSZ     RSS   %MEM  Command
13:26:02        0     33861      0.00      0.00 1505456   46824   0.30  sync_slam_toolb

13:26:02      UID       PID    %usr %system  %guest   %wait    %CPU   CPU  Command
13:26:03        0     33861    9.00    1.00    0.00    0.00   10.00    10  sync_slam_toolb

13:26:02      UID       PID  minflt/s  majflt/s     VSZ     RSS   %MEM  Command
13:26:03        0     33861      6.00      0.00 1505456   46824   0.30  sync_slam_toolb

13:26:03      UID       PID    %usr %system  %guest   %wait    %CPU   CPU  Command
13:26:04        0     33861    5.00    1.00    0.00    0.00    6.00    14  sync_slam_toolb

13:26:03      UID       PID  minflt/s  majflt/s     VSZ     RSS   %MEM  Command
13:26:04        0     33861      0.00      0.00 1505456   46824   0.30  sync_slam_toolb

13:26:04      UID       PID    %usr %system  %guest   %wait    %CPU   CPU  Command
13:26:05        0     33861    6.00    1.00    0.00    0.00    7.00    10  sync_slam_toolb

13:26:04      UID       PID  minflt/s  majflt/s     VSZ     RSS   %MEM  Command
13:26:05        0     33861      0.00      0.00 1505456   46824   0.30  sync_slam_toolb

13:26:05      UID       PID    %usr %system  %guest   %wait    %CPU   CPU  Command
13:26:06        0     33861    8.00    0.00    0.00    0.00    8.00    10  sync_slam_toolb

13:26:05      UID       PID  minflt/s  majflt/s     VSZ     RSS   %MEM  Command
13:26:06        0     33861      6.00      0.00 1505456   46824   0.30  sync_slam_toolb

13:26:06      UID       PID    %usr %system  %guest   %wait    %CPU   CPU  Command
13:26:07        0     33861    6.00    1.00    0.00    0.00    7.00     2  sync_slam_toolb

13:26:06      UID       PID  minflt/s  majflt/s     VSZ     RSS   %MEM  Command
13:26:07        0     33861      0.00      0.00 1505456   46824   0.30  sync_slam_toolb

13:26:07      UID       PID    %usr %system  %guest   %wait    %CPU   CPU  Command
13:26:08        0     33861    8.00    1.00    0.00    0.00    9.00    12  sync_slam_toolb

13:26:07      UID       PID  minflt/s  majflt/s     VSZ     RSS   %MEM  Command
13:26:08        0     33861      6.00      0.00 1505456   46824   0.30  sync_slam_toolb

13:26:08      UID       PID    %usr %system  %guest   %wait    %CPU   CPU  Command
13:26:09        0     33861    5.00    1.00    0.00    0.00    6.00    10  sync_slam_toolb

13:26:08      UID       PID  minflt/s  majflt/s     VSZ     RSS   %MEM  Command
13:26:09        0     33861      0.00      0.00 1505456   46824   0.30  sync_slam_toolb

13:26:09      UID       PID    %usr %system  %guest   %wait    %CPU   CPU  Command
13:26:10        0     33861    6.00    1.00    0.00    0.00    7.00     7  sync_slam_toolb

13:26:09      UID       PID  minflt/s  majflt/s     VSZ     RSS   %MEM  Command
13:26:10        0     33861      0.00      0.00 1505456   46824   0.30  sync_slam_toolb

13:26:10      UID       PID    %usr %system  %guest   %wait    %CPU   CPU  Command
13:26:11        0     33861    4.00    1.00    0.00    0.00    5.00     7  sync_slam_toolb

13:26:10      UID       PID  minflt/s  majflt/s     VSZ     RSS   %MEM  Command
13:26:11        0     33861      0.00      0.00 1505456   46824   0.30  sync_slam_toolb

13:26:11      UID       PID    %usr %system  %guest   %wait    %CPU   CPU  Command
13:26:12        0     33861    4.00    2.00    0.00    0.00    6.00    10  sync_slam_toolb

13:26:11      UID       PID  minflt/s  majflt/s     VSZ     RSS   %MEM  Command
13:26:12        0     33861      0.00      0.00 1505456   46824   0.30  sync_slam_toolb

13:26:12      UID       PID    %usr %system  %guest   %wait    %CPU   CPU  Command
13:26:13        0     33861    6.00    1.00    0.00    0.00    7.00     0  sync_slam_toolb

13:26:12      UID       PID  minflt/s  majflt/s     VSZ     RSS   %MEM  Command
13:26:13        0     33861      0.00      0.00 1505456   46824   0.30  sync_slam_toolb

13:26:13      UID       PID    %usr %system  %guest   %wait    %CPU   CPU  Command
13:26:14        0     33861    5.00    1.00    0.00    0.00    6.00     0  sync_slam_toolb

13:26:13      UID       PID  minflt/s  majflt/s     VSZ     RSS   %MEM  Command
13:26:14        0     33861      0.00      0.00 1505456   46824   0.30  sync_slam_toolb

13:26:14      UID       PID    %usr %system  %guest   %wait    %CPU   CPU  Command
13:26:15        0     33861    5.00    0.00    0.00    0.00    5.00     0  sync_slam_toolb

13:26:14      UID       PID  minflt/s  majflt/s     VSZ     RSS   %MEM  Command
13:26:15        0     33861      0.00      0.00 1505456   46824   0.30  sync_slam_toolb

13:26:15      UID       PID    %usr %system  %guest   %wait    %CPU   CPU  Command
13:26:16        0     33861    5.00    1.00    0.00    0.00    6.00     6  sync_slam_toolb

13:26:15      UID       PID  minflt/s  majflt/s     VSZ     RSS   %MEM  Command
13:26:16        0     33861      0.00      0.00 1505456   46824   0.30  sync_slam_toolb

13:26:16      UID       PID    %usr %system  %guest   %wait    %CPU   CPU  Command
13:26:17        0     33861    6.00    1.00    0.00    0.00    7.00     6  sync_slam_toolb

13:26:16      UID       PID  minflt/s  majflt/s     VSZ     RSS   %MEM  Command
13:26:17        0     33861      0.00      0.00 1505456   46824   0.30  sync_slam_toolb

13:26:17      UID       PID    %usr %system  %guest   %wait    %CPU   CPU  Command
13:26:18        0     33861    5.00    1.00    0.00    0.00    6.00     8  sync_slam_toolb

13:26:17      UID       PID  minflt/s  majflt/s     VSZ     RSS   %MEM  Command
13:26:18        0     33861      0.00      0.00 1505456   46824   0.30  sync_slam_toolb

13:26:18      UID       PID    %usr %system  %guest   %wait    %CPU   CPU  Command
13:26:19        0     33861    5.00    1.00    0.00    0.00    6.00    10  sync_slam_toolb

13:26:18      UID       PID  minflt/s  majflt/s     VSZ     RSS   %MEM  Command
13:26:19        0     33861      0.00      0.00 1505456   46824   0.30  sync_slam_toolb

13:26:19      UID       PID    %usr %system  %guest   %wait    %CPU   CPU  Command
13:26:20        0     33861    6.00    0.00    0.00    0.00    6.00    12  sync_slam_toolb

13:26:19      UID       PID  minflt/s  majflt/s     VSZ     RSS   %MEM  Command
13:26:20        0     33861      0.00      0.00 1505456   46824   0.30  sync_slam_toolb

13:26:20      UID       PID    %usr %system  %guest   %wait    %CPU   CPU  Command
13:26:21        0     33861    5.00    2.00    0.00    0.00    7.00    12  sync_slam_toolb

13:26:20      UID       PID  minflt/s  majflt/s     VSZ     RSS   %MEM  Command
13:26:21        0     33861      0.00      0.00 1505456   46824   0.30  sync_slam_toolb

13:26:21      UID       PID    %usr %system  %guest   %wait    %CPU   CPU  Command
13:26:22        0     33861    6.00    0.00    0.00    0.00    6.00    14  sync_slam_toolb

13:26:21      UID       PID  minflt/s  majflt/s     VSZ     RSS   %MEM  Command
13:26:22        0     33861      0.00      0.00 1505456   46824   0.30  sync_slam_toolb

13:26:22      UID       PID    %usr %system  %guest   %wait    %CPU   CPU  Command
13:26:23        0     33861    5.00    0.00    0.00    0.00    5.00    14  sync_slam_toolb

13:26:22      UID       PID  minflt/s  majflt/s     VSZ     RSS   %MEM  Command
13:26:23        0     33861      0.00      0.00 1505456   46824   0.30  sync_slam_toolb

13:26:23      UID       PID    %usr %system  %guest   %wait    %CPU   CPU  Command
13:26:24        0     33861    5.00    1.00    0.00    0.00    6.00    12  sync_slam_toolb

13:26:23      UID       PID  minflt/s  majflt/s     VSZ     RSS   %MEM  Command
13:26:24        0     33861      0.00      0.00 1505456   46824   0.30  sync_slam_toolb

13:26:24      UID       PID    %usr %system  %guest   %wait    %CPU   CPU  Command
13:26:25        0     33861    8.00    2.00    0.00    0.00   10.00     0  sync_slam_toolb

13:26:24      UID       PID  minflt/s  majflt/s     VSZ     RSS   %MEM  Command
13:26:25        0     33861      7.00      0.00 1505456   46824   0.30  sync_slam_toolb

13:26:25      UID       PID    %usr %system  %guest   %wait    %CPU   CPU  Command
13:26:26        0     33861    5.00    1.00    0.00    0.00    6.00     0  sync_slam_toolb

13:26:25      UID       PID  minflt/s  majflt/s     VSZ     RSS   %MEM  Command
13:26:26        0     33861      0.00      0.00 1505456   46824   0.30  sync_slam_toolb

13:26:26      UID       PID    %usr %system  %guest   %wait    %CPU   CPU  Command
13:26:27        0     33861    5.00    1.00    0.00    0.00    6.00     2  sync_slam_toolb

13:26:26      UID       PID  minflt/s  majflt/s     VSZ     RSS   %MEM  Command
13:26:27        0     33861      0.00      0.00 1505456   46824   0.30  sync_slam_toolb

13:26:27      UID       PID    %usr %system  %guest   %wait    %CPU   CPU  Command
13:26:28        0     33861    9.00    1.00    0.00    0.00   10.00     8  sync_slam_toolb

13:26:27      UID       PID  minflt/s  majflt/s     VSZ     RSS   %MEM  Command
13:26:28        0     33861      6.00      0.00 1505456   46824   0.30  sync_slam_toolb

13:26:28      UID       PID    %usr %system  %guest   %wait    %CPU   CPU  Command
13:26:29        0     33861    5.00    0.00    0.00    0.00    5.00    10  sync_slam_toolb

13:26:28      UID       PID  minflt/s  majflt/s     VSZ     RSS   %MEM  Command
13:26:29        0     33861      0.00      0.00 1505456   46824   0.30  sync_slam_toolb

13:26:29      UID       PID    %usr %system  %guest   %wait    %CPU   CPU  Command
13:26:30        0     33861    9.00    1.00    0.00    0.00   10.00    12  sync_slam_toolb

13:26:29      UID       PID  minflt/s  majflt/s     VSZ     RSS   %MEM  Command
13:26:30        0     33861      6.00      0.00 1505456   46952   0.30  sync_slam_toolb

13:26:30      UID       PID    %usr %system  %guest   %wait    %CPU   CPU  Command
13:26:31        0     33861    6.00    1.00    0.00    0.00    7.00     1  sync_slam_toolb

13:26:30      UID       PID  minflt/s  majflt/s     VSZ     RSS   %MEM  Command
13:26:31        0     33861      0.00      0.00 1505456   46952   0.30  sync_slam_toolb

13:26:31      UID       PID    %usr %system  %guest   %wait    %CPU   CPU  Command
13:26:32        0     33861    8.00    1.00    0.00    0.00    9.00     1  sync_slam_toolb

13:26:31      UID       PID  minflt/s  majflt/s     VSZ     RSS   %MEM  Command
13:26:32        0     33861      7.00      0.00 1505456   46952   0.30  sync_slam_toolb

13:26:32      UID       PID    %usr %system  %guest   %wait    %CPU   CPU  Command
13:26:33        0     33861    5.00    1.00    0.00    0.00    6.00    14  sync_slam_toolb

13:26:32      UID       PID  minflt/s  majflt/s     VSZ     RSS   %MEM  Command
13:26:33        0     33861      0.00      0.00 1505456   46952   0.30  sync_slam_toolb

13:26:33      UID       PID    %usr %system  %guest   %wait    %CPU   CPU  Command
13:26:34        0     33861    6.00    1.00    0.00    0.00    7.00    14  sync_slam_toolb

13:26:33      UID       PID  minflt/s  majflt/s     VSZ     RSS   %MEM  Command
13:26:34        0     33861      0.00      0.00 1505456   46952   0.30  sync_slam_toolb

13:26:34      UID       PID    %usr %system  %guest   %wait    %CPU   CPU  Command
13:26:35        0     33861    5.00    1.00    0.00    0.00    6.00    14  sync_slam_toolb

13:26:34      UID       PID  minflt/s  majflt/s     VSZ     RSS   %MEM  Command
13:26:35        0     33861      0.00      0.00 1505456   46952   0.30  sync_slam_toolb

13:26:35      UID       PID    %usr %system  %guest   %wait    %CPU   CPU  Command
13:26:36        0     33861    5.00    1.00    0.00    0.00    6.00     7  sync_slam_toolb

13:26:35      UID       PID  minflt/s  majflt/s     VSZ     RSS   %MEM  Command
13:26:36        0     33861      0.00      0.00 1505456   46952   0.30  sync_slam_toolb

13:26:36      UID       PID    %usr %system  %guest   %wait    %CPU   CPU  Command
13:26:37        0     33861    8.00    1.00    0.00    0.00    9.00     7  sync_slam_toolb

13:26:36      UID       PID  minflt/s  majflt/s     VSZ     RSS   %MEM  Command
13:26:37        0     33861      6.00      0.00 1505456   46952   0.30  sync_slam_toolb

13:26:37      UID       PID    %usr %system  %guest   %wait    %CPU   CPU  Command
13:26:38        0     33861    6.00    0.00    0.00    0.00    6.00     7  sync_slam_toolb

13:26:37      UID       PID  minflt/s  majflt/s     VSZ     RSS   %MEM  Command
13:26:38        0     33861      0.00      0.00 1505456   46952   0.30  sync_slam_toolb

13:26:38      UID       PID    %usr %system  %guest   %wait    %CPU   CPU  Command
13:26:39        0     33861    8.00    1.00    0.00    0.00    9.00     7  sync_slam_toolb

13:26:38      UID       PID  minflt/s  majflt/s     VSZ     RSS   %MEM  Command
13:26:39        0     33861      6.00      0.00 1505456   46952   0.30  sync_slam_toolb

13:26:39      UID       PID    %usr %system  %guest   %wait    %CPU   CPU  Command
13:26:40        0     33861    5.00    1.00    0.00    0.00    6.00     7  sync_slam_toolb

13:26:39      UID       PID  minflt/s  majflt/s     VSZ     RSS   %MEM  Command
13:26:40        0     33861      0.00      0.00 1505456   46952   0.30  sync_slam_toolb

13:26:40      UID       PID    %usr %system  %guest   %wait    %CPU   CPU  Command
13:26:41        0     33861    7.00    3.00    0.00    0.00   10.00     7  sync_slam_toolb

13:26:40      UID       PID  minflt/s  majflt/s     VSZ     RSS   %MEM  Command
13:26:41        0     33861      6.00      0.00 1505456   46952   0.30  sync_slam_toolb

13:26:41      UID       PID    %usr %system  %guest   %wait    %CPU   CPU  Command
13:26:42        0     33861    5.00    1.00    0.00    0.00    6.00     4  sync_slam_toolb

13:26:41      UID       PID  minflt/s  majflt/s     VSZ     RSS   %MEM  Command
13:26:42        0     33861      0.00      0.00 1505456   46952   0.30  sync_slam_toolb

13:26:42      UID       PID    %usr %system  %guest   %wait    %CPU   CPU  Command
13:26:43        0     33861    5.00    1.00    0.00    0.00    6.00     2  sync_slam_toolb

13:26:42      UID       PID  minflt/s  majflt/s     VSZ     RSS   %MEM  Command
13:26:43        0     33861      0.00      0.00 1505456   46952   0.30  sync_slam_toolb

13:26:43      UID       PID    %usr %system  %guest   %wait    %CPU   CPU  Command
13:26:44        0     33861    9.00    1.00    0.00    0.00   10.00     8  sync_slam_toolb

13:26:43      UID       PID  minflt/s  majflt/s     VSZ     RSS   %MEM  Command
13:26:44        0     33861      6.00      0.00 1505456   46952   0.30  sync_slam_toolb

13:26:44      UID       PID    %usr %system  %guest   %wait    %CPU   CPU  Command
13:26:45        0     33861    6.00    0.00    0.00    0.00    6.00     0  sync_slam_toolb

13:26:44      UID       PID  minflt/s  majflt/s     VSZ     RSS   %MEM  Command
13:26:45        0     33861      0.00      0.00 1505456   46952   0.30  sync_slam_toolb

13:26:45      UID       PID    %usr %system  %guest   %wait    %CPU   CPU  Command
13:26:46        0     33861    4.00    2.00    0.00    0.00    6.00     0  sync_slam_toolb

13:26:45      UID       PID  minflt/s  majflt/s     VSZ     RSS   %MEM  Command
13:26:46        0     33861      0.00      0.00 1505456   46952   0.30  sync_slam_toolb

13:26:46      UID       PID    %usr %system  %guest   %wait    %CPU   CPU  Command
13:26:47        0     33861    5.00    1.00    0.00    0.00    6.00     0  sync_slam_toolb

13:26:46      UID       PID  minflt/s  majflt/s     VSZ     RSS   %MEM  Command
13:26:47        0     33861      0.00      0.00 1505456   46952   0.30  sync_slam_toolb

13:26:47      UID       PID    %usr %system  %guest   %wait    %CPU   CPU  Command
13:26:48        0     33861    5.00    1.00    0.00    0.00    6.00     0  sync_slam_toolb

13:26:47      UID       PID  minflt/s  majflt/s     VSZ     RSS   %MEM  Command
13:26:48        0     33861      0.00      0.00 1505456   46952   0.30  sync_slam_toolb

13:26:48      UID       PID    %usr %system  %guest   %wait    %CPU   CPU  Command
13:26:49        0     33861    6.00    0.00    0.00    0.00    6.00     0  sync_slam_toolb

13:26:48      UID       PID  minflt/s  majflt/s     VSZ     RSS   %MEM  Command
13:26:49        0     33861      0.00      0.00 1505456   46952   0.30  sync_slam_toolb

13:26:49      UID       PID    %usr %system  %guest   %wait    %CPU   CPU  Command
13:26:50        0     33861    5.00    1.00    0.00    0.00    6.00     0  sync_slam_toolb

13:26:49      UID       PID  minflt/s  majflt/s     VSZ     RSS   %MEM  Command
13:26:50        0     33861      0.00      0.00 1505456   46952   0.30  sync_slam_toolb

13:26:50      UID       PID    %usr %system  %guest   %wait    %CPU   CPU  Command
13:26:51        0     33861    5.00    2.00    0.00    0.00    7.00     4  sync_slam_toolb

13:26:50      UID       PID  minflt/s  majflt/s     VSZ     RSS   %MEM  Command
13:26:51        0     33861      0.00      0.00 1505456   46952   0.30  sync_slam_toolb

13:26:51      UID       PID    %usr %system  %guest   %wait    %CPU   CPU  Command
13:26:52        0     33861    5.00    0.00    0.00    0.00    5.00     4  sync_slam_toolb

13:26:51      UID       PID  minflt/s  majflt/s     VSZ     RSS   %MEM  Command
13:26:52        0     33861      0.00      0.00 1505456   46952   0.30  sync_slam_toolb

13:26:52      UID       PID    %usr %system  %guest   %wait    %CPU   CPU  Command
13:26:53        0     33861    6.00    1.00    0.00    0.00    7.00     0  sync_slam_toolb

13:26:52      UID       PID  minflt/s  majflt/s     VSZ     RSS   %MEM  Command
13:26:53        0     33861      0.00      0.00 1505456   46952   0.30  sync_slam_toolb

13:26:53      UID       PID    %usr %system  %guest   %wait    %CPU   CPU  Command
13:26:54        0     33861    5.00    1.00    0.00    0.00    6.00     0  sync_slam_toolb

13:26:53      UID       PID  minflt/s  majflt/s     VSZ     RSS   %MEM  Command
13:26:54        0     33861      0.00      0.00 1505456   46952   0.30  sync_slam_toolb

13:26:54      UID       PID    %usr %system  %guest   %wait    %CPU   CPU  Command
13:26:55        0     33861    5.00    1.00    0.00    0.00    6.00     2  sync_slam_toolb

13:26:54      UID       PID  minflt/s  majflt/s     VSZ     RSS   %MEM  Command
13:26:55        0     33861      0.00      0.00 1505456   46952   0.30  sync_slam_toolb

13:26:55      UID       PID    %usr %system  %guest   %wait    %CPU   CPU  Command
13:26:56        0     33861    5.00    1.00    0.00    0.00    6.00     0  sync_slam_toolb

13:26:55      UID       PID  minflt/s  majflt/s     VSZ     RSS   %MEM  Command
13:26:56        0     33861      0.00      0.00 1505456   46952   0.30  sync_slam_toolb

13:26:56      UID       PID    %usr %system  %guest   %wait    %CPU   CPU  Command
13:26:57        0     33861    6.00    0.00    0.00    0.00    6.00     2  sync_slam_toolb

13:26:56      UID       PID  minflt/s  majflt/s     VSZ     RSS   %MEM  Command
13:26:57        0     33861      0.00      0.00 1505456   46952   0.30  sync_slam_toolb

13:26:57      UID       PID    %usr %system  %guest   %wait    %CPU   CPU  Command
13:26:58        0     33861    5.00    2.00    0.00    0.00    7.00     2  sync_slam_toolb

13:26:57      UID       PID  minflt/s  majflt/s     VSZ     RSS   %MEM  Command
13:26:58        0     33861      0.00      0.00 1505456   46952   0.30  sync_slam_toolb

13:26:58      UID       PID    %usr %system  %guest   %wait    %CPU   CPU  Command
13:26:59        0     33861    7.00    2.00    0.00    0.00    9.00     0  sync_slam_toolb

13:26:58      UID       PID  minflt/s  majflt/s     VSZ     RSS   %MEM  Command
13:26:59        0     33861      6.00      0.00 1505456   46952   0.30  sync_slam_toolb

13:26:59      UID       PID    %usr %system  %guest   %wait    %CPU   CPU  Command
13:27:00        0     33861    6.00    1.00    0.00    0.00    7.00    10  sync_slam_toolb

13:26:59      UID       PID  minflt/s  majflt/s     VSZ     RSS   %MEM  Command
13:27:00        0     33861      0.00      0.00 1505456   46952   0.30  sync_slam_toolb

13:27:00      UID       PID    %usr %system  %guest   %wait    %CPU   CPU  Command
13:27:01        0     33861    6.00    0.00    0.00    0.00    6.00    10  sync_slam_toolb

13:27:00      UID       PID  minflt/s  majflt/s     VSZ     RSS   %MEM  Command
13:27:01        0     33861      0.00      0.00 1505456   46952   0.30  sync_slam_toolb

13:27:01      UID       PID    %usr %system  %guest   %wait    %CPU   CPU  Command
13:27:02        0     33861    8.00    1.00    0.00    0.00    9.00     2  sync_slam_toolb

13:27:01      UID       PID  minflt/s  majflt/s     VSZ     RSS   %MEM  Command
13:27:02        0     33861      6.00      0.00 1505456   46952   0.30  sync_slam_toolb

13:27:02      UID       PID    %usr %system  %guest   %wait    %CPU   CPU  Command
13:27:03        0     33861    5.00    1.00    0.00    0.00    6.00     2  sync_slam_toolb

13:27:02      UID       PID  minflt/s  majflt/s     VSZ     RSS   %MEM  Command
13:27:03        0     33861      0.00      0.00 1505456   46952   0.30  sync_slam_toolb

13:27:03      UID       PID    %usr %system  %guest   %wait    %CPU   CPU  Command
13:27:04        0     33861    9.00    1.00    0.00    0.00   10.00     0  sync_slam_toolb

13:27:03      UID       PID  minflt/s  majflt/s     VSZ     RSS   %MEM  Command
13:27:04        0     33861      6.00      0.00 1505456   46952   0.30  sync_slam_toolb

13:27:04      UID       PID    %usr %system  %guest   %wait    %CPU   CPU  Command
13:27:05        0     33861    6.00    1.00    0.00    0.00    7.00     2  sync_slam_toolb

13:27:04      UID       PID  minflt/s  majflt/s     VSZ     RSS   %MEM  Command
13:27:05        0     33861      0.00      0.00 1505456   46952   0.30  sync_slam_toolb

13:27:05      UID       PID    %usr %system  %guest   %wait    %CPU   CPU  Command
13:27:06        0     33861    6.00    0.00    0.00    0.00    6.00     0  sync_slam_toolb

13:27:05      UID       PID  minflt/s  majflt/s     VSZ     RSS   %MEM  Command
13:27:06        0     33861      0.00      0.00 1505456   46952   0.30  sync_slam_toolb

13:27:06      UID       PID    %usr %system  %guest   %wait    %CPU   CPU  Command
13:27:07        0     33861    5.00    1.00    0.00    0.00    6.00     4  sync_slam_toolb

13:27:06      UID       PID  minflt/s  majflt/s     VSZ     RSS   %MEM  Command
13:27:07        0     33861      0.00      0.00 1505456   46952   0.30  sync_slam_toolb

13:27:07      UID       PID    %usr %system  %guest   %wait    %CPU   CPU  Command
13:27:08        0     33861    8.00    1.00    0.00    0.00    9.00     0  sync_slam_toolb

13:27:07      UID       PID  minflt/s  majflt/s     VSZ     RSS   %MEM  Command
13:27:08        0     33861      5.00      0.00 1505456   46952   0.30  sync_slam_toolb

13:27:08      UID       PID    %usr %system  %guest   %wait    %CPU   CPU  Command
13:27:09        0     33861    6.00    1.00    0.00    0.00    7.00     4  sync_slam_toolb

13:27:08      UID       PID  minflt/s  majflt/s     VSZ     RSS   %MEM  Command
13:27:09        0     33861      0.00      0.00 1505456   46952   0.30  sync_slam_toolb

13:27:09      UID       PID    %usr %system  %guest   %wait    %CPU   CPU  Command
13:27:10        0     33861    5.00    1.00    0.00    0.00    6.00     2  sync_slam_toolb

13:27:09      UID       PID  minflt/s  majflt/s     VSZ     RSS   %MEM  Command
13:27:10        0     33861      0.00      0.00 1505456   46952   0.30  sync_slam_toolb

13:27:10      UID       PID    %usr %system  %guest   %wait    %CPU   CPU  Command
13:27:11        0     33861    5.00    1.00    0.00    0.00    6.00     4  sync_slam_toolb

13:27:10      UID       PID  minflt/s  majflt/s     VSZ     RSS   %MEM  Command
13:27:11        0     33861      0.00      0.00 1505456   46952   0.30  sync_slam_toolb

13:27:11      UID       PID    %usr %system  %guest   %wait    %CPU   CPU  Command
13:27:12        0     33861    9.00    0.00    0.00    0.00    9.00     8  sync_slam_toolb

13:27:11      UID       PID  minflt/s  majflt/s     VSZ     RSS   %MEM  Command
13:27:12        0     33861      7.00      0.00 1505456   47080   0.30  sync_slam_toolb

13:27:12      UID       PID    %usr %system  %guest   %wait    %CPU   CPU  Command
13:27:13        0     33861    6.00    1.00    0.00    0.00    7.00     4  sync_slam_toolb

13:27:12      UID       PID  minflt/s  majflt/s     VSZ     RSS   %MEM  Command
13:27:13        0     33861      2.00      0.00 1505456   47080   0.30  sync_slam_toolb

13:27:13      UID       PID    %usr %system  %guest   %wait    %CPU   CPU  Command
13:27:14        0     33861    6.00    1.00    0.00    0.00    7.00     2  sync_slam_toolb

13:27:13      UID       PID  minflt/s  majflt/s     VSZ     RSS   %MEM  Command
13:27:14        0     33861      0.00      0.00 1505456   47080   0.30  sync_slam_toolb

13:27:14      UID       PID    %usr %system  %guest   %wait    %CPU   CPU  Command
13:27:15        0     33861    9.00    0.00    0.00    0.00    9.00     2  sync_slam_toolb

13:27:14      UID       PID  minflt/s  majflt/s     VSZ     RSS   %MEM  Command
13:27:15        0     33861      4.00      0.00 1505456   47080   0.30  sync_slam_toolb

13:27:15      UID       PID    %usr %system  %guest   %wait    %CPU   CPU  Command
13:27:16        0     33861    6.00    1.00    0.00    0.00    7.00     4  sync_slam_toolb

13:27:15      UID       PID  minflt/s  majflt/s     VSZ     RSS   %MEM  Command
13:27:16        0     33861      0.00      0.00 1505456   47080   0.30  sync_slam_toolb

13:27:16      UID       PID    %usr %system  %guest   %wait    %CPU   CPU  Command
13:27:17        0     33861    4.00    1.00    0.00    0.00    5.00     2  sync_slam_toolb

13:27:16      UID       PID  minflt/s  majflt/s     VSZ     RSS   %MEM  Command
13:27:17        0     33861      0.00      0.00 1505456   47080   0.30  sync_slam_toolb

13:27:17      UID       PID    %usr %system  %guest   %wait    %CPU   CPU  Command
13:27:18        0     33861    8.00    2.00    0.00    0.00   10.00     2  sync_slam_toolb

13:27:17      UID       PID  minflt/s  majflt/s     VSZ     RSS   %MEM  Command
13:27:18        0     33861      5.00      0.00 1505456   47080   0.30  sync_slam_toolb

13:27:18      UID       PID    %usr %system  %guest   %wait    %CPU   CPU  Command
13:27:19        0     33861    6.00    0.00    0.00    0.00    6.00     6  sync_slam_toolb

13:27:18      UID       PID  minflt/s  majflt/s     VSZ     RSS   %MEM  Command
13:27:19        0     33861      0.00      0.00 1505456   47080   0.30  sync_slam_toolb

13:27:19      UID       PID    %usr %system  %guest   %wait    %CPU   CPU  Command
13:27:20        0     33861    9.00    1.00    0.00    0.00   10.00     0  sync_slam_toolb

13:27:19      UID       PID  minflt/s  majflt/s     VSZ     RSS   %MEM  Command
13:27:20        0     33861      9.00      0.00 1505456   47080   0.30  sync_slam_toolb

13:27:20      UID       PID    %usr %system  %guest   %wait    %CPU   CPU  Command
13:27:21        0     33861    5.00    1.00    0.00    0.00    6.00     2  sync_slam_toolb

13:27:20      UID       PID  minflt/s  majflt/s     VSZ     RSS   %MEM  Command
13:27:21        0     33861      0.00      0.00 1505456   47080   0.30  sync_slam_toolb

13:27:21      UID       PID    %usr %system  %guest   %wait    %CPU   CPU  Command
13:27:22        0     33861    9.00    1.00    0.00    0.00   10.00     2  sync_slam_toolb

13:27:21      UID       PID  minflt/s  majflt/s     VSZ     RSS   %MEM  Command
13:27:22        0     33861      4.00      0.00 1505456   47080   0.30  sync_slam_toolb

13:27:22      UID       PID    %usr %system  %guest   %wait    %CPU   CPU  Command
13:27:23        0     33861    5.00    1.00    0.00    0.00    6.00     0  sync_slam_toolb

13:27:22      UID       PID  minflt/s  majflt/s     VSZ     RSS   %MEM  Command
13:27:23        0     33861      0.00      0.00 1505456   47080   0.30  sync_slam_toolb

13:27:23      UID       PID    %usr %system  %guest   %wait    %CPU   CPU  Command
13:27:24        0     33861    9.00    1.00    0.00    0.00   10.00     0  sync_slam_toolb

13:27:23      UID       PID  minflt/s  majflt/s     VSZ     RSS   %MEM  Command
13:27:24        0     33861      5.00      0.00 1505456   47080   0.30  sync_slam_toolb

13:27:24      UID       PID    %usr %system  %guest   %wait    %CPU   CPU  Command
13:27:25        0     33861    5.00    2.00    0.00    0.00    7.00     0  sync_slam_toolb

13:27:24      UID       PID  minflt/s  majflt/s     VSZ     RSS   %MEM  Command
13:27:25        0     33861      0.00      0.00 1505456   47080   0.30  sync_slam_toolb

13:27:25      UID       PID    %usr %system  %guest   %wait    %CPU   CPU  Command
13:27:26        0     33861    9.00    0.00    0.00    0.00    9.00     8  sync_slam_toolb

13:27:25      UID       PID  minflt/s  majflt/s     VSZ     RSS   %MEM  Command
13:27:26        0     33861      9.00      0.00 1505456   47080   0.30  sync_slam_toolb

13:27:26      UID       PID    %usr %system  %guest   %wait    %CPU   CPU  Command
13:27:27        0     33861    5.00    1.00    0.00    0.00    6.00     0  sync_slam_toolb

13:27:26      UID       PID  minflt/s  majflt/s     VSZ     RSS   %MEM  Command
13:27:27        0     33861      0.00      0.00 1505456   47080   0.30  sync_slam_toolb

13:27:27      UID       PID    %usr %system  %guest   %wait    %CPU   CPU  Command
13:27:28        0     33861    6.00    1.00    0.00    0.00    7.00     2  sync_slam_toolb

13:27:27      UID       PID  minflt/s  majflt/s     VSZ     RSS   %MEM  Command
13:27:28        0     33861      0.00      0.00 1505456   47080   0.30  sync_slam_toolb

13:27:28      UID       PID    %usr %system  %guest   %wait    %CPU   CPU  Command
13:27:29        0     33861   28.00    1.00    0.00    0.00   29.00     2  sync_slam_toolb

13:27:28      UID       PID  minflt/s  majflt/s     VSZ     RSS   %MEM  Command
13:27:29        0     33861   1162.00      1.00 2160880   48348   0.31  sync_slam_toolb

13:27:29      UID       PID    %usr %system  %guest   %wait    %CPU   CPU  Command
13:27:30        0     33861    5.00    1.00    0.00    0.00    6.00    14  sync_slam_toolb

13:27:29      UID       PID  minflt/s  majflt/s     VSZ     RSS   %MEM  Command
13:27:30        0     33861      0.00      0.00 2160880   48348   0.31  sync_slam_toolb

13:27:30      UID       PID    %usr %system  %guest   %wait    %CPU   CPU  Command
13:27:31        0     33861    5.00    2.00    0.00    0.00    7.00     0  sync_slam_toolb

13:27:30      UID       PID  minflt/s  majflt/s     VSZ     RSS   %MEM  Command
13:27:31        0     33861      0.00      0.00 2160880   48348   0.31  sync_slam_toolb

13:27:31      UID       PID    %usr %system  %guest   %wait    %CPU   CPU  Command
13:27:32        0     33861    7.00    2.00    0.00    0.00    9.00     0  sync_slam_toolb

13:27:31      UID       PID  minflt/s  majflt/s     VSZ     RSS   %MEM  Command
13:27:32        0     33861     30.00      0.00 2160880   48476   0.31  sync_slam_toolb

13:27:32      UID       PID    %usr %system  %guest   %wait    %CPU   CPU  Command
13:27:33        0     33861    5.00    2.00    0.00    0.00    7.00     6  sync_slam_toolb

13:27:32      UID       PID  minflt/s  majflt/s     VSZ     RSS   %MEM  Command
13:27:33        0     33861      0.00      0.00 2160880   48476   0.31  sync_slam_toolb

13:27:33      UID       PID    %usr %system  %guest   %wait    %CPU   CPU  Command
13:27:34        0     33861    5.00    1.00    0.00    0.00    6.00     6  sync_slam_toolb

13:27:33      UID       PID  minflt/s  majflt/s     VSZ     RSS   %MEM  Command
13:27:34        0     33861      0.00      0.00 2160880   48476   0.31  sync_slam_toolb

13:27:34      UID       PID    %usr %system  %guest   %wait    %CPU   CPU  Command
13:27:35        0     33861    5.00    1.00    0.00    0.00    6.00    10  sync_slam_toolb

13:27:34      UID       PID  minflt/s  majflt/s     VSZ     RSS   %MEM  Command
13:27:35        0     33861      0.00      0.00 2160880   48476   0.31  sync_slam_toolb

13:27:35      UID       PID    %usr %system  %guest   %wait    %CPU   CPU  Command
13:27:36        0     33861    4.95    1.98    0.00    0.00    6.93     4  sync_slam_toolb

13:27:35      UID       PID  minflt/s  majflt/s     VSZ     RSS   %MEM  Command
13:27:36        0     33861      0.00      0.00 2160880   48476   0.31  sync_slam_toolb

13:27:36      UID       PID    %usr %system  %guest   %wait    %CPU   CPU  Command
13:27:37        0     33861    7.00    2.00    0.00    0.00    9.00     4  sync_slam_toolb

13:27:36      UID       PID  minflt/s  majflt/s     VSZ     RSS   %MEM  Command
13:27:37        0     33861      0.00      0.00 2160880   48476   0.31  sync_slam_toolb

13:27:37      UID       PID    %usr %system  %guest   %wait    %CPU   CPU  Command
13:27:38        0     33861    5.00    1.00    0.00    0.00    6.00     8  sync_slam_toolb

13:27:37      UID       PID  minflt/s  majflt/s     VSZ     RSS   %MEM  Command
13:27:38        0     33861      0.00      0.00 2160880   48476   0.31  sync_slam_toolb

13:27:38      UID       PID    %usr %system  %guest   %wait    %CPU   CPU  Command
13:27:39        0     33861    5.00    2.00    0.00    0.00    7.00     8  sync_slam_toolb

13:27:38      UID       PID  minflt/s  majflt/s     VSZ     RSS   %MEM  Command
13:27:39        0     33861      0.00      0.00 2160880   48476   0.31  sync_slam_toolb

13:27:39      UID       PID    %usr %system  %guest   %wait    %CPU   CPU  Command
13:27:40        0     33861    8.00    1.00    0.00    0.00    9.00     6  sync_slam_toolb

13:27:39      UID       PID  minflt/s  majflt/s     VSZ     RSS   %MEM  Command
13:27:40        0     33861      0.00      0.00 2160880   48476   0.31  sync_slam_toolb

13:27:40      UID       PID    %usr %system  %guest   %wait    %CPU   CPU  Command
13:27:41        0     33861    5.00    2.00    0.00    0.00    7.00     6  sync_slam_toolb

13:27:40      UID       PID  minflt/s  majflt/s     VSZ     RSS   %MEM  Command
13:27:41        0     33861      0.00      0.00 2160880   48476   0.31  sync_slam_toolb

13:27:41      UID       PID    %usr %system  %guest   %wait    %CPU   CPU  Command
13:27:42        0     33861    8.00    2.00    0.00    0.00   10.00     6  sync_slam_toolb

13:27:41      UID       PID  minflt/s  majflt/s     VSZ     RSS   %MEM  Command
13:27:42        0     33861      5.00      0.00 2160880   48476   0.31  sync_slam_toolb

13:27:42      UID       PID    %usr %system  %guest   %wait    %CPU   CPU  Command
13:27:43        0     33861    4.00    1.00    0.00    0.00    5.00    10  sync_slam_toolb

13:27:42      UID       PID  minflt/s  majflt/s     VSZ     RSS   %MEM  Command
13:27:43        0     33861      0.00      0.00 2160880   48476   0.31  sync_slam_toolb

13:27:43      UID       PID    %usr %system  %guest   %wait    %CPU   CPU  Command
13:27:44        0     33861    5.00    2.00    0.00    0.00    7.00     2  sync_slam_toolb

13:27:43      UID       PID  minflt/s  majflt/s     VSZ     RSS   %MEM  Command
13:27:44        0     33861      0.00      0.00 2160880   48476   0.31  sync_slam_toolb

13:27:44      UID       PID    %usr %system  %guest   %wait    %CPU   CPU  Command
13:27:45        0     33861    9.00    1.00    0.00    0.00   10.00     4  sync_slam_toolb

13:27:44      UID       PID  minflt/s  majflt/s     VSZ     RSS   %MEM  Command
13:27:45        0     33861      6.00      0.00 2160880   48476   0.31  sync_slam_toolb

13:27:45      UID       PID    %usr %system  %guest   %wait    %CPU   CPU  Command
13:27:46        0     33861    6.00    1.00    0.00    0.00    7.00     6  sync_slam_toolb

13:27:45      UID       PID  minflt/s  majflt/s     VSZ     RSS   %MEM  Command
13:27:46        0     33861      0.00      0.00 2160880   48476   0.31  sync_slam_toolb

13:27:46      UID       PID    %usr %system  %guest   %wait    %CPU   CPU  Command
13:27:47        0     33861    9.00    1.00    0.00    0.00   10.00    11  sync_slam_toolb

13:27:46      UID       PID  minflt/s  majflt/s     VSZ     RSS   %MEM  Command
13:27:47        0     33861      6.00      0.00 2160880   48604   0.31  sync_slam_toolb

13:27:47      UID       PID    %usr %system  %guest   %wait    %CPU   CPU  Command
13:27:48        0     33861    6.00    1.00    0.00    0.00    7.00     8  sync_slam_toolb

13:27:47      UID       PID  minflt/s  majflt/s     VSZ     RSS   %MEM  Command
13:27:48        0     33861      0.00      0.00 2160880   48604   0.31  sync_slam_toolb

13:27:48      UID       PID    %usr %system  %guest   %wait    %CPU   CPU  Command
13:27:49        0     33861    5.00    2.00    0.00    0.00    7.00     6  sync_slam_toolb

13:27:48      UID       PID  minflt/s  majflt/s     VSZ     RSS   %MEM  Command
13:27:49        0     33861      0.00      0.00 2160880   48604   0.31  sync_slam_toolb

13:27:49      UID       PID    %usr %system  %guest   %wait    %CPU   CPU  Command
13:27:50        0     33861    7.00    2.00    0.00    0.00    9.00     0  sync_slam_toolb

13:27:49      UID       PID  minflt/s  majflt/s     VSZ     RSS   %MEM  Command
13:27:50        0     33861      6.00      0.00 2160880   48604   0.31  sync_slam_toolb

13:27:50      UID       PID    %usr %system  %guest   %wait    %CPU   CPU  Command
13:27:51        0     33861    6.00    1.00    0.00    0.00    7.00     2  sync_slam_toolb

13:27:50      UID       PID  minflt/s  majflt/s     VSZ     RSS   %MEM  Command
13:27:51        0     33861      0.00      0.00 2160880   48604   0.31  sync_slam_toolb

13:27:51      UID       PID    %usr %system  %guest   %wait    %CPU   CPU  Command
13:27:52        0     33861   10.00    1.00    0.00    0.00   11.00    14  sync_slam_toolb

13:27:51      UID       PID  minflt/s  majflt/s     VSZ     RSS   %MEM  Command
13:27:52        0     33861      6.00      0.00 2160880   48604   0.31  sync_slam_toolb

13:27:52      UID       PID    %usr %system  %guest   %wait    %CPU   CPU  Command
13:27:53        0     33861    4.00    2.00    0.00    0.00    6.00    14  sync_slam_toolb

13:27:52      UID       PID  minflt/s  majflt/s     VSZ     RSS   %MEM  Command
13:27:53        0     33861      0.00      0.00 2160880   48604   0.31  sync_slam_toolb

13:27:53      UID       PID    %usr %system  %guest   %wait    %CPU   CPU  Command
13:27:54        0     33861    9.00    3.00    0.00    0.00   12.00    14  sync_slam_toolb

13:27:53      UID       PID  minflt/s  majflt/s     VSZ     RSS   %MEM  Command
13:27:54        0     33861      4.00      0.00 2160880   48604   0.31  sync_slam_toolb

13:27:54      UID       PID    %usr %system  %guest   %wait    %CPU   CPU  Command
13:27:55        0     33861    4.00    2.00    0.00    0.00    6.00    14  sync_slam_toolb

13:27:54      UID       PID  minflt/s  majflt/s     VSZ     RSS   %MEM  Command
13:27:55        0     33861      0.00      0.00 2160880   48604   0.31  sync_slam_toolb

13:27:55      UID       PID    %usr %system  %guest   %wait    %CPU   CPU  Command
13:27:56        0     33861    5.00    2.00    0.00    0.00    7.00    14  sync_slam_toolb

13:27:55      UID       PID  minflt/s  majflt/s     VSZ     RSS   %MEM  Command
13:27:56        0     33861      0.00      0.00 2160880   48604   0.31  sync_slam_toolb

13:27:56      UID       PID    %usr %system  %guest   %wait    %CPU   CPU  Command
13:27:57        0     33861    8.00    2.00    0.00    0.00   10.00    14  sync_slam_toolb

13:27:56      UID       PID  minflt/s  majflt/s     VSZ     RSS   %MEM  Command
13:27:57        0     33861      5.00      0.00 2160880   48732   0.31  sync_slam_toolb

13:27:57      UID       PID    %usr %system  %guest   %wait    %CPU   CPU  Command
13:27:58        0     33861    5.00    1.00    0.00    0.00    6.00     0  sync_slam_toolb

13:27:57      UID       PID  minflt/s  majflt/s     VSZ     RSS   %MEM  Command
13:27:58        0     33861      0.00      0.00 2160880   48732   0.31  sync_slam_toolb

13:27:58      UID       PID    %usr %system  %guest   %wait    %CPU   CPU  Command
13:27:59        0     33861    9.00    2.00    0.00    0.00   11.00    10  sync_slam_toolb

13:27:58      UID       PID  minflt/s  majflt/s     VSZ     RSS   %MEM  Command
13:27:59        0     33861     16.00      0.00 2160880   48732   0.31  sync_slam_toolb

13:27:59      UID       PID    %usr %system  %guest   %wait    %CPU   CPU  Command
13:28:00        0     33861    5.00    2.00    0.00    0.00    7.00     0  sync_slam_toolb

13:27:59      UID       PID  minflt/s  majflt/s     VSZ     RSS   %MEM  Command
13:28:00        0     33861      1.00      0.00 2160880   48732   0.31  sync_slam_toolb

13:28:00      UID       PID    %usr %system  %guest   %wait    %CPU   CPU  Command
13:28:01        0     33861    8.00    2.00    0.00    0.00   10.00     0  sync_slam_toolb

13:28:00      UID       PID  minflt/s  majflt/s     VSZ     RSS   %MEM  Command
13:28:01        0     33861      4.00      0.00 2160880   48732   0.31  sync_slam_toolb

13:28:01      UID       PID    %usr %system  %guest   %wait    %CPU   CPU  Command
13:28:02        0     33861    6.00    1.00    0.00    0.00    7.00     4  sync_slam_toolb

13:28:01      UID       PID  minflt/s  majflt/s     VSZ     RSS   %MEM  Command
13:28:02        0     33861     41.00      0.00 2160880   48860   0.31  sync_slam_toolb

13:28:02      UID       PID    %usr %system  %guest   %wait    %CPU   CPU  Command
13:28:03        0     33861    5.00    2.00    0.00    0.00    7.00     5  sync_slam_toolb

13:28:02      UID       PID  minflt/s  majflt/s     VSZ     RSS   %MEM  Command
13:28:03        0     33861      0.00      0.00 2160880   48860   0.31  sync_slam_toolb

13:28:03      UID       PID    %usr %system  %guest   %wait    %CPU   CPU  Command
13:28:04        0     33861    5.00    1.00    0.00    0.00    6.00     2  sync_slam_toolb

13:28:03      UID       PID  minflt/s  majflt/s     VSZ     RSS   %MEM  Command
13:28:04        0     33861      0.00      0.00 2160880   48860   0.31  sync_slam_toolb

13:28:04      UID       PID    %usr %system  %guest   %wait    %CPU   CPU  Command
13:28:05        0     33861    9.00    1.00    0.00    0.00   10.00    14  sync_slam_toolb

13:28:04      UID       PID  minflt/s  majflt/s     VSZ     RSS   %MEM  Command
13:28:05        0     33861      7.00      0.00 2160880   48988   0.31  sync_slam_toolb

13:28:05      UID       PID    %usr %system  %guest   %wait    %CPU   CPU  Command
13:28:06        0     33861    9.00    2.00    0.00    0.00   11.00     2  sync_slam_toolb

13:28:05      UID       PID  minflt/s  majflt/s     VSZ     RSS   %MEM  Command
13:28:06        0     33861      8.00      0.00 2161012   48988   0.31  sync_slam_toolb

13:28:06      UID       PID    %usr %system  %guest   %wait    %CPU   CPU  Command
13:28:07        0     33861    5.00    2.00    0.00    0.00    7.00     8  sync_slam_toolb

13:28:06      UID       PID  minflt/s  majflt/s     VSZ     RSS   %MEM  Command
13:28:07        0     33861      2.00      0.00 2161012   48988   0.31  sync_slam_toolb

13:28:07      UID       PID    %usr %system  %guest   %wait    %CPU   CPU  Command
13:28:08        0     33861    9.00    1.00    0.00    0.00   10.00     8  sync_slam_toolb

13:28:07      UID       PID  minflt/s  majflt/s     VSZ     RSS   %MEM  Command
13:28:08        0     33861     20.00      0.00 2161012   49116   0.32  sync_slam_toolb

13:28:08      UID       PID    %usr %system  %guest   %wait    %CPU   CPU  Command
13:28:09        0     33861    5.00    2.00    0.00    0.00    7.00    10  sync_slam_toolb

13:28:08      UID       PID  minflt/s  majflt/s     VSZ     RSS   %MEM  Command
13:28:09        0     33861      0.00      0.00 2161012   49116   0.32  sync_slam_toolb

13:28:09      UID       PID    %usr %system  %guest   %wait    %CPU   CPU  Command
13:28:10        0     33861    8.00    2.00    0.00    0.00   10.00    12  sync_slam_toolb

13:28:09      UID       PID  minflt/s  majflt/s     VSZ     RSS   %MEM  Command
13:28:10        0     33861      6.00      0.00 2161012   49244   0.32  sync_slam_toolb

13:28:10      UID       PID    %usr %system  %guest   %wait    %CPU   CPU  Command
13:28:11        0     33861    6.00    1.00    0.00    0.00    7.00     0  sync_slam_toolb

13:28:10      UID       PID  minflt/s  majflt/s     VSZ     RSS   %MEM  Command
13:28:11        0     33861     37.00      0.00 2161012   49372   0.32  sync_slam_toolb

13:28:11      UID       PID    %usr %system  %guest   %wait    %CPU   CPU  Command
13:28:12        0     33861    6.00    1.00    0.00    0.00    7.00    12  sync_slam_toolb

13:28:11      UID       PID  minflt/s  majflt/s     VSZ     RSS   %MEM  Command
13:28:12        0     33861      1.00      0.00 2161012   49372   0.32  sync_slam_toolb

13:28:12      UID       PID    %usr %system  %guest   %wait    %CPU   CPU  Command
13:28:13        0     33861    4.00    2.00    0.00    0.00    6.00    12  sync_slam_toolb

13:28:12      UID       PID  minflt/s  majflt/s     VSZ     RSS   %MEM  Command
13:28:13        0     33861      0.00      0.00 2161012   49372   0.32  sync_slam_toolb

13:28:13      UID       PID    %usr %system  %guest   %wait    %CPU   CPU  Command
13:28:14        0     33861   10.00    1.00    0.00    0.00   11.00     0  sync_slam_toolb

13:28:13      UID       PID  minflt/s  majflt/s     VSZ     RSS   %MEM  Command
13:28:14        0     33861      5.00      0.00 2161012   49372   0.32  sync_slam_toolb

13:28:14      UID       PID    %usr %system  %guest   %wait    %CPU   CPU  Command
13:28:15        0     33861    4.00    3.00    0.00    0.00    7.00     4  sync_slam_toolb

13:28:14      UID       PID  minflt/s  majflt/s     VSZ     RSS   %MEM  Command
13:28:15        0     33861      0.00      0.00 2161012   49372   0.32  sync_slam_toolb

13:28:15      UID       PID    %usr %system  %guest   %wait    %CPU   CPU  Command
13:28:16        0     33861    7.00    0.00    0.00    0.00    7.00    14  sync_slam_toolb

13:28:15      UID       PID  minflt/s  majflt/s     VSZ     RSS   %MEM  Command
13:28:16        0     33861      0.00      0.00 2161012   49372   0.32  sync_slam_toolb

13:28:16      UID       PID    %usr %system  %guest   %wait    %CPU   CPU  Command
13:28:17        0     33861    9.00    2.00    0.00    0.00   11.00     8  sync_slam_toolb

13:28:16      UID       PID  minflt/s  majflt/s     VSZ     RSS   %MEM  Command
13:28:17        0     33861      6.00      0.00 2161012   49372   0.32  sync_slam_toolb

13:28:17      UID       PID    %usr %system  %guest   %wait    %CPU   CPU  Command
13:28:18        0     33861    4.00    2.00    0.00    0.00    6.00     8  sync_slam_toolb

13:28:17      UID       PID  minflt/s  majflt/s     VSZ     RSS   %MEM  Command
13:28:18        0     33861      0.00      0.00 2161012   49372   0.32  sync_slam_toolb

13:28:18      UID       PID    %usr %system  %guest   %wait    %CPU   CPU  Command
13:28:19        0     33861    6.00    2.00    0.00    0.00    8.00     7  sync_slam_toolb

13:28:18      UID       PID  minflt/s  majflt/s     VSZ     RSS   %MEM  Command
13:28:19        0     33861      0.00      0.00 2161012   49372   0.32  sync_slam_toolb

13:28:19      UID       PID    %usr %system  %guest   %wait    %CPU   CPU  Command
13:28:20        0     33861    8.00    1.00    0.00    0.00    9.00     7  sync_slam_toolb

13:28:19      UID       PID  minflt/s  majflt/s     VSZ     RSS   %MEM  Command
13:28:20        0     33861      7.00      0.00 2161012   49372   0.32  sync_slam_toolb

13:28:20      UID       PID    %usr %system  %guest   %wait    %CPU   CPU  Command
13:28:21        0     33861    6.00    2.00    0.00    0.00    8.00     7  sync_slam_toolb

13:28:20      UID       PID  minflt/s  majflt/s     VSZ     RSS   %MEM  Command
13:28:21        0     33861      0.00      0.00 2161012   49372   0.32  sync_slam_toolb

13:28:21      UID       PID    %usr %system  %guest   %wait    %CPU   CPU  Command
13:28:22        0     33861    9.00    2.00    0.00    0.00   11.00     7  sync_slam_toolb

13:28:21      UID       PID  minflt/s  majflt/s     VSZ     RSS   %MEM  Command
13:28:22        0     33861      7.00      0.00 2161012   49500   0.32  sync_slam_toolb

13:28:22      UID       PID    %usr %system  %guest   %wait    %CPU   CPU  Command
13:28:23        0     33861    5.00    1.00    0.00    0.00    6.00     7  sync_slam_toolb

13:28:22      UID       PID  minflt/s  majflt/s     VSZ     RSS   %MEM  Command
13:28:23        0     33861      0.00      0.00 2161012   49500   0.32  sync_slam_toolb

13:28:23      UID       PID    %usr %system  %guest   %wait    %CPU   CPU  Command
13:28:24        0     33861    5.00    2.00    0.00    0.00    7.00     7  sync_slam_toolb

13:28:23      UID       PID  minflt/s  majflt/s     VSZ     RSS   %MEM  Command
13:28:24        0     33861      0.00      0.00 2161012   49500   0.32  sync_slam_toolb

13:28:24      UID       PID    %usr %system  %guest   %wait    %CPU   CPU  Command
13:28:25        0     33861    8.00    2.00    0.00    0.00   10.00     0  sync_slam_toolb

13:28:24      UID       PID  minflt/s  majflt/s     VSZ     RSS   %MEM  Command
13:28:25        0     33861      6.00      0.00 2161012   49500   0.32  sync_slam_toolb

13:28:25      UID       PID    %usr %system  %guest   %wait    %CPU   CPU  Command
13:28:26        0     33861    6.00    2.00    0.00    0.00    8.00     0  sync_slam_toolb

13:28:25      UID       PID  minflt/s  majflt/s     VSZ     RSS   %MEM  Command
13:28:26        0     33861      0.00      0.00 2161012   49500   0.32  sync_slam_toolb

13:28:26      UID       PID    %usr %system  %guest   %wait    %CPU   CPU  Command
13:28:27        0     33861    5.00    2.00    0.00    0.00    7.00     7  sync_slam_toolb

13:28:26      UID       PID  minflt/s  majflt/s     VSZ     RSS   %MEM  Command
13:28:27        0     33861      0.00      0.00 2161012   49500   0.32  sync_slam_toolb

13:28:27      UID       PID    %usr %system  %guest   %wait    %CPU   CPU  Command
13:28:28        0     33861    9.00    1.00    0.00    0.00   10.00     7  sync_slam_toolb

13:28:27      UID       PID  minflt/s  majflt/s     VSZ     RSS   %MEM  Command
13:28:28        0     33861      6.00      0.00 2161012   49500   0.32  sync_slam_toolb

13:28:28      UID       PID    %usr %system  %guest   %wait    %CPU   CPU  Command
13:28:29        0     33861    6.00    1.00    0.00    0.00    7.00     7  sync_slam_toolb

13:28:28      UID       PID  minflt/s  majflt/s     VSZ     RSS   %MEM  Command
13:28:29        0     33861      0.00      0.00 2161012   49500   0.32  sync_slam_toolb

13:28:29      UID       PID    %usr %system  %guest   %wait    %CPU   CPU  Command
13:28:30        0     33861    8.00    2.00    0.00    0.00   10.00     7  sync_slam_toolb

13:28:29      UID       PID  minflt/s  majflt/s     VSZ     RSS   %MEM  Command
13:28:30        0     33861      6.00      0.00 2161012   49500   0.32  sync_slam_toolb

13:28:30      UID       PID    %usr %system  %guest   %wait    %CPU   CPU  Command
13:28:31        0     33861    6.00    1.00    0.00    0.00    7.00    12  sync_slam_toolb

13:28:30      UID       PID  minflt/s  majflt/s     VSZ     RSS   %MEM  Command
13:28:31        0     33861      0.00      0.00 2161012   49500   0.32  sync_slam_toolb

13:28:31      UID       PID    %usr %system  %guest   %wait    %CPU   CPU  Command
13:28:32        0     33861    9.00    2.00    0.00    0.00   11.00     7  sync_slam_toolb

13:28:31      UID       PID  minflt/s  majflt/s     VSZ     RSS   %MEM  Command
13:28:32        0     33861      6.00      0.00 2161012   49628   0.32  sync_slam_toolb

13:28:32      UID       PID    %usr %system  %guest   %wait    %CPU   CPU  Command
13:28:33        0     33861    5.00    2.00    0.00    0.00    7.00     6  sync_slam_toolb

13:28:32      UID       PID  minflt/s  majflt/s     VSZ     RSS   %MEM  Command
13:28:33        0     33861      0.00      0.00 2161012   49628   0.32  sync_slam_toolb

13:28:33      UID       PID    %usr %system  %guest   %wait    %CPU   CPU  Command
13:28:34        0     33861    5.00    1.00    0.00    0.00    6.00     7  sync_slam_toolb

13:28:33      UID       PID  minflt/s  majflt/s     VSZ     RSS   %MEM  Command
13:28:34        0     33861      0.00      0.00 2161012   49628   0.32  sync_slam_toolb

13:28:34      UID       PID    %usr %system  %guest   %wait    %CPU   CPU  Command
13:28:35        0     33861    9.00    2.00    0.00    0.00   11.00     7  sync_slam_toolb

13:28:34      UID       PID  minflt/s  majflt/s     VSZ     RSS   %MEM  Command
13:28:35        0     33861      6.00      0.00 2161012   49628   0.32  sync_slam_toolb

13:28:35      UID       PID    %usr %system  %guest   %wait    %CPU   CPU  Command
13:28:36        0     33861    5.00    1.00    0.00    0.00    6.00     7  sync_slam_toolb

13:28:35      UID       PID  minflt/s  majflt/s     VSZ     RSS   %MEM  Command
13:28:36        0     33861      0.00      0.00 2161012   49628   0.32  sync_slam_toolb

13:28:36      UID       PID    %usr %system  %guest   %wait    %CPU   CPU  Command
13:28:37        0     33861   10.00    1.00    0.00    0.00   11.00    12  sync_slam_toolb

13:28:36      UID       PID  minflt/s  majflt/s     VSZ     RSS   %MEM  Command
13:28:37        0     33861      6.00      0.00 2161012   49756   0.32  sync_slam_toolb

13:28:37      UID       PID    %usr %system  %guest   %wait    %CPU   CPU  Command
13:28:38        0     33861    6.00    1.00    0.00    0.00    7.00     2  sync_slam_toolb

13:28:37      UID       PID  minflt/s  majflt/s     VSZ     RSS   %MEM  Command
13:28:38        0     33861      0.00      0.00 2161012   49756   0.32  sync_slam_toolb

13:28:38      UID       PID    %usr %system  %guest   %wait    %CPU   CPU  Command
13:28:39        0     33861    5.00    2.00    0.00    0.00    7.00     2  sync_slam_toolb

13:28:38      UID       PID  minflt/s  majflt/s     VSZ     RSS   %MEM  Command
13:28:39        0     33861      0.00      0.00 2161012   49756   0.32  sync_slam_toolb

13:28:39      UID       PID    %usr %system  %guest   %wait    %CPU   CPU  Command
13:28:40        0     33861    8.00    2.00    0.00    0.00   10.00     2  sync_slam_toolb

13:28:39      UID       PID  minflt/s  majflt/s     VSZ     RSS   %MEM  Command
13:28:40        0     33861      6.00      0.00 2161012   49756   0.32  sync_slam_toolb

13:28:40      UID       PID    %usr %system  %guest   %wait    %CPU   CPU  Command
13:28:41        0     33861    5.00    2.00    0.00    0.00    7.00     6  sync_slam_toolb

13:28:40      UID       PID  minflt/s  majflt/s     VSZ     RSS   %MEM  Command
13:28:41        0     33861      0.00      0.00 2161012   49756   0.32  sync_slam_toolb

13:28:41      UID       PID    %usr %system  %guest   %wait    %CPU   CPU  Command
13:28:42        0     33861    5.00    2.00    0.00    0.00    7.00    10  sync_slam_toolb

13:28:41      UID       PID  minflt/s  majflt/s     VSZ     RSS   %MEM  Command
13:28:42        0     33861      0.00      0.00 2161012   49756   0.32  sync_slam_toolb

13:28:42      UID       PID    %usr %system  %guest   %wait    %CPU   CPU  Command
13:28:43        0     33861    6.00    1.00    0.00    0.00    7.00     8  sync_slam_toolb

13:28:42      UID       PID  minflt/s  majflt/s     VSZ     RSS   %MEM  Command
13:28:43        0     33861      0.00      0.00 2161012   49756   0.32  sync_slam_toolb

13:28:43      UID       PID    %usr %system  %guest   %wait    %CPU   CPU  Command
13:28:44        0     33861    6.00    2.00    0.00    0.00    8.00    10  sync_slam_toolb

13:28:43      UID       PID  minflt/s  majflt/s     VSZ     RSS   %MEM  Command
13:28:44        0     33861      0.00      0.00 2161012   49756   0.32  sync_slam_toolb

13:28:44      UID       PID    %usr %system  %guest   %wait    %CPU   CPU  Command
13:28:45        0     33861    6.00    0.00    0.00    0.00    6.00    10  sync_slam_toolb

13:28:44      UID       PID  minflt/s  majflt/s     VSZ     RSS   %MEM  Command
13:28:45        0     33861      0.00      0.00 2161012   49756   0.32  sync_slam_toolb

13:28:45      UID       PID    %usr %system  %guest   %wait    %CPU   CPU  Command
13:28:46        0     33861    6.00    2.00    0.00    0.00    8.00    12  sync_slam_toolb

13:28:45      UID       PID  minflt/s  majflt/s     VSZ     RSS   %MEM  Command
13:28:46        0     33861      0.00      0.00 2161012   49756   0.32  sync_slam_toolb

13:28:46      UID       PID    %usr %system  %guest   %wait    %CPU   CPU  Command
13:28:47        0     33861    6.00    1.00    0.00    0.00    7.00    14  sync_slam_toolb

13:28:46      UID       PID  minflt/s  majflt/s     VSZ     RSS   %MEM  Command
13:28:47        0     33861      0.00      0.00 2161012   49756   0.32  sync_slam_toolb

13:28:47      UID       PID    %usr %system  %guest   %wait    %CPU   CPU  Command
13:28:48        0     33861    5.00    2.00    0.00    0.00    7.00    10  sync_slam_toolb

13:28:47      UID       PID  minflt/s  majflt/s     VSZ     RSS   %MEM  Command
13:28:48        0     33861      0.00      0.00 2161012   49756   0.32  sync_slam_toolb

13:28:48      UID       PID    %usr %system  %guest   %wait    %CPU   CPU  Command
13:28:49        0     33861    6.00    1.00    0.00    0.00    7.00     2  sync_slam_toolb

13:28:48      UID       PID  minflt/s  majflt/s     VSZ     RSS   %MEM  Command
13:28:49        0     33861      0.00      0.00 2161012   49756   0.32  sync_slam_toolb

13:28:49      UID       PID    %usr %system  %guest   %wait    %CPU   CPU  Command
13:28:50        0     33861    5.00    2.00    0.00    0.00    7.00     2  sync_slam_toolb

13:28:49      UID       PID  minflt/s  majflt/s     VSZ     RSS   %MEM  Command
13:28:50        0     33861      0.00      0.00 2161012   49756   0.32  sync_slam_toolb

13:28:50      UID       PID    %usr %system  %guest   %wait    %CPU   CPU  Command
13:28:51        0     33861    6.00    1.00    0.00    0.00    7.00     2  sync_slam_toolb

13:28:50      UID       PID  minflt/s  majflt/s     VSZ     RSS   %MEM  Command
13:28:51        0     33861      0.00      0.00 2161012   49756   0.32  sync_slam_toolb

13:28:51      UID       PID    %usr %system  %guest   %wait    %CPU   CPU  Command
13:28:52        0     33861    9.00    2.00    0.00    0.00   11.00     2  sync_slam_toolb

13:28:51      UID       PID  minflt/s  majflt/s     VSZ     RSS   %MEM  Command
13:28:52        0     33861      6.00      0.00 2161012   49756   0.32  sync_slam_toolb

13:28:52      UID       PID    %usr %system  %guest   %wait    %CPU   CPU  Command
13:28:53        0     33861    6.00    1.00    0.00    0.00    7.00     0  sync_slam_toolb

13:28:52      UID       PID  minflt/s  majflt/s     VSZ     RSS   %MEM  Command
13:28:53        0     33861      0.00      0.00 2161012   49756   0.32  sync_slam_toolb

13:28:53      UID       PID    %usr %system  %guest   %wait    %CPU   CPU  Command
13:28:54        0     33861    5.00    2.00    0.00    0.00    7.00     4  sync_slam_toolb

13:28:53      UID       PID  minflt/s  majflt/s     VSZ     RSS   %MEM  Command
13:28:54        0     33861      0.00      0.00 2161012   49756   0.32  sync_slam_toolb

13:28:54      UID       PID    %usr %system  %guest   %wait    %CPU   CPU  Command
13:28:55        0     33861    8.00    2.00    0.00    0.00   10.00    14  sync_slam_toolb

13:28:54      UID       PID  minflt/s  majflt/s     VSZ     RSS   %MEM  Command
13:28:55        0     33861      6.00      0.00 2161012   49756   0.32  sync_slam_toolb

13:28:55      UID       PID    %usr %system  %guest   %wait    %CPU   CPU  Command
13:28:56        0     33861    5.00    1.00    0.00    0.00    6.00     2  sync_slam_toolb

13:28:55      UID       PID  minflt/s  majflt/s     VSZ     RSS   %MEM  Command
13:28:56        0     33861      0.00      0.00 2161012   49756   0.32  sync_slam_toolb

13:28:56      UID       PID    %usr %system  %guest   %wait    %CPU   CPU  Command
13:28:57        0     33861    9.00    2.00    0.00    0.00   11.00    14  sync_slam_toolb

13:28:56      UID       PID  minflt/s  majflt/s     VSZ     RSS   %MEM  Command
13:28:57        0     33861      6.00      0.00 2161012   49756   0.32  sync_slam_toolb

13:28:57      UID       PID    %usr %system  %guest   %wait    %CPU   CPU  Command
13:28:58        0     33861    6.00    1.00    0.00    0.00    7.00    14  sync_slam_toolb

13:28:57      UID       PID  minflt/s  majflt/s     VSZ     RSS   %MEM  Command
13:28:58        0     33861      0.00      0.00 2161012   49756   0.32  sync_slam_toolb

13:28:58      UID       PID    %usr %system  %guest   %wait    %CPU   CPU  Command
13:28:59        0     33861    5.00    3.00    0.00    0.00    8.00     2  sync_slam_toolb

13:28:58      UID       PID  minflt/s  majflt/s     VSZ     RSS   %MEM  Command
13:28:59        0     33861      0.00      0.00 2161012   49756   0.32  sync_slam_toolb

13:28:59      UID       PID    %usr %system  %guest   %wait    %CPU   CPU  Command
13:29:00        0     33861    6.00    1.00    0.00    0.00    7.00    14  sync_slam_toolb

13:28:59      UID       PID  minflt/s  majflt/s     VSZ     RSS   %MEM  Command
13:29:00        0     33861      0.00      0.00 2161012   49756   0.32  sync_slam_toolb

13:29:00      UID       PID    %usr %system  %guest   %wait    %CPU   CPU  Command
13:29:01        0     33861    8.00    1.00    0.00    0.00    9.00    14  sync_slam_toolb

13:29:00      UID       PID  minflt/s  majflt/s     VSZ     RSS   %MEM  Command
13:29:01        0     33861      6.00      0.00 2161012   49756   0.32  sync_slam_toolb

13:29:01      UID       PID    %usr %system  %guest   %wait    %CPU   CPU  Command
13:29:02        0     33861    6.00    1.00    0.00    0.00    7.00     4  sync_slam_toolb

13:29:01      UID       PID  minflt/s  majflt/s     VSZ     RSS   %MEM  Command
13:29:02        0     33861      0.00      0.00 2161012   49756   0.32  sync_slam_toolb

13:29:02      UID       PID    %usr %system  %guest   %wait    %CPU   CPU  Command
13:29:03        0     33861    6.00    2.00    0.00    0.00    8.00     2  sync_slam_toolb

13:29:02      UID       PID  minflt/s  majflt/s     VSZ     RSS   %MEM  Command
13:29:03        0     33861      0.00      0.00 2161012   49756   0.32  sync_slam_toolb

13:29:03      UID       PID    %usr %system  %guest   %wait    %CPU   CPU  Command
13:29:04        0     33861    5.00    2.00    0.00    0.00    7.00     2  sync_slam_toolb

13:29:03      UID       PID  minflt/s  majflt/s     VSZ     RSS   %MEM  Command
13:29:04        0     33861      0.00      0.00 2161012   49756   0.32  sync_slam_toolb

13:29:04      UID       PID    %usr %system  %guest   %wait    %CPU   CPU  Command
13:29:05        0     33861    6.00    1.00    0.00    0.00    7.00    14  sync_slam_toolb

13:29:04      UID       PID  minflt/s  majflt/s     VSZ     RSS   %MEM  Command
13:29:05        0     33861      0.00      0.00 2161012   49756   0.32  sync_slam_toolb

13:29:05      UID       PID    %usr %system  %guest   %wait    %CPU   CPU  Command
13:29:06        0     33861    6.00    1.00    0.00    0.00    7.00    14  sync_slam_toolb

13:29:05      UID       PID  minflt/s  majflt/s     VSZ     RSS   %MEM  Command
13:29:06        0     33861      0.00      0.00 2161012   49756   0.32  sync_slam_toolb

13:29:06      UID       PID    %usr %system  %guest   %wait    %CPU   CPU  Command
13:29:07        0     33861    8.00    2.00    0.00    0.00   10.00    14  sync_slam_toolb

13:29:06      UID       PID  minflt/s  majflt/s     VSZ     RSS   %MEM  Command
13:29:07        0     33861      6.00      0.00 2161012   49756   0.32  sync_slam_toolb

13:29:07      UID       PID    %usr %system  %guest   %wait    %CPU   CPU  Command
13:29:08        0     33861    5.00    2.00    0.00    0.00    7.00     2  sync_slam_toolb

13:29:07      UID       PID  minflt/s  majflt/s     VSZ     RSS   %MEM  Command
13:29:08        0     33861      0.00      0.00 2161012   49756   0.32  sync_slam_toolb

13:29:08      UID       PID    %usr %system  %guest   %wait    %CPU   CPU  Command
13:29:09        0     33861    6.00    1.00    0.00    0.00    7.00     2  sync_slam_toolb

13:29:08      UID       PID  minflt/s  majflt/s     VSZ     RSS   %MEM  Command
13:29:09        0     33861      0.00      0.00 2161012   49756   0.32  sync_slam_toolb

13:29:09      UID       PID    %usr %system  %guest   %wait    %CPU   CPU  Command
13:29:10        0     33861    5.00    1.00    0.00    0.00    6.00     4  sync_slam_toolb

13:29:09      UID       PID  minflt/s  majflt/s     VSZ     RSS   %MEM  Command
13:29:10        0     33861      0.00      0.00 2161012   49756   0.32  sync_slam_toolb

13:29:10      UID       PID    %usr %system  %guest   %wait    %CPU   CPU  Command
13:29:11        0     33861    5.00    2.00    0.00    0.00    7.00     0  sync_slam_toolb

13:29:10      UID       PID  minflt/s  majflt/s     VSZ     RSS   %MEM  Command
13:29:11        0     33861      0.00      0.00 2161012   49756   0.32  sync_slam_toolb

13:29:11      UID       PID    %usr %system  %guest   %wait    %CPU   CPU  Command
13:29:12        0     33861    6.00    2.00    0.00    0.00    8.00     0  sync_slam_toolb

13:29:11      UID       PID  minflt/s  majflt/s     VSZ     RSS   %MEM  Command
13:29:12        0     33861      0.00      0.00 2161012   49756   0.32  sync_slam_toolb

13:29:12      UID       PID    %usr %system  %guest   %wait    %CPU   CPU  Command
13:29:13        0     33861    6.00    1.00    0.00    0.00    7.00     0  sync_slam_toolb

13:29:12      UID       PID  minflt/s  majflt/s     VSZ     RSS   %MEM  Command
13:29:13        0     33861      0.00      0.00 2161012   49756   0.32  sync_slam_toolb

13:29:13      UID       PID    %usr %system  %guest   %wait    %CPU   CPU  Command
13:29:14        0     33861    6.00    1.00    0.00    0.00    7.00     0  sync_slam_toolb

13:29:13      UID       PID  minflt/s  majflt/s     VSZ     RSS   %MEM  Command
13:29:14        0     33861      0.00      0.00 2161012   49756   0.32  sync_slam_toolb

13:29:14      UID       PID    %usr %system  %guest   %wait    %CPU   CPU  Command
13:29:15        0     33861    8.00    2.00    0.00    0.00   10.00     8  sync_slam_toolb

13:29:14      UID       PID  minflt/s  majflt/s     VSZ     RSS   %MEM  Command
13:29:15        0     33861      6.00      0.00 2161012   49756   0.32  sync_slam_toolb

13:29:15      UID       PID    %usr %system  %guest   %wait    %CPU   CPU  Command
13:29:16        0     33861    6.00    2.00    0.00    0.00    8.00     8  sync_slam_toolb

13:29:15      UID       PID  minflt/s  majflt/s     VSZ     RSS   %MEM  Command
13:29:16        0     33861      0.00      0.00 2161012   49756   0.32  sync_slam_toolb

13:29:16      UID       PID    %usr %system  %guest   %wait    %CPU   CPU  Command
13:29:17        0     33861    5.00    1.00    0.00    0.00    6.00     6  sync_slam_toolb

13:29:16      UID       PID  minflt/s  majflt/s     VSZ     RSS   %MEM  Command
13:29:17        0     33861      0.00      0.00 2161012   49756   0.32  sync_slam_toolb

13:29:17      UID       PID    %usr %system  %guest   %wait    %CPU   CPU  Command
13:29:18        0     33861    5.00    3.00    0.00    0.00    8.00     6  sync_slam_toolb

13:29:17      UID       PID  minflt/s  majflt/s     VSZ     RSS   %MEM  Command
13:29:18        0     33861      0.00      0.00 2161012   49756   0.32  sync_slam_toolb

13:29:18      UID       PID    %usr %system  %guest   %wait    %CPU   CPU  Command
13:29:19        0     33861    8.00    1.00    0.00    0.00    9.00     2  sync_slam_toolb

13:29:18      UID       PID  minflt/s  majflt/s     VSZ     RSS   %MEM  Command
13:29:19        0     33861      6.00      0.00 2161012   49756   0.32  sync_slam_toolb

13:29:19      UID       PID    %usr %system  %guest   %wait    %CPU   CPU  Command
13:29:20        0     33861    5.00    2.00    0.00    0.00    7.00     6  sync_slam_toolb

13:29:19      UID       PID  minflt/s  majflt/s     VSZ     RSS   %MEM  Command
13:29:20        0     33861      0.00      0.00 2161012   49756   0.32  sync_slam_toolb

13:29:20      UID       PID    %usr %system  %guest   %wait    %CPU   CPU  Command
13:29:21        0     33861    6.00    1.00    0.00    0.00    7.00    14  sync_slam_toolb

13:29:20      UID       PID  minflt/s  majflt/s     VSZ     RSS   %MEM  Command
13:29:21        0     33861      0.00      0.00 2161012   49756   0.32  sync_slam_toolb

13:29:21      UID       PID    %usr %system  %guest   %wait    %CPU   CPU  Command
13:29:22        0     33861    8.00    1.00    0.00    0.00    9.00    12  sync_slam_toolb

13:29:21      UID       PID  minflt/s  majflt/s     VSZ     RSS   %MEM  Command
13:29:22        0     33861      7.00      0.00 2161012   49756   0.32  sync_slam_toolb

13:29:22      UID       PID    %usr %system  %guest   %wait    %CPU   CPU  Command
13:29:23        0     33861    6.00    2.00    0.00    0.00    8.00    12  sync_slam_toolb

13:29:22      UID       PID  minflt/s  majflt/s     VSZ     RSS   %MEM  Command
13:29:23        0     33861      0.00      0.00 2161012   49756   0.32  sync_slam_toolb

13:29:23      UID       PID    %usr %system  %guest   %wait    %CPU   CPU  Command
13:29:24        0     33861    7.00    2.00    0.00    0.00    9.00    12  sync_slam_toolb

13:29:23      UID       PID  minflt/s  majflt/s     VSZ     RSS   %MEM  Command
13:29:24        0     33861      6.00      0.00 2161012   49756   0.32  sync_slam_toolb

13:29:24      UID       PID    %usr %system  %guest   %wait    %CPU   CPU  Command
13:29:25        0     33861    5.00    2.00    0.00    0.00    7.00     2  sync_slam_toolb

13:29:24      UID       PID  minflt/s  majflt/s     VSZ     RSS   %MEM  Command
13:29:25        0     33861      0.00      0.00 2161012   49756   0.32  sync_slam_toolb

13:29:25      UID       PID    %usr %system  %guest   %wait    %CPU   CPU  Command
13:29:26        0     33861    9.00    1.00    0.00    0.00   10.00     2  sync_slam_toolb

13:29:25      UID       PID  minflt/s  majflt/s     VSZ     RSS   %MEM  Command
13:29:26        0     33861      6.00      0.00 2161012   49756   0.32  sync_slam_toolb

13:29:26      UID       PID    %usr %system  %guest   %wait    %CPU   CPU  Command
13:29:27        0     33861    6.00    1.00    0.00    0.00    7.00    12  sync_slam_toolb

13:29:26      UID       PID  minflt/s  majflt/s     VSZ     RSS   %MEM  Command
13:29:27        0     33861      0.00      0.00 2161012   49756   0.32  sync_slam_toolb

13:29:27      UID       PID    %usr %system  %guest   %wait    %CPU   CPU  Command
13:29:28        0     33861    6.00    2.00    0.00    0.00    8.00    10  sync_slam_toolb

13:29:27      UID       PID  minflt/s  majflt/s     VSZ     RSS   %MEM  Command
13:29:28        0     33861      0.00      0.00 2161012   49756   0.32  sync_slam_toolb

13:29:28      UID       PID    %usr %system  %guest   %wait    %CPU   CPU  Command
13:29:29        0     33861    4.00    2.00    0.00    0.00    6.00    10  sync_slam_toolb

13:29:28      UID       PID  minflt/s  majflt/s     VSZ     RSS   %MEM  Command
13:29:29        0     33861      0.00      0.00 2161012   49756   0.32  sync_slam_toolb

13:29:29      UID       PID    %usr %system  %guest   %wait    %CPU   CPU  Command
13:29:30        0     33861    5.00    2.00    0.00    0.00    7.00     4  sync_slam_toolb

13:29:29      UID       PID  minflt/s  majflt/s     VSZ     RSS   %MEM  Command
13:29:30        0     33861      0.00      0.00 2161012   49756   0.32  sync_slam_toolb

13:29:30      UID       PID    %usr %system  %guest   %wait    %CPU   CPU  Command
13:29:31        0     33861    5.00    3.00    0.00    0.00    8.00     4  sync_slam_toolb

13:29:30      UID       PID  minflt/s  majflt/s     VSZ     RSS   %MEM  Command
13:29:31        0     33861      0.00      0.00 2161012   49756   0.32  sync_slam_toolb

13:29:31      UID       PID    %usr %system  %guest   %wait    %CPU   CPU  Command
13:29:32        0     33861    7.92    1.98    0.00    0.00    9.90    10  sync_slam_toolb

13:29:31      UID       PID  minflt/s  majflt/s     VSZ     RSS   %MEM  Command
13:29:32        0     33861      5.94      0.00 2161012   49756   0.32  sync_slam_toolb

13:29:32      UID       PID    %usr %system  %guest   %wait    %CPU   CPU  Command
13:29:33        0     33861    6.00    1.00    0.00    0.00    7.00     6  sync_slam_toolb

13:29:32      UID       PID  minflt/s  majflt/s     VSZ     RSS   %MEM  Command
13:29:33        0     33861      0.00      0.00 2161012   49756   0.32  sync_slam_toolb

13:29:33      UID       PID    %usr %system  %guest   %wait    %CPU   CPU  Command
13:29:34        0     33861    8.00    2.00    0.00    0.00   10.00     2  sync_slam_toolb

13:29:33      UID       PID  minflt/s  majflt/s     VSZ     RSS   %MEM  Command
13:29:34        0     33861      6.00      0.00 2161012   49756   0.32  sync_slam_toolb

13:29:34      UID       PID    %usr %system  %guest   %wait    %CPU   CPU  Command
13:29:35        0     33861    6.00    1.00    0.00    0.00    7.00     2  sync_slam_toolb

13:29:34      UID       PID  minflt/s  majflt/s     VSZ     RSS   %MEM  Command
13:29:35        0     33861      0.00      0.00 2161012   49756   0.32  sync_slam_toolb

13:29:35      UID       PID    %usr %system  %guest   %wait    %CPU   CPU  Command
13:29:36        0     33861    5.00    1.00    0.00    0.00    6.00     6  sync_slam_toolb

13:29:35      UID       PID  minflt/s  majflt/s     VSZ     RSS   %MEM  Command
13:29:36        0     33861      0.00      0.00 2161012   49756   0.32  sync_slam_toolb

13:29:36      UID       PID    %usr %system  %guest   %wait    %CPU   CPU  Command
13:29:37        0     33861    6.00    2.00    0.00    0.00    8.00     4  sync_slam_toolb

13:29:36      UID       PID  minflt/s  majflt/s     VSZ     RSS   %MEM  Command
13:29:37        0     33861      0.00      0.00 2161012   49756   0.32  sync_slam_toolb

13:29:37      UID       PID    %usr %system  %guest   %wait    %CPU   CPU  Command
13:29:38        0     33861    6.00    0.00    0.00    0.00    6.00     4  sync_slam_toolb

13:29:37      UID       PID  minflt/s  majflt/s     VSZ     RSS   %MEM  Command
13:29:38        0     33861      0.00      0.00 2161012   49756   0.32  sync_slam_toolb

13:29:38      UID       PID    %usr %system  %guest   %wait    %CPU   CPU  Command
13:29:39        0     33861    8.00    2.00    0.00    0.00   10.00     8  sync_slam_toolb

13:29:38      UID       PID  minflt/s  majflt/s     VSZ     RSS   %MEM  Command
13:29:39        0     33861      6.00      0.00 2161012   49756   0.32  sync_slam_toolb

13:29:39      UID       PID    %usr %system  %guest   %wait    %CPU   CPU  Command
13:29:40        0     33861    6.00    2.00    0.00    0.00    8.00     2  sync_slam_toolb

13:29:39      UID       PID  minflt/s  majflt/s     VSZ     RSS   %MEM  Command
13:29:40        0     33861      0.00      0.00 2161012   49756   0.32  sync_slam_toolb

13:29:40      UID       PID    %usr %system  %guest   %wait    %CPU   CPU  Command
13:29:41        0     33861    5.00    2.00    0.00    0.00    7.00     2  sync_slam_toolb

13:29:40      UID       PID  minflt/s  majflt/s     VSZ     RSS   %MEM  Command
13:29:41        0     33861      0.00      0.00 2161012   49756   0.32  sync_slam_toolb

13:29:41      UID       PID    %usr %system  %guest   %wait    %CPU   CPU  Command
13:29:42        0     33861   28.00    2.00    0.00    0.00   30.00     8  sync_slam_toolb

13:29:41      UID       PID  minflt/s  majflt/s     VSZ     RSS   %MEM  Command
13:29:42        0     33861    986.00      0.00 2619764   53724   0.34  sync_slam_toolb

13:29:42      UID       PID    %usr %system  %guest   %wait    %CPU   CPU  Command
13:29:43        0     33861    6.00    2.00    0.00    0.00    8.00    10  sync_slam_toolb

13:29:42      UID       PID  minflt/s  majflt/s     VSZ     RSS   %MEM  Command
13:29:43        0     33861      0.00      0.00 2619764   53724   0.34  sync_slam_toolb

13:29:43      UID       PID    %usr %system  %guest   %wait    %CPU   CPU  Command
13:29:44        0     33861    6.00    1.00    0.00    0.00    7.00     2  sync_slam_toolb

13:29:43      UID       PID  minflt/s  majflt/s     VSZ     RSS   %MEM  Command
13:29:44        0     33861      0.00      0.00 2619764   53724   0.34  sync_slam_toolb

13:29:44      UID       PID    %usr %system  %guest   %wait    %CPU   CPU  Command
13:29:45        0     33861    6.00    0.00    0.00    0.00    6.00    10  sync_slam_toolb

13:29:44      UID       PID  minflt/s  majflt/s     VSZ     RSS   %MEM  Command
13:29:45        0     33861      0.00      0.00 2619764   53724   0.34  sync_slam_toolb

13:29:45      UID       PID    %usr %system  %guest   %wait    %CPU   CPU  Command
13:29:46        0     33861   10.00    1.00    0.00    0.00   11.00    14  sync_slam_toolb

13:29:45      UID       PID  minflt/s  majflt/s     VSZ     RSS   %MEM  Command
13:29:46        0     33861      0.00      0.00 2619764   53724   0.34  sync_slam_toolb

13:29:46      UID       PID    %usr %system  %guest   %wait    %CPU   CPU  Command
13:29:47        0     33861    6.00    1.00    0.00    0.00    7.00    14  sync_slam_toolb

13:29:46      UID       PID  minflt/s  majflt/s     VSZ     RSS   %MEM  Command
13:29:47        0     33861      0.00      0.00 2619764   53724   0.34  sync_slam_toolb

13:29:47      UID       PID    %usr %system  %guest   %wait    %CPU   CPU  Command
13:29:48        0     33861    6.00    1.00    0.00    0.00    7.00     2  sync_slam_toolb

13:29:47      UID       PID  minflt/s  majflt/s     VSZ     RSS   %MEM  Command
13:29:48        0     33861      0.00      0.00 2619764   53724   0.34  sync_slam_toolb

13:29:48      UID       PID    %usr %system  %guest   %wait    %CPU   CPU  Command
13:29:49        0     33861    7.00    1.00    0.00    0.00    8.00     2  sync_slam_toolb

13:29:48      UID       PID  minflt/s  majflt/s     VSZ     RSS   %MEM  Command
13:29:49        0     33861      0.00      0.00 2619764   53724   0.34  sync_slam_toolb

13:29:49      UID       PID    %usr %system  %guest   %wait    %CPU   CPU  Command
13:29:50        0     33861    6.00    1.00    0.00    0.00    7.00     2  sync_slam_toolb

13:29:49      UID       PID  minflt/s  majflt/s     VSZ     RSS   %MEM  Command
13:29:50        0     33861      0.00      0.00 2619764   53724   0.34  sync_slam_toolb

13:29:50      UID       PID    %usr %system  %guest   %wait    %CPU   CPU  Command
13:29:51        0     33861    6.00    1.00    0.00    0.00    7.00     0  sync_slam_toolb

13:29:50      UID       PID  minflt/s  majflt/s     VSZ     RSS   %MEM  Command
13:29:51        0     33861      0.00      0.00 2619764   53724   0.34  sync_slam_toolb

13:29:51      UID       PID    %usr %system  %guest   %wait    %CPU   CPU  Command
13:29:52        0     33861    6.00    1.00    0.00    0.00    7.00     0  sync_slam_toolb

13:29:51      UID       PID  minflt/s  majflt/s     VSZ     RSS   %MEM  Command
13:29:52        0     33861      0.00      0.00 2619764   53724   0.34  sync_slam_toolb

13:29:52      UID       PID    %usr %system  %guest   %wait    %CPU   CPU  Command
13:29:53        0     33861    6.00    1.00    0.00    0.00    7.00    14  sync_slam_toolb

13:29:52      UID       PID  minflt/s  majflt/s     VSZ     RSS   %MEM  Command
13:29:53        0     33861      0.00      0.00 2619764   53724   0.34  sync_slam_toolb

13:29:53      UID       PID    %usr %system  %guest   %wait    %CPU   CPU  Command
13:29:54        0     33861    9.00    1.00    0.00    0.00   10.00     2  sync_slam_toolb

13:29:53      UID       PID  minflt/s  majflt/s     VSZ     RSS   %MEM  Command
13:29:54        0     33861      0.00      0.00 2619764   53724   0.34  sync_slam_toolb

13:29:54      UID       PID    %usr %system  %guest   %wait    %CPU   CPU  Command
13:29:55        0     33861    7.00    1.00    0.00    0.00    8.00     8  sync_slam_toolb

13:29:54      UID       PID  minflt/s  majflt/s     VSZ     RSS   %MEM  Command
13:29:55        0     33861      0.00      0.00 2619764   53724   0.34  sync_slam_toolb

13:29:55      UID       PID    %usr %system  %guest   %wait    %CPU   CPU  Command
13:29:56        0     33861    6.00    1.00    0.00    0.00    7.00    14  sync_slam_toolb

13:29:55      UID       PID  minflt/s  majflt/s     VSZ     RSS   %MEM  Command
13:29:56        0     33861      0.00      0.00 2619764   53724   0.34  sync_slam_toolb

13:29:56      UID       PID    %usr %system  %guest   %wait    %CPU   CPU  Command
13:29:57        0     33861    6.00    1.00    0.00    0.00    7.00     6  sync_slam_toolb

13:29:56      UID       PID  minflt/s  majflt/s     VSZ     RSS   %MEM  Command
13:29:57        0     33861      0.00      0.00 2619764   53724   0.34  sync_slam_toolb

13:29:57      UID       PID    %usr %system  %guest   %wait    %CPU   CPU  Command
13:29:58        0     33861    6.00    1.00    0.00    0.00    7.00     8  sync_slam_toolb

13:29:57      UID       PID  minflt/s  majflt/s     VSZ     RSS   %MEM  Command
13:29:58        0     33861      0.00      0.00 2619764   53724   0.34  sync_slam_toolb

13:29:58      UID       PID    %usr %system  %guest   %wait    %CPU   CPU  Command
13:29:59        0     33861    7.00    1.00    0.00    0.00    8.00    13  sync_slam_toolb

13:29:58      UID       PID  minflt/s  majflt/s     VSZ     RSS   %MEM  Command
13:29:59        0     33861      0.00      0.00 2619764   53724   0.34  sync_slam_toolb

13:29:59      UID       PID    %usr %system  %guest   %wait    %CPU   CPU  Command
13:30:00        0     33861    6.00    1.00    0.00    0.00    7.00    13  sync_slam_toolb

13:29:59      UID       PID  minflt/s  majflt/s     VSZ     RSS   %MEM  Command
13:30:00        0     33861      0.00      0.00 2619764   53724   0.34  sync_slam_toolb

13:30:00      UID       PID    %usr %system  %guest   %wait    %CPU   CPU  Command
13:30:01        0     33861    6.00    1.00    0.00    0.00    7.00    13  sync_slam_toolb

13:30:00      UID       PID  minflt/s  majflt/s     VSZ     RSS   %MEM  Command
13:30:01        0     33861      0.00      0.00 2619764   53724   0.34  sync_slam_toolb

13:30:01      UID       PID    %usr %system  %guest   %wait    %CPU   CPU  Command
13:30:02        0     33861    7.00    0.00    0.00    0.00    7.00    13  sync_slam_toolb

13:30:01      UID       PID  minflt/s  majflt/s     VSZ     RSS   %MEM  Command
13:30:02        0     33861      0.00      0.00 2619764   53724   0.34  sync_slam_toolb

13:30:02      UID       PID    %usr %system  %guest   %wait    %CPU   CPU  Command
13:30:03        0     33861    6.00    1.00    0.00    0.00    7.00    13  sync_slam_toolb

13:30:02      UID       PID  minflt/s  majflt/s     VSZ     RSS   %MEM  Command
13:30:03        0     33861      0.00      0.00 2619764   53724   0.34  sync_slam_toolb

13:30:03      UID       PID    %usr %system  %guest   %wait    %CPU   CPU  Command
13:30:04        0     33861    7.00    1.00    0.00    0.00    8.00    13  sync_slam_toolb

13:30:03      UID       PID  minflt/s  majflt/s     VSZ     RSS   %MEM  Command
13:30:04        0     33861      0.00      0.00 2619764   53724   0.34  sync_slam_toolb

13:30:04      UID       PID    %usr %system  %guest   %wait    %CPU   CPU  Command
13:30:05        0     33861    6.00    1.00    0.00    0.00    7.00    10  sync_slam_toolb

13:30:04      UID       PID  minflt/s  majflt/s     VSZ     RSS   %MEM  Command
13:30:05        0     33861      0.00      0.00 2619764   53724   0.34  sync_slam_toolb

13:30:05      UID       PID    %usr %system  %guest   %wait    %CPU   CPU  Command
13:30:06        0     33861    6.00    1.00    0.00    0.00    7.00     6  sync_slam_toolb

13:30:05      UID       PID  minflt/s  majflt/s     VSZ     RSS   %MEM  Command
13:30:06        0     33861      0.00      0.00 2619764   53724   0.34  sync_slam_toolb

13:30:06      UID       PID    %usr %system  %guest   %wait    %CPU   CPU  Command
13:30:07        0     33861    6.00    1.00    0.00    0.00    7.00    14  sync_slam_toolb

13:30:06      UID       PID  minflt/s  majflt/s     VSZ     RSS   %MEM  Command
13:30:07        0     33861      0.00      0.00 2619764   53724   0.34  sync_slam_toolb

13:30:07      UID       PID    %usr %system  %guest   %wait    %CPU   CPU  Command
13:30:08        0     33861   10.00    0.00    0.00    0.00   10.00    14  sync_slam_toolb

13:30:07      UID       PID  minflt/s  majflt/s     VSZ     RSS   %MEM  Command
13:30:08        0     33861      0.00      0.00 2619764   53724   0.34  sync_slam_toolb

13:30:08      UID       PID    %usr %system  %guest   %wait    %CPU   CPU  Command
13:30:09        0     33861    6.00    1.00    0.00    0.00    7.00     4  sync_slam_toolb

13:30:08      UID       PID  minflt/s  majflt/s     VSZ     RSS   %MEM  Command
13:30:09        0     33861      0.00      0.00 2619764   53724   0.34  sync_slam_toolb

13:30:09      UID       PID    %usr %system  %guest   %wait    %CPU   CPU  Command
13:30:10        0     33861    9.00    2.00    0.00    0.00   11.00     4  sync_slam_toolb

13:30:09      UID       PID  minflt/s  majflt/s     VSZ     RSS   %MEM  Command
13:30:10        0     33861      0.00      0.00 2619764   53724   0.34  sync_slam_toolb

13:30:10      UID       PID    %usr %system  %guest   %wait    %CPU   CPU  Command
13:30:11        0     33861    7.00    0.00    0.00    0.00    7.00     0  sync_slam_toolb

13:30:10      UID       PID  minflt/s  majflt/s     VSZ     RSS   %MEM  Command
13:30:11        0     33861      0.00      0.00 2619764   53724   0.34  sync_slam_toolb

13:30:11      UID       PID    %usr %system  %guest   %wait    %CPU   CPU  Command
13:30:12        0     33861    6.00    1.00    0.00    0.00    7.00     0  sync_slam_toolb

13:30:11      UID       PID  minflt/s  majflt/s     VSZ     RSS   %MEM  Command
13:30:12        0     33861      0.00      0.00 2619764   53724   0.34  sync_slam_toolb

13:30:12      UID       PID    %usr %system  %guest   %wait    %CPU   CPU  Command
13:30:13        0     33861    7.00    1.00    0.00    0.00    8.00     4  sync_slam_toolb

13:30:12      UID       PID  minflt/s  majflt/s     VSZ     RSS   %MEM  Command
13:30:13        0     33861      0.00      0.00 2619764   53724   0.34  sync_slam_toolb

13:30:13      UID       PID    %usr %system  %guest   %wait    %CPU   CPU  Command
13:30:14        0     33861    6.00    1.00    0.00    0.00    7.00     4  sync_slam_toolb

13:30:13      UID       PID  minflt/s  majflt/s     VSZ     RSS   %MEM  Command
13:30:14        0     33861      0.00      0.00 2619764   53724   0.34  sync_slam_toolb

13:30:14      UID       PID    %usr %system  %guest   %wait    %CPU   CPU  Command
13:30:15        0     33861    6.00    1.00    0.00    0.00    7.00     4  sync_slam_toolb

13:30:14      UID       PID  minflt/s  majflt/s     VSZ     RSS   %MEM  Command
13:30:15        0     33861      0.00      0.00 2619764   53724   0.34  sync_slam_toolb

13:30:15      UID       PID    %usr %system  %guest   %wait    %CPU   CPU  Command
13:30:16        0     33861    6.00    1.00    0.00    0.00    7.00     0  sync_slam_toolb

13:30:15      UID       PID  minflt/s  majflt/s     VSZ     RSS   %MEM  Command
13:30:16        0     33861      0.00      0.00 2619764   53724   0.34  sync_slam_toolb

13:30:16      UID       PID    %usr %system  %guest   %wait    %CPU   CPU  Command
13:30:17        0     33861    6.00    1.00    0.00    0.00    7.00     2  sync_slam_toolb

13:30:16      UID       PID  minflt/s  majflt/s     VSZ     RSS   %MEM  Command
13:30:17        0     33861      0.00      0.00 2619764   53724   0.34  sync_slam_toolb

13:30:17      UID       PID    %usr %system  %guest   %wait    %CPU   CPU  Command
13:30:18        0     33861   10.00    1.00    0.00    0.00   11.00     2  sync_slam_toolb

13:30:17      UID       PID  minflt/s  majflt/s     VSZ     RSS   %MEM  Command
13:30:18        0     33861      0.00      0.00 2619764   53724   0.34  sync_slam_toolb

13:30:18      UID       PID    %usr %system  %guest   %wait    %CPU   CPU  Command
13:30:19        0     33861    6.00    1.00    0.00    0.00    7.00     2  sync_slam_toolb

13:30:18      UID       PID  minflt/s  majflt/s     VSZ     RSS   %MEM  Command
13:30:19        0     33861      0.00      0.00 2619764   53724   0.34  sync_slam_toolb

13:30:19      UID       PID    %usr %system  %guest   %wait    %CPU   CPU  Command
13:30:20        0     33861    9.00    1.00    0.00    0.00   10.00     2  sync_slam_toolb

13:30:19      UID       PID  minflt/s  majflt/s     VSZ     RSS   %MEM  Command
13:30:20        0     33861      0.00      0.00 2619764   53724   0.34  sync_slam_toolb

13:30:20      UID       PID    %usr %system  %guest   %wait    %CPU   CPU  Command
13:30:21        0     33861    7.00    1.00    0.00    0.00    8.00     2  sync_slam_toolb

13:30:20      UID       PID  minflt/s  majflt/s     VSZ     RSS   %MEM  Command
13:30:21        0     33861      0.00      0.00 2619764   53724   0.34  sync_slam_toolb

13:30:21      UID       PID    %usr %system  %guest   %wait    %CPU   CPU  Command
13:30:22        0     33861    6.00    1.00    0.00    0.00    7.00     6  sync_slam_toolb

13:30:21      UID       PID  minflt/s  majflt/s     VSZ     RSS   %MEM  Command
13:30:22        0     33861      0.00      0.00 2619764   53724   0.34  sync_slam_toolb

13:30:22      UID       PID    %usr %system  %guest   %wait    %CPU   CPU  Command
13:30:23        0     33861    6.00    1.00    0.00    0.00    7.00     6  sync_slam_toolb

13:30:22      UID       PID  minflt/s  majflt/s     VSZ     RSS   %MEM  Command
13:30:23        0     33861      0.00      0.00 2619764   53724   0.34  sync_slam_toolb

13:30:23      UID       PID    %usr %system  %guest   %wait    %CPU   CPU  Command
13:30:24        0     33861    6.00    1.00    0.00    0.00    7.00     2  sync_slam_toolb

13:30:23      UID       PID  minflt/s  majflt/s     VSZ     RSS   %MEM  Command
13:30:24        0     33861      0.00      0.00 2619764   53724   0.34  sync_slam_toolb

13:30:24      UID       PID    %usr %system  %guest   %wait    %CPU   CPU  Command
13:30:25        0     33861    6.00    1.00    0.00    0.00    7.00     2  sync_slam_toolb

13:30:24      UID       PID  minflt/s  majflt/s     VSZ     RSS   %MEM  Command
13:30:25        0     33861      0.00      0.00 2619764   53724   0.34  sync_slam_toolb

13:30:25      UID       PID    %usr %system  %guest   %wait    %CPU   CPU  Command
13:30:26        0     33861    6.00    1.00    0.00    0.00    7.00     6  sync_slam_toolb

13:30:25      UID       PID  minflt/s  majflt/s     VSZ     RSS   %MEM  Command
13:30:26        0     33861      0.00      0.00 2619764   53724   0.34  sync_slam_toolb

13:30:26      UID       PID    %usr %system  %guest   %wait    %CPU   CPU  Command
13:30:27        0     33861    7.00    1.00    0.00    0.00    8.00     6  sync_slam_toolb

13:30:26      UID       PID  minflt/s  majflt/s     VSZ     RSS   %MEM  Command
13:30:27        0     33861      0.00      0.00 2619764   53724   0.34  sync_slam_toolb

13:30:27      UID       PID    %usr %system  %guest   %wait    %CPU   CPU  Command
13:30:28        0     33861    9.00    1.00    0.00    0.00   10.00     4  sync_slam_toolb

13:30:27      UID       PID  minflt/s  majflt/s     VSZ     RSS   %MEM  Command
13:30:28        0     33861      0.00      0.00 2619764   53724   0.34  sync_slam_toolb

13:30:28      UID       PID    %usr %system  %guest   %wait    %CPU   CPU  Command
13:30:29        0     33861    6.00    1.00    0.00    0.00    7.00    12  sync_slam_toolb

13:30:28      UID       PID  minflt/s  majflt/s     VSZ     RSS   %MEM  Command
13:30:29        0     33861      0.00      0.00 2619764   53724   0.34  sync_slam_toolb

13:30:29      UID       PID    %usr %system  %guest   %wait    %CPU   CPU  Command
13:30:30        0     33861   10.00    1.00    0.00    0.00   11.00     6  sync_slam_toolb

13:30:29      UID       PID  minflt/s  majflt/s     VSZ     RSS   %MEM  Command
13:30:30        0     33861      0.00      0.00 2619764   53724   0.34  sync_slam_toolb

13:30:30      UID       PID    %usr %system  %guest   %wait    %CPU   CPU  Command
13:30:31        0     33861    6.00    1.00    0.00    0.00    7.00     6  sync_slam_toolb

13:30:30      UID       PID  minflt/s  majflt/s     VSZ     RSS   %MEM  Command
13:30:31        0     33861      0.00      0.00 2619764   53724   0.34  sync_slam_toolb

13:30:31      UID       PID    %usr %system  %guest   %wait    %CPU   CPU  Command
13:30:32        0     33861   10.00    1.00    0.00    0.00   11.00     6  sync_slam_toolb

13:30:31      UID       PID  minflt/s  majflt/s     VSZ     RSS   %MEM  Command
13:30:32        0     33861      0.00      0.00 2619764   53724   0.34  sync_slam_toolb

13:30:32      UID       PID    %usr %system  %guest   %wait    %CPU   CPU  Command
13:30:33        0     33861    6.00    1.00    0.00    0.00    7.00    10  sync_slam_toolb

13:30:32      UID       PID  minflt/s  majflt/s     VSZ     RSS   %MEM  Command
13:30:33        0     33861      0.00      0.00 2619764   53724   0.34  sync_slam_toolb

13:30:33      UID       PID    %usr %system  %guest   %wait    %CPU   CPU  Command
13:30:34        0     33861    7.00    1.00    0.00    0.00    8.00    10  sync_slam_toolb

13:30:33      UID       PID  minflt/s  majflt/s     VSZ     RSS   %MEM  Command
13:30:34        0     33861      0.00      0.00 2619764   53724   0.34  sync_slam_toolb

13:30:34      UID       PID    %usr %system  %guest   %wait    %CPU   CPU  Command
13:30:35        0     33861    6.00    1.00    0.00    0.00    7.00     6  sync_slam_toolb

13:30:34      UID       PID  minflt/s  majflt/s     VSZ     RSS   %MEM  Command
13:30:35        0     33861      0.00      0.00 2619764   53724   0.34  sync_slam_toolb

13:30:35      UID       PID    %usr %system  %guest   %wait    %CPU   CPU  Command
13:30:36        0     33861    6.00    1.00    0.00    0.00    7.00     6  sync_slam_toolb

13:30:35      UID       PID  minflt/s  majflt/s     VSZ     RSS   %MEM  Command
13:30:36        0     33861      0.00      0.00 2619764   53724   0.34  sync_slam_toolb

13:30:36      UID       PID    %usr %system  %guest   %wait    %CPU   CPU  Command
13:30:37        0     33861    7.00    1.00    0.00    0.00    8.00    10  sync_slam_toolb

13:30:36      UID       PID  minflt/s  majflt/s     VSZ     RSS   %MEM  Command
13:30:37        0     33861      0.00      0.00 2619764   53724   0.34  sync_slam_toolb

13:30:37      UID       PID    %usr %system  %guest   %wait    %CPU   CPU  Command
13:30:38        0     33861    5.00    2.00    0.00    0.00    7.00    10  sync_slam_toolb

13:30:37      UID       PID  minflt/s  majflt/s     VSZ     RSS   %MEM  Command
13:30:38        0     33861      0.00      0.00 2619764   53724   0.34  sync_slam_toolb

13:30:38      UID       PID    %usr %system  %guest   %wait    %CPU   CPU  Command
13:30:39        0     33861    6.00    1.00    0.00    0.00    7.00    10  sync_slam_toolb

13:30:38      UID       PID  minflt/s  majflt/s     VSZ     RSS   %MEM  Command
13:30:39        0     33861      0.00      0.00 2619764   53724   0.34  sync_slam_toolb

13:30:39      UID       PID    %usr %system  %guest   %wait    %CPU   CPU  Command
13:30:40        0     33861    7.00    0.00    0.00    0.00    7.00    12  sync_slam_toolb

13:30:39      UID       PID  minflt/s  majflt/s     VSZ     RSS   %MEM  Command
13:30:40        0     33861      0.00      0.00 2619764   53724   0.34  sync_slam_toolb

13:30:40      UID       PID    %usr %system  %guest   %wait    %CPU   CPU  Command
13:30:41        0     33861    6.00    1.00    0.00    0.00    7.00    10  sync_slam_toolb

13:30:40      UID       PID  minflt/s  majflt/s     VSZ     RSS   %MEM  Command
13:30:41        0     33861      0.00      0.00 2619764   53724   0.34  sync_slam_toolb

13:30:41      UID       PID    %usr %system  %guest   %wait    %CPU   CPU  Command
13:30:42        0     33861    7.00    1.00    0.00    0.00    8.00     0  sync_slam_toolb

13:30:41      UID       PID  minflt/s  majflt/s     VSZ     RSS   %MEM  Command
13:30:42        0     33861      0.00      0.00 2619764   53724   0.34  sync_slam_toolb

13:30:42      UID       PID    %usr %system  %guest   %wait    %CPU   CPU  Command
13:30:43        0     33861    7.00    1.00    0.00    0.00    8.00     8  sync_slam_toolb

13:30:42      UID       PID  minflt/s  majflt/s     VSZ     RSS   %MEM  Command
13:30:43        0     33861      0.00      0.00 2619764   53724   0.34  sync_slam_toolb

13:30:43      UID       PID    %usr %system  %guest   %wait    %CPU   CPU  Command
13:30:44        0     33861    6.00    0.00    0.00    0.00    6.00     0  sync_slam_toolb

13:30:43      UID       PID  minflt/s  majflt/s     VSZ     RSS   %MEM  Command
13:30:44        0     33861      0.00      0.00 2619764   53724   0.34  sync_slam_toolb

13:30:44      UID       PID    %usr %system  %guest   %wait    %CPU   CPU  Command
13:30:45        0     33861    7.00    1.00    0.00    0.00    8.00     0  sync_slam_toolb

13:30:44      UID       PID  minflt/s  majflt/s     VSZ     RSS   %MEM  Command
13:30:45        0     33861      0.00      0.00 2619764   53724   0.34  sync_slam_toolb

13:30:45      UID       PID    %usr %system  %guest   %wait    %CPU   CPU  Command
13:30:46        0     33861    6.00    1.00    0.00    0.00    7.00     0  sync_slam_toolb

13:30:45      UID       PID  minflt/s  majflt/s     VSZ     RSS   %MEM  Command
13:30:46        0     33861      0.00      0.00 2619764   53724   0.34  sync_slam_toolb

13:30:46      UID       PID    %usr %system  %guest   %wait    %CPU   CPU  Command
13:30:47        0     33861    7.00    1.00    0.00    0.00    8.00     0  sync_slam_toolb

13:30:46      UID       PID  minflt/s  majflt/s     VSZ     RSS   %MEM  Command
13:30:47        0     33861      0.00      0.00 2619764   53724   0.34  sync_slam_toolb

13:30:47      UID       PID    %usr %system  %guest   %wait    %CPU   CPU  Command
13:30:48        0     33861    6.00    1.00    0.00    0.00    7.00     0  sync_slam_toolb

13:30:47      UID       PID  minflt/s  majflt/s     VSZ     RSS   %MEM  Command
13:30:48        0     33861      0.00      0.00 2619764   53724   0.34  sync_slam_toolb

13:30:48      UID       PID    %usr %system  %guest   %wait    %CPU   CPU  Command
13:30:49        0     33861    6.00    1.00    0.00    0.00    7.00     6  sync_slam_toolb

13:30:48      UID       PID  minflt/s  majflt/s     VSZ     RSS   %MEM  Command
13:30:49        0     33861      0.00      0.00 2619764   53724   0.34  sync_slam_toolb

13:30:49      UID       PID    %usr %system  %guest   %wait    %CPU   CPU  Command
13:30:50        0     33861    7.00    1.00    0.00    0.00    8.00     6  sync_slam_toolb

13:30:49      UID       PID  minflt/s  majflt/s     VSZ     RSS   %MEM  Command
13:30:50        0     33861      0.00      0.00 2619764   53724   0.34  sync_slam_toolb

13:30:50      UID       PID    %usr %system  %guest   %wait    %CPU   CPU  Command
13:30:51        0     33861   10.00    1.00    0.00    0.00   11.00    12  sync_slam_toolb

13:30:50      UID       PID  minflt/s  majflt/s     VSZ     RSS   %MEM  Command
13:30:51        0     33861      0.00      0.00 2619764   53724   0.34  sync_slam_toolb

13:30:51      UID       PID    %usr %system  %guest   %wait    %CPU   CPU  Command
13:30:52        0     33861    7.00    0.00    0.00    0.00    7.00     0  sync_slam_toolb

13:30:51      UID       PID  minflt/s  majflt/s     VSZ     RSS   %MEM  Command
13:30:52        0     33861      0.00      0.00 2619764   53724   0.34  sync_slam_toolb

13:30:52      UID       PID    %usr %system  %guest   %wait    %CPU   CPU  Command
13:30:53        0     33861    9.00    1.00    0.00    0.00   10.00    14  sync_slam_toolb

13:30:52      UID       PID  minflt/s  majflt/s     VSZ     RSS   %MEM  Command
13:30:53        0     33861      0.00      0.00 2619764   53724   0.34  sync_slam_toolb

13:30:53      UID       PID    %usr %system  %guest   %wait    %CPU   CPU  Command
13:30:54        0     33861    6.00    2.00    0.00    0.00    8.00     4  sync_slam_toolb

13:30:53      UID       PID  minflt/s  majflt/s     VSZ     RSS   %MEM  Command
13:30:54        0     33861      0.00      0.00 2619764   53724   0.34  sync_slam_toolb

13:30:54      UID       PID    %usr %system  %guest   %wait    %CPU   CPU  Command
13:30:55        0     33861    9.00    1.00    0.00    0.00   10.00    14  sync_slam_toolb

13:30:54      UID       PID  minflt/s  majflt/s     VSZ     RSS   %MEM  Command
13:30:55        0     33861      0.00      0.00 2619764   53724   0.34  sync_slam_toolb

13:30:55      UID       PID    %usr %system  %guest   %wait    %CPU   CPU  Command
13:30:56        0     33861    7.00    2.00    0.00    0.00    9.00     4  sync_slam_toolb

13:30:55      UID       PID  minflt/s  majflt/s     VSZ     RSS   %MEM  Command
13:30:56        0     33861      0.00      0.00 2619764   53724   0.34  sync_slam_toolb

13:30:56      UID       PID    %usr %system  %guest   %wait    %CPU   CPU  Command
13:30:57        0     33861    6.00    1.00    0.00    0.00    7.00     6  sync_slam_toolb

13:30:56      UID       PID  minflt/s  majflt/s     VSZ     RSS   %MEM  Command
13:30:57        0     33861      0.00      0.00 2619764   53724   0.34  sync_slam_toolb

13:30:57      UID       PID    %usr %system  %guest   %wait    %CPU   CPU  Command
13:30:58        0     33861   10.00    1.00    0.00    0.00   11.00    14  sync_slam_toolb

13:30:57      UID       PID  minflt/s  majflt/s     VSZ     RSS   %MEM  Command
13:30:58        0     33861      0.00      0.00 2619764   53724   0.34  sync_slam_toolb

13:30:58      UID       PID    %usr %system  %guest   %wait    %CPU   CPU  Command
13:30:59        0     33861    6.00    0.00    0.00    0.00    6.00     0  sync_slam_toolb

13:30:58      UID       PID  minflt/s  majflt/s     VSZ     RSS   %MEM  Command
13:30:59        0     33861      0.00      0.00 2619764   53724   0.34  sync_slam_toolb

13:30:59      UID       PID    %usr %system  %guest   %wait    %CPU   CPU  Command
13:31:00        0     33861   10.00    2.00    0.00    0.00   12.00     0  sync_slam_toolb

13:30:59      UID       PID  minflt/s  majflt/s     VSZ     RSS   %MEM  Command
13:31:00        0     33861      0.00      0.00 2619764   53724   0.34  sync_slam_toolb

13:31:00      UID       PID    %usr %system  %guest   %wait    %CPU   CPU  Command
13:31:01        0     33861    6.00    1.00    0.00    0.00    7.00    10  sync_slam_toolb

13:31:00      UID       PID  minflt/s  majflt/s     VSZ     RSS   %MEM  Command
13:31:01        0     33861      0.00      0.00 2619764   53724   0.34  sync_slam_toolb

13:31:01      UID       PID    %usr %system  %guest   %wait    %CPU   CPU  Command
13:31:02        0     33861    6.00    1.00    0.00    0.00    7.00    10  sync_slam_toolb

13:31:01      UID       PID  minflt/s  majflt/s     VSZ     RSS   %MEM  Command
13:31:02        0     33861      0.00      0.00 2619764   53724   0.34  sync_slam_toolb

13:31:02      UID       PID    %usr %system  %guest   %wait    %CPU   CPU  Command
13:31:03        0     33861    8.00    0.00    0.00    0.00    8.00     2  sync_slam_toolb

13:31:02      UID       PID  minflt/s  majflt/s     VSZ     RSS   %MEM  Command
13:31:03        0     33861      0.00      0.00 2619764   53724   0.34  sync_slam_toolb

13:31:03      UID       PID    %usr %system  %guest   %wait    %CPU   CPU  Command
13:31:04        0     33861    9.00    1.00    0.00    0.00   10.00     2  sync_slam_toolb

13:31:03      UID       PID  minflt/s  majflt/s     VSZ     RSS   %MEM  Command
13:31:04        0     33861      0.00      0.00 2619764   53724   0.34  sync_slam_toolb

13:31:04      UID       PID    %usr %system  %guest   %wait    %CPU   CPU  Command
13:31:05        0     33861    7.00    1.00    0.00    0.00    8.00    10  sync_slam_toolb

13:31:04      UID       PID  minflt/s  majflt/s     VSZ     RSS   %MEM  Command
13:31:05        0     33861      0.00      0.00 2619764   53724   0.34  sync_slam_toolb

13:31:05      UID       PID    %usr %system  %guest   %wait    %CPU   CPU  Command
13:31:06        0     33861    9.00    1.00    0.00    0.00   10.00    10  sync_slam_toolb

13:31:05      UID       PID  minflt/s  majflt/s     VSZ     RSS   %MEM  Command
13:31:06        0     33861      0.00      0.00 2619764   53724   0.34  sync_slam_toolb

13:31:06      UID       PID    %usr %system  %guest   %wait    %CPU   CPU  Command
13:31:07        0     33861    7.00    1.00    0.00    0.00    8.00     0  sync_slam_toolb

13:31:06      UID       PID  minflt/s  majflt/s     VSZ     RSS   %MEM  Command
13:31:07        0     33861      0.00      0.00 2619764   53724   0.34  sync_slam_toolb

13:31:07      UID       PID    %usr %system  %guest   %wait    %CPU   CPU  Command
13:31:08        0     33861    7.00    1.00    0.00    0.00    8.00     0  sync_slam_toolb

13:31:07      UID       PID  minflt/s  majflt/s     VSZ     RSS   %MEM  Command
13:31:08        0     33861      0.00      0.00 2619764   53724   0.34  sync_slam_toolb

13:31:08      UID       PID    %usr %system  %guest   %wait    %CPU   CPU  Command
13:31:09        0     33861    6.00    1.00    0.00    0.00    7.00    10  sync_slam_toolb

13:31:08      UID       PID  minflt/s  majflt/s     VSZ     RSS   %MEM  Command
13:31:09        0     33861      0.00      0.00 2619764   53724   0.34  sync_slam_toolb

13:31:09      UID       PID    %usr %system  %guest   %wait    %CPU   CPU  Command
13:31:10        0     33861    9.00    1.00    0.00    0.00   10.00     8  sync_slam_toolb

13:31:09      UID       PID  minflt/s  majflt/s     VSZ     RSS   %MEM  Command
13:31:10        0     33861      0.00      0.00 2619764   53724   0.34  sync_slam_toolb

13:31:10      UID       PID    %usr %system  %guest   %wait    %CPU   CPU  Command
13:31:11        0     33861    7.00    0.00    0.00    0.00    7.00     0  sync_slam_toolb

13:31:10      UID       PID  minflt/s  majflt/s     VSZ     RSS   %MEM  Command
13:31:11        0     33861      0.00      0.00 2619764   53724   0.34  sync_slam_toolb

13:31:11      UID       PID    %usr %system  %guest   %wait    %CPU   CPU  Command
13:31:12        0     33861    9.00    2.00    0.00    0.00   11.00     2  sync_slam_toolb

13:31:11      UID       PID  minflt/s  majflt/s     VSZ     RSS   %MEM  Command
13:31:12        0     33861      0.00      0.00 2619764   53724   0.34  sync_slam_toolb

13:31:12      UID       PID    %usr %system  %guest   %wait    %CPU   CPU  Command
13:31:13        0     33861    7.00    1.00    0.00    0.00    8.00     8  sync_slam_toolb

13:31:12      UID       PID  minflt/s  majflt/s     VSZ     RSS   %MEM  Command
13:31:13        0     33861      0.00      0.00 2619764   53724   0.34  sync_slam_toolb

13:31:13      UID       PID    %usr %system  %guest   %wait    %CPU   CPU  Command
13:31:14        0     33861    6.00    1.00    0.00    0.00    7.00     0  sync_slam_toolb

13:31:13      UID       PID  minflt/s  majflt/s     VSZ     RSS   %MEM  Command
13:31:14        0     33861      0.00      0.00 2619764   53724   0.34  sync_slam_toolb

13:31:14      UID       PID    %usr %system  %guest   %wait    %CPU   CPU  Command
13:31:15        0     33861    9.00    1.00    0.00    0.00   10.00     0  sync_slam_toolb

13:31:14      UID       PID  minflt/s  majflt/s     VSZ     RSS   %MEM  Command
13:31:15        0     33861      0.00      0.00 2619764   53724   0.34  sync_slam_toolb

13:31:15      UID       PID    %usr %system  %guest   %wait    %CPU   CPU  Command
13:31:16        0     33861    7.00    1.00    0.00    0.00    8.00    12  sync_slam_toolb

13:31:15      UID       PID  minflt/s  majflt/s     VSZ     RSS   %MEM  Command
13:31:16        0     33861      0.00      0.00 2619764   53724   0.34  sync_slam_toolb

13:31:16      UID       PID    %usr %system  %guest   %wait    %CPU   CPU  Command
13:31:17        0     33861    9.00    2.00    0.00    0.00   11.00    12  sync_slam_toolb

13:31:16      UID       PID  minflt/s  majflt/s     VSZ     RSS   %MEM  Command
13:31:17        0     33861      0.00      0.00 2619764   53724   0.34  sync_slam_toolb

13:31:17      UID       PID    %usr %system  %guest   %wait    %CPU   CPU  Command
13:31:18        0     33861    7.00    0.00    0.00    0.00    7.00     2  sync_slam_toolb

13:31:17      UID       PID  minflt/s  majflt/s     VSZ     RSS   %MEM  Command
13:31:18        0     33861      0.00      0.00 2619764   53724   0.34  sync_slam_toolb

13:31:18      UID       PID    %usr %system  %guest   %wait    %CPU   CPU  Command
13:31:19        0     33861    9.90    0.99    0.00    0.00   10.89    14  sync_slam_toolb

13:31:18      UID       PID  minflt/s  majflt/s     VSZ     RSS   %MEM  Command
13:31:19        0     33861      0.00      0.00 2619764   53724   0.34  sync_slam_toolb

13:31:19      UID       PID    %usr %system  %guest   %wait    %CPU   CPU  Command
13:31:20        0     33861    6.00    1.00    0.00    0.00    7.00    14  sync_slam_toolb

13:31:19      UID       PID  minflt/s  majflt/s     VSZ     RSS   %MEM  Command
13:31:20        0     33861      0.00      0.00 2619764   53724   0.34  sync_slam_toolb

13:31:20      UID       PID    %usr %system  %guest   %wait    %CPU   CPU  Command
13:31:21        0     33861    7.00    1.00    0.00    0.00    8.00    14  sync_slam_toolb

13:31:20      UID       PID  minflt/s  majflt/s     VSZ     RSS   %MEM  Command
13:31:21        0     33861      0.00      0.00 2619764   53724   0.34  sync_slam_toolb

13:31:21      UID       PID    %usr %system  %guest   %wait    %CPU   CPU  Command
13:31:22        0     33861    6.00    1.00    0.00    0.00    7.00     0  sync_slam_toolb

13:31:21      UID       PID  minflt/s  majflt/s     VSZ     RSS   %MEM  Command
13:31:22        0     33861      0.00      0.00 2619764   53724   0.34  sync_slam_toolb

13:31:22      UID       PID    %usr %system  %guest   %wait    %CPU   CPU  Command
13:31:23        0     33861   10.00    0.00    0.00    0.00   10.00     2  sync_slam_toolb

13:31:22      UID       PID  minflt/s  majflt/s     VSZ     RSS   %MEM  Command
13:31:23        0     33861      0.00      0.00 2619764   53724   0.34  sync_slam_toolb

13:31:23      UID       PID    %usr %system  %guest   %wait    %CPU   CPU  Command
13:31:24        0     33861    6.00    1.00    0.00    0.00    7.00     6  sync_slam_toolb

13:31:23      UID       PID  minflt/s  majflt/s     VSZ     RSS   %MEM  Command
13:31:24        0     33861      0.00      0.00 2619764   53724   0.34  sync_slam_toolb

13:31:24      UID       PID    %usr %system  %guest   %wait    %CPU   CPU  Command
13:31:25        0     33861   10.00    1.00    0.00    0.00   11.00    10  sync_slam_toolb

13:31:24      UID       PID  minflt/s  majflt/s     VSZ     RSS   %MEM  Command
13:31:25        0     33861      0.00      0.00 2619764   53724   0.34  sync_slam_toolb

13:31:25      UID       PID    %usr %system  %guest   %wait    %CPU   CPU  Command
13:31:26        0     33861    7.00    1.00    0.00    0.00    8.00     0  sync_slam_toolb

13:31:25      UID       PID  minflt/s  majflt/s     VSZ     RSS   %MEM  Command
13:31:26        0     33861      0.00      0.00 2619764   53724   0.34  sync_slam_toolb

13:31:26      UID       PID    %usr %system  %guest   %wait    %CPU   CPU  Command
13:31:27        0     33861    9.00    1.00    0.00    0.00   10.00     2  sync_slam_toolb

13:31:26      UID       PID  minflt/s  majflt/s     VSZ     RSS   %MEM  Command
13:31:27        0     33861      0.00      0.00 2619764   53724   0.34  sync_slam_toolb

13:31:27      UID       PID    %usr %system  %guest   %wait    %CPU   CPU  Command
13:31:28        0     33861    7.00    0.00    0.00    0.00    7.00     4  sync_slam_toolb

13:31:27      UID       PID  minflt/s  majflt/s     VSZ     RSS   %MEM  Command
13:31:28        0     33861      0.00      0.00 2619764   53724   0.34  sync_slam_toolb

13:31:28      UID       PID    %usr %system  %guest   %wait    %CPU   CPU  Command
13:31:29        0     33861    9.00    2.00    0.00    0.00   11.00     4  sync_slam_toolb

13:31:28      UID       PID  minflt/s  majflt/s     VSZ     RSS   %MEM  Command
13:31:29        0     33861      0.00      0.00 2619764   53724   0.34  sync_slam_toolb

13:31:29      UID       PID    %usr %system  %guest   %wait    %CPU   CPU  Command
13:31:30        0     33861    7.00    1.00    0.00    0.00    8.00    12  sync_slam_toolb

13:31:29      UID       PID  minflt/s  majflt/s     VSZ     RSS   %MEM  Command
13:31:30        0     33861      0.00      0.00 2619764   53724   0.34  sync_slam_toolb

13:31:30      UID       PID    %usr %system  %guest   %wait    %CPU   CPU  Command
13:31:31        0     33861   10.00    0.00    0.00    0.00   10.00     4  sync_slam_toolb

13:31:30      UID       PID  minflt/s  majflt/s     VSZ     RSS   %MEM  Command
13:31:31        0     33861      0.00      0.00 2619764   53724   0.34  sync_slam_toolb

13:31:31      UID       PID    %usr %system  %guest   %wait    %CPU   CPU  Command
13:31:32        0     33861    7.00    1.00    0.00    0.00    8.00     2  sync_slam_toolb

13:31:31      UID       PID  minflt/s  majflt/s     VSZ     RSS   %MEM  Command
13:31:32        0     33861      0.00      0.00 2619764   53724   0.34  sync_slam_toolb

13:31:32      UID       PID    %usr %system  %guest   %wait    %CPU   CPU  Command
13:31:33        0     33861    7.00    1.00    0.00    0.00    8.00     8  sync_slam_toolb

13:31:32      UID       PID  minflt/s  majflt/s     VSZ     RSS   %MEM  Command
13:31:33        0     33861      0.00      0.00 2619764   53724   0.34  sync_slam_toolb

13:31:33      UID       PID    %usr %system  %guest   %wait    %CPU   CPU  Command
13:31:34        0     33861    8.00    0.00    0.00    0.00    8.00     7  sync_slam_toolb

13:31:33      UID       PID  minflt/s  majflt/s     VSZ     RSS   %MEM  Command
13:31:34        0     33861      0.00      0.00 2619764   53724   0.34  sync_slam_toolb

13:31:34      UID       PID    %usr %system  %guest   %wait    %CPU   CPU  Command
13:31:35        0     33861    9.00    1.00    0.00    0.00   10.00     2  sync_slam_toolb

13:31:34      UID       PID  minflt/s  majflt/s     VSZ     RSS   %MEM  Command
13:31:35        0     33861      0.00      0.00 2619764   53724   0.34  sync_slam_toolb

13:31:35      UID       PID    %usr %system  %guest   %wait    %CPU   CPU  Command
13:31:36        0     33861    7.00    1.00    0.00    0.00    8.00    14  sync_slam_toolb

13:31:35      UID       PID  minflt/s  majflt/s     VSZ     RSS   %MEM  Command
13:31:36        0     33861      0.00      0.00 2619764   53724   0.34  sync_slam_toolb

13:31:36      UID       PID    %usr %system  %guest   %wait    %CPU   CPU  Command
13:31:37        0     33861    7.00    1.00    0.00    0.00    8.00     2  sync_slam_toolb

13:31:36      UID       PID  minflt/s  majflt/s     VSZ     RSS   %MEM  Command
13:31:37        0     33861      0.00      0.00 2619764   53724   0.34  sync_slam_toolb

13:31:37      UID       PID    %usr %system  %guest   %wait    %CPU   CPU  Command
13:31:38        0     33861    6.00    1.00    0.00    0.00    7.00     8  sync_slam_toolb

13:31:37      UID       PID  minflt/s  majflt/s     VSZ     RSS   %MEM  Command
13:31:38        0     33861      0.00      0.00 2619764   53724   0.34  sync_slam_toolb

13:31:38      UID       PID    %usr %system  %guest   %wait    %CPU   CPU  Command
13:31:39        0     33861   10.00    1.00    0.00    0.00   11.00     8  sync_slam_toolb

13:31:38      UID       PID  minflt/s  majflt/s     VSZ     RSS   %MEM  Command
13:31:39        0     33861      0.00      0.00 2619764   53724   0.34  sync_slam_toolb

13:31:39      UID       PID    %usr %system  %guest   %wait    %CPU   CPU  Command
13:31:40        0     33861    6.00    1.00    0.00    0.00    7.00     6  sync_slam_toolb

13:31:39      UID       PID  minflt/s  majflt/s     VSZ     RSS   %MEM  Command
13:31:40        0     33861      0.00      0.00 2619764   53724   0.34  sync_slam_toolb

13:31:40      UID       PID    %usr %system  %guest   %wait    %CPU   CPU  Command
13:31:41        0     33861   10.00    1.00    0.00    0.00   11.00    10  sync_slam_toolb

13:31:40      UID       PID  minflt/s  majflt/s     VSZ     RSS   %MEM  Command
13:31:41        0     33861      0.00      0.00 2619764   53724   0.34  sync_slam_toolb

13:31:41      UID       PID    %usr %system  %guest   %wait    %CPU   CPU  Command
13:31:42        0     33861    7.00    1.00    0.00    0.00    8.00     6  sync_slam_toolb

13:31:41      UID       PID  minflt/s  majflt/s     VSZ     RSS   %MEM  Command
13:31:42        0     33861      0.00      0.00 2619764   53724   0.34  sync_slam_toolb

13:31:42      UID       PID    %usr %system  %guest   %wait    %CPU   CPU  Command
13:31:43        0     33861    7.00    1.00    0.00    0.00    8.00     8  sync_slam_toolb

13:31:42      UID       PID  minflt/s  majflt/s     VSZ     RSS   %MEM  Command
13:31:43        0     33861      0.00      0.00 2619764   53724   0.34  sync_slam_toolb

13:31:43      UID       PID    %usr %system  %guest   %wait    %CPU   CPU  Command
13:31:44        0     33861    9.00    1.00    0.00    0.00   10.00     8  sync_slam_toolb

13:31:43      UID       PID  minflt/s  majflt/s     VSZ     RSS   %MEM  Command
13:31:44        0     33861      0.00      0.00 2619764   53724   0.34  sync_slam_toolb

13:31:44      UID       PID    %usr %system  %guest   %wait    %CPU   CPU  Command
13:31:45        0     33861    7.00    1.00    0.00    0.00    8.00     6  sync_slam_toolb

13:31:44      UID       PID  minflt/s  majflt/s     VSZ     RSS   %MEM  Command
13:31:45        0     33861      0.00      0.00 2619764   53724   0.34  sync_slam_toolb

13:31:45      UID       PID    %usr %system  %guest   %wait    %CPU   CPU  Command
13:31:46        0     33861   10.00    1.00    0.00    0.00   11.00    10  sync_slam_toolb

13:31:45      UID       PID  minflt/s  majflt/s     VSZ     RSS   %MEM  Command
13:31:46        0     33861      0.00      0.00 2619764   53724   0.34  sync_slam_toolb

13:31:46      UID       PID    %usr %system  %guest   %wait    %CPU   CPU  Command
13:31:47        0     33861    6.00    1.00    0.00    0.00    7.00     8  sync_slam_toolb

13:31:46      UID       PID  minflt/s  majflt/s     VSZ     RSS   %MEM  Command
13:31:47        0     33861      0.00      0.00 2619764   53724   0.34  sync_slam_toolb

13:31:47      UID       PID    %usr %system  %guest   %wait    %CPU   CPU  Command
13:31:48        0     33861   10.00    1.00    0.00    0.00   11.00     4  sync_slam_toolb

13:31:47      UID       PID  minflt/s  majflt/s     VSZ     RSS   %MEM  Command
13:31:48        0     33861      0.00      0.00 2619764   53724   0.34  sync_slam_toolb

13:31:48      UID       PID    %usr %system  %guest   %wait    %CPU   CPU  Command
13:31:49        0     33861    7.00    1.00    0.00    0.00    8.00     4  sync_slam_toolb

13:31:48      UID       PID  minflt/s  majflt/s     VSZ     RSS   %MEM  Command
13:31:49        0     33861      0.00      0.00 2619764   53724   0.34  sync_slam_toolb

13:31:49      UID       PID    %usr %system  %guest   %wait    %CPU   CPU  Command
13:31:50        0     33861    7.00    1.00    0.00    0.00    8.00     8  sync_slam_toolb

13:31:49      UID       PID  minflt/s  majflt/s     VSZ     RSS   %MEM  Command
13:31:50        0     33861      0.00      0.00 2619764   53724   0.34  sync_slam_toolb

13:31:50      UID       PID    %usr %system  %guest   %wait    %CPU   CPU  Command
13:31:51        0     33861    7.00    0.00    0.00    0.00    7.00     2  sync_slam_toolb

13:31:50      UID       PID  minflt/s  majflt/s     VSZ     RSS   %MEM  Command
13:31:51        0     33861      0.00      0.00 2619764   53724   0.34  sync_slam_toolb

13:31:51      UID       PID    %usr %system  %guest   %wait    %CPU   CPU  Command
13:31:52        0     33861   10.00    1.00    0.00    0.00   11.00     2  sync_slam_toolb

13:31:51      UID       PID  minflt/s  majflt/s     VSZ     RSS   %MEM  Command
13:31:52        0     33861      0.00      0.00 2619764   53724   0.34  sync_slam_toolb

13:31:52      UID       PID    %usr %system  %guest   %wait    %CPU   CPU  Command
13:31:53        0     33861    7.00    1.00    0.00    0.00    8.00     8  sync_slam_toolb

13:31:52      UID       PID  minflt/s  majflt/s     VSZ     RSS   %MEM  Command
13:31:53        0     33861      0.00      0.00 2619764   53724   0.34  sync_slam_toolb

13:31:53      UID       PID    %usr %system  %guest   %wait    %CPU   CPU  Command
13:31:54        0     33861   11.00    1.00    0.00    0.00   12.00     8  sync_slam_toolb

13:31:53      UID       PID  minflt/s  majflt/s     VSZ     RSS   %MEM  Command
13:31:54        0     33861      0.00      0.00 2619764   53724   0.34  sync_slam_toolb

13:31:54      UID       PID    %usr %system  %guest   %wait    %CPU   CPU  Command
13:31:55        0     33861    7.00    1.00    0.00    0.00    8.00     8  sync_slam_toolb

13:31:54      UID       PID  minflt/s  majflt/s     VSZ     RSS   %MEM  Command
13:31:55        0     33861      0.00      0.00 2619764   53724   0.34  sync_slam_toolb

13:31:55      UID       PID    %usr %system  %guest   %wait    %CPU   CPU  Command
13:31:56        0     33861   10.00    1.00    0.00    0.00   11.00     4  sync_slam_toolb

13:31:55      UID       PID  minflt/s  majflt/s     VSZ     RSS   %MEM  Command
13:31:56        0     33861      0.00      0.00 2619764   53724   0.34  sync_slam_toolb

13:31:56      UID       PID    %usr %system  %guest   %wait    %CPU   CPU  Command
13:31:57        0     33861    7.00    1.00    0.00    0.00    8.00     8  sync_slam_toolb

13:31:56      UID       PID  minflt/s  majflt/s     VSZ     RSS   %MEM  Command
13:31:57        0     33861      0.00      0.00 2619764   53724   0.34  sync_slam_toolb

13:31:57      UID       PID    %usr %system  %guest   %wait    %CPU   CPU  Command
13:31:58        0     33861    6.00    1.00    0.00    0.00    7.00     8  sync_slam_toolb

13:31:57      UID       PID  minflt/s  majflt/s     VSZ     RSS   %MEM  Command
13:31:58        0     33861      0.00      0.00 2619764   53724   0.34  sync_slam_toolb

13:31:58      UID       PID    %usr %system  %guest   %wait    %CPU   CPU  Command
13:31:59        0     33861    8.00    0.00    0.00    0.00    8.00     6  sync_slam_toolb

13:31:58      UID       PID  minflt/s  majflt/s     VSZ     RSS   %MEM  Command
13:31:59        0     33861      0.00      0.00 2619764   53724   0.34  sync_slam_toolb

13:31:59      UID       PID    %usr %system  %guest   %wait    %CPU   CPU  Command
13:32:00        0     33861   10.00    2.00    0.00    0.00   12.00     6  sync_slam_toolb

13:31:59      UID       PID  minflt/s  majflt/s     VSZ     RSS   %MEM  Command
13:32:00        0     33861      0.00      0.00 2619764   53724   0.34  sync_slam_toolb

13:32:00      UID       PID    %usr %system  %guest   %wait    %CPU   CPU  Command
13:32:01        0     33861    7.00    0.00    0.00    0.00    7.00     6  sync_slam_toolb

13:32:00      UID       PID  minflt/s  majflt/s     VSZ     RSS   %MEM  Command
13:32:01        0     33861      0.00      0.00 2619764   53724   0.34  sync_slam_toolb

13:32:01      UID       PID    %usr %system  %guest   %wait    %CPU   CPU  Command
13:32:02        0     33861   10.00    1.00    0.00    0.00   11.00     6  sync_slam_toolb

13:32:01      UID       PID  minflt/s  majflt/s     VSZ     RSS   %MEM  Command
13:32:02        0     33861      0.00      0.00 2619764   53724   0.34  sync_slam_toolb

13:32:02      UID       PID    %usr %system  %guest   %wait    %CPU   CPU  Command
13:32:03        0     33861    7.00    1.00    0.00    0.00    8.00     6  sync_slam_toolb

13:32:02      UID       PID  minflt/s  majflt/s     VSZ     RSS   %MEM  Command
13:32:03        0     33861      0.00      0.00 2619764   53724   0.34  sync_slam_toolb

13:32:03      UID       PID    %usr %system  %guest   %wait    %CPU   CPU  Command
13:32:04        0     33861    7.00    1.00    0.00    0.00    8.00     8  sync_slam_toolb

13:32:03      UID       PID  minflt/s  majflt/s     VSZ     RSS   %MEM  Command
13:32:04        0     33861      0.00      0.00 2619764   53724   0.34  sync_slam_toolb

13:32:04      UID       PID    %usr %system  %guest   %wait    %CPU   CPU  Command
13:32:05        0     33861   11.00    0.00    0.00    0.00   11.00     0  sync_slam_toolb

13:32:04      UID       PID  minflt/s  majflt/s     VSZ     RSS   %MEM  Command
13:32:05        0     33861      0.00      0.00 2619764   53724   0.34  sync_slam_toolb

13:32:05      UID       PID    %usr %system  %guest   %wait    %CPU   CPU  Command
13:32:06        0     33861    6.00    1.00    0.00    0.00    7.00     0  sync_slam_toolb

13:32:05      UID       PID  minflt/s  majflt/s     VSZ     RSS   %MEM  Command
13:32:06        0     33861      0.00      0.00 2619764   53724   0.34  sync_slam_toolb

13:32:06      UID       PID    %usr %system  %guest   %wait    %CPU   CPU  Command
13:32:07        0     33861   10.00    2.00    0.00    0.00   12.00     0  sync_slam_toolb

13:32:06      UID       PID  minflt/s  majflt/s     VSZ     RSS   %MEM  Command
13:32:07        0     33861      0.00      0.00 2619764   53724   0.34  sync_slam_toolb

13:32:07      UID       PID    %usr %system  %guest   %wait    %CPU   CPU  Command
13:32:08        0     33861    6.00    1.00    0.00    0.00    7.00     0  sync_slam_toolb

13:32:07      UID       PID  minflt/s  majflt/s     VSZ     RSS   %MEM  Command
13:32:08        0     33861      0.00      0.00 2619764   53724   0.34  sync_slam_toolb

13:32:08      UID       PID    %usr %system  %guest   %wait    %CPU   CPU  Command
13:32:09        0     33861    7.00    1.00    0.00    0.00    8.00     2  sync_slam_toolb

13:32:08      UID       PID  minflt/s  majflt/s     VSZ     RSS   %MEM  Command
13:32:09        0     33861      0.00      0.00 2619764   53724   0.34  sync_slam_toolb

13:32:09      UID       PID    %usr %system  %guest   %wait    %CPU   CPU  Command
13:32:10        0     33861   10.00    0.00    0.00    0.00   10.00     2  sync_slam_toolb

13:32:09      UID       PID  minflt/s  majflt/s     VSZ     RSS   %MEM  Command
13:32:10        0     33861      0.00      0.00 2619764   53724   0.34  sync_slam_toolb

13:32:10      UID       PID    %usr %system  %guest   %wait    %CPU   CPU  Command
13:32:11        0     33861    7.00    1.00    0.00    0.00    8.00     6  sync_slam_toolb

13:32:10      UID       PID  minflt/s  majflt/s     VSZ     RSS   %MEM  Command
13:32:11        0     33861      0.00      0.00 2619764   53724   0.34  sync_slam_toolb

13:32:11      UID       PID    %usr %system  %guest   %wait    %CPU   CPU  Command
13:32:12        0     33861   10.00    1.00    0.00    0.00   11.00     6  sync_slam_toolb

13:32:11      UID       PID  minflt/s  majflt/s     VSZ     RSS   %MEM  Command
13:32:12        0     33861      0.00      0.00 2619764   53724   0.34  sync_slam_toolb

13:32:12      UID       PID    %usr %system  %guest   %wait    %CPU   CPU  Command
13:32:13        0     33861    6.00    2.00    0.00    0.00    8.00    14  sync_slam_toolb

13:32:12      UID       PID  minflt/s  majflt/s     VSZ     RSS   %MEM  Command
13:32:13        0     33861      0.00      0.00 2619764   53724   0.34  sync_slam_toolb

13:32:13      UID       PID    %usr %system  %guest   %wait    %CPU   CPU  Command
13:32:14        0     33861    7.00    1.00    0.00    0.00    8.00     2  sync_slam_toolb

13:32:13      UID       PID  minflt/s  majflt/s     VSZ     RSS   %MEM  Command
13:32:14        0     33861      0.00      0.00 2619764   53724   0.34  sync_slam_toolb

13:32:14      UID       PID    %usr %system  %guest   %wait    %CPU   CPU  Command
13:32:15        0     33861   10.00    1.00    0.00    0.00   11.00    12  sync_slam_toolb

13:32:14      UID       PID  minflt/s  majflt/s     VSZ     RSS   %MEM  Command
13:32:15        0     33861      0.00      0.00 2619764   53724   0.34  sync_slam_toolb

13:32:15      UID       PID    %usr %system  %guest   %wait    %CPU   CPU  Command
13:32:16        0     33861    7.00    1.00    0.00    0.00    8.00     6  sync_slam_toolb

13:32:15      UID       PID  minflt/s  majflt/s     VSZ     RSS   %MEM  Command
13:32:16        0     33861      0.00      0.00 2619764   53724   0.34  sync_slam_toolb

13:32:16      UID       PID    %usr %system  %guest   %wait    %CPU   CPU  Command
13:32:17        0     33861    7.00    1.00    0.00    0.00    8.00     2  sync_slam_toolb

13:32:16      UID       PID  minflt/s  majflt/s     VSZ     RSS   %MEM  Command
13:32:17        0     33861      0.00      0.00 2619764   53724   0.34  sync_slam_toolb

13:32:17      UID       PID    %usr %system  %guest   %wait    %CPU   CPU  Command
13:32:18        0     33861    7.00    1.00    0.00    0.00    8.00     0  sync_slam_toolb

13:32:17      UID       PID  minflt/s  majflt/s     VSZ     RSS   %MEM  Command
13:32:18        0     33861      0.00      0.00 2619764   53724   0.34  sync_slam_toolb

13:32:18      UID       PID    %usr %system  %guest   %wait    %CPU   CPU  Command
13:32:19        0     33861    9.00    1.00    0.00    0.00   10.00     2  sync_slam_toolb

13:32:18      UID       PID  minflt/s  majflt/s     VSZ     RSS   %MEM  Command
13:32:19        0     33861      0.00      0.00 2619764   53724   0.34  sync_slam_toolb

13:32:19      UID       PID    %usr %system  %guest   %wait    %CPU   CPU  Command
13:32:20        0     33861    7.00    1.00    0.00    0.00    8.00     2  sync_slam_toolb

13:32:19      UID       PID  minflt/s  majflt/s     VSZ     RSS   %MEM  Command
13:32:20        0     33861      0.00      0.00 2619764   53724   0.34  sync_slam_toolb

13:32:20      UID       PID    %usr %system  %guest   %wait    %CPU   CPU  Command
13:32:21        0     33861    7.00    0.00    0.00    0.00    7.00     4  sync_slam_toolb

13:32:20      UID       PID  minflt/s  majflt/s     VSZ     RSS   %MEM  Command
13:32:21        0     33861      0.00      0.00 2619764   53724   0.34  sync_slam_toolb

13:32:21      UID       PID    %usr %system  %guest   %wait    %CPU   CPU  Command
13:32:22        0     33861    9.00    2.00    0.00    0.00   11.00     2  sync_slam_toolb

13:32:21      UID       PID  minflt/s  majflt/s     VSZ     RSS   %MEM  Command
13:32:22        0     33861      0.00      0.00 2619764   53724   0.34  sync_slam_toolb

13:32:22      UID       PID    %usr %system  %guest   %wait    %CPU   CPU  Command
13:32:23        0     33861    7.00    1.00    0.00    0.00    8.00     8  sync_slam_toolb

13:32:22      UID       PID  minflt/s  majflt/s     VSZ     RSS   %MEM  Command
13:32:23        0     33861      0.00      0.00 2619764   53724   0.34  sync_slam_toolb

13:32:23      UID       PID    %usr %system  %guest   %wait    %CPU   CPU  Command
13:32:24        0     33861   10.00    1.00    0.00    0.00   11.00     2  sync_slam_toolb

13:32:23      UID       PID  minflt/s  majflt/s     VSZ     RSS   %MEM  Command
13:32:24        0     33861      0.00      0.00 2619764   53724   0.34  sync_slam_toolb

13:32:24      UID       PID    %usr %system  %guest   %wait    %CPU   CPU  Command
13:32:25        0     33861    7.00    1.00    0.00    0.00    8.00     8  sync_slam_toolb

13:32:24      UID       PID  minflt/s  majflt/s     VSZ     RSS   %MEM  Command
13:32:25        0     33861      0.00      0.00 2619764   53724   0.34  sync_slam_toolb

13:32:25      UID       PID    %usr %system  %guest   %wait    %CPU   CPU  Command
13:32:26        0     33861   10.00    0.00    0.00    0.00   10.00     2  sync_slam_toolb

13:32:25      UID       PID  minflt/s  majflt/s     VSZ     RSS   %MEM  Command
13:32:26        0     33861      0.00      0.00 2619764   53724   0.34  sync_slam_toolb

13:32:26      UID       PID    %usr %system  %guest   %wait    %CPU   CPU  Command
13:32:27        0     33861    7.00    1.00    0.00    0.00    8.00     2  sync_slam_toolb

13:32:26      UID       PID  minflt/s  majflt/s     VSZ     RSS   %MEM  Command
13:32:27        0     33861      0.00      0.00 2619764   53724   0.34  sync_slam_toolb

13:32:27      UID       PID    %usr %system  %guest   %wait    %CPU   CPU  Command
13:32:28        0     33861   10.00    1.00    0.00    0.00   11.00     6  sync_slam_toolb

13:32:27      UID       PID  minflt/s  majflt/s     VSZ     RSS   %MEM  Command
13:32:28        0     33861      0.00      0.00 2619764   53724   0.34  sync_slam_toolb

13:32:28      UID       PID    %usr %system  %guest   %wait    %CPU   CPU  Command
13:32:29        0     33861    6.00    1.00    0.00    0.00    7.00     2  sync_slam_toolb

13:32:28      UID       PID  minflt/s  majflt/s     VSZ     RSS   %MEM  Command
13:32:29        0     33861      0.00      0.00 2619764   53724   0.34  sync_slam_toolb

13:32:29      UID       PID    %usr %system  %guest   %wait    %CPU   CPU  Command
13:32:30        0     33861   10.00    1.00    0.00    0.00   11.00     2  sync_slam_toolb

13:32:29      UID       PID  minflt/s  majflt/s     VSZ     RSS   %MEM  Command
13:32:30        0     33861      0.00      0.00 2619764   53724   0.34  sync_slam_toolb

13:32:30      UID       PID    %usr %system  %guest   %wait    %CPU   CPU  Command
13:32:31        0     33861    7.00    1.00    0.00    0.00    8.00     2  sync_slam_toolb

13:32:30      UID       PID  minflt/s  majflt/s     VSZ     RSS   %MEM  Command
13:32:31        0     33861      0.00      0.00 2619764   53724   0.34  sync_slam_toolb

13:32:31      UID       PID    %usr %system  %guest   %wait    %CPU   CPU  Command
13:32:32        0     33861    7.00    1.00    0.00    0.00    8.00    10  sync_slam_toolb

13:32:31      UID       PID  minflt/s  majflt/s     VSZ     RSS   %MEM  Command
13:32:32        0     33861      0.00      0.00 2619764   53724   0.34  sync_slam_toolb

13:32:32      UID       PID    %usr %system  %guest   %wait    %CPU   CPU  Command
13:32:33        0     33861    7.00    1.00    0.00    0.00    8.00    14  sync_slam_toolb

13:32:32      UID       PID  minflt/s  majflt/s     VSZ     RSS   %MEM  Command
13:32:33        0     33861      0.00      0.00 2619764   53724   0.34  sync_slam_toolb

13:32:33      UID       PID    %usr %system  %guest   %wait    %CPU   CPU  Command
13:32:34        0     33861   11.00    1.00    0.00    0.00   12.00     0  sync_slam_toolb

13:32:33      UID       PID  minflt/s  majflt/s     VSZ     RSS   %MEM  Command
13:32:34        0     33861      0.00      0.00 2619764   53724   0.34  sync_slam_toolb

13:32:34      UID       PID    %usr %system  %guest   %wait    %CPU   CPU  Command
13:32:35        0     33861    7.00    1.00    0.00    0.00    8.00    14  sync_slam_toolb

13:32:34      UID       PID  minflt/s  majflt/s     VSZ     RSS   %MEM  Command
13:32:35        0     33861      0.00      0.00 2619764   53724   0.34  sync_slam_toolb

13:32:35      UID       PID    %usr %system  %guest   %wait    %CPU   CPU  Command
13:32:36        0     33861    7.00    1.00    0.00    0.00    8.00     0  sync_slam_toolb

13:32:35      UID       PID  minflt/s  majflt/s     VSZ     RSS   %MEM  Command
13:32:36        0     33861      0.00      0.00 2619764   53724   0.34  sync_slam_toolb

13:32:36      UID       PID    %usr %system  %guest   %wait    %CPU   CPU  Command
13:32:37        0     33861   10.00    1.00    0.00    0.00   11.00     4  sync_slam_toolb

13:32:36      UID       PID  minflt/s  majflt/s     VSZ     RSS   %MEM  Command
13:32:37        0     33861      0.00      0.00 2619764   53724   0.34  sync_slam_toolb

13:32:37      UID       PID    %usr %system  %guest   %wait    %CPU   CPU  Command
13:32:38        0     33861    8.00    1.00    0.00    0.00    9.00     8  sync_slam_toolb

13:32:37      UID       PID  minflt/s  majflt/s     VSZ     RSS   %MEM  Command
13:32:38        0     33861      0.00      0.00 2619764   53724   0.34  sync_slam_toolb

13:32:38      UID       PID    %usr %system  %guest   %wait    %CPU   CPU  Command
13:32:39        0     33861   10.00    1.00    0.00    0.00   11.00     2  sync_slam_toolb

13:32:38      UID       PID  minflt/s  majflt/s     VSZ     RSS   %MEM  Command
13:32:39        0     33861      0.00      0.00 2619764   53724   0.34  sync_slam_toolb

13:32:39      UID       PID    %usr %system  %guest   %wait    %CPU   CPU  Command
13:32:40        0     33861    8.00    1.00    0.00    0.00    9.00     8  sync_slam_toolb

13:32:39      UID       PID  minflt/s  majflt/s     VSZ     RSS   %MEM  Command
13:32:40        0     33861      0.00      0.00 2619764   53724   0.34  sync_slam_toolb

13:32:40      UID       PID    %usr %system  %guest   %wait    %CPU   CPU  Command
13:32:41        0     33861    7.00    0.00    0.00    0.00    7.00     6  sync_slam_toolb

13:32:40      UID       PID  minflt/s  majflt/s     VSZ     RSS   %MEM  Command
13:32:41        0     33861      0.00      0.00 2619764   53724   0.34  sync_slam_toolb

13:32:41      UID       PID    %usr %system  %guest   %wait    %CPU   CPU  Command
13:32:42        0     33861   12.00    1.00    0.00    0.00   13.00     7  sync_slam_toolb

13:32:41      UID       PID  minflt/s  majflt/s     VSZ     RSS   %MEM  Command
13:32:42        0     33861      0.00      0.00 2619764   53724   0.34  sync_slam_toolb

13:32:42      UID       PID    %usr %system  %guest   %wait    %CPU   CPU  Command
13:32:43        0     33861    7.00    0.00    0.00    0.00    7.00     7  sync_slam_toolb

13:32:42      UID       PID  minflt/s  majflt/s     VSZ     RSS   %MEM  Command
13:32:43        0     33861      0.00      0.00 2619764   53724   0.34  sync_slam_toolb

13:32:43      UID       PID    %usr %system  %guest   %wait    %CPU   CPU  Command
13:32:44        0     33861    7.00    1.00    0.00    0.00    8.00     7  sync_slam_toolb

13:32:43      UID       PID  minflt/s  majflt/s     VSZ     RSS   %MEM  Command
13:32:44        0     33861      0.00      0.00 2619764   53724   0.34  sync_slam_toolb

13:32:44      UID       PID    %usr %system  %guest   %wait    %CPU   CPU  Command
13:32:45        0     33861   11.00    1.00    0.00    0.00   12.00     0  sync_slam_toolb

13:32:44      UID       PID  minflt/s  majflt/s     VSZ     RSS   %MEM  Command
13:32:45        0     33861      0.00      0.00 2619764   53724   0.34  sync_slam_toolb

13:32:45      UID       PID    %usr %system  %guest   %wait    %CPU   CPU  Command
13:32:46        0     33861    7.00    1.00    0.00    0.00    8.00     7  sync_slam_toolb

13:32:45      UID       PID  minflt/s  majflt/s     VSZ     RSS   %MEM  Command
13:32:46        0     33861      0.00      0.00 2619764   53724   0.34  sync_slam_toolb

13:32:46      UID       PID    %usr %system  %guest   %wait    %CPU   CPU  Command
13:32:47        0     33861   12.00    1.00    0.00    0.00   13.00     0  sync_slam_toolb

13:32:46      UID       PID  minflt/s  majflt/s     VSZ     RSS   %MEM  Command
13:32:47        0     33861      0.00      0.00 2619764   53724   0.34  sync_slam_toolb

13:32:47      UID       PID    %usr %system  %guest   %wait    %CPU   CPU  Command
13:32:48        0     33861    7.00    1.00    0.00    0.00    8.00     0  sync_slam_toolb

13:32:47      UID       PID  minflt/s  majflt/s     VSZ     RSS   %MEM  Command
13:32:48        0     33861      0.00      0.00 2619764   53724   0.34  sync_slam_toolb

13:32:48      UID       PID    %usr %system  %guest   %wait    %CPU   CPU  Command
13:32:49        0     33861   11.00    2.00    0.00    0.00   13.00     6  sync_slam_toolb

13:32:48      UID       PID  minflt/s  majflt/s     VSZ     RSS   %MEM  Command
13:32:49        0     33861      0.00      0.00 2619764   53724   0.34  sync_slam_toolb

13:32:49      UID       PID    %usr %system  %guest   %wait    %CPU   CPU  Command
13:32:50        0     33861    8.00    2.00    0.00    0.00   10.00    13  sync_slam_toolb

13:32:49      UID       PID  minflt/s  majflt/s     VSZ     RSS   %MEM  Command
13:32:50        0     33861     22.00      0.00 2620356   53980   0.35  sync_slam_toolb

13:32:50      UID       PID    %usr %system  %guest   %wait    %CPU   CPU  Command
13:32:51        0     33861    7.00    2.00    0.00    0.00    9.00    14  sync_slam_toolb

13:32:50      UID       PID  minflt/s  majflt/s     VSZ     RSS   %MEM  Command
13:32:51        0     33861     49.00      0.00 2620252   54108   0.35  sync_slam_toolb

13:32:51      UID       PID    %usr %system  %guest   %wait    %CPU   CPU  Command
13:32:52        0     33861    5.00    0.00    0.00    0.00    5.00    14  sync_slam_toolb

13:32:51      UID       PID  minflt/s  majflt/s     VSZ     RSS   %MEM  Command
13:32:52        0     33861      0.00      0.00 2620252   54108   0.35  sync_slam_toolb

13:32:52      UID       PID    %usr %system  %guest   %wait    %CPU   CPU  Command
13:32:53        0     33861    5.00    1.00    0.00    0.00    6.00    14  sync_slam_toolb

13:32:52      UID       PID  minflt/s  majflt/s     VSZ     RSS   %MEM  Command
13:32:53        0     33861      0.00      0.00 2620252   54108   0.35  sync_slam_toolb

13:32:53      UID       PID    %usr %system  %guest   %wait    %CPU   CPU  Command
13:32:54        0     33861    4.00    1.00    0.00    0.00    5.00    14  sync_slam_toolb

13:32:53      UID       PID  minflt/s  majflt/s     VSZ     RSS   %MEM  Command
13:32:54        0     33861      0.00      0.00 2620252   54108   0.35  sync_slam_toolb

13:32:54      UID       PID    %usr %system  %guest   %wait    %CPU   CPU  Command
13:32:55        0     33861    4.95    0.99    0.00    0.00    5.94    14  sync_slam_toolb

13:32:54      UID       PID  minflt/s  majflt/s     VSZ     RSS   %MEM  Command
13:32:55        0     33861      0.00      0.00 2619712   54108   0.35  sync_slam_toolb

13:32:55      UID       PID    %usr %system  %guest   %wait    %CPU   CPU  Command
13:32:56        0     33861    6.00    0.00    0.00    0.00    6.00    14  sync_slam_toolb

13:32:55      UID       PID  minflt/s  majflt/s     VSZ     RSS   %MEM  Command
13:32:56        0     33861      0.00      0.00 2619172   54108   0.35  sync_slam_toolb

13:32:56      UID       PID    %usr %system  %guest   %wait    %CPU   CPU  Command
13:32:57        0     33861    5.00    1.00    0.00    0.00    6.00    14  sync_slam_toolb

13:32:56      UID       PID  minflt/s  majflt/s     VSZ     RSS   %MEM  Command
13:32:57        0     33861      0.00      0.00 2619172   54108   0.35  sync_slam_toolb


Average:      UID       PID    %usr %system  %guest   %wait    %CPU   CPU  Command
Average:        0     33861    6.76    1.12    0.00    0.00    7.87     -  sync_slam_toolb

Average:      UID       PID  minflt/s  majflt/s     VSZ     RSS   %MEM  Command
Average:        0     33861      5.96      0.00 2152892   50392   0.32  sync_slam_toolb
