Linux 6.17.0-23-generic (admin1-ASUS-TUF-Gaming-A15-FA507NU-FA507NU) 	05/11/26 	_x86_64_	(16 CPU)

12:23:01      UID       PID    %usr %system  %guest   %wait    %CPU   CPU  Command
12:23:02        0      3398   15.00    1.00    0.00    0.00   16.00     7  cartographer_no

12:23:01      UID       PID  minflt/s  majflt/s     VSZ     RSS   %MEM  Command
12:23:02        0      3398      0.00      0.00 1555508   44276   0.28  cartographer_no

12:23:02      UID       PID    %usr %system  %guest   %wait    %CPU   CPU  Command
12:23:03        0      3398   16.00    1.00    0.00    1.00   17.00     2  cartographer_no

12:23:02      UID       PID  minflt/s  majflt/s     VSZ     RSS   %MEM  Command
12:23:03        0      3398      6.00      0.00 1555508   44276   0.28  cartographer_no

12:23:03      UID       PID    %usr %system  %guest   %wait    %CPU   CPU  Command
12:23:04        0      3398   15.00    1.00    0.00    0.00   16.00     2  cartographer_no

12:23:03      UID       PID  minflt/s  majflt/s     VSZ     RSS   %MEM  Command
12:23:04        0      3398      5.00      0.00 1555508   44276   0.28  cartographer_no

12:23:04      UID       PID    %usr %system  %guest   %wait    %CPU   CPU  Command
12:23:05        0      3398   15.00    0.00    0.00    0.00   15.00     0  cartographer_no

12:23:04      UID       PID  minflt/s  majflt/s     VSZ     RSS   %MEM  Command
12:23:05        0      3398      5.00      0.00 1555508   44276   0.28  cartographer_no

12:23:05      UID       PID    %usr %system  %guest   %wait    %CPU   CPU  Command
12:23:06        0      3398   15.00    1.00    0.00    0.00   16.00     2  cartographer_no

12:23:05      UID       PID  minflt/s  majflt/s     VSZ     RSS   %MEM  Command
12:23:06        0      3398      2.00      0.00 1555508   44276   0.28  cartographer_no

12:23:06      UID       PID    %usr %system  %guest   %wait    %CPU   CPU  Command
12:23:07        0      3398   14.00    1.00    0.00    0.00   15.00     4  cartographer_no

12:23:06      UID       PID  minflt/s  majflt/s     VSZ     RSS   %MEM  Command
12:23:07        0      3398      2.00      0.00 1555508   44276   0.28  cartographer_no

12:23:07      UID       PID    %usr %system  %guest   %wait    %CPU   CPU  Command
12:23:08        0      3398   14.00    0.00    0.00    0.00   14.00     2  cartographer_no

12:23:07      UID       PID  minflt/s  majflt/s     VSZ     RSS   %MEM  Command
12:23:08        0      3398      3.00      0.00 1555508   44276   0.28  cartographer_no

12:23:08      UID       PID    %usr %system  %guest   %wait    %CPU   CPU  Command
12:23:09        0      3398   14.00    1.00    0.00    0.00   15.00     3  cartographer_no

12:23:08      UID       PID  minflt/s  majflt/s     VSZ     RSS   %MEM  Command
12:23:09        0      3398      2.00      0.00 1555508   44276   0.28  cartographer_no

12:23:09      UID       PID    %usr %system  %guest   %wait    %CPU   CPU  Command
12:23:10        0      3398   13.00    1.00    0.00    0.00   14.00     3  cartographer_no

12:23:09      UID       PID  minflt/s  majflt/s     VSZ     RSS   %MEM  Command
12:23:10        0      3398      0.00      0.00 1555508   44276   0.28  cartographer_no

12:23:10      UID       PID    %usr %system  %guest   %wait    %CPU   CPU  Command
12:23:11        0      3398   13.00    0.00    0.00    0.00   13.00     3  cartographer_no

12:23:10      UID       PID  minflt/s  majflt/s     VSZ     RSS   %MEM  Command
12:23:11        0      3398      1.00      0.00 1555508   44276   0.28  cartographer_no

12:23:11      UID       PID    %usr %system  %guest   %wait    %CPU   CPU  Command
12:23:12        0      3398   13.00    1.00    0.00    0.00   14.00     6  cartographer_no

12:23:11      UID       PID  minflt/s  majflt/s     VSZ     RSS   %MEM  Command
12:23:12        0      3398      1.00      0.00 1555508   44276   0.28  cartographer_no

12:23:12      UID       PID    %usr %system  %guest   %wait    %CPU   CPU  Command
12:23:13        0      3398   13.00    0.00    0.00    0.00   13.00     0  cartographer_no

12:23:12      UID       PID  minflt/s  majflt/s     VSZ     RSS   %MEM  Command
12:23:13        0      3398      0.00      0.00 1555508   44276   0.28  cartographer_no

12:23:13      UID       PID    %usr %system  %guest   %wait    %CPU   CPU  Command
12:23:14        0      3398   12.87    0.99    0.00    0.00   13.86     0  cartographer_no

12:23:13      UID       PID  minflt/s  majflt/s     VSZ     RSS   %MEM  Command
12:23:14        0      3398      1.98      0.00 1555508   44276   0.28  cartographer_no

12:23:14      UID       PID    %usr %system  %guest   %wait    %CPU   CPU  Command
12:23:15        0      3398   13.00    1.00    0.00    0.00   14.00     2  cartographer_no

12:23:14      UID       PID  minflt/s  majflt/s     VSZ     RSS   %MEM  Command
12:23:15        0      3398      0.00      0.00 1555508   44276   0.28  cartographer_no

12:23:15      UID       PID    %usr %system  %guest   %wait    %CPU   CPU  Command
12:23:16        0      3398   13.00    1.00    0.00    0.00   14.00     4  cartographer_no

12:23:15      UID       PID  minflt/s  majflt/s     VSZ     RSS   %MEM  Command
12:23:16        0      3398      2.00      0.00 1555508   44276   0.28  cartographer_no

12:23:16      UID       PID    %usr %system  %guest   %wait    %CPU   CPU  Command
12:23:17        0      3398   13.00    0.00    0.00    0.00   13.00     6  cartographer_no

12:23:16      UID       PID  minflt/s  majflt/s     VSZ     RSS   %MEM  Command
12:23:17        0      3398      0.00      0.00 1555508   44276   0.28  cartographer_no

12:23:17      UID       PID    %usr %system  %guest   %wait    %CPU   CPU  Command
12:23:18        0      3398   14.00    1.00    0.00    0.00   15.00     3  cartographer_no

12:23:17      UID       PID  minflt/s  majflt/s     VSZ     RSS   %MEM  Command
12:23:18        0      3398      2.00      0.00 1555508   44276   0.28  cartographer_no

12:23:18      UID       PID    %usr %system  %guest   %wait    %CPU   CPU  Command
12:23:19        0      3398   17.00    1.00    0.00    0.00   18.00     2  cartographer_no

12:23:18      UID       PID  minflt/s  majflt/s     VSZ     RSS   %MEM  Command
12:23:19        0      3398    198.00      0.00 1555508   45044   0.29  cartographer_no

12:23:19      UID       PID    %usr %system  %guest   %wait    %CPU   CPU  Command
12:23:20        0      3398   15.00    1.00    0.00    0.00   16.00     0  cartographer_no

12:23:19      UID       PID  minflt/s  majflt/s     VSZ     RSS   %MEM  Command
12:23:20        0      3398      6.00      0.00 1555508   45044   0.29  cartographer_no

12:23:20      UID       PID    %usr %system  %guest   %wait    %CPU   CPU  Command
12:23:21        0      3398   17.00    0.00    0.00    0.00   17.00     2  cartographer_no

12:23:20      UID       PID  minflt/s  majflt/s     VSZ     RSS   %MEM  Command
12:23:21        0      3398      0.00      0.00 1555508   45044   0.29  cartographer_no

12:23:21      UID       PID    %usr %system  %guest   %wait    %CPU   CPU  Command
12:23:22        0      3398   16.00    1.00    0.00    0.00   17.00     2  cartographer_no

12:23:21      UID       PID  minflt/s  majflt/s     VSZ     RSS   %MEM  Command
12:23:22        0      3398     17.00      0.00 1555508   45300   0.29  cartographer_no

12:23:22      UID       PID    %usr %system  %guest   %wait    %CPU   CPU  Command
12:23:23        0      3398   15.00    1.00    0.00    0.00   16.00     2  cartographer_no

12:23:22      UID       PID  minflt/s  majflt/s     VSZ     RSS   %MEM  Command
12:23:23        0      3398      6.00      0.00 1554256   44052   0.28  cartographer_no

12:23:23      UID       PID    %usr %system  %guest   %wait    %CPU   CPU  Command
12:23:24        0      3398   20.00    1.00    0.00    0.00   21.00     8  cartographer_no

12:23:23      UID       PID  minflt/s  majflt/s     VSZ     RSS   %MEM  Command
12:23:24        0      3398    530.00      1.00 1554788   46100   0.30  cartographer_no

12:23:24      UID       PID    %usr %system  %guest   %wait    %CPU   CPU  Command
12:23:25        0      3398   16.00    0.00    0.00    0.00   16.00     4  cartographer_no

12:23:24      UID       PID  minflt/s  majflt/s     VSZ     RSS   %MEM  Command
12:23:25        0      3398     76.00      0.00 1554788   46228   0.30  cartographer_no

12:23:25      UID       PID    %usr %system  %guest   %wait    %CPU   CPU  Command
12:23:26        0      3398   16.00    1.00    0.00    0.00   17.00     6  cartographer_no

12:23:25      UID       PID  minflt/s  majflt/s     VSZ     RSS   %MEM  Command
12:23:26        0      3398    124.00      0.00 1554788   46740   0.30  cartographer_no

12:23:26      UID       PID    %usr %system  %guest   %wait    %CPU   CPU  Command
12:23:27        0      3398   16.00    1.00    0.00    1.00   17.00     6  cartographer_no

12:23:26      UID       PID  minflt/s  majflt/s     VSZ     RSS   %MEM  Command
12:23:27        0      3398      0.00      0.00 1554788   46740   0.30  cartographer_no

12:23:27      UID       PID    %usr %system  %guest   %wait    %CPU   CPU  Command
12:23:28        0      3398   15.00    3.00    0.00    0.00   18.00     6  cartographer_no

12:23:27      UID       PID  minflt/s  majflt/s     VSZ     RSS   %MEM  Command
12:23:28        0      3398      3.00      0.00 1554788   46740   0.30  cartographer_no

12:23:28      UID       PID    %usr %system  %guest   %wait    %CPU   CPU  Command
12:23:29        0      3398   16.00    3.00    0.00    0.00   19.00     6  cartographer_no

12:23:28      UID       PID  minflt/s  majflt/s     VSZ     RSS   %MEM  Command
12:23:29        0      3398     75.00      1.00 1554788   46868   0.30  cartographer_no

12:23:29      UID       PID    %usr %system  %guest   %wait    %CPU   CPU  Command
12:23:30        0      3398   17.00    1.00    0.00    0.00   18.00     6  cartographer_no

12:23:29      UID       PID  minflt/s  majflt/s     VSZ     RSS   %MEM  Command
12:23:30        0      3398      2.00      0.00 1554788   46868   0.30  cartographer_no

12:23:30      UID       PID    %usr %system  %guest   %wait    %CPU   CPU  Command
12:23:31        0      3398   18.00    0.00    0.00    0.00   18.00     6  cartographer_no

12:23:30      UID       PID  minflt/s  majflt/s     VSZ     RSS   %MEM  Command
12:23:31        0      3398    185.00      0.00 1554788   47508   0.30  cartographer_no

12:23:31      UID       PID    %usr %system  %guest   %wait    %CPU   CPU  Command
12:23:32        0      3398   17.00    0.00    0.00    0.00   17.00    12  cartographer_no

12:23:31      UID       PID  minflt/s  majflt/s     VSZ     RSS   %MEM  Command
12:23:32        0      3398      8.00      0.00 1554788   47508   0.30  cartographer_no

12:23:32      UID       PID    %usr %system  %guest   %wait    %CPU   CPU  Command
12:23:33        0      3398   20.00    0.00    0.00    0.00   20.00     7  cartographer_no

12:23:32      UID       PID  minflt/s  majflt/s     VSZ     RSS   %MEM  Command
12:23:33        0      3398     12.00      0.00 1554788   47508   0.30  cartographer_no

12:23:33      UID       PID    %usr %system  %guest   %wait    %CPU   CPU  Command
12:23:34        0      3398   19.00    0.00    0.00    0.00   19.00     6  cartographer_no

12:23:33      UID       PID  minflt/s  majflt/s     VSZ     RSS   %MEM  Command
12:23:34        0      3398      4.00      0.00 1554788   47508   0.30  cartographer_no

12:23:34      UID       PID    %usr %system  %guest   %wait    %CPU   CPU  Command
12:23:35        0      3398   19.00    0.00    0.00    1.00   19.00     4  cartographer_no

12:23:34      UID       PID  minflt/s  majflt/s     VSZ     RSS   %MEM  Command
12:23:35        0      3398     13.00      0.00 1554788   47636   0.31  cartographer_no

12:23:35      UID       PID    %usr %system  %guest   %wait    %CPU   CPU  Command
12:23:36        0      3398   20.00    0.00    0.00    0.00   20.00     0  cartographer_no

12:23:35      UID       PID  minflt/s  majflt/s     VSZ     RSS   %MEM  Command
12:23:36        0      3398     10.00      0.00 1554788   47636   0.31  cartographer_no

12:23:36      UID       PID    %usr %system  %guest   %wait    %CPU   CPU  Command
12:23:37        0      3398   17.00    1.00    0.00    0.00   18.00     6  cartographer_no

12:23:36      UID       PID  minflt/s  majflt/s     VSZ     RSS   %MEM  Command
12:23:37        0      3398      5.00      0.00 1554928   47636   0.31  cartographer_no

12:23:37      UID       PID    %usr %system  %guest   %wait    %CPU   CPU  Command
12:23:38        0      3398   20.00    0.00    0.00    0.00   20.00     8  cartographer_no

12:23:37      UID       PID  minflt/s  majflt/s     VSZ     RSS   %MEM  Command
12:23:38        0      3398    122.00      0.00 1554928   48020   0.31  cartographer_no

12:23:38      UID       PID    %usr %system  %guest   %wait    %CPU   CPU  Command
12:23:39        0      3398   19.00    1.00    0.00    0.00   20.00     2  cartographer_no

12:23:38      UID       PID  minflt/s  majflt/s     VSZ     RSS   %MEM  Command
12:23:39        0      3398      8.00      0.00 1554928   48020   0.31  cartographer_no

12:23:39      UID       PID    %usr %system  %guest   %wait    %CPU   CPU  Command
12:23:40        0      3398   48.00    1.00    0.00    0.00   49.00     4  cartographer_no

12:23:39      UID       PID  minflt/s  majflt/s     VSZ     RSS   %MEM  Command
12:23:40        0      3398    276.00      0.00 1555280   49044   0.31  cartographer_no

12:23:40      UID       PID    %usr %system  %guest   %wait    %CPU   CPU  Command
12:23:41        0      3398   19.00    0.00    0.00    0.00   19.00     3  cartographer_no

12:23:40      UID       PID  minflt/s  majflt/s     VSZ     RSS   %MEM  Command
12:23:41        0      3398      0.00      0.00 1555280   49044   0.31  cartographer_no

12:23:41      UID       PID    %usr %system  %guest   %wait    %CPU   CPU  Command
12:23:42        0      3398   18.00    0.00    0.00    0.00   18.00    10  cartographer_no

12:23:41      UID       PID  minflt/s  majflt/s     VSZ     RSS   %MEM  Command
12:23:42        0      3398      0.00      0.00 1555280   49044   0.31  cartographer_no

12:23:42      UID       PID    %usr %system  %guest   %wait    %CPU   CPU  Command
12:23:43        0      3398   21.00    0.00    0.00    0.00   21.00    12  cartographer_no

12:23:42      UID       PID  minflt/s  majflt/s     VSZ     RSS   %MEM  Command
12:23:43        0      3398      0.00      0.00 1555280   49044   0.31  cartographer_no

12:23:43      UID       PID    %usr %system  %guest   %wait    %CPU   CPU  Command
12:23:44        0      3398   16.00    1.00    0.00    0.00   17.00     0  cartographer_no

12:23:43      UID       PID  minflt/s  majflt/s     VSZ     RSS   %MEM  Command
12:23:44        0      3398      0.00      0.00 1555280   49044   0.31  cartographer_no

12:23:44      UID       PID    %usr %system  %guest   %wait    %CPU   CPU  Command
12:23:45        0      3398   18.00    0.00    0.00    0.00   18.00     4  cartographer_no

12:23:44      UID       PID  minflt/s  majflt/s     VSZ     RSS   %MEM  Command
12:23:45        0      3398      7.00      0.00 1555280   49044   0.31  cartographer_no

12:23:45      UID       PID    %usr %system  %guest   %wait    %CPU   CPU  Command
12:23:46        0      3398   17.00    0.00    0.00    1.00   17.00     8  cartographer_no

12:23:45      UID       PID  minflt/s  majflt/s     VSZ     RSS   %MEM  Command
12:23:46        0      3398      0.00      0.00 1555280   49044   0.31  cartographer_no

12:23:46      UID       PID    %usr %system  %guest   %wait    %CPU   CPU  Command
12:23:47        0      3398   14.00    0.00    0.00    0.00   14.00     8  cartographer_no

12:23:46      UID       PID  minflt/s  majflt/s     VSZ     RSS   %MEM  Command
12:23:47        0      3398      0.00      0.00 1555280   49044   0.31  cartographer_no

12:23:47      UID       PID    %usr %system  %guest   %wait    %CPU   CPU  Command
12:23:48        0      3398   14.00    0.00    0.00    0.00   14.00     0  cartographer_no

12:23:47      UID       PID  minflt/s  majflt/s     VSZ     RSS   %MEM  Command
12:23:48        0      3398      0.00      0.00 1555280   49044   0.31  cartographer_no

12:23:48      UID       PID    %usr %system  %guest   %wait    %CPU   CPU  Command
12:23:49        0      3398   13.00    1.00    0.00    0.00   14.00     8  cartographer_no

12:23:48      UID       PID  minflt/s  majflt/s     VSZ     RSS   %MEM  Command
12:23:49        0      3398      0.00      0.00 1555280   49044   0.31  cartographer_no

12:23:49      UID       PID    %usr %system  %guest   %wait    %CPU   CPU  Command
12:23:50        0      3398   14.00    0.00    0.00    0.00   14.00     3  cartographer_no

12:23:49      UID       PID  minflt/s  majflt/s     VSZ     RSS   %MEM  Command
12:23:50        0      3398      0.00      0.00 1555280   49044   0.31  cartographer_no

12:23:50      UID       PID    %usr %system  %guest   %wait    %CPU   CPU  Command
12:23:51        0      3398   12.00    1.00    0.00    0.00   13.00     4  cartographer_no

12:23:50      UID       PID  minflt/s  majflt/s     VSZ     RSS   %MEM  Command
12:23:51        0      3398      0.00      0.00 1555280   49044   0.31  cartographer_no

12:23:51      UID       PID    %usr %system  %guest   %wait    %CPU   CPU  Command
12:23:52        0      3398   16.00    1.00    0.00    0.00   17.00     2  cartographer_no

12:23:51      UID       PID  minflt/s  majflt/s     VSZ     RSS   %MEM  Command
12:23:52        0      3398      0.00      0.00 1555280   49044   0.31  cartographer_no

12:23:52      UID       PID    %usr %system  %guest   %wait    %CPU   CPU  Command
12:23:53        0      3398   13.00    1.00    0.00    0.00   14.00     6  cartographer_no

12:23:52      UID       PID  minflt/s  majflt/s     VSZ     RSS   %MEM  Command
12:23:53        0      3398      0.00      0.00 1555280   49044   0.31  cartographer_no

12:23:53      UID       PID    %usr %system  %guest   %wait    %CPU   CPU  Command
12:23:54        0      3398   12.00    2.00    0.00    0.00   14.00     2  cartographer_no

12:23:53      UID       PID  minflt/s  majflt/s     VSZ     RSS   %MEM  Command
12:23:54        0      3398      0.00      0.00 1555280   49044   0.31  cartographer_no

12:23:54      UID       PID    %usr %system  %guest   %wait    %CPU   CPU  Command
12:23:55        0      3398   13.00    1.00    0.00    0.00   14.00     6  cartographer_no

12:23:54      UID       PID  minflt/s  majflt/s     VSZ     RSS   %MEM  Command
12:23:55        0      3398      0.00      0.00 1555280   49044   0.31  cartographer_no

12:23:55      UID       PID    %usr %system  %guest   %wait    %CPU   CPU  Command
12:23:56        0      3398   18.00    1.00    0.00    0.00   19.00     2  cartographer_no

12:23:55      UID       PID  minflt/s  majflt/s     VSZ     RSS   %MEM  Command
12:23:56        0      3398      0.00      0.00 1555280   49044   0.31  cartographer_no

12:23:56      UID       PID    %usr %system  %guest   %wait    %CPU   CPU  Command
12:23:57        0      3398   13.00    0.00    0.00    0.00   13.00     2  cartographer_no

12:23:56      UID       PID  minflt/s  majflt/s     VSZ     RSS   %MEM  Command
12:23:57        0      3398      0.00      0.00 1555280   49044   0.31  cartographer_no

12:23:57      UID       PID    %usr %system  %guest   %wait    %CPU   CPU  Command
12:23:58        0      3398   22.00    1.00    0.00    0.00   23.00    12  cartographer_no

12:23:57      UID       PID  minflt/s  majflt/s     VSZ     RSS   %MEM  Command
12:23:58        0      3398    135.00      0.00 1555280   49684   0.32  cartographer_no

12:23:58      UID       PID    %usr %system  %guest   %wait    %CPU   CPU  Command
12:23:59        0      3398   23.00    1.00    0.00    0.00   24.00     4  cartographer_no

12:23:58      UID       PID  minflt/s  majflt/s     VSZ     RSS   %MEM  Command
12:23:59        0      3398      0.00      0.00 1555280   49684   0.32  cartographer_no

12:23:59      UID       PID    %usr %system  %guest   %wait    %CPU   CPU  Command
12:24:00        0      3398   23.00    2.00    0.00    0.00   25.00     6  cartographer_no

12:23:59      UID       PID  minflt/s  majflt/s     VSZ     RSS   %MEM  Command
12:24:00        0      3398      0.00      0.00 1555280   49684   0.32  cartographer_no

12:24:00      UID       PID    %usr %system  %guest   %wait    %CPU   CPU  Command
12:24:01        0      3398   22.00    0.00    0.00    0.00   22.00     7  cartographer_no

12:24:00      UID       PID  minflt/s  majflt/s     VSZ     RSS   %MEM  Command
12:24:01        0      3398      0.00      0.00 1555280   49684   0.32  cartographer_no

12:24:01      UID       PID    %usr %system  %guest   %wait    %CPU   CPU  Command
12:24:02        0      3398   17.00    1.00    0.00    0.00   18.00     7  cartographer_no

12:24:01      UID       PID  minflt/s  majflt/s     VSZ     RSS   %MEM  Command
12:24:02        0      3398     34.00      0.00 1555416   49812   0.32  cartographer_no

12:24:02      UID       PID    %usr %system  %guest   %wait    %CPU   CPU  Command
12:24:03        0      3398   19.00    1.00    0.00    0.00   20.00     2  cartographer_no

12:24:02      UID       PID  minflt/s  majflt/s     VSZ     RSS   %MEM  Command
12:24:03        0      3398      0.00      0.00 1555416   49812   0.32  cartographer_no

12:24:03      UID       PID    %usr %system  %guest   %wait    %CPU   CPU  Command
12:24:04        0      3398   20.00    1.00    0.00    1.00   21.00     3  cartographer_no

12:24:03      UID       PID  minflt/s  majflt/s     VSZ     RSS   %MEM  Command
12:24:04        0      3398      4.00      0.00 1555416   49812   0.32  cartographer_no

12:24:04      UID       PID    %usr %system  %guest   %wait    %CPU   CPU  Command
12:24:05        0      3398   15.00    1.00    0.00    0.00   16.00    12  cartographer_no

12:24:04      UID       PID  minflt/s  majflt/s     VSZ     RSS   %MEM  Command
12:24:05        0      3398      0.00      0.00 1555416   49812   0.32  cartographer_no

12:24:05      UID       PID    %usr %system  %guest   %wait    %CPU   CPU  Command
12:24:06        0      3398   19.00    0.00    0.00    0.00   19.00     2  cartographer_no

12:24:05      UID       PID  minflt/s  majflt/s     VSZ     RSS   %MEM  Command
12:24:06        0      3398    904.00      0.00 1559032   53524   0.34  cartographer_no

12:24:06      UID       PID    %usr %system  %guest   %wait    %CPU   CPU  Command
12:24:07        0      3398   22.00    0.00    0.00    0.00   22.00     6  cartographer_no

12:24:06      UID       PID  minflt/s  majflt/s     VSZ     RSS   %MEM  Command
12:24:07        0      3398    246.00      0.00 1575424   54420   0.35  cartographer_no

12:24:07      UID       PID    %usr %system  %guest   %wait    %CPU   CPU  Command
12:24:08        0      3398   55.00    0.00    0.00    0.00   55.00     6  cartographer_no

12:24:07      UID       PID  minflt/s  majflt/s     VSZ     RSS   %MEM  Command
12:24:08        0      3398    149.00      0.00 1559096   54932   0.35  cartographer_no

12:24:08      UID       PID    %usr %system  %guest   %wait    %CPU   CPU  Command
12:24:09        0      3398   21.00    2.00    0.00    0.00   23.00     2  cartographer_no

12:24:08      UID       PID  minflt/s  majflt/s     VSZ     RSS   %MEM  Command
12:24:09        0      3398      0.00      0.00 1559096   54932   0.35  cartographer_no

12:24:09      UID       PID    %usr %system  %guest   %wait    %CPU   CPU  Command
12:24:10        0      3398   14.00    1.00    0.00    0.00   15.00     7  cartographer_no

12:24:09      UID       PID  minflt/s  majflt/s     VSZ     RSS   %MEM  Command
12:24:10        0      3398      0.00      0.00 1559096   54932   0.35  cartographer_no

12:24:10      UID       PID    %usr %system  %guest   %wait    %CPU   CPU  Command
12:24:11        0      3398   13.00    1.00    0.00    1.00   14.00     2  cartographer_no

12:24:10      UID       PID  minflt/s  majflt/s     VSZ     RSS   %MEM  Command
12:24:11        0      3398      0.00      0.00 1559096   54932   0.35  cartographer_no

12:24:11      UID       PID    %usr %system  %guest   %wait    %CPU   CPU  Command
12:24:12        0      3398   16.00    1.00    0.00    0.00   17.00    10  cartographer_no

12:24:11      UID       PID  minflt/s  majflt/s     VSZ     RSS   %MEM  Command
12:24:12        0      3398      0.00      0.00 1559096   54932   0.35  cartographer_no

12:24:12      UID       PID    %usr %system  %guest   %wait    %CPU   CPU  Command
12:24:13        0      3398   13.00    1.00    0.00    0.00   14.00     6  cartographer_no

12:24:12      UID       PID  minflt/s  majflt/s     VSZ     RSS   %MEM  Command
12:24:13        0      3398      0.00      0.00 1559096   54932   0.35  cartographer_no

12:24:13      UID       PID    %usr %system  %guest   %wait    %CPU   CPU  Command
12:24:14        0      3398   13.00    0.00    0.00    0.00   13.00     7  cartographer_no

12:24:13      UID       PID  minflt/s  majflt/s     VSZ     RSS   %MEM  Command
12:24:14        0      3398      0.00      0.00 1559096   54932   0.35  cartographer_no

12:24:14      UID       PID    %usr %system  %guest   %wait    %CPU   CPU  Command
12:24:15        0      3398   13.00    1.00    0.00    0.00   14.00     3  cartographer_no

12:24:14      UID       PID  minflt/s  majflt/s     VSZ     RSS   %MEM  Command
12:24:15        0      3398      0.00      0.00 1559096   54932   0.35  cartographer_no

12:24:15      UID       PID    %usr %system  %guest   %wait    %CPU   CPU  Command
12:24:16        0      3398   13.00    0.00    0.00    0.00   13.00     9  cartographer_no

12:24:15      UID       PID  minflt/s  majflt/s     VSZ     RSS   %MEM  Command
12:24:16        0      3398      0.00      0.00 1559096   54932   0.35  cartographer_no

12:24:16      UID       PID    %usr %system  %guest   %wait    %CPU   CPU  Command
12:24:17        0      3398   16.00    1.00    0.00    0.00   17.00     0  cartographer_no

12:24:16      UID       PID  minflt/s  majflt/s     VSZ     RSS   %MEM  Command
12:24:17        0      3398      0.00      0.00 1559096   54932   0.35  cartographer_no

12:24:17      UID       PID    %usr %system  %guest   %wait    %CPU   CPU  Command
12:24:18        0      3398   12.00    1.00    0.00    0.00   13.00     8  cartographer_no

12:24:17      UID       PID  minflt/s  majflt/s     VSZ     RSS   %MEM  Command
12:24:18        0      3398      0.00      0.00 1559096   54932   0.35  cartographer_no

12:24:18      UID       PID    %usr %system  %guest   %wait    %CPU   CPU  Command
12:24:19        0      3398   13.00    1.00    0.00    0.00   14.00     8  cartographer_no

12:24:18      UID       PID  minflt/s  majflt/s     VSZ     RSS   %MEM  Command
12:24:19        0      3398      0.00      0.00 1559096   54932   0.35  cartographer_no

12:24:19      UID       PID    %usr %system  %guest   %wait    %CPU   CPU  Command
12:24:20        0      3398   12.00    0.00    0.00    0.00   12.00     3  cartographer_no

12:24:19      UID       PID  minflt/s  majflt/s     VSZ     RSS   %MEM  Command
12:24:20        0      3398      0.00      0.00 1559096   54932   0.35  cartographer_no

12:24:20      UID       PID    %usr %system  %guest   %wait    %CPU   CPU  Command
12:24:21        0      3398   12.00    1.00    0.00    0.00   13.00    14  cartographer_no

12:24:20      UID       PID  minflt/s  majflt/s     VSZ     RSS   %MEM  Command
12:24:21        0      3398      0.00      0.00 1559096   54932   0.35  cartographer_no

12:24:21      UID       PID    %usr %system  %guest   %wait    %CPU   CPU  Command
12:24:22        0      3398   12.00    0.00    0.00    0.00   12.00     2  cartographer_no

12:24:21      UID       PID  minflt/s  majflt/s     VSZ     RSS   %MEM  Command
12:24:22        0      3398      0.00      0.00 1559096   54932   0.35  cartographer_no

12:24:22      UID       PID    %usr %system  %guest   %wait    %CPU   CPU  Command
12:24:23        0      3398   12.00    1.00    0.00    0.00   13.00     0  cartographer_no

12:24:22      UID       PID  minflt/s  majflt/s     VSZ     RSS   %MEM  Command
12:24:23        0      3398      0.00      0.00 1559096   54932   0.35  cartographer_no

12:24:23      UID       PID    %usr %system  %guest   %wait    %CPU   CPU  Command
12:24:24        0      3398   21.00    1.00    0.00    0.00   22.00     7  cartographer_no

12:24:23      UID       PID  minflt/s  majflt/s     VSZ     RSS   %MEM  Command
12:24:24        0      3398      0.00      0.00 1559096   54932   0.35  cartographer_no

12:24:24      UID       PID    %usr %system  %guest   %wait    %CPU   CPU  Command
12:24:25        0      3398   25.00    0.00    0.00    0.00   25.00     4  cartographer_no

12:24:24      UID       PID  minflt/s  majflt/s     VSZ     RSS   %MEM  Command
12:24:25        0      3398      0.00      0.00 1559096   54932   0.35  cartographer_no

12:24:25      UID       PID    %usr %system  %guest   %wait    %CPU   CPU  Command
12:24:26        0      3398   15.00    1.00    0.00    0.00   16.00     3  cartographer_no

12:24:25      UID       PID  minflt/s  majflt/s     VSZ     RSS   %MEM  Command
12:24:26        0      3398      0.00      0.00 1559096   54932   0.35  cartographer_no

12:24:26      UID       PID    %usr %system  %guest   %wait    %CPU   CPU  Command
12:24:27        0      3398   21.00    1.00    0.00    0.00   22.00     7  cartographer_no

12:24:26      UID       PID  minflt/s  majflt/s     VSZ     RSS   %MEM  Command
12:24:27        0      3398      0.00      0.00 1559096   54932   0.35  cartographer_no

12:24:27      UID       PID    %usr %system  %guest   %wait    %CPU   CPU  Command
12:24:28        0      3398   19.00    1.00    0.00    0.00   20.00     0  cartographer_no

12:24:27      UID       PID  minflt/s  majflt/s     VSZ     RSS   %MEM  Command
12:24:28        0      3398      1.00      0.00 1559096   54932   0.35  cartographer_no

12:24:28      UID       PID    %usr %system  %guest   %wait    %CPU   CPU  Command
12:24:29        0      3398   14.00    1.00    0.00    1.00   15.00     8  cartographer_no

12:24:28      UID       PID  minflt/s  majflt/s     VSZ     RSS   %MEM  Command
12:24:29        0      3398      0.00      0.00 1559096   54932   0.35  cartographer_no

12:24:29      UID       PID    %usr %system  %guest   %wait    %CPU   CPU  Command
12:24:30        0      3398   23.00    1.00    0.00    0.00   24.00    14  cartographer_no

12:24:29      UID       PID  minflt/s  majflt/s     VSZ     RSS   %MEM  Command
12:24:30        0      3398      7.00      0.00 1559096   54932   0.35  cartographer_no

12:24:30      UID       PID    %usr %system  %guest   %wait    %CPU   CPU  Command
12:24:31        0      3398   21.00    1.00    0.00    0.00   22.00     2  cartographer_no

12:24:30      UID       PID  minflt/s  majflt/s     VSZ     RSS   %MEM  Command
12:24:31        0      3398    287.00      0.00 1559096   56084   0.36  cartographer_no

12:24:31      UID       PID    %usr %system  %guest   %wait    %CPU   CPU  Command
12:24:32        0      3398   19.00    1.00    0.00    0.00   20.00     0  cartographer_no

12:24:31      UID       PID  minflt/s  majflt/s     VSZ     RSS   %MEM  Command
12:24:32        0      3398      0.00      0.00 1559096   56084   0.36  cartographer_no

12:24:32      UID       PID    %usr %system  %guest   %wait    %CPU   CPU  Command
12:24:33        0      3398   20.00    0.00    0.00    0.00   20.00     2  cartographer_no

12:24:32      UID       PID  minflt/s  majflt/s     VSZ     RSS   %MEM  Command
12:24:33        0      3398      0.00      0.00 1559096   56084   0.36  cartographer_no

12:24:33      UID       PID    %usr %system  %guest   %wait    %CPU   CPU  Command
12:24:34        0      3398   19.00    1.00    0.00    0.00   20.00     2  cartographer_no

12:24:33      UID       PID  minflt/s  majflt/s     VSZ     RSS   %MEM  Command
12:24:34        0      3398      0.00      0.00 1559096   56084   0.36  cartographer_no

12:24:34      UID       PID    %usr %system  %guest   %wait    %CPU   CPU  Command
12:24:35        0      3398   28.00    1.00    0.00    0.00   29.00     6  cartographer_no

12:24:34      UID       PID  minflt/s  majflt/s     VSZ     RSS   %MEM  Command
12:24:35        0      3398      0.00      0.00 1559096   56084   0.36  cartographer_no

12:24:35      UID       PID    %usr %system  %guest   %wait    %CPU   CPU  Command
12:24:36        0      3398   27.00    1.00    0.00    0.00   28.00     0  cartographer_no

12:24:35      UID       PID  minflt/s  majflt/s     VSZ     RSS   %MEM  Command
12:24:36        0      3398      3.00      0.00 1559096   56084   0.36  cartographer_no

12:24:36      UID       PID    %usr %system  %guest   %wait    %CPU   CPU  Command
12:24:37        0      3398   24.00    0.00    0.00    0.00   24.00    10  cartographer_no

12:24:36      UID       PID  minflt/s  majflt/s     VSZ     RSS   %MEM  Command
12:24:37        0      3398      0.00      0.00 1559096   56084   0.36  cartographer_no

12:24:37      UID       PID    %usr %system  %guest   %wait    %CPU   CPU  Command
12:24:38        0      3398   19.00    1.00    0.00    0.00   20.00     7  cartographer_no

12:24:37      UID       PID  minflt/s  majflt/s     VSZ     RSS   %MEM  Command
12:24:38        0      3398      0.00      0.00 1559096   56084   0.36  cartographer_no

12:24:38      UID       PID    %usr %system  %guest   %wait    %CPU   CPU  Command
12:24:39        0      3398   84.00    1.00    0.00    0.00   85.00     0  cartographer_no

12:24:38      UID       PID  minflt/s  majflt/s     VSZ     RSS   %MEM  Command
12:24:39        0      3398     21.00      0.00 1559096   56212   0.36  cartographer_no

12:24:39      UID       PID    %usr %system  %guest   %wait    %CPU   CPU  Command
12:24:40        0      3398   20.00    1.00    0.00    0.00   21.00     4  cartographer_no

12:24:39      UID       PID  minflt/s  majflt/s     VSZ     RSS   %MEM  Command
12:24:40        0      3398      0.00      0.00 1559096   56212   0.36  cartographer_no

12:24:40      UID       PID    %usr %system  %guest   %wait    %CPU   CPU  Command
12:24:41        0      3398   22.00    1.00    0.00    0.00   23.00     2  cartographer_no

12:24:40      UID       PID  minflt/s  majflt/s     VSZ     RSS   %MEM  Command
12:24:41        0      3398    376.00      0.00 1559096   57620   0.37  cartographer_no

12:24:41      UID       PID    %usr %system  %guest   %wait    %CPU   CPU  Command
12:24:42        0      3398   20.00    1.00    0.00    0.00   21.00    10  cartographer_no

12:24:41      UID       PID  minflt/s  majflt/s     VSZ     RSS   %MEM  Command
12:24:42        0      3398      0.00      0.00 1559096   57620   0.37  cartographer_no

12:24:42      UID       PID    %usr %system  %guest   %wait    %CPU   CPU  Command
12:24:43        0      3398   20.00    0.00    0.00    0.00   20.00     6  cartographer_no

12:24:42      UID       PID  minflt/s  majflt/s     VSZ     RSS   %MEM  Command
12:24:43        0      3398      0.00      0.00 1559096   57620   0.37  cartographer_no

12:24:43      UID       PID    %usr %system  %guest   %wait    %CPU   CPU  Command
12:24:44        0      3398   20.00    0.00    0.00    0.00   20.00     3  cartographer_no

12:24:43      UID       PID  minflt/s  majflt/s     VSZ     RSS   %MEM  Command
12:24:44        0      3398      0.00      0.00 1559096   57620   0.37  cartographer_no

12:24:44      UID       PID    %usr %system  %guest   %wait    %CPU   CPU  Command
12:24:45        0      3398   20.00    1.00    0.00    0.00   21.00     2  cartographer_no

12:24:44      UID       PID  minflt/s  majflt/s     VSZ     RSS   %MEM  Command
12:24:45        0      3398      0.00      0.00 1559096   57620   0.37  cartographer_no

12:24:45      UID       PID    %usr %system  %guest   %wait    %CPU   CPU  Command
12:24:46        0      3398   20.00    1.00    0.00    0.00   21.00     4  cartographer_no

12:24:45      UID       PID  minflt/s  majflt/s     VSZ     RSS   %MEM  Command
12:24:46        0      3398      0.00      0.00 1559096   57620   0.37  cartographer_no

12:24:46      UID       PID    %usr %system  %guest   %wait    %CPU   CPU  Command
12:24:47        0      3398   14.00    0.00    0.00    0.00   14.00     0  cartographer_no

12:24:46      UID       PID  minflt/s  majflt/s     VSZ     RSS   %MEM  Command
12:24:47        0      3398      0.00      0.00 1559096   57620   0.37  cartographer_no

12:24:47      UID       PID    %usr %system  %guest   %wait    %CPU   CPU  Command
12:24:48        0      3398   13.00    0.00    0.00    0.00   13.00     8  cartographer_no

12:24:47      UID       PID  minflt/s  majflt/s     VSZ     RSS   %MEM  Command
12:24:48        0      3398      0.00      0.00 1559096   57620   0.37  cartographer_no

12:24:48      UID       PID    %usr %system  %guest   %wait    %CPU   CPU  Command
12:24:49        0      3398   16.00    3.00    0.00    0.00   19.00     6  cartographer_no

12:24:48      UID       PID  minflt/s  majflt/s     VSZ     RSS   %MEM  Command
12:24:49        0      3398      0.00      0.00 1559096   57620   0.37  cartographer_no

12:24:49      UID       PID    %usr %system  %guest   %wait    %CPU   CPU  Command
12:24:50        0      3398   13.00    1.00    0.00    1.00   14.00     7  cartographer_no

12:24:49      UID       PID  minflt/s  majflt/s     VSZ     RSS   %MEM  Command
12:24:50        0      3398      0.00      0.00 1559096   57620   0.37  cartographer_no

12:24:50      UID       PID    %usr %system  %guest   %wait    %CPU   CPU  Command
12:24:51        0      3398   13.00    1.00    0.00    0.00   14.00     1  cartographer_no

12:24:50      UID       PID  minflt/s  majflt/s     VSZ     RSS   %MEM  Command
12:24:51        0      3398      0.00      0.00 1559096   57620   0.37  cartographer_no

12:24:51      UID       PID    %usr %system  %guest   %wait    %CPU   CPU  Command
12:24:52        0      3398   14.00    0.00    0.00    0.00   14.00     8  cartographer_no

12:24:51      UID       PID  minflt/s  majflt/s     VSZ     RSS   %MEM  Command
12:24:52        0      3398      0.00      0.00 1559096   57620   0.37  cartographer_no

12:24:52      UID       PID    %usr %system  %guest   %wait    %CPU   CPU  Command
12:24:53        0      3398   12.00    1.00    0.00    0.00   13.00     6  cartographer_no

12:24:52      UID       PID  minflt/s  majflt/s     VSZ     RSS   %MEM  Command
12:24:53        0      3398      0.00      0.00 1559096   57620   0.37  cartographer_no

12:24:53      UID       PID    %usr %system  %guest   %wait    %CPU   CPU  Command
12:24:54        0      3398   13.86    0.00    0.00    0.00   13.86     6  cartographer_no

12:24:53      UID       PID  minflt/s  majflt/s     VSZ     RSS   %MEM  Command
12:24:54        0      3398      0.00      0.00 1559096   57620   0.37  cartographer_no

12:24:54      UID       PID    %usr %system  %guest   %wait    %CPU   CPU  Command
12:24:55        0      3398   12.00    1.00    0.00    0.00   13.00     6  cartographer_no

12:24:54      UID       PID  minflt/s  majflt/s     VSZ     RSS   %MEM  Command
12:24:55        0      3398      0.00      0.00 1559096   57620   0.37  cartographer_no

12:24:55      UID       PID    %usr %system  %guest   %wait    %CPU   CPU  Command
12:24:56        0      3398   13.00    0.00    0.00    0.00   13.00    12  cartographer_no

12:24:55      UID       PID  minflt/s  majflt/s     VSZ     RSS   %MEM  Command
12:24:56        0      3398      0.00      0.00 1559096   57620   0.37  cartographer_no

12:24:56      UID       PID    %usr %system  %guest   %wait    %CPU   CPU  Command
12:24:57        0      3398   17.00    1.00    0.00    0.00   18.00     6  cartographer_no

12:24:56      UID       PID  minflt/s  majflt/s     VSZ     RSS   %MEM  Command
12:24:57        0      3398      0.00      0.00 1559096   57620   0.37  cartographer_no

12:24:57      UID       PID    %usr %system  %guest   %wait    %CPU   CPU  Command
12:24:58        0      3398   13.00    1.00    0.00    0.00   14.00     8  cartographer_no

12:24:57      UID       PID  minflt/s  majflt/s     VSZ     RSS   %MEM  Command
12:24:58        0      3398      0.00      0.00 1559096   57620   0.37  cartographer_no

12:24:58      UID       PID    %usr %system  %guest   %wait    %CPU   CPU  Command
12:24:59        0      3398   22.00    0.00    0.00    0.00   22.00    14  cartographer_no

12:24:58      UID       PID  minflt/s  majflt/s     VSZ     RSS   %MEM  Command
12:24:59        0      3398      0.00      0.00 1559096   57620   0.37  cartographer_no

12:24:59      UID       PID    %usr %system  %guest   %wait    %CPU   CPU  Command
12:25:00        0      3398   25.00    1.00    0.00    0.00   26.00     0  cartographer_no

12:24:59      UID       PID  minflt/s  majflt/s     VSZ     RSS   %MEM  Command
12:25:00        0      3398      0.00      0.00 1559096   57620   0.37  cartographer_no

12:25:00      UID       PID    %usr %system  %guest   %wait    %CPU   CPU  Command
12:25:01        0      3398   29.00    1.00    0.00    0.00   30.00     2  cartographer_no

12:25:00      UID       PID  minflt/s  majflt/s     VSZ     RSS   %MEM  Command
12:25:01        0      3398      0.00      0.00 1559096   57620   0.37  cartographer_no

12:25:01      UID       PID    %usr %system  %guest   %wait    %CPU   CPU  Command
12:25:02        0      3398   26.00    1.00    0.00    0.00   27.00    15  cartographer_no

12:25:01      UID       PID  minflt/s  majflt/s     VSZ     RSS   %MEM  Command
12:25:02        0      3398    317.00      0.00 1559096   58900   0.38  cartographer_no

12:25:02      UID       PID    %usr %system  %guest   %wait    %CPU   CPU  Command
12:25:03        0      3398   20.00    1.00    0.00    0.00   21.00     0  cartographer_no

12:25:02      UID       PID  minflt/s  majflt/s     VSZ     RSS   %MEM  Command
12:25:03        0      3398      0.00      0.00 1559096   58900   0.38  cartographer_no

12:25:03      UID       PID    %usr %system  %guest   %wait    %CPU   CPU  Command
12:25:04        0      3398   19.00    1.00    0.00    0.00   20.00     6  cartographer_no

12:25:03      UID       PID  minflt/s  majflt/s     VSZ     RSS   %MEM  Command
12:25:04        0      3398      0.00      0.00 1559096   58900   0.38  cartographer_no

12:25:04      UID       PID    %usr %system  %guest   %wait    %CPU   CPU  Command
12:25:05        0      3398   18.00    1.00    0.00    0.00   19.00     8  cartographer_no

12:25:04      UID       PID  minflt/s  majflt/s     VSZ     RSS   %MEM  Command
12:25:05        0      3398      0.00      0.00 1559096   58900   0.38  cartographer_no

12:25:05      UID       PID    %usr %system  %guest   %wait    %CPU   CPU  Command
12:25:06        0      3398   19.00    0.00    0.00    0.00   19.00     4  cartographer_no

12:25:05      UID       PID  minflt/s  majflt/s     VSZ     RSS   %MEM  Command
12:25:06        0      3398      0.00      0.00 1559096   58900   0.38  cartographer_no

12:25:06      UID       PID    %usr %system  %guest   %wait    %CPU   CPU  Command
12:25:07        0      3398   22.00    1.00    0.00    1.00   23.00     0  cartographer_no

12:25:06      UID       PID  minflt/s  majflt/s     VSZ     RSS   %MEM  Command
12:25:07        0      3398      0.00      0.00 1559096   58900   0.38  cartographer_no

12:25:07      UID       PID    %usr %system  %guest   %wait    %CPU   CPU  Command
12:25:08        0      3398  127.00    1.00    0.00    0.00  128.00     2  cartographer_no

12:25:07      UID       PID  minflt/s  majflt/s     VSZ     RSS   %MEM  Command
12:25:08        0      3398     14.00      0.00 1559096   58900   0.38  cartographer_no

12:25:08      UID       PID    %usr %system  %guest   %wait    %CPU   CPU  Command
12:25:09        0      3398   22.00    1.00    0.00    0.00   23.00     7  cartographer_no

12:25:08      UID       PID  minflt/s  majflt/s     VSZ     RSS   %MEM  Command
12:25:09        0      3398      0.00      0.00 1559096   58900   0.38  cartographer_no

12:25:09      UID       PID    %usr %system  %guest   %wait    %CPU   CPU  Command
12:25:10        0      3398   23.00    1.00    0.00    0.00   24.00     6  cartographer_no

12:25:09      UID       PID  minflt/s  majflt/s     VSZ     RSS   %MEM  Command
12:25:10        0      3398      0.00      0.00 1559096   58900   0.38  cartographer_no

12:25:10      UID       PID    %usr %system  %guest   %wait    %CPU   CPU  Command
12:25:11        0      3398   32.00    1.00    0.00    0.00   33.00    12  cartographer_no

12:25:10      UID       PID  minflt/s  majflt/s     VSZ     RSS   %MEM  Command
12:25:11        0      3398    135.00      0.00 1559096   59412   0.38  cartographer_no

12:25:11      UID       PID    %usr %system  %guest   %wait    %CPU   CPU  Command
12:25:12        0      3398   19.00    0.00    0.00    0.00   19.00     6  cartographer_no

12:25:11      UID       PID  minflt/s  majflt/s     VSZ     RSS   %MEM  Command
12:25:12        0      3398      0.00      0.00 1559096   59412   0.38  cartographer_no

12:25:12      UID       PID    %usr %system  %guest   %wait    %CPU   CPU  Command
12:25:13        0      3398   20.00    1.00    0.00    0.00   21.00     7  cartographer_no

12:25:12      UID       PID  minflt/s  majflt/s     VSZ     RSS   %MEM  Command
12:25:13        0      3398      0.00      0.00 1559096   59412   0.38  cartographer_no

12:25:13      UID       PID    %usr %system  %guest   %wait    %CPU   CPU  Command
12:25:14        0      3398   19.00    1.00    0.00    0.00   20.00     4  cartographer_no

12:25:13      UID       PID  minflt/s  majflt/s     VSZ     RSS   %MEM  Command
12:25:14        0      3398      0.00      0.00 1559096   59412   0.38  cartographer_no

12:25:14      UID       PID    %usr %system  %guest   %wait    %CPU   CPU  Command
12:25:15        0      3398   27.00    1.00    0.00    0.00   28.00    12  cartographer_no

12:25:14      UID       PID  minflt/s  majflt/s     VSZ     RSS   %MEM  Command
12:25:15        0      3398      0.00      0.00 1559096   59412   0.38  cartographer_no

12:25:15      UID       PID    %usr %system  %guest   %wait    %CPU   CPU  Command
12:25:16        0      3398   26.00    1.00    0.00    0.00   27.00     3  cartographer_no

12:25:15      UID       PID  minflt/s  majflt/s     VSZ     RSS   %MEM  Command
12:25:16        0      3398      0.00      0.00 1559096   59412   0.38  cartographer_no

12:25:16      UID       PID    %usr %system  %guest   %wait    %CPU   CPU  Command
12:25:17        0      3398   20.00    0.00    0.00    0.00   20.00    13  cartographer_no

12:25:16      UID       PID  minflt/s  majflt/s     VSZ     RSS   %MEM  Command
12:25:17        0      3398      0.00      0.00 1559096   59412   0.38  cartographer_no

12:25:17      UID       PID    %usr %system  %guest   %wait    %CPU   CPU  Command
12:25:18        0      3398   25.00    2.00    0.00    0.00   27.00     8  cartographer_no

12:25:17      UID       PID  minflt/s  majflt/s     VSZ     RSS   %MEM  Command
12:25:18        0      3398      0.00      0.00 1559096   59412   0.38  cartographer_no

12:25:18      UID       PID    %usr %system  %guest   %wait    %CPU   CPU  Command
12:25:19        0      3398   20.00    0.00    0.00    0.00   20.00     3  cartographer_no

12:25:18      UID       PID  minflt/s  majflt/s     VSZ     RSS   %MEM  Command
12:25:19        0      3398      0.00      0.00 1559096   59412   0.38  cartographer_no

12:25:19      UID       PID    %usr %system  %guest   %wait    %CPU   CPU  Command
12:25:20        0      3398   15.00    1.00    0.00    0.00   16.00    10  cartographer_no

12:25:19      UID       PID  minflt/s  majflt/s     VSZ     RSS   %MEM  Command
12:25:20        0      3398      0.00      0.00 1559096   59412   0.38  cartographer_no

12:25:20      UID       PID    %usr %system  %guest   %wait    %CPU   CPU  Command
12:25:21        0      3398   27.00    0.00    0.00    0.00   27.00     0  cartographer_no

12:25:20      UID       PID  minflt/s  majflt/s     VSZ     RSS   %MEM  Command
12:25:21        0      3398      0.00      0.00 1559096   59412   0.38  cartographer_no

12:25:21      UID       PID    %usr %system  %guest   %wait    %CPU   CPU  Command
12:25:22        0      3398   20.00    1.00    0.00    0.00   21.00     6  cartographer_no

12:25:21      UID       PID  minflt/s  majflt/s     VSZ     RSS   %MEM  Command
12:25:22        0      3398      0.00      0.00 1559096   59412   0.38  cartographer_no

12:25:22      UID       PID    %usr %system  %guest   %wait    %CPU   CPU  Command
12:25:23        0      3398   16.00    0.00    0.00    0.00   16.00     8  cartographer_no

12:25:22      UID       PID  minflt/s  majflt/s     VSZ     RSS   %MEM  Command
12:25:23        0      3398      0.00      0.00 1559096   59412   0.38  cartographer_no

12:25:23      UID       PID    %usr %system  %guest   %wait    %CPU   CPU  Command
12:25:24        0      3398   30.00    1.00    0.00    0.00   31.00     6  cartographer_no

12:25:23      UID       PID  minflt/s  majflt/s     VSZ     RSS   %MEM  Command
12:25:24        0      3398    359.00      0.00 1559096   60820   0.39  cartographer_no

12:25:24      UID       PID    %usr %system  %guest   %wait    %CPU   CPU  Command
12:25:25        0      3398   20.00    1.00    0.00    0.00   21.00     3  cartographer_no

12:25:24      UID       PID  minflt/s  majflt/s     VSZ     RSS   %MEM  Command
12:25:25        0      3398      0.00      0.00 1559096   60820   0.39  cartographer_no

12:25:25      UID       PID    %usr %system  %guest   %wait    %CPU   CPU  Command
12:25:26        0      3398   16.00    1.00    0.00    0.00   17.00    10  cartographer_no

12:25:25      UID       PID  minflt/s  majflt/s     VSZ     RSS   %MEM  Command
12:25:26        0      3398      0.00      0.00 1559096   60820   0.39  cartographer_no

12:25:26      UID       PID    %usr %system  %guest   %wait    %CPU   CPU  Command
12:25:27        0      3398   27.00    0.00    0.00    1.00   27.00     7  cartographer_no

12:25:26      UID       PID  minflt/s  majflt/s     VSZ     RSS   %MEM  Command
12:25:27        0      3398      0.00      0.00 1559096   60820   0.39  cartographer_no

12:25:27      UID       PID    %usr %system  %guest   %wait    %CPU   CPU  Command
12:25:28        0      3398   20.00    1.00    0.00    0.00   21.00     4  cartographer_no

12:25:27      UID       PID  minflt/s  majflt/s     VSZ     RSS   %MEM  Command
12:25:28        0      3398      0.00      0.00 1559096   60820   0.39  cartographer_no

12:25:28      UID       PID    %usr %system  %guest   %wait    %CPU   CPU  Command
12:25:29        0      3398  111.00    1.00    0.00    0.00  112.00     4  cartographer_no

12:25:28      UID       PID  minflt/s  majflt/s     VSZ     RSS   %MEM  Command
12:25:29        0      3398     31.00      0.00 1559096   61076   0.39  cartographer_no

12:25:29      UID       PID    %usr %system  %guest   %wait    %CPU   CPU  Command
12:25:30        0      3398   77.00    1.00    0.00    0.00   78.00    10  cartographer_no

12:25:29      UID       PID  minflt/s  majflt/s     VSZ     RSS   %MEM  Command
12:25:30        0      3398      2.00      0.00 1559096   61076   0.39  cartographer_no

12:25:30      UID       PID    %usr %system  %guest   %wait    %CPU   CPU  Command
12:25:31        0      3398   28.00    1.00    0.00    0.00   29.00     8  cartographer_no

12:25:30      UID       PID  minflt/s  majflt/s     VSZ     RSS   %MEM  Command
12:25:31        0      3398      2.00      0.00 1559096   61076   0.39  cartographer_no

12:25:31      UID       PID    %usr %system  %guest   %wait    %CPU   CPU  Command
12:25:32        0      3398   21.00    0.00    0.00    0.00   21.00     3  cartographer_no

12:25:31      UID       PID  minflt/s  majflt/s     VSZ     RSS   %MEM  Command
12:25:32        0      3398      0.00      0.00 1559096   61076   0.39  cartographer_no

12:25:32      UID       PID    %usr %system  %guest   %wait    %CPU   CPU  Command
12:25:33        0      3398   22.00    1.00    0.00    0.00   23.00     3  cartographer_no

12:25:32      UID       PID  minflt/s  majflt/s     VSZ     RSS   %MEM  Command
12:25:33        0      3398      0.00      0.00 1559096   61076   0.39  cartographer_no

12:25:33      UID       PID    %usr %system  %guest   %wait    %CPU   CPU  Command
12:25:34        0      3398   22.00    1.00    0.00    0.00   23.00     0  cartographer_no

12:25:33      UID       PID  minflt/s  majflt/s     VSZ     RSS   %MEM  Command
12:25:34        0      3398      0.00      0.00 1559096   61076   0.39  cartographer_no

12:25:34      UID       PID    %usr %system  %guest   %wait    %CPU   CPU  Command
12:25:35        0      3398   34.00    0.00    0.00    0.00   34.00     2  cartographer_no

12:25:34      UID       PID  minflt/s  majflt/s     VSZ     RSS   %MEM  Command
12:25:35        0      3398      0.00      0.00 1559096   61076   0.39  cartographer_no

12:25:35      UID       PID    %usr %system  %guest   %wait    %CPU   CPU  Command
12:25:36        0      3398   38.00    2.00    0.00    0.00   40.00    15  cartographer_no

12:25:35      UID       PID  minflt/s  majflt/s     VSZ     RSS   %MEM  Command
12:25:36        0      3398    706.00      0.00 1559096   63764   0.41  cartographer_no

12:25:36      UID       PID    %usr %system  %guest   %wait    %CPU   CPU  Command
12:25:37        0      3398   28.00    0.00    0.00    0.00   28.00     1  cartographer_no

12:25:36      UID       PID  minflt/s  majflt/s     VSZ     RSS   %MEM  Command
12:25:37        0      3398      0.00      0.00 1559096   63764   0.41  cartographer_no

12:25:37      UID       PID    %usr %system  %guest   %wait    %CPU   CPU  Command
12:25:38        0      3398   22.00    0.00    0.00    0.00   22.00     4  cartographer_no

12:25:37      UID       PID  minflt/s  majflt/s     VSZ     RSS   %MEM  Command
12:25:38        0      3398      0.00      0.00 1559096   63764   0.41  cartographer_no

12:25:38      UID       PID    %usr %system  %guest   %wait    %CPU   CPU  Command
12:25:39        0      3398   29.00    0.00    0.00    0.00   29.00     6  cartographer_no

12:25:38      UID       PID  minflt/s  majflt/s     VSZ     RSS   %MEM  Command
12:25:39        0      3398      0.00      0.00 1559096   63764   0.41  cartographer_no

12:25:39      UID       PID    %usr %system  %guest   %wait    %CPU   CPU  Command
12:25:40        0      3398   31.00    0.00    0.00    0.00   31.00    12  cartographer_no

12:25:39      UID       PID  minflt/s  majflt/s     VSZ     RSS   %MEM  Command
12:25:40        0      3398      0.00      0.00 1559096   63764   0.41  cartographer_no

12:25:40      UID       PID    %usr %system  %guest   %wait    %CPU   CPU  Command
12:25:41        0      3398   31.00    0.00    0.00    1.00   31.00    12  cartographer_no

12:25:40      UID       PID  minflt/s  majflt/s     VSZ     RSS   %MEM  Command
12:25:41        0      3398      0.00      0.00 1559096   63764   0.41  cartographer_no

12:25:41      UID       PID    %usr %system  %guest   %wait    %CPU   CPU  Command
12:25:42        0      3398   23.00    1.00    0.00    0.00   24.00     0  cartographer_no

12:25:41      UID       PID  minflt/s  majflt/s     VSZ     RSS   %MEM  Command
12:25:42        0      3398      0.00      0.00 1559096   63764   0.41  cartographer_no

12:25:42      UID       PID    %usr %system  %guest   %wait    %CPU   CPU  Command
12:25:43        0      3398   23.00    0.00    0.00    0.00   23.00     6  cartographer_no

12:25:42      UID       PID  minflt/s  majflt/s     VSZ     RSS   %MEM  Command
12:25:43        0      3398      0.00      0.00 1559096   63764   0.41  cartographer_no

12:25:43      UID       PID    %usr %system  %guest   %wait    %CPU   CPU  Command
12:25:44        0      3398   22.00    0.00    0.00    0.00   22.00     4  cartographer_no

12:25:43      UID       PID  minflt/s  majflt/s     VSZ     RSS   %MEM  Command
12:25:44        0      3398      0.00      0.00 1559096   63764   0.41  cartographer_no

12:25:44      UID       PID    %usr %system  %guest   %wait    %CPU   CPU  Command
12:25:45        0      3398   40.00    2.00    0.00    0.00   42.00     9  cartographer_no

12:25:44      UID       PID  minflt/s  majflt/s     VSZ     RSS   %MEM  Command
12:25:45        0      3398    262.00      0.00 1559160   64600   0.41  cartographer_no

12:25:45      UID       PID    %usr %system  %guest   %wait    %CPU   CPU  Command
12:25:46        0      3398  168.00    3.00    0.00    0.00  171.00     6  cartographer_no

12:25:45      UID       PID  minflt/s  majflt/s     VSZ     RSS   %MEM  Command
12:25:46        0      3398    307.00      0.00 1560380   65752   0.42  cartographer_no

12:25:46      UID       PID    %usr %system  %guest   %wait    %CPU   CPU  Command
12:25:47        0      3398   21.00    3.00    0.00    0.00   24.00     8  cartographer_no

12:25:46      UID       PID  minflt/s  majflt/s     VSZ     RSS   %MEM  Command
12:25:47        0      3398      0.00      0.00 1560380   65752   0.42  cartographer_no

12:25:47      UID       PID    %usr %system  %guest   %wait    %CPU   CPU  Command
12:25:48        0      3398   21.00    1.00    0.00    0.00   22.00    15  cartographer_no

12:25:47      UID       PID  minflt/s  majflt/s     VSZ     RSS   %MEM  Command
12:25:48        0      3398      0.00      0.00 1560380   65752   0.42  cartographer_no

12:25:48      UID       PID    %usr %system  %guest   %wait    %CPU   CPU  Command
12:25:49        0      3398   22.00    1.00    0.00    1.00   23.00     0  cartographer_no

12:25:48      UID       PID  minflt/s  majflt/s     VSZ     RSS   %MEM  Command
12:25:49        0      3398      0.00      0.00 1560380   65752   0.42  cartographer_no

12:25:49      UID       PID    %usr %system  %guest   %wait    %CPU   CPU  Command
12:25:50        0      3398   22.00    1.00    0.00    0.00   23.00     6  cartographer_no

12:25:49      UID       PID  minflt/s  majflt/s     VSZ     RSS   %MEM  Command
12:25:50        0      3398      0.00      0.00 1560380   65752   0.42  cartographer_no

12:25:50      UID       PID    %usr %system  %guest   %wait    %CPU   CPU  Command
12:25:51        0      3398   23.00    1.00    0.00    0.00   24.00     2  cartographer_no

12:25:50      UID       PID  minflt/s  majflt/s     VSZ     RSS   %MEM  Command
12:25:51        0      3398    313.00      0.00 1561632   66904   0.43  cartographer_no

12:25:51      UID       PID    %usr %system  %guest   %wait    %CPU   CPU  Command
12:25:52        0      3398   23.00    0.00    0.00    0.00   23.00    14  cartographer_no

12:25:51      UID       PID  minflt/s  majflt/s     VSZ     RSS   %MEM  Command
12:25:52        0      3398      0.00      0.00 1561632   66904   0.43  cartographer_no

12:25:52      UID       PID    %usr %system  %guest   %wait    %CPU   CPU  Command
12:25:53        0      3398   23.00    1.00    0.00    0.00   24.00     6  cartographer_no

12:25:52      UID       PID  minflt/s  majflt/s     VSZ     RSS   %MEM  Command
12:25:53        0      3398      0.00      0.00 1561632   66904   0.43  cartographer_no

12:25:53      UID       PID    %usr %system  %guest   %wait    %CPU   CPU  Command
12:25:54        0      3398   22.00    1.00    0.00    0.00   23.00     2  cartographer_no

12:25:53      UID       PID  minflt/s  majflt/s     VSZ     RSS   %MEM  Command
12:25:54        0      3398      0.00      0.00 1561632   66904   0.43  cartographer_no

12:25:54      UID       PID    %usr %system  %guest   %wait    %CPU   CPU  Command
12:25:55        0      3398   24.00    1.00    0.00    0.00   25.00     6  cartographer_no

12:25:54      UID       PID  minflt/s  majflt/s     VSZ     RSS   %MEM  Command
12:25:55        0      3398      0.00      0.00 1561632   66904   0.43  cartographer_no

12:25:55      UID       PID    %usr %system  %guest   %wait    %CPU   CPU  Command
12:25:56        0      3398   24.00    0.00    0.00    0.00   24.00     0  cartographer_no

12:25:55      UID       PID  minflt/s  majflt/s     VSZ     RSS   %MEM  Command
12:25:56        0      3398      0.00      0.00 1561632   66904   0.43  cartographer_no

12:25:56      UID       PID    %usr %system  %guest   %wait    %CPU   CPU  Command
12:25:57        0      3398   32.00    1.00    0.00    0.00   33.00     2  cartographer_no

12:25:56      UID       PID  minflt/s  majflt/s     VSZ     RSS   %MEM  Command
12:25:57        0      3398      0.00      0.00 1561632   66904   0.43  cartographer_no

12:25:57      UID       PID    %usr %system  %guest   %wait    %CPU   CPU  Command
12:25:58        0      3398   32.00    1.00    0.00    0.00   33.00     2  cartographer_no

12:25:57      UID       PID  minflt/s  majflt/s     VSZ     RSS   %MEM  Command
12:25:58        0      3398    437.00      0.00 1561632   68568   0.44  cartographer_no

12:25:58      UID       PID    %usr %system  %guest   %wait    %CPU   CPU  Command
12:25:59        0      3398   19.00    0.00    0.00    1.00   19.00     2  cartographer_no

12:25:58      UID       PID  minflt/s  majflt/s     VSZ     RSS   %MEM  Command
12:25:59        0      3398      0.00      0.00 1561632   68568   0.44  cartographer_no

12:25:59      UID       PID    %usr %system  %guest   %wait    %CPU   CPU  Command
12:26:00        0      3398   30.00    1.00    0.00    0.00   31.00     6  cartographer_no

12:25:59      UID       PID  minflt/s  majflt/s     VSZ     RSS   %MEM  Command
12:26:00        0      3398      0.00      0.00 1561632   68568   0.44  cartographer_no

12:26:00      UID       PID    %usr %system  %guest   %wait    %CPU   CPU  Command
12:26:01        0      3398   25.00    0.00    0.00    0.00   25.00     6  cartographer_no

12:26:00      UID       PID  minflt/s  majflt/s     VSZ     RSS   %MEM  Command
12:26:01        0      3398      0.00      0.00 1561632   68568   0.44  cartographer_no

12:26:01      UID       PID    %usr %system  %guest   %wait    %CPU   CPU  Command
12:26:02        0      3398   24.00    1.00    0.00    0.00   25.00     0  cartographer_no

12:26:01      UID       PID  minflt/s  majflt/s     VSZ     RSS   %MEM  Command
12:26:02        0      3398      0.00      0.00 1561632   68568   0.44  cartographer_no

12:26:02      UID       PID    %usr %system  %guest   %wait    %CPU   CPU  Command
12:26:03        0      3398   25.00    0.00    0.00    0.00   25.00     3  cartographer_no

12:26:02      UID       PID  minflt/s  majflt/s     VSZ     RSS   %MEM  Command
12:26:03        0      3398      0.00      0.00 1561632   68568   0.44  cartographer_no

12:26:03      UID       PID    %usr %system  %guest   %wait    %CPU   CPU  Command
12:26:04        0      3398   29.00    1.00    0.00    0.00   30.00    14  cartographer_no

12:26:03      UID       PID  minflt/s  majflt/s     VSZ     RSS   %MEM  Command
12:26:04        0      3398      0.00      0.00 1561632   68568   0.44  cartographer_no

12:26:04      UID       PID    %usr %system  %guest   %wait    %CPU   CPU  Command
12:26:05        0      3398   29.00    1.00    0.00    0.00   30.00     2  cartographer_no

12:26:04      UID       PID  minflt/s  majflt/s     VSZ     RSS   %MEM  Command
12:26:05        0      3398      0.00      0.00 1561632   68568   0.44  cartographer_no

12:26:05      UID       PID    %usr %system  %guest   %wait    %CPU   CPU  Command
12:26:06        0      3398   31.00    0.00    0.00    0.00   31.00     2  cartographer_no

12:26:05      UID       PID  minflt/s  majflt/s     VSZ     RSS   %MEM  Command
12:26:06        0      3398      0.00      0.00 1561632   68568   0.44  cartographer_no

12:26:06      UID       PID    %usr %system  %guest   %wait    %CPU   CPU  Command
12:26:07        0      3398  171.00    2.00    0.00    0.00  173.00     0  cartographer_no

12:26:06      UID       PID  minflt/s  majflt/s     VSZ     RSS   %MEM  Command
12:26:07        0      3398      4.00      0.00 1561632   68696   0.44  cartographer_no

12:26:07      UID       PID    %usr %system  %guest   %wait    %CPU   CPU  Command
12:26:08        0      3398  113.00    1.00    0.00    0.00  114.00     7  cartographer_no

12:26:07      UID       PID  minflt/s  majflt/s     VSZ     RSS   %MEM  Command
12:26:08        0      3398    176.00      0.00 1561632   69208   0.44  cartographer_no

12:26:08      UID       PID    %usr %system  %guest   %wait    %CPU   CPU  Command
12:26:09        0      3398   23.00    1.00    0.00    0.00   24.00     7  cartographer_no

12:26:08      UID       PID  minflt/s  majflt/s     VSZ     RSS   %MEM  Command
12:26:09        0      3398      0.00      0.00 1561632   69208   0.44  cartographer_no

12:26:09      UID       PID    %usr %system  %guest   %wait    %CPU   CPU  Command
12:26:10        0      3398   22.00    0.00    0.00    0.00   22.00     2  cartographer_no

12:26:09      UID       PID  minflt/s  majflt/s     VSZ     RSS   %MEM  Command
12:26:10        0      3398      0.00      0.00 1561632   69208   0.44  cartographer_no

12:26:10      UID       PID    %usr %system  %guest   %wait    %CPU   CPU  Command
12:26:11        0      3398   21.00    1.00    0.00    0.00   22.00     2  cartographer_no

12:26:10      UID       PID  minflt/s  majflt/s     VSZ     RSS   %MEM  Command
12:26:11        0      3398      0.00      0.00 1561632   69208   0.44  cartographer_no

12:26:11      UID       PID    %usr %system  %guest   %wait    %CPU   CPU  Command
12:26:12        0      3398   31.00    1.00    0.00    0.00   32.00     2  cartographer_no

12:26:11      UID       PID  minflt/s  majflt/s     VSZ     RSS   %MEM  Command
12:26:12        0      3398      0.00      0.00 1561632   69208   0.44  cartographer_no

12:26:12      UID       PID    %usr %system  %guest   %wait    %CPU   CPU  Command
12:26:13        0      3398   34.00    0.00    0.00    0.00   34.00     0  cartographer_no

12:26:12      UID       PID  minflt/s  majflt/s     VSZ     RSS   %MEM  Command
12:26:13        0      3398      0.00      0.00 1561632   69208   0.44  cartographer_no

12:26:13      UID       PID    %usr %system  %guest   %wait    %CPU   CPU  Command
12:26:14        0      3398   28.00    1.00    0.00    1.00   29.00     3  cartographer_no

12:26:13      UID       PID  minflt/s  majflt/s     VSZ     RSS   %MEM  Command
12:26:14        0      3398      0.00      0.00 1561632   69208   0.44  cartographer_no

12:26:14      UID       PID    %usr %system  %guest   %wait    %CPU   CPU  Command
12:26:15        0      3398   23.00    1.00    0.00    0.00   24.00    10  cartographer_no

12:26:14      UID       PID  minflt/s  majflt/s     VSZ     RSS   %MEM  Command
12:26:15        0      3398      0.00      0.00 1561632   69208   0.44  cartographer_no

12:26:15      UID       PID    %usr %system  %guest   %wait    %CPU   CPU  Command
12:26:16        0      3398   22.00    0.00    0.00    0.00   22.00    14  cartographer_no

12:26:15      UID       PID  minflt/s  majflt/s     VSZ     RSS   %MEM  Command
12:26:16        0      3398      0.00      0.00 1561632   69208   0.44  cartographer_no

12:26:16      UID       PID    %usr %system  %guest   %wait    %CPU   CPU  Command
12:26:17        0      3398   27.00    1.00    0.00    0.00   28.00    15  cartographer_no

12:26:16      UID       PID  minflt/s  majflt/s     VSZ     RSS   %MEM  Command
12:26:17        0      3398      0.00      0.00 1561632   69208   0.44  cartographer_no

12:26:17      UID       PID    %usr %system  %guest   %wait    %CPU   CPU  Command
12:26:18        0      3398   35.00    1.00    0.00    0.00   36.00     3  cartographer_no

12:26:17      UID       PID  minflt/s  majflt/s     VSZ     RSS   %MEM  Command
12:26:18        0      3398    444.00      0.00 1561632   68716   0.44  cartographer_no

12:26:18      UID       PID    %usr %system  %guest   %wait    %CPU   CPU  Command
12:26:19        0      3398   34.00    1.00    0.00    0.00   35.00     2  cartographer_no

12:26:18      UID       PID  minflt/s  majflt/s     VSZ     RSS   %MEM  Command
12:26:19        0      3398      0.00      0.00 1561632   68716   0.44  cartographer_no

12:26:19      UID       PID    %usr %system  %guest   %wait    %CPU   CPU  Command
12:26:20        0      3398   28.00    0.00    0.00    0.00   28.00     3  cartographer_no

12:26:19      UID       PID  minflt/s  majflt/s     VSZ     RSS   %MEM  Command
12:26:20        0      3398      0.00      0.00 1561632   68716   0.44  cartographer_no

12:26:20      UID       PID    %usr %system  %guest   %wait    %CPU   CPU  Command
12:26:21        0      3398   30.00    1.00    0.00    0.00   31.00     6  cartographer_no

12:26:20      UID       PID  minflt/s  majflt/s     VSZ     RSS   %MEM  Command
12:26:21        0      3398      0.00      0.00 1561632   68716   0.44  cartographer_no

12:26:21      UID       PID    %usr %system  %guest   %wait    %CPU   CPU  Command
12:26:22        0      3398   23.00    0.00    0.00    0.00   23.00     3  cartographer_no

12:26:21      UID       PID  minflt/s  majflt/s     VSZ     RSS   %MEM  Command
12:26:22        0      3398      0.00      0.00 1561632   68716   0.44  cartographer_no

12:26:22      UID       PID    %usr %system  %guest   %wait    %CPU   CPU  Command
12:26:23        0      3398  326.00    1.00    0.00    0.00  327.00     8  cartographer_no

12:26:22      UID       PID  minflt/s  majflt/s     VSZ     RSS   %MEM  Command
12:26:23        0      3398    342.00      0.00 1558988   66228   0.42  cartographer_no

12:26:23      UID       PID    %usr %system  %guest   %wait    %CPU   CPU  Command
12:26:24        0      3398   22.00    1.00    0.00    0.00   23.00     2  cartographer_no

12:26:23      UID       PID  minflt/s  majflt/s     VSZ     RSS   %MEM  Command
12:26:24        0      3398      0.00      0.00 1558988   66228   0.42  cartographer_no

12:26:24      UID       PID    %usr %system  %guest   %wait    %CPU   CPU  Command
12:26:25        0      3398   21.00    1.00    0.00    0.00   22.00     3  cartographer_no

12:26:24      UID       PID  minflt/s  majflt/s     VSZ     RSS   %MEM  Command
12:26:25        0      3398      0.00      0.00 1558988   66228   0.42  cartographer_no

12:26:25      UID       PID    %usr %system  %guest   %wait    %CPU   CPU  Command
12:26:26        0      3398   38.00    1.00    0.00    0.00   39.00     8  cartographer_no

12:26:25      UID       PID  minflt/s  majflt/s     VSZ     RSS   %MEM  Command
12:26:26        0      3398    218.00      0.00 1575380   66740   0.43  cartographer_no

12:26:26      UID       PID    %usr %system  %guest   %wait    %CPU   CPU  Command
12:26:27        0      3398   33.00    1.00    0.00    0.00   34.00     2  cartographer_no

12:26:26      UID       PID  minflt/s  majflt/s     VSZ     RSS   %MEM  Command
12:26:27        0      3398      0.00      0.00 1558988   64332   0.41  cartographer_no

12:26:27      UID       PID    %usr %system  %guest   %wait    %CPU   CPU  Command
12:26:28        0      3398   22.00    0.00    0.00    0.00   22.00     2  cartographer_no

12:26:27      UID       PID  minflt/s  majflt/s     VSZ     RSS   %MEM  Command
12:26:28        0      3398      0.00      0.00 1558988   64332   0.41  cartographer_no

12:26:28      UID       PID    %usr %system  %guest   %wait    %CPU   CPU  Command
12:26:29        0      3398   36.00    1.00    0.00    0.00   37.00    14  cartographer_no

12:26:28      UID       PID  minflt/s  majflt/s     VSZ     RSS   %MEM  Command
12:26:29        0      3398      0.00      0.00 1558988   64332   0.41  cartographer_no

12:26:29      UID       PID    %usr %system  %guest   %wait    %CPU   CPU  Command
12:26:30        0      3398   29.00    0.00    0.00    0.00   29.00     8  cartographer_no

12:26:29      UID       PID  minflt/s  majflt/s     VSZ     RSS   %MEM  Command
12:26:30        0      3398      0.00      0.00 1558988   64332   0.41  cartographer_no

12:26:30      UID       PID    %usr %system  %guest   %wait    %CPU   CPU  Command
12:26:31        0      3398   21.00    1.00    0.00    0.00   22.00     3  cartographer_no

12:26:30      UID       PID  minflt/s  majflt/s     VSZ     RSS   %MEM  Command
12:26:31        0      3398      0.00      0.00 1558988   64332   0.41  cartographer_no

12:26:31      UID       PID    %usr %system  %guest   %wait    %CPU   CPU  Command
12:26:32        0      3398   20.00    1.00    0.00    0.00   21.00     0  cartographer_no

12:26:31      UID       PID  minflt/s  majflt/s     VSZ     RSS   %MEM  Command
12:26:32        0      3398      0.00      0.00 1558988   64332   0.41  cartographer_no

12:26:32      UID       PID    %usr %system  %guest   %wait    %CPU   CPU  Command
12:26:33        0      3398   21.00    1.00    0.00    0.00   22.00     7  cartographer_no

12:26:32      UID       PID  minflt/s  majflt/s     VSZ     RSS   %MEM  Command
12:26:33        0      3398      0.00      0.00 1558988   64332   0.41  cartographer_no

12:26:33      UID       PID    %usr %system  %guest   %wait    %CPU   CPU  Command
12:26:34        0      3398   20.00    0.00    0.00    0.00   20.00     7  cartographer_no

12:26:33      UID       PID  minflt/s  majflt/s     VSZ     RSS   %MEM  Command
12:26:34        0      3398      0.00      0.00 1558988   64332   0.41  cartographer_no

12:26:34      UID       PID    %usr %system  %guest   %wait    %CPU   CPU  Command
12:26:35        0      3398   20.00    1.00    0.00    1.00   21.00     8  cartographer_no

12:26:34      UID       PID  minflt/s  majflt/s     VSZ     RSS   %MEM  Command
12:26:35        0      3398      0.00      0.00 1558988   64332   0.41  cartographer_no

12:26:35      UID       PID    %usr %system  %guest   %wait    %CPU   CPU  Command
12:26:36        0      3398   21.00    1.00    0.00    0.00   22.00     2  cartographer_no

12:26:35      UID       PID  minflt/s  majflt/s     VSZ     RSS   %MEM  Command
12:26:36        0      3398      0.00      0.00 1558988   64332   0.41  cartographer_no

12:26:36      UID       PID    %usr %system  %guest   %wait    %CPU   CPU  Command
12:26:37        0      3398   32.00    1.00    0.00    0.00   33.00     4  cartographer_no

12:26:36      UID       PID  minflt/s  majflt/s     VSZ     RSS   %MEM  Command
12:26:37        0      3398    899.00      0.00 1558988   67916   0.44  cartographer_no

12:26:37      UID       PID    %usr %system  %guest   %wait    %CPU   CPU  Command
12:26:38        0      3398   20.00    1.00    0.00    0.00   21.00    14  cartographer_no

12:26:37      UID       PID  minflt/s  majflt/s     VSZ     RSS   %MEM  Command
12:26:38        0      3398      0.00      0.00 1558988   67916   0.44  cartographer_no

12:26:38      UID       PID    %usr %system  %guest   %wait    %CPU   CPU  Command
12:26:39        0      3398   20.00    1.00    0.00    0.00   21.00     6  cartographer_no

12:26:38      UID       PID  minflt/s  majflt/s     VSZ     RSS   %MEM  Command
12:26:39        0      3398      0.00      0.00 1558988   67916   0.44  cartographer_no

12:26:39      UID       PID    %usr %system  %guest   %wait    %CPU   CPU  Command
12:26:40        0      3398   17.00    1.00    0.00    0.00   18.00     0  cartographer_no

12:26:39      UID       PID  minflt/s  majflt/s     VSZ     RSS   %MEM  Command
12:26:40        0      3398      0.00      0.00 1558988   67916   0.44  cartographer_no

12:26:40      UID       PID    %usr %system  %guest   %wait    %CPU   CPU  Command
12:26:41        0      3398   17.00    1.00    0.00    0.00   18.00     9  cartographer_no

12:26:40      UID       PID  minflt/s  majflt/s     VSZ     RSS   %MEM  Command
12:26:41        0      3398      0.00      0.00 1558988   67916   0.44  cartographer_no

12:26:41      UID       PID    %usr %system  %guest   %wait    %CPU   CPU  Command
12:26:42        0      3398   14.00    0.00    0.00    0.00   14.00     0  cartographer_no

12:26:41      UID       PID  minflt/s  majflt/s     VSZ     RSS   %MEM  Command
12:26:42        0      3398      0.00      0.00 1558988   67916   0.44  cartographer_no

12:26:42      UID       PID    %usr %system  %guest   %wait    %CPU   CPU  Command
12:26:43        0      3398   13.00    1.00    0.00    0.00   14.00     8  cartographer_no

12:26:42      UID       PID  minflt/s  majflt/s     VSZ     RSS   %MEM  Command
12:26:43        0      3398      0.00      0.00 1558988   67916   0.44  cartographer_no

12:26:43      UID       PID    %usr %system  %guest   %wait    %CPU   CPU  Command
12:26:44        0      3398   13.00    1.00    0.00    0.00   14.00     6  cartographer_no

12:26:43      UID       PID  minflt/s  majflt/s     VSZ     RSS   %MEM  Command
12:26:44        0      3398      0.00      0.00 1558988   67916   0.44  cartographer_no

12:26:44      UID       PID    %usr %system  %guest   %wait    %CPU   CPU  Command
12:26:45        0      3398   13.00    0.00    0.00    0.00   13.00     8  cartographer_no

12:26:44      UID       PID  minflt/s  majflt/s     VSZ     RSS   %MEM  Command
12:26:45        0      3398      0.00      0.00 1558988   67916   0.44  cartographer_no

12:26:45      UID       PID    %usr %system  %guest   %wait    %CPU   CPU  Command
12:26:46        0      3398   13.00    1.00    0.00    0.00   14.00     4  cartographer_no

12:26:45      UID       PID  minflt/s  majflt/s     VSZ     RSS   %MEM  Command
12:26:46        0      3398      0.00      0.00 1558988   67916   0.44  cartographer_no

12:26:46      UID       PID    %usr %system  %guest   %wait    %CPU   CPU  Command
12:26:47        0      3398   13.00    1.00    0.00    0.00   14.00    10  cartographer_no

12:26:46      UID       PID  minflt/s  majflt/s     VSZ     RSS   %MEM  Command
12:26:47        0      3398      0.00      0.00 1558988   67916   0.44  cartographer_no

12:26:47      UID       PID    %usr %system  %guest   %wait    %CPU   CPU  Command
12:26:48        0      3398   13.00    1.00    0.00    0.00   14.00     2  cartographer_no

12:26:47      UID       PID  minflt/s  majflt/s     VSZ     RSS   %MEM  Command
12:26:48        0      3398      0.00      0.00 1558988   67916   0.44  cartographer_no

12:26:48      UID       PID    %usr %system  %guest   %wait    %CPU   CPU  Command
12:26:49        0      3398   16.00    1.00    0.00    0.00   17.00     2  cartographer_no

12:26:48      UID       PID  minflt/s  majflt/s     VSZ     RSS   %MEM  Command
12:26:49        0      3398      0.00      0.00 1558988   67916   0.44  cartographer_no

12:26:49      UID       PID    %usr %system  %guest   %wait    %CPU   CPU  Command
12:26:50        0      3398  224.00    2.00    0.00    0.00  226.00     8  cartographer_no

12:26:49      UID       PID  minflt/s  majflt/s     VSZ     RSS   %MEM  Command
12:26:50        0      3398     56.00      0.00 1558988   67916   0.44  cartographer_no

12:26:50      UID       PID    %usr %system  %guest   %wait    %CPU   CPU  Command
12:26:51        0      3398   21.00    1.00    0.00    0.00   22.00     2  cartographer_no

12:26:50      UID       PID  minflt/s  majflt/s     VSZ     RSS   %MEM  Command
12:26:51        0      3398      0.00      0.00 1558988   67916   0.44  cartographer_no

12:26:51      UID       PID    %usr %system  %guest   %wait    %CPU   CPU  Command
12:26:52        0      3398   18.00    0.00    0.00    0.00   18.00     4  cartographer_no

12:26:51      UID       PID  minflt/s  majflt/s     VSZ     RSS   %MEM  Command
12:26:52        0      3398      0.00      0.00 1558988   67916   0.44  cartographer_no

12:26:52      UID       PID    %usr %system  %guest   %wait    %CPU   CPU  Command
12:26:53        0      3398   19.00    0.00    0.00    0.00   19.00    12  cartographer_no

12:26:52      UID       PID  minflt/s  majflt/s     VSZ     RSS   %MEM  Command
12:26:53        0      3398      0.00      0.00 1558988   67916   0.44  cartographer_no

12:26:53      UID       PID    %usr %system  %guest   %wait    %CPU   CPU  Command
12:26:54        0      3398   15.00    1.00    0.00    0.00   16.00    12  cartographer_no

12:26:53      UID       PID  minflt/s  majflt/s     VSZ     RSS   %MEM  Command
12:26:54        0      3398      0.00      0.00 1558988   67916   0.44  cartographer_no

12:26:54      UID       PID    %usr %system  %guest   %wait    %CPU   CPU  Command
12:26:55        0      3398   13.00    0.00    0.00    0.00   13.00    12  cartographer_no

12:26:54      UID       PID  minflt/s  majflt/s     VSZ     RSS   %MEM  Command
12:26:55        0      3398      0.00      0.00 1558988   67916   0.44  cartographer_no

12:26:55      UID       PID    %usr %system  %guest   %wait    %CPU   CPU  Command
12:26:56        0      3398   18.00    1.00    0.00    0.00   19.00     2  cartographer_no

12:26:55      UID       PID  minflt/s  majflt/s     VSZ     RSS   %MEM  Command
12:26:56        0      3398   1205.00      0.00 1558988   72652   0.47  cartographer_no

12:26:56      UID       PID    %usr %system  %guest   %wait    %CPU   CPU  Command
12:26:57        0      3398   17.00    1.00    0.00    1.00   18.00     6  cartographer_no

12:26:56      UID       PID  minflt/s  majflt/s     VSZ     RSS   %MEM  Command
12:26:57        0      3398     26.00      0.00 1558988   72780   0.47  cartographer_no

12:26:57      UID       PID    %usr %system  %guest   %wait    %CPU   CPU  Command
12:26:58        0      3398   19.00    0.00    0.00    0.00   19.00     2  cartographer_no

12:26:57      UID       PID  minflt/s  majflt/s     VSZ     RSS   %MEM  Command
12:26:58        0      3398      0.00      0.00 1558988   72780   0.47  cartographer_no

12:26:58      UID       PID    %usr %system  %guest   %wait    %CPU   CPU  Command
12:26:59        0      3398   17.82    0.99    0.00    0.00   18.81     6  cartographer_no

12:26:58      UID       PID  minflt/s  majflt/s     VSZ     RSS   %MEM  Command
12:26:59        0      3398      0.00      0.00 1558988   72780   0.47  cartographer_no

12:26:59      UID       PID    %usr %system  %guest   %wait    %CPU   CPU  Command
12:27:00        0      3398   14.00    0.00    0.00    0.00   14.00     6  cartographer_no

12:26:59      UID       PID  minflt/s  majflt/s     VSZ     RSS   %MEM  Command
12:27:00        0      3398      0.00      0.00 1558988   72780   0.47  cartographer_no

12:27:00      UID       PID    %usr %system  %guest   %wait    %CPU   CPU  Command
12:27:01        0      3398   17.00    1.00    0.00    0.00   18.00     9  cartographer_no

12:27:00      UID       PID  minflt/s  majflt/s     VSZ     RSS   %MEM  Command
12:27:01        0      3398      0.00      0.00 1558988   72780   0.47  cartographer_no

12:27:01      UID       PID    %usr %system  %guest   %wait    %CPU   CPU  Command
12:27:02        0      3398   16.00    0.00    0.00    0.00   16.00     9  cartographer_no

12:27:01      UID       PID  minflt/s  majflt/s     VSZ     RSS   %MEM  Command
12:27:02        0      3398      0.00      0.00 1558988   72780   0.47  cartographer_no

12:27:02      UID       PID    %usr %system  %guest   %wait    %CPU   CPU  Command
12:27:03        0      3398   22.00    1.00    0.00    0.00   23.00     6  cartographer_no

12:27:02      UID       PID  minflt/s  majflt/s     VSZ     RSS   %MEM  Command
12:27:03        0      3398      0.00      0.00 1558988   72780   0.47  cartographer_no

12:27:03      UID       PID    %usr %system  %guest   %wait    %CPU   CPU  Command
12:27:04        0      3398   17.00    2.00    0.00    0.00   19.00     0  cartographer_no

12:27:03      UID       PID  minflt/s  majflt/s     VSZ     RSS   %MEM  Command
12:27:04        0      3398      0.00      0.00 1558988   72780   0.47  cartographer_no

12:27:04      UID       PID    %usr %system  %guest   %wait    %CPU   CPU  Command
12:27:05        0      3398   17.00    0.00    0.00    0.00   17.00    10  cartographer_no

12:27:04      UID       PID  minflt/s  majflt/s     VSZ     RSS   %MEM  Command
12:27:05        0      3398    230.00      0.00 1558988   71144   0.46  cartographer_no

12:27:05      UID       PID    %usr %system  %guest   %wait    %CPU   CPU  Command
12:27:06        0      3398   84.00    2.00    0.00    0.00   86.00     7  cartographer_no

12:27:05      UID       PID  minflt/s  majflt/s     VSZ     RSS   %MEM  Command
12:27:06        0      3398    132.00      0.00 1558988   71656   0.46  cartographer_no

12:27:06      UID       PID    %usr %system  %guest   %wait    %CPU   CPU  Command
12:27:07        0      3398   15.00    0.00    0.00    0.00   15.00     7  cartographer_no

12:27:06      UID       PID  minflt/s  majflt/s     VSZ     RSS   %MEM  Command
12:27:07        0      3398     41.00      0.00 1559132   71784   0.46  cartographer_no

12:27:07      UID       PID    %usr %system  %guest   %wait    %CPU   CPU  Command
12:27:08        0      3398   17.00    1.00    0.00    0.00   18.00     2  cartographer_no

12:27:07      UID       PID  minflt/s  majflt/s     VSZ     RSS   %MEM  Command
12:27:08        0      3398      0.00      0.00 1559132   71784   0.46  cartographer_no

12:27:08      UID       PID    %usr %system  %guest   %wait    %CPU   CPU  Command
12:27:09        0      3398   21.00    1.00    0.00    0.00   22.00     0  cartographer_no

12:27:08      UID       PID  minflt/s  majflt/s     VSZ     RSS   %MEM  Command
12:27:09        0      3398      0.00      0.00 1559132   71784   0.46  cartographer_no

12:27:09      UID       PID    %usr %system  %guest   %wait    %CPU   CPU  Command
12:27:10        0      3398   26.00    0.00    0.00    0.00   26.00     0  cartographer_no

12:27:09      UID       PID  minflt/s  majflt/s     VSZ     RSS   %MEM  Command
12:27:10        0      3398      0.00      0.00 1559132   71784   0.46  cartographer_no

12:27:10      UID       PID    %usr %system  %guest   %wait    %CPU   CPU  Command
12:27:11        0      3398   26.00    1.00    0.00    1.00   27.00     4  cartographer_no

12:27:10      UID       PID  minflt/s  majflt/s     VSZ     RSS   %MEM  Command
12:27:11        0      3398      0.00      0.00 1559132   71784   0.46  cartographer_no

12:27:11      UID       PID    %usr %system  %guest   %wait    %CPU   CPU  Command
12:27:12        0      3398   31.00    2.00    0.00    0.00   33.00     0  cartographer_no

12:27:11      UID       PID  minflt/s  majflt/s     VSZ     RSS   %MEM  Command
12:27:12        0      3398    906.00      0.00 1559132   75072   0.48  cartographer_no

12:27:12      UID       PID    %usr %system  %guest   %wait    %CPU   CPU  Command
12:27:13        0      3398   25.00    0.00    0.00    0.00   25.00     6  cartographer_no

12:27:12      UID       PID  minflt/s  majflt/s     VSZ     RSS   %MEM  Command
12:27:13        0      3398      0.00      0.00 1559132   75072   0.48  cartographer_no

12:27:13      UID       PID    %usr %system  %guest   %wait    %CPU   CPU  Command
12:27:14        0      3398   22.00    1.00    0.00    0.00   23.00     6  cartographer_no

12:27:13      UID       PID  minflt/s  majflt/s     VSZ     RSS   %MEM  Command
12:27:14        0      3398     25.00      0.00 1559132   75200   0.48  cartographer_no

12:27:14      UID       PID    %usr %system  %guest   %wait    %CPU   CPU  Command
12:27:15        0      3398   21.00    0.00    0.00    0.00   21.00     4  cartographer_no

12:27:14      UID       PID  minflt/s  majflt/s     VSZ     RSS   %MEM  Command
12:27:15        0      3398      0.00      0.00 1559132   75200   0.48  cartographer_no

12:27:15      UID       PID    %usr %system  %guest   %wait    %CPU   CPU  Command
12:27:16        0      3398   20.00    1.00    0.00    0.00   21.00     6  cartographer_no

12:27:15      UID       PID  minflt/s  majflt/s     VSZ     RSS   %MEM  Command
12:27:16        0      3398      0.00      0.00 1559132   75200   0.48  cartographer_no

12:27:16      UID       PID    %usr %system  %guest   %wait    %CPU   CPU  Command
12:27:17        0      3398   20.00    0.00    0.00    0.00   20.00     1  cartographer_no

12:27:16      UID       PID  minflt/s  majflt/s     VSZ     RSS   %MEM  Command
12:27:17        0      3398      0.00      0.00 1559132   75200   0.48  cartographer_no

12:27:17      UID       PID    %usr %system  %guest   %wait    %CPU   CPU  Command
12:27:18        0      3398   20.00    1.00    0.00    0.00   21.00     3  cartographer_no

12:27:17      UID       PID  minflt/s  majflt/s     VSZ     RSS   %MEM  Command
12:27:18        0      3398      0.00      0.00 1559132   75200   0.48  cartographer_no

12:27:18      UID       PID    %usr %system  %guest   %wait    %CPU   CPU  Command
12:27:19        0      3398   98.00    0.00    0.00    0.00   98.00    14  cartographer_no

12:27:18      UID       PID  minflt/s  majflt/s     VSZ     RSS   %MEM  Command
12:27:19        0      3398    180.00      0.00 1559132   73452   0.47  cartographer_no

12:27:19      UID       PID    %usr %system  %guest   %wait    %CPU   CPU  Command
12:27:20        0      3398   14.00    1.00    0.00    0.00   15.00     5  cartographer_no

12:27:19      UID       PID  minflt/s  majflt/s     VSZ     RSS   %MEM  Command
12:27:20        0      3398      0.00      0.00 1559132   73452   0.47  cartographer_no

12:27:20      UID       PID    %usr %system  %guest   %wait    %CPU   CPU  Command
12:27:21        0      3398   19.00    1.00    0.00    0.00   20.00     2  cartographer_no

12:27:20      UID       PID  minflt/s  majflt/s     VSZ     RSS   %MEM  Command
12:27:21        0      3398      0.00      0.00 1559132   73452   0.47  cartographer_no

12:27:21      UID       PID    %usr %system  %guest   %wait    %CPU   CPU  Command
12:27:22        0      3398   15.00    0.00    0.00    0.00   15.00     8  cartographer_no

12:27:21      UID       PID  minflt/s  majflt/s     VSZ     RSS   %MEM  Command
12:27:22        0      3398     53.00      0.00 1559444   73580   0.47  cartographer_no

12:27:22      UID       PID    %usr %system  %guest   %wait    %CPU   CPU  Command
12:27:23        0      3398   18.00    1.00    0.00    0.00   19.00     4  cartographer_no

12:27:22      UID       PID  minflt/s  majflt/s     VSZ     RSS   %MEM  Command
12:27:23        0      3398     33.00      0.00 1559576   73580   0.47  cartographer_no

12:27:23      UID       PID    %usr %system  %guest   %wait    %CPU   CPU  Command
12:27:24        0      3398   19.00    1.00    0.00    0.00   20.00     3  cartographer_no

12:27:23      UID       PID  minflt/s  majflt/s     VSZ     RSS   %MEM  Command
12:27:24        0      3398      1.00      0.00 1559576   73580   0.47  cartographer_no

12:27:24      UID       PID    %usr %system  %guest   %wait    %CPU   CPU  Command
12:27:25        0      3398   19.00    0.00    0.00    0.00   19.00     6  cartographer_no

12:27:24      UID       PID  minflt/s  majflt/s     VSZ     RSS   %MEM  Command
12:27:25        0      3398      0.00      0.00 1559576   73580   0.47  cartographer_no

12:27:25      UID       PID    %usr %system  %guest   %wait    %CPU   CPU  Command
12:27:26        0      3398   20.00    1.00    0.00    0.00   21.00     3  cartographer_no

12:27:25      UID       PID  minflt/s  majflt/s     VSZ     RSS   %MEM  Command
12:27:26        0      3398      0.00      0.00 1559576   73580   0.47  cartographer_no

12:27:26      UID       PID    %usr %system  %guest   %wait    %CPU   CPU  Command
12:27:27        0      3398   19.00    0.00    0.00    0.00   19.00     7  cartographer_no

12:27:26      UID       PID  minflt/s  majflt/s     VSZ     RSS   %MEM  Command
12:27:27        0      3398      0.00      0.00 1559576   73580   0.47  cartographer_no

12:27:27      UID       PID    %usr %system  %guest   %wait    %CPU   CPU  Command
12:27:28        0      3398   15.00    1.00    0.00    1.00   16.00    14  cartographer_no

12:27:27      UID       PID  minflt/s  majflt/s     VSZ     RSS   %MEM  Command
12:27:28        0      3398      0.00      0.00 1559576   73580   0.47  cartographer_no

12:27:28      UID       PID    %usr %system  %guest   %wait    %CPU   CPU  Command
12:27:29        0      3398   28.00    0.00    0.00    0.00   28.00     8  cartographer_no

12:27:28      UID       PID  minflt/s  majflt/s     VSZ     RSS   %MEM  Command
12:27:29        0      3398      0.00      0.00 1559576   73580   0.47  cartographer_no

12:27:29      UID       PID    %usr %system  %guest   %wait    %CPU   CPU  Command
12:27:30        0      3398   37.00    2.00    0.00    0.00   39.00     2  cartographer_no

12:27:29      UID       PID  minflt/s  majflt/s     VSZ     RSS   %MEM  Command
12:27:30        0      3398    853.00      0.00 1559576   74752   0.48  cartographer_no

12:27:30      UID       PID    %usr %system  %guest   %wait    %CPU   CPU  Command
12:27:31        0      3398   23.00    1.00    0.00    0.00   24.00    14  cartographer_no

12:27:30      UID       PID  minflt/s  majflt/s     VSZ     RSS   %MEM  Command
12:27:31        0      3398      0.00      0.00 1559576   74752   0.48  cartographer_no

12:27:31      UID       PID    %usr %system  %guest   %wait    %CPU   CPU  Command
12:27:32        0      3398   29.00    0.00    0.00    0.00   29.00     4  cartographer_no

12:27:31      UID       PID  minflt/s  majflt/s     VSZ     RSS   %MEM  Command
12:27:32        0      3398      0.00      0.00 1559576   74752   0.48  cartographer_no

12:27:32      UID       PID    %usr %system  %guest   %wait    %CPU   CPU  Command
12:27:33        0      3398   18.00    1.00    0.00    0.00   19.00     8  cartographer_no

12:27:32      UID       PID  minflt/s  majflt/s     VSZ     RSS   %MEM  Command
12:27:33        0      3398     21.00      0.00 1559576   74752   0.48  cartographer_no

12:27:33      UID       PID    %usr %system  %guest   %wait    %CPU   CPU  Command
12:27:34        0      3398   20.00    1.00    0.00    0.00   21.00     7  cartographer_no

12:27:33      UID       PID  minflt/s  majflt/s     VSZ     RSS   %MEM  Command
12:27:34        0      3398      7.00      0.00 1559576   74752   0.48  cartographer_no

12:27:34      UID       PID    %usr %system  %guest   %wait    %CPU   CPU  Command
12:27:35        0      3398   21.00    1.00    0.00    0.00   22.00     2  cartographer_no

12:27:34      UID       PID  minflt/s  majflt/s     VSZ     RSS   %MEM  Command
12:27:35        0      3398      0.00      0.00 1559576   74752   0.48  cartographer_no

12:27:35      UID       PID    %usr %system  %guest   %wait    %CPU   CPU  Command
12:27:36        0      3398   21.00    1.00    0.00    0.00   22.00     4  cartographer_no

12:27:35      UID       PID  minflt/s  majflt/s     VSZ     RSS   %MEM  Command
12:27:36        0      3398      2.00      0.00 1559576   74752   0.48  cartographer_no

12:27:36      UID       PID    %usr %system  %guest   %wait    %CPU   CPU  Command
12:27:37        0      3398  150.00    1.00    0.00    0.00  151.00    10  cartographer_no

12:27:36      UID       PID  minflt/s  majflt/s     VSZ     RSS   %MEM  Command
12:27:37        0      3398    643.00      0.00 1562256   77312   0.50  cartographer_no

12:27:37      UID       PID    %usr %system  %guest   %wait    %CPU   CPU  Command
12:27:38        0      3398   53.00    1.00    0.00    0.00   54.00     7  cartographer_no

12:27:37      UID       PID  minflt/s  majflt/s     VSZ     RSS   %MEM  Command
12:27:38        0      3398   1726.00      0.00 1562256   81668   0.52  cartographer_no

12:27:38      UID       PID    %usr %system  %guest   %wait    %CPU   CPU  Command
12:27:39        0      3398   43.00    1.00    0.00    0.00   44.00     6  cartographer_no

12:27:38      UID       PID  minflt/s  majflt/s     VSZ     RSS   %MEM  Command
12:27:39        0      3398      0.00      0.00 1562256   81668   0.52  cartographer_no

12:27:39      UID       PID    %usr %system  %guest   %wait    %CPU   CPU  Command
12:27:40        0      3398   25.00    1.00    0.00    0.00   26.00     7  cartographer_no

12:27:39      UID       PID  minflt/s  majflt/s     VSZ     RSS   %MEM  Command
12:27:40        0      3398      0.00      0.00 1562256   81668   0.52  cartographer_no

12:27:40      UID       PID    %usr %system  %guest   %wait    %CPU   CPU  Command
12:27:41        0      3398   25.00    1.00    0.00    0.00   26.00     7  cartographer_no

12:27:40      UID       PID  minflt/s  majflt/s     VSZ     RSS   %MEM  Command
12:27:41        0      3398      0.00      0.00 1562256   81668   0.52  cartographer_no

12:27:41      UID       PID    %usr %system  %guest   %wait    %CPU   CPU  Command
12:27:42        0      3398   26.00    0.00    0.00    1.00   26.00     1  cartographer_no

12:27:41      UID       PID  minflt/s  majflt/s     VSZ     RSS   %MEM  Command
12:27:42        0      3398      0.00      0.00 1562256   81668   0.52  cartographer_no

12:27:42      UID       PID    %usr %system  %guest   %wait    %CPU   CPU  Command
12:27:43        0      3398   25.00    1.00    0.00    0.00   26.00    14  cartographer_no

12:27:42      UID       PID  minflt/s  majflt/s     VSZ     RSS   %MEM  Command
12:27:43        0      3398      0.00      0.00 1562256   81668   0.52  cartographer_no

12:27:43      UID       PID    %usr %system  %guest   %wait    %CPU   CPU  Command
12:27:44        0      3398   35.00    1.00    0.00    0.00   36.00    12  cartographer_no

12:27:43      UID       PID  minflt/s  majflt/s     VSZ     RSS   %MEM  Command
12:27:44        0      3398      0.00      0.00 1562256   81668   0.52  cartographer_no

12:27:44      UID       PID    %usr %system  %guest   %wait    %CPU   CPU  Command
12:27:45        0      3398   48.00    1.00    0.00    0.00   49.00    15  cartographer_no

12:27:44      UID       PID  minflt/s  majflt/s     VSZ     RSS   %MEM  Command
12:27:45        0      3398      0.00      0.00 1562256   81668   0.52  cartographer_no

12:27:45      UID       PID    %usr %system  %guest   %wait    %CPU   CPU  Command
12:27:46        0      3398   37.00    0.00    0.00    0.00   37.00    12  cartographer_no

12:27:45      UID       PID  minflt/s  majflt/s     VSZ     RSS   %MEM  Command
12:27:46        0      3398      0.00      0.00 1562256   81668   0.52  cartographer_no

12:27:46      UID       PID    %usr %system  %guest   %wait    %CPU   CPU  Command
12:27:47        0      3398   41.00    1.00    0.00    0.00   42.00     2  cartographer_no

12:27:46      UID       PID  minflt/s  majflt/s     VSZ     RSS   %MEM  Command
12:27:47        0      3398    621.00      0.00 1562256   81168   0.52  cartographer_no

12:27:47      UID       PID    %usr %system  %guest   %wait    %CPU   CPU  Command
12:27:48        0      3398   23.00    0.00    0.00    0.00   23.00    14  cartographer_no

12:27:47      UID       PID  minflt/s  majflt/s     VSZ     RSS   %MEM  Command
12:27:48        0      3398      0.00      0.00 1562256   81168   0.52  cartographer_no

12:27:48      UID       PID    %usr %system  %guest   %wait    %CPU   CPU  Command
12:27:49        0      3398   23.00    1.00    0.00    0.00   24.00    14  cartographer_no

12:27:48      UID       PID  minflt/s  majflt/s     VSZ     RSS   %MEM  Command
12:27:49        0      3398      0.00      0.00 1562256   81168   0.52  cartographer_no

12:27:49      UID       PID    %usr %system  %guest   %wait    %CPU   CPU  Command
12:27:50        0      3398   41.00    1.00    0.00    0.00   42.00    14  cartographer_no

12:27:49      UID       PID  minflt/s  majflt/s     VSZ     RSS   %MEM  Command
12:27:50        0      3398      0.00      0.00 1562256   81168   0.52  cartographer_no

12:27:50      UID       PID    %usr %system  %guest   %wait    %CPU   CPU  Command
12:27:51        0      3398  167.00    1.00    0.00    0.00  168.00    10  cartographer_no

12:27:50      UID       PID  minflt/s  majflt/s     VSZ     RSS   %MEM  Command
12:27:51        0      3398    127.00      0.00 1560380   79308   0.51  cartographer_no

12:27:51      UID       PID    %usr %system  %guest   %wait    %CPU   CPU  Command
12:27:52        0      3398   85.00    1.00    0.00    0.00   86.00     6  cartographer_no

12:27:51      UID       PID  minflt/s  majflt/s     VSZ     RSS   %MEM  Command
12:27:52        0      3398      0.00      0.00 1560380   79308   0.51  cartographer_no

12:27:52      UID       PID    %usr %system  %guest   %wait    %CPU   CPU  Command
12:27:53        0      3398   35.00    0.00    0.00    0.00   35.00     6  cartographer_no

12:27:52      UID       PID  minflt/s  majflt/s     VSZ     RSS   %MEM  Command
12:27:53        0      3398      0.00      0.00 1560380   79308   0.51  cartographer_no

12:27:53      UID       PID    %usr %system  %guest   %wait    %CPU   CPU  Command
12:27:54        0      3398   27.00    1.00    0.00    0.00   28.00     2  cartographer_no

12:27:53      UID       PID  minflt/s  majflt/s     VSZ     RSS   %MEM  Command
12:27:54        0      3398      0.00      0.00 1560380   79308   0.51  cartographer_no

12:27:54      UID       PID    %usr %system  %guest   %wait    %CPU   CPU  Command
12:27:55        0      3398   19.00    1.00    0.00    0.00   20.00     8  cartographer_no

12:27:54      UID       PID  minflt/s  majflt/s     VSZ     RSS   %MEM  Command
12:27:55        0      3398      0.00      0.00 1560380   79308   0.51  cartographer_no

12:27:55      UID       PID    %usr %system  %guest   %wait    %CPU   CPU  Command
12:27:56        0      3398   30.00    1.00    0.00    0.00   31.00    10  cartographer_no

12:27:55      UID       PID  minflt/s  majflt/s     VSZ     RSS   %MEM  Command
12:27:56        0      3398      0.00      0.00 1560380   79308   0.51  cartographer_no

12:27:56      UID       PID    %usr %system  %guest   %wait    %CPU   CPU  Command
12:27:57        0      3398   49.00    1.00    0.00    0.00   50.00     1  cartographer_no

12:27:56      UID       PID  minflt/s  majflt/s     VSZ     RSS   %MEM  Command
12:27:57        0      3398    855.00      0.00 1560380   79656   0.51  cartographer_no

12:27:57      UID       PID    %usr %system  %guest   %wait    %CPU   CPU  Command
12:27:58        0      3398   22.00    1.00    0.00    0.00   23.00     8  cartographer_no

12:27:57      UID       PID  minflt/s  majflt/s     VSZ     RSS   %MEM  Command
12:27:58        0      3398      0.00      0.00 1560380   79656   0.51  cartographer_no

12:27:58      UID       PID    %usr %system  %guest   %wait    %CPU   CPU  Command
12:27:59        0      3398   29.00    1.00    0.00    0.00   30.00     6  cartographer_no

12:27:58      UID       PID  minflt/s  majflt/s     VSZ     RSS   %MEM  Command
12:27:59        0      3398      0.00      0.00 1560380   79656   0.51  cartographer_no

12:27:59      UID       PID    %usr %system  %guest   %wait    %CPU   CPU  Command
12:28:00        0      3398   16.00    1.00    0.00    0.00   17.00     6  cartographer_no

12:27:59      UID       PID  minflt/s  majflt/s     VSZ     RSS   %MEM  Command
12:28:00        0      3398     81.00      0.00 1560380   79912   0.51  cartographer_no

12:28:00      UID       PID    %usr %system  %guest   %wait    %CPU   CPU  Command
12:28:01        0      3398   18.00    2.00    0.00    0.00   20.00     8  cartographer_no

12:28:00      UID       PID  minflt/s  majflt/s     VSZ     RSS   %MEM  Command
12:28:01        0      3398      0.00      0.00 1560380   79912   0.51  cartographer_no

12:28:01      UID       PID    %usr %system  %guest   %wait    %CPU   CPU  Command
12:28:02        0      3398   12.00    0.00    0.00    0.00   12.00     4  cartographer_no

12:28:01      UID       PID  minflt/s  majflt/s     VSZ     RSS   %MEM  Command
12:28:02        0      3398      0.00      0.00 1560380   79912   0.51  cartographer_no

12:28:02      UID       PID    %usr %system  %guest   %wait    %CPU   CPU  Command
12:28:03        0      3398   22.00    1.00    0.00    0.00   23.00     2  cartographer_no

12:28:02      UID       PID  minflt/s  majflt/s     VSZ     RSS   %MEM  Command
12:28:03        0      3398      0.00      0.00 1560380   79912   0.51  cartographer_no

12:28:03      UID       PID    %usr %system  %guest   %wait    %CPU   CPU  Command
12:28:04        0      3398   38.00    0.00    0.00    0.00   38.00     4  cartographer_no

12:28:03      UID       PID  minflt/s  majflt/s     VSZ     RSS   %MEM  Command
12:28:04        0      3398      1.00      0.00 1560380   79912   0.51  cartographer_no

12:28:04      UID       PID    %usr %system  %guest   %wait    %CPU   CPU  Command
12:28:05        0      3398   31.00    1.00    0.00    0.00   32.00     2  cartographer_no

12:28:04      UID       PID  minflt/s  majflt/s     VSZ     RSS   %MEM  Command
12:28:05        0      3398      0.00      0.00 1560380   79912   0.51  cartographer_no

12:28:05      UID       PID    %usr %system  %guest   %wait    %CPU   CPU  Command
12:28:06        0      3398   21.00    1.00    0.00    0.00   22.00     6  cartographer_no

12:28:05      UID       PID  minflt/s  majflt/s     VSZ     RSS   %MEM  Command
12:28:06        0      3398      0.00      0.00 1560380   79912   0.51  cartographer_no

12:28:06      UID       PID    %usr %system  %guest   %wait    %CPU   CPU  Command
12:28:07        0      3398   31.00    1.00    0.00    0.00   32.00     1  cartographer_no

12:28:06      UID       PID  minflt/s  majflt/s     VSZ     RSS   %MEM  Command
12:28:07        0      3398      1.00      0.00 1560380   79912   0.51  cartographer_no

12:28:07      UID       PID    %usr %system  %guest   %wait    %CPU   CPU  Command
12:28:08        0      3398   19.00    0.00    0.00    0.00   19.00     6  cartographer_no

12:28:07      UID       PID  minflt/s  majflt/s     VSZ     RSS   %MEM  Command
12:28:08        0      3398     31.00      0.00 1560380   80040   0.51  cartographer_no

12:28:08      UID       PID    %usr %system  %guest   %wait    %CPU   CPU  Command
12:28:09        0      3398   26.00    1.00    0.00    0.00   27.00     2  cartographer_no

12:28:08      UID       PID  minflt/s  majflt/s     VSZ     RSS   %MEM  Command
12:28:09        0      3398      3.00      0.00 1560512   80040   0.51  cartographer_no

12:28:09      UID       PID    %usr %system  %guest   %wait    %CPU   CPU  Command
12:28:10        0      3398   20.00    1.00    0.00    0.00   21.00     2  cartographer_no

12:28:09      UID       PID  minflt/s  majflt/s     VSZ     RSS   %MEM  Command
12:28:10        0      3398      1.00      0.00 1560512   80040   0.51  cartographer_no

12:28:10      UID       PID    %usr %system  %guest   %wait    %CPU   CPU  Command
12:28:11        0      3398   26.00    1.00    0.00    0.00   27.00     0  cartographer_no

12:28:10      UID       PID  minflt/s  majflt/s     VSZ     RSS   %MEM  Command
12:28:11        0      3398   1147.00      0.00 1560512   81436   0.52  cartographer_no

12:28:11      UID       PID    %usr %system  %guest   %wait    %CPU   CPU  Command
12:28:12        0      3398   17.00    1.00    0.00    1.00   18.00     8  cartographer_no

12:28:11      UID       PID  minflt/s  majflt/s     VSZ     RSS   %MEM  Command
12:28:12        0      3398      0.00      0.00 1560512   81436   0.52  cartographer_no

12:28:12      UID       PID    %usr %system  %guest   %wait    %CPU   CPU  Command
12:28:13        0      3398   13.00    1.00    0.00    0.00   14.00     7  cartographer_no

12:28:12      UID       PID  minflt/s  majflt/s     VSZ     RSS   %MEM  Command
12:28:13        0      3398      0.00      0.00 1560512   81436   0.52  cartographer_no

12:28:13      UID       PID    %usr %system  %guest   %wait    %CPU   CPU  Command
12:28:14        0      3398   15.00    1.00    0.00    0.00   16.00     8  cartographer_no

12:28:13      UID       PID  minflt/s  majflt/s     VSZ     RSS   %MEM  Command
12:28:14        0      3398      0.00      0.00 1560512   81436   0.52  cartographer_no

12:28:14      UID       PID    %usr %system  %guest   %wait    %CPU   CPU  Command
12:28:15        0      3398   14.00    1.00    0.00    0.00   15.00     2  cartographer_no

12:28:14      UID       PID  minflt/s  majflt/s     VSZ     RSS   %MEM  Command
12:28:15        0      3398      0.00      0.00 1560512   81436   0.52  cartographer_no

12:28:15      UID       PID    %usr %system  %guest   %wait    %CPU   CPU  Command
12:28:16        0      3398   17.00    1.00    0.00    0.00   18.00     0  cartographer_no

12:28:15      UID       PID  minflt/s  majflt/s     VSZ     RSS   %MEM  Command
12:28:16        0      3398      0.00      0.00 1560512   81436   0.52  cartographer_no

12:28:16      UID       PID    %usr %system  %guest   %wait    %CPU   CPU  Command
12:28:17        0      3398   23.00    1.00    0.00    0.00   24.00     7  cartographer_no

12:28:16      UID       PID  minflt/s  majflt/s     VSZ     RSS   %MEM  Command
12:28:17        0      3398      2.00      0.00 1560576   81436   0.52  cartographer_no

12:28:17      UID       PID    %usr %system  %guest   %wait    %CPU   CPU  Command
12:28:18        0      3398  280.00    1.00    0.00    0.00  281.00     2  cartographer_no

12:28:17      UID       PID  minflt/s  majflt/s     VSZ     RSS   %MEM  Command
12:28:18        0      3398     47.00      0.00 1560760   81564   0.52  cartographer_no

12:28:18      UID       PID    %usr %system  %guest   %wait    %CPU   CPU  Command
12:28:19        0      3398   25.00    1.00    0.00    0.00   26.00     3  cartographer_no

12:28:18      UID       PID  minflt/s  majflt/s     VSZ     RSS   %MEM  Command
12:28:19        0      3398      0.00      0.00 1560760   81564   0.52  cartographer_no

12:28:19      UID       PID    %usr %system  %guest   %wait    %CPU   CPU  Command
12:28:20        0      3398   20.00    1.00    0.00    0.00   21.00     3  cartographer_no

12:28:19      UID       PID  minflt/s  majflt/s     VSZ     RSS   %MEM  Command
12:28:20        0      3398      0.00      0.00 1560760   81564   0.52  cartographer_no

12:28:20      UID       PID    %usr %system  %guest   %wait    %CPU   CPU  Command
12:28:21        0      3398   24.00    1.00    0.00    0.00   25.00     2  cartographer_no

12:28:20      UID       PID  minflt/s  majflt/s     VSZ     RSS   %MEM  Command
12:28:21        0      3398      0.00      0.00 1560760   81564   0.52  cartographer_no

12:28:21      UID       PID    %usr %system  %guest   %wait    %CPU   CPU  Command
12:28:22        0      3398   26.00    0.00    0.00    0.00   26.00     0  cartographer_no

12:28:21      UID       PID  minflt/s  majflt/s     VSZ     RSS   %MEM  Command
12:28:22        0      3398     33.00      0.00 1560892   81692   0.52  cartographer_no

12:28:22      UID       PID    %usr %system  %guest   %wait    %CPU   CPU  Command
12:28:23        0      3398   16.00    1.00    0.00    0.00   17.00     7  cartographer_no

12:28:22      UID       PID  minflt/s  majflt/s     VSZ     RSS   %MEM  Command
12:28:23        0      3398      1.00      0.00 1560892   81820   0.52  cartographer_no

12:28:23      UID       PID    %usr %system  %guest   %wait    %CPU   CPU  Command
12:28:24        0      3398   25.00    2.00    0.00    0.00   27.00     6  cartographer_no

12:28:23      UID       PID  minflt/s  majflt/s     VSZ     RSS   %MEM  Command
12:28:24        0      3398      0.00      0.00 1560892   81820   0.52  cartographer_no

12:28:24      UID       PID    %usr %system  %guest   %wait    %CPU   CPU  Command
12:28:25        0      3398   22.00    1.00    0.00    0.00   23.00     2  cartographer_no

12:28:24      UID       PID  minflt/s  majflt/s     VSZ     RSS   %MEM  Command
12:28:25        0      3398      0.00      0.00 1560892   81820   0.52  cartographer_no

12:28:25      UID       PID    %usr %system  %guest   %wait    %CPU   CPU  Command
12:28:26        0      3398   31.00    0.00    0.00    0.00   31.00     2  cartographer_no

12:28:25      UID       PID  minflt/s  majflt/s     VSZ     RSS   %MEM  Command
12:28:26        0      3398      0.00      0.00 1560892   81820   0.52  cartographer_no

12:28:26      UID       PID    %usr %system  %guest   %wait    %CPU   CPU  Command
12:28:27        0      3398   53.00    1.00    0.00    0.00   54.00     6  cartographer_no

12:28:26      UID       PID  minflt/s  majflt/s     VSZ     RSS   %MEM  Command
12:28:27        0      3398    993.00      0.00 1560892   82580   0.53  cartographer_no

12:28:27      UID       PID    %usr %system  %guest   %wait    %CPU   CPU  Command
12:28:28        0      3398   40.00    1.00    0.00    1.00   41.00     6  cartographer_no

12:28:27      UID       PID  minflt/s  majflt/s     VSZ     RSS   %MEM  Command
12:28:28        0      3398      1.00      0.00 1560892   82580   0.53  cartographer_no

12:28:28      UID       PID    %usr %system  %guest   %wait    %CPU   CPU  Command
12:28:29        0      3398   24.00    0.00    0.00    0.00   24.00    14  cartographer_no

12:28:28      UID       PID  minflt/s  majflt/s     VSZ     RSS   %MEM  Command
12:28:29        0      3398      0.00      0.00 1560892   82580   0.53  cartographer_no

12:28:29      UID       PID    %usr %system  %guest   %wait    %CPU   CPU  Command
12:28:30        0      3398   23.00    1.00    0.00    0.00   24.00    14  cartographer_no

12:28:29      UID       PID  minflt/s  majflt/s     VSZ     RSS   %MEM  Command
12:28:30        0      3398      0.00      0.00 1560892   82580   0.53  cartographer_no

12:28:30      UID       PID    %usr %system  %guest   %wait    %CPU   CPU  Command
12:28:31        0      3398   26.00    2.00    0.00    0.00   28.00     7  cartographer_no

12:28:30      UID       PID  minflt/s  majflt/s     VSZ     RSS   %MEM  Command
12:28:31        0      3398      2.00      0.00 1560892   82580   0.53  cartographer_no

12:28:31      UID       PID    %usr %system  %guest   %wait    %CPU   CPU  Command
12:28:32        0      3398   23.00    0.00    0.00    0.00   23.00     2  cartographer_no

12:28:31      UID       PID  minflt/s  majflt/s     VSZ     RSS   %MEM  Command
12:28:32        0      3398      1.00      0.00 1560892   82580   0.53  cartographer_no

12:28:32      UID       PID    %usr %system  %guest   %wait    %CPU   CPU  Command
12:28:33        0      3398   20.00    0.00    0.00    0.00   20.00    10  cartographer_no

12:28:32      UID       PID  minflt/s  majflt/s     VSZ     RSS   %MEM  Command
12:28:33        0      3398      5.00      0.00 1560892   82580   0.53  cartographer_no

12:28:33      UID       PID    %usr %system  %guest   %wait    %CPU   CPU  Command
12:28:34        0      3398   20.00    2.00    0.00    0.00   22.00     3  cartographer_no

12:28:33      UID       PID  minflt/s  majflt/s     VSZ     RSS   %MEM  Command
12:28:34        0      3398      3.00      0.00 1560892   82580   0.53  cartographer_no

12:28:34      UID       PID    %usr %system  %guest   %wait    %CPU   CPU  Command
12:28:35        0      3398   13.00    0.00    0.00    0.00   13.00     3  cartographer_no

12:28:34      UID       PID  minflt/s  majflt/s     VSZ     RSS   %MEM  Command
12:28:35        0      3398      0.00      0.00 1560892   82580   0.53  cartographer_no

12:28:35      UID       PID    %usr %system  %guest   %wait    %CPU   CPU  Command
12:28:36        0      3398   18.00    1.00    0.00    0.00   19.00     3  cartographer_no

12:28:35      UID       PID  minflt/s  majflt/s     VSZ     RSS   %MEM  Command
12:28:36        0      3398      2.00      0.00 1560892   82580   0.53  cartographer_no

12:28:36      UID       PID    %usr %system  %guest   %wait    %CPU   CPU  Command
12:28:37        0      3398   13.00    0.00    0.00    0.00   13.00    10  cartographer_no

12:28:36      UID       PID  minflt/s  majflt/s     VSZ     RSS   %MEM  Command
12:28:37        0      3398      0.00      0.00 1560892   82580   0.53  cartographer_no

12:28:37      UID       PID    %usr %system  %guest   %wait    %CPU   CPU  Command
12:28:38        0      3398   17.00    1.00    0.00    0.00   18.00     2  cartographer_no

12:28:37      UID       PID  minflt/s  majflt/s     VSZ     RSS   %MEM  Command
12:28:38        0      3398      0.00      0.00 1560892   82580   0.53  cartographer_no

12:28:38      UID       PID    %usr %system  %guest   %wait    %CPU   CPU  Command
12:28:39        0      3398   15.00    1.00    0.00    0.00   16.00     2  cartographer_no

12:28:38      UID       PID  minflt/s  majflt/s     VSZ     RSS   %MEM  Command
12:28:39        0      3398      0.00      0.00 1560892   82580   0.53  cartographer_no

12:28:39      UID       PID    %usr %system  %guest   %wait    %CPU   CPU  Command
12:28:40        0      3398   17.00    0.00    0.00    0.00   17.00     2  cartographer_no

12:28:39      UID       PID  minflt/s  majflt/s     VSZ     RSS   %MEM  Command
12:28:40        0      3398      0.00      0.00 1560892   82580   0.53  cartographer_no

12:28:40      UID       PID    %usr %system  %guest   %wait    %CPU   CPU  Command
12:28:41        0      3398   19.00    1.00    0.00    0.00   20.00     3  cartographer_no

12:28:40      UID       PID  minflt/s  majflt/s     VSZ     RSS   %MEM  Command
12:28:41        0      3398      0.00      0.00 1560892   82580   0.53  cartographer_no

12:28:41      UID       PID    %usr %system  %guest   %wait    %CPU   CPU  Command
12:28:42        0      3398   16.00    0.00    0.00    0.00   16.00     6  cartographer_no

12:28:41      UID       PID  minflt/s  majflt/s     VSZ     RSS   %MEM  Command
12:28:42        0      3398      0.00      0.00 1560892   82580   0.53  cartographer_no

12:28:42      UID       PID    %usr %system  %guest   %wait    %CPU   CPU  Command
12:28:43        0      3398   14.00    0.00    0.00    0.00   14.00     2  cartographer_no

12:28:42      UID       PID  minflt/s  majflt/s     VSZ     RSS   %MEM  Command
12:28:43        0      3398      0.00      0.00 1560892   82580   0.53  cartographer_no

12:28:43      UID       PID    %usr %system  %guest   %wait    %CPU   CPU  Command
12:28:44        0      3398   13.00    1.00    0.00    0.00   14.00     8  cartographer_no

12:28:43      UID       PID  minflt/s  majflt/s     VSZ     RSS   %MEM  Command
12:28:44        0      3398      0.00      0.00 1560892   82580   0.53  cartographer_no

12:28:44      UID       PID    %usr %system  %guest   %wait    %CPU   CPU  Command
12:28:45        0      3398   12.00    2.00    0.00    0.00   14.00     0  cartographer_no

12:28:44      UID       PID  minflt/s  majflt/s     VSZ     RSS   %MEM  Command
12:28:45        0      3398      0.00      0.00 1560892   82580   0.53  cartographer_no

12:28:45      UID       PID    %usr %system  %guest   %wait    %CPU   CPU  Command
12:28:46        0      3398   13.00    0.00    0.00    0.00   13.00     4  cartographer_no

12:28:45      UID       PID  minflt/s  majflt/s     VSZ     RSS   %MEM  Command
12:28:46        0      3398      0.00      0.00 1560892   82580   0.53  cartographer_no

12:28:46      UID       PID    %usr %system  %guest   %wait    %CPU   CPU  Command
12:28:47        0      3398   19.00    1.00    0.00    0.00   20.00     0  cartographer_no

12:28:46      UID       PID  minflt/s  majflt/s     VSZ     RSS   %MEM  Command
12:28:47        0      3398      0.00      0.00 1560892   82580   0.53  cartographer_no

12:28:47      UID       PID    %usr %system  %guest   %wait    %CPU   CPU  Command
12:28:48        0      3398   19.00    0.00    0.00    0.00   19.00    14  cartographer_no

12:28:47      UID       PID  minflt/s  majflt/s     VSZ     RSS   %MEM  Command
12:28:48        0      3398      0.00      0.00 1560892   82580   0.53  cartographer_no

12:28:48      UID       PID    %usr %system  %guest   %wait    %CPU   CPU  Command
12:28:49        0      3398   99.00    1.00    0.00    0.00  100.00    13  cartographer_no

12:28:48      UID       PID  minflt/s  majflt/s     VSZ     RSS   %MEM  Command
12:28:49        0      3398     36.00      0.00 1561072   82708   0.53  cartographer_no

12:28:49      UID       PID    %usr %system  %guest   %wait    %CPU   CPU  Command
12:28:50        0      3398  225.00    0.00    0.00    0.00  225.00    12  cartographer_no

12:28:49      UID       PID  minflt/s  majflt/s     VSZ     RSS   %MEM  Command
12:28:50        0      3398   1229.00      0.00 1561204   84552   0.54  cartographer_no

12:28:50      UID       PID    %usr %system  %guest   %wait    %CPU   CPU  Command
12:28:51        0      3398   36.00    1.00    0.00    0.00   37.00    10  cartographer_no

12:28:50      UID       PID  minflt/s  majflt/s     VSZ     RSS   %MEM  Command
12:28:51        0      3398      1.00      0.00 1561204   84552   0.54  cartographer_no

12:28:51      UID       PID    %usr %system  %guest   %wait    %CPU   CPU  Command
12:28:52        0      3398   25.00    1.00    0.00    0.00   26.00     8  cartographer_no

12:28:51      UID       PID  minflt/s  majflt/s     VSZ     RSS   %MEM  Command
12:28:52        0      3398      0.00      0.00 1561204   84552   0.54  cartographer_no

12:28:52      UID       PID    %usr %system  %guest   %wait    %CPU   CPU  Command
12:28:53        0      3398   26.00    1.00    0.00    0.00   27.00     4  cartographer_no

12:28:52      UID       PID  minflt/s  majflt/s     VSZ     RSS   %MEM  Command
12:28:53        0      3398      0.00      0.00 1561204   84552   0.54  cartographer_no

12:28:53      UID       PID    %usr %system  %guest   %wait    %CPU   CPU  Command
12:28:54        0      3398   23.76    0.99    0.00    0.00   24.75     2  cartographer_no

12:28:53      UID       PID  minflt/s  majflt/s     VSZ     RSS   %MEM  Command
12:28:54        0      3398      0.00      0.00 1561204   84552   0.54  cartographer_no

12:28:54      UID       PID    %usr %system  %guest   %wait    %CPU   CPU  Command
12:28:55        0      3398   47.00    1.00    0.00    0.00   48.00     8  cartographer_no

12:28:54      UID       PID  minflt/s  majflt/s     VSZ     RSS   %MEM  Command
12:28:55        0      3398      1.00      0.00 1561204   84552   0.54  cartographer_no

12:28:55      UID       PID    %usr %system  %guest   %wait    %CPU   CPU  Command
12:28:56        0      3398   36.00    1.00    0.00    0.00   37.00     2  cartographer_no

12:28:55      UID       PID  minflt/s  majflt/s     VSZ     RSS   %MEM  Command
12:28:56        0      3398      6.00      0.00 1561204   84552   0.54  cartographer_no

12:28:56      UID       PID    %usr %system  %guest   %wait    %CPU   CPU  Command
12:28:57        0      3398   24.00    0.00    0.00    1.00   24.00     6  cartographer_no

12:28:56      UID       PID  minflt/s  majflt/s     VSZ     RSS   %MEM  Command
12:28:57        0      3398      3.00      0.00 1561204   84680   0.54  cartographer_no

12:28:57      UID       PID    %usr %system  %guest   %wait    %CPU   CPU  Command
12:28:58        0      3398   30.00    0.00    0.00    0.00   30.00     2  cartographer_no

12:28:57      UID       PID  minflt/s  majflt/s     VSZ     RSS   %MEM  Command
12:28:58        0      3398      1.00      0.00 1561204   84680   0.54  cartographer_no

12:28:58      UID       PID    %usr %system  %guest   %wait    %CPU   CPU  Command
12:28:59        0      3398   44.00    1.00    0.00    0.00   45.00     0  cartographer_no

12:28:58      UID       PID  minflt/s  majflt/s     VSZ     RSS   %MEM  Command
12:28:59        0      3398    850.00      0.00 1561204   84984   0.55  cartographer_no

12:28:59      UID       PID    %usr %system  %guest   %wait    %CPU   CPU  Command
12:29:00        0      3398   33.00    1.00    0.00    0.00   34.00     3  cartographer_no

12:28:59      UID       PID  minflt/s  majflt/s     VSZ     RSS   %MEM  Command
12:29:00        0      3398      5.00      0.00 1561204   84984   0.55  cartographer_no

12:29:00      UID       PID    %usr %system  %guest   %wait    %CPU   CPU  Command
12:29:01        0      3398   35.00    1.00    0.00    0.00   36.00    14  cartographer_no

12:29:00      UID       PID  minflt/s  majflt/s     VSZ     RSS   %MEM  Command
12:29:01        0      3398     12.00      0.00 1561204   84984   0.55  cartographer_no

12:29:01      UID       PID    %usr %system  %guest   %wait    %CPU   CPU  Command
12:29:02        0      3398   21.00    1.00    0.00    0.00   22.00     7  cartographer_no

12:29:01      UID       PID  minflt/s  majflt/s     VSZ     RSS   %MEM  Command
12:29:02        0      3398      3.00      0.00 1561204   84984   0.55  cartographer_no

12:29:02      UID       PID    %usr %system  %guest   %wait    %CPU   CPU  Command
12:29:03        0      3398   41.00    0.00    0.00    0.00   41.00     3  cartographer_no

12:29:02      UID       PID  minflt/s  majflt/s     VSZ     RSS   %MEM  Command
12:29:03        0      3398      5.00      0.00 1561336   84984   0.55  cartographer_no

12:29:03      UID       PID    %usr %system  %guest   %wait    %CPU   CPU  Command
12:29:04        0      3398   27.00    1.00    0.00    0.00   28.00    10  cartographer_no

12:29:03      UID       PID  minflt/s  majflt/s     VSZ     RSS   %MEM  Command
12:29:04        0      3398      1.00      0.00 1561336   84984   0.55  cartographer_no

12:29:04      UID       PID    %usr %system  %guest   %wait    %CPU   CPU  Command
12:29:05        0      3398   25.00    1.00    0.00    0.00   26.00     2  cartographer_no

12:29:04      UID       PID  minflt/s  majflt/s     VSZ     RSS   %MEM  Command
12:29:05        0      3398      0.00      0.00 1561336   84984   0.55  cartographer_no

12:29:05      UID       PID    %usr %system  %guest   %wait    %CPU   CPU  Command
12:29:06        0      3398   25.00    0.00    0.00    0.00   25.00     2  cartographer_no

12:29:05      UID       PID  minflt/s  majflt/s     VSZ     RSS   %MEM  Command
12:29:06        0      3398      0.00      0.00 1561336   84984   0.55  cartographer_no

12:29:06      UID       PID    %usr %system  %guest   %wait    %CPU   CPU  Command
12:29:07        0      3398  152.00    0.00    0.00    0.00  152.00    14  cartographer_no

12:29:06      UID       PID  minflt/s  majflt/s     VSZ     RSS   %MEM  Command
12:29:07        0      3398     14.00      0.00 1561336   85240   0.55  cartographer_no

12:29:07      UID       PID    %usr %system  %guest   %wait    %CPU   CPU  Command
12:29:08        0      3398  140.00    1.00    0.00    0.00  141.00     1  cartographer_no

12:29:07      UID       PID  minflt/s  majflt/s     VSZ     RSS   %MEM  Command
12:29:08        0      3398     28.00      0.00 1561492   85368   0.55  cartographer_no

12:29:08      UID       PID    %usr %system  %guest   %wait    %CPU   CPU  Command
12:29:09        0      3398   57.00    2.00    0.00    0.00   59.00     3  cartographer_no

12:29:08      UID       PID  minflt/s  majflt/s     VSZ     RSS   %MEM  Command
12:29:09        0      3398   1381.00      0.00 1561492   87176   0.56  cartographer_no

12:29:09      UID       PID    %usr %system  %guest   %wait    %CPU   CPU  Command
12:29:10        0      3398   36.00    0.00    0.00    0.00   36.00     9  cartographer_no

12:29:09      UID       PID  minflt/s  majflt/s     VSZ     RSS   %MEM  Command
12:29:10        0      3398     40.00      0.00 1561656   87304   0.56  cartographer_no

12:29:10      UID       PID    %usr %system  %guest   %wait    %CPU   CPU  Command
12:29:11        0      3398   33.00    0.00    0.00    0.00   33.00     0  cartographer_no

12:29:10      UID       PID  minflt/s  majflt/s     VSZ     RSS   %MEM  Command
12:29:11        0      3398      1.00      0.00 1561656   87304   0.56  cartographer_no

12:29:11      UID       PID    %usr %system  %guest   %wait    %CPU   CPU  Command
12:29:12        0      3398   44.00    1.00    0.00    0.00   45.00     6  cartographer_no

12:29:11      UID       PID  minflt/s  majflt/s     VSZ     RSS   %MEM  Command
12:29:12        0      3398      3.00      0.00 1561656   87304   0.56  cartographer_no

12:29:12      UID       PID    %usr %system  %guest   %wait    %CPU   CPU  Command
12:29:13        0      3398   29.00    1.00    0.00    0.00   30.00     6  cartographer_no

12:29:12      UID       PID  minflt/s  majflt/s     VSZ     RSS   %MEM  Command
12:29:13        0      3398      7.00      0.00 1561656   87304   0.56  cartographer_no

12:29:13      UID       PID    %usr %system  %guest   %wait    %CPU   CPU  Command
12:29:14        0      3398   42.00    0.00    0.00    0.00   42.00     5  cartographer_no

12:29:13      UID       PID  minflt/s  majflt/s     VSZ     RSS   %MEM  Command
12:29:14        0      3398     10.00      0.00 1561656   87304   0.56  cartographer_no

12:29:14      UID       PID    %usr %system  %guest   %wait    %CPU   CPU  Command
12:29:15        0      3398   28.00    1.00    0.00    0.00   29.00    11  cartographer_no

12:29:14      UID       PID  minflt/s  majflt/s     VSZ     RSS   %MEM  Command
12:29:15        0      3398    538.00      0.00 1563884   89352   0.57  cartographer_no

12:29:15      UID       PID    %usr %system  %guest   %wait    %CPU   CPU  Command
12:29:16        0      3398   29.00    1.00    0.00    1.00   30.00     6  cartographer_no

12:29:15      UID       PID  minflt/s  majflt/s     VSZ     RSS   %MEM  Command
12:29:16        0      3398      0.00      0.00 1563884   89352   0.57  cartographer_no

12:29:16      UID       PID    %usr %system  %guest   %wait    %CPU   CPU  Command
12:29:17        0      3398   28.00    1.00    0.00    0.00   29.00     6  cartographer_no

12:29:16      UID       PID  minflt/s  majflt/s     VSZ     RSS   %MEM  Command
12:29:17        0      3398      0.00      0.00 1563884   89352   0.57  cartographer_no

12:29:17      UID       PID    %usr %system  %guest   %wait    %CPU   CPU  Command
12:29:18        0      3398   41.00    1.00    0.00    0.00   42.00    10  cartographer_no

12:29:17      UID       PID  minflt/s  majflt/s     VSZ     RSS   %MEM  Command
12:29:18        0      3398      0.00      0.00 1563884   89352   0.57  cartographer_no

12:29:18      UID       PID    %usr %system  %guest   %wait    %CPU   CPU  Command
12:29:19        0      3398   65.00    1.00    0.00    0.00   66.00    14  cartographer_no

12:29:18      UID       PID  minflt/s  majflt/s     VSZ     RSS   %MEM  Command
12:29:19        0      3398   1147.00      0.00 1563884   92716   0.59  cartographer_no

12:29:19      UID       PID    %usr %system  %guest   %wait    %CPU   CPU  Command
12:29:20        0      3398   51.00    1.00    0.00    0.00   52.00    12  cartographer_no

12:29:19      UID       PID  minflt/s  majflt/s     VSZ     RSS   %MEM  Command
12:29:20        0      3398      1.00      0.00 1563884   92716   0.59  cartographer_no

12:29:20      UID       PID    %usr %system  %guest   %wait    %CPU   CPU  Command
12:29:21        0      3398   37.00    1.00    0.00    0.00   38.00     0  cartographer_no

12:29:20      UID       PID  minflt/s  majflt/s     VSZ     RSS   %MEM  Command
12:29:21        0      3398      0.00      0.00 1563884   92716   0.59  cartographer_no

12:29:21      UID       PID    %usr %system  %guest   %wait    %CPU   CPU  Command
12:29:22        0      3398   49.00    1.00    0.00    0.00   50.00     9  cartographer_no

12:29:21      UID       PID  minflt/s  majflt/s     VSZ     RSS   %MEM  Command
12:29:22        0      3398      0.00      0.00 1563884   92716   0.59  cartographer_no

12:29:22      UID       PID    %usr %system  %guest   %wait    %CPU   CPU  Command
12:29:23        0      3398  345.00    1.00    0.00    0.00  346.00     6  cartographer_no

12:29:22      UID       PID  minflt/s  majflt/s     VSZ     RSS   %MEM  Command
12:29:23        0      3398    132.00      0.00 1562008   90860   0.58  cartographer_no

12:29:23      UID       PID    %usr %system  %guest   %wait    %CPU   CPU  Command
12:29:24        0      3398   35.00    1.00    0.00    0.00   36.00     4  cartographer_no

12:29:23      UID       PID  minflt/s  majflt/s     VSZ     RSS   %MEM  Command
12:29:24        0      3398      0.00      0.00 1562008   90860   0.58  cartographer_no

12:29:24      UID       PID    %usr %system  %guest   %wait    %CPU   CPU  Command
12:29:25        0      3398   27.00    1.00    0.00    0.00   28.00     0  cartographer_no

12:29:24      UID       PID  minflt/s  majflt/s     VSZ     RSS   %MEM  Command
12:29:25        0      3398      0.00      0.00 1562008   90860   0.58  cartographer_no

12:29:25      UID       PID    %usr %system  %guest   %wait    %CPU   CPU  Command
12:29:26        0      3398   29.00    1.00    0.00    0.00   30.00     8  cartographer_no

12:29:25      UID       PID  minflt/s  majflt/s     VSZ     RSS   %MEM  Command
12:29:26        0      3398     34.00      0.00 1562144   90988   0.58  cartographer_no

12:29:26      UID       PID    %usr %system  %guest   %wait    %CPU   CPU  Command
12:29:27        0      3398   61.00    0.00    0.00    0.00   61.00    12  cartographer_no

12:29:26      UID       PID  minflt/s  majflt/s     VSZ     RSS   %MEM  Command
12:29:27        0      3398      1.00      0.00 1562144   90988   0.58  cartographer_no

12:29:27      UID       PID    %usr %system  %guest   %wait    %CPU   CPU  Command
12:29:28        0      3398   48.00    2.00    0.00    0.00   50.00    10  cartographer_no

12:29:27      UID       PID  minflt/s  majflt/s     VSZ     RSS   %MEM  Command
12:29:28        0      3398   1067.00      0.00 1562144   93756   0.60  cartographer_no

12:29:28      UID       PID    %usr %system  %guest   %wait    %CPU   CPU  Command
12:29:29        0      3398   52.00    0.00    0.00    1.00   52.00    11  cartographer_no

12:29:28      UID       PID  minflt/s  majflt/s     VSZ     RSS   %MEM  Command
12:29:29        0      3398      0.00      0.00 1562144   93756   0.60  cartographer_no

12:29:29      UID       PID    %usr %system  %guest   %wait    %CPU   CPU  Command
12:29:30        0      3398   36.00    1.00    0.00    0.00   37.00    10  cartographer_no

12:29:29      UID       PID  minflt/s  majflt/s     VSZ     RSS   %MEM  Command
12:29:30        0      3398      5.00      0.00 1562144   93756   0.60  cartographer_no

12:29:30      UID       PID    %usr %system  %guest   %wait    %CPU   CPU  Command
12:29:31        0      3398   35.00    0.00    0.00    0.00   35.00     2  cartographer_no

12:29:30      UID       PID  minflt/s  majflt/s     VSZ     RSS   %MEM  Command
12:29:31        0      3398    587.00      0.00 1564508   96060   0.62  cartographer_no

12:29:31      UID       PID    %usr %system  %guest   %wait    %CPU   CPU  Command
12:29:32        0      3398   31.00    1.00    0.00    0.00   32.00     0  cartographer_no

12:29:31      UID       PID  minflt/s  majflt/s     VSZ     RSS   %MEM  Command
12:29:32        0      3398      0.00      0.00 1564508   96060   0.62  cartographer_no

12:29:32      UID       PID    %usr %system  %guest   %wait    %CPU   CPU  Command
12:29:33        0      3398   27.00    0.00    0.00    0.00   27.00    10  cartographer_no

12:29:32      UID       PID  minflt/s  majflt/s     VSZ     RSS   %MEM  Command
12:29:33        0      3398      0.00      0.00 1564508   96060   0.62  cartographer_no

12:29:33      UID       PID    %usr %system  %guest   %wait    %CPU   CPU  Command
12:29:34        0      3398   51.00    3.00    0.00    0.00   54.00    10  cartographer_no

12:29:33      UID       PID  minflt/s  majflt/s     VSZ     RSS   %MEM  Command
12:29:34        0      3398      1.00      0.00 1564508   96060   0.62  cartographer_no

12:29:34      UID       PID    %usr %system  %guest   %wait    %CPU   CPU  Command
12:29:35        0      3398   51.00    0.00    0.00    0.00   51.00     8  cartographer_no

12:29:34      UID       PID  minflt/s  majflt/s     VSZ     RSS   %MEM  Command
12:29:35        0      3398      0.00      0.00 1564508   96060   0.62  cartographer_no

12:29:35      UID       PID    %usr %system  %guest   %wait    %CPU   CPU  Command
12:29:36        0      3398   28.00    1.00    0.00    0.00   29.00     6  cartographer_no

12:29:35      UID       PID  minflt/s  majflt/s     VSZ     RSS   %MEM  Command
12:29:36        0      3398      0.00      0.00 1564508   96060   0.62  cartographer_no

12:29:36      UID       PID    %usr %system  %guest   %wait    %CPU   CPU  Command
12:29:37        0      3398   29.00    0.00    0.00    1.00   29.00     2  cartographer_no

12:29:36      UID       PID  minflt/s  majflt/s     VSZ     RSS   %MEM  Command
12:29:37        0      3398      1.00      0.00 1564508   96060   0.62  cartographer_no

12:29:37      UID       PID    %usr %system  %guest   %wait    %CPU   CPU  Command
12:29:38        0      3398   56.00    1.00    0.00    0.00   57.00     0  cartographer_no

12:29:37      UID       PID  minflt/s  majflt/s     VSZ     RSS   %MEM  Command
12:29:38        0      3398    497.00      0.00 1564508   90692   0.58  cartographer_no

12:29:38      UID       PID    %usr %system  %guest   %wait    %CPU   CPU  Command
12:29:39        0      3398   43.00    1.00    0.00    0.00   44.00     2  cartographer_no

12:29:38      UID       PID  minflt/s  majflt/s     VSZ     RSS   %MEM  Command
12:29:39        0      3398      0.00      0.00 1564508   90692   0.58  cartographer_no

12:29:39      UID       PID    %usr %system  %guest   %wait    %CPU   CPU  Command
12:29:40        0      3398  404.00    1.00    0.00    0.00  405.00     2  cartographer_no

12:29:39      UID       PID  minflt/s  majflt/s     VSZ     RSS   %MEM  Command
12:29:40        0      3398    170.00      0.00 1565196   91332   0.59  cartographer_no

12:29:40      UID       PID    %usr %system  %guest   %wait    %CPU   CPU  Command
12:29:41        0      3398   35.00    0.00    0.00    0.00   35.00     3  cartographer_no

12:29:40      UID       PID  minflt/s  majflt/s     VSZ     RSS   %MEM  Command
12:29:41        0      3398      0.00      0.00 1565196   91332   0.59  cartographer_no

12:29:41      UID       PID    %usr %system  %guest   %wait    %CPU   CPU  Command
12:29:42        0      3398   27.00    1.00    0.00    0.00   28.00     2  cartographer_no

12:29:41      UID       PID  minflt/s  majflt/s     VSZ     RSS   %MEM  Command
12:29:42        0      3398      0.00      0.00 1565196   91332   0.59  cartographer_no

12:29:42      UID       PID    %usr %system  %guest   %wait    %CPU   CPU  Command
12:29:43        0      3398   38.00    0.00    0.00    0.00   38.00     2  cartographer_no

12:29:42      UID       PID  minflt/s  majflt/s     VSZ     RSS   %MEM  Command
12:29:43        0      3398      0.00      0.00 1565196   91332   0.59  cartographer_no

12:29:43      UID       PID    %usr %system  %guest   %wait    %CPU   CPU  Command
12:29:44        0      3398   50.00    1.00    0.00    0.00   51.00     6  cartographer_no

12:29:43      UID       PID  minflt/s  majflt/s     VSZ     RSS   %MEM  Command
12:29:44        0      3398      1.00      0.00 1565196   91332   0.59  cartographer_no

12:29:44      UID       PID    %usr %system  %guest   %wait    %CPU   CPU  Command
12:29:45        0      3398   35.00    1.00    0.00    0.00   36.00     0  cartographer_no

12:29:44      UID       PID  minflt/s  majflt/s     VSZ     RSS   %MEM  Command
12:29:45        0      3398      0.00      0.00 1565196   91332   0.59  cartographer_no

12:29:45      UID       PID    %usr %system  %guest   %wait    %CPU   CPU  Command
12:29:46        0      3398   51.00    1.00    0.00    0.00   52.00     6  cartographer_no

12:29:45      UID       PID  minflt/s  majflt/s     VSZ     RSS   %MEM  Command
12:29:46        0      3398   1725.00      0.00 1565196   96908   0.62  cartographer_no

12:29:46      UID       PID    %usr %system  %guest   %wait    %CPU   CPU  Command
12:29:47        0      3398   34.00    1.00    0.00    0.00   35.00     2  cartographer_no

12:29:46      UID       PID  minflt/s  majflt/s     VSZ     RSS   %MEM  Command
12:29:47        0      3398      0.00      0.00 1565196   96908   0.62  cartographer_no

12:29:47      UID       PID    %usr %system  %guest   %wait    %CPU   CPU  Command
12:29:48        0      3398   27.00    1.00    0.00    0.00   28.00    10  cartographer_no

12:29:47      UID       PID  minflt/s  majflt/s     VSZ     RSS   %MEM  Command
12:29:48        0      3398      1.00      0.00 1565196   96908   0.62  cartographer_no

12:29:48      UID       PID    %usr %system  %guest   %wait    %CPU   CPU  Command
12:29:49        0      3398   24.00    0.00    0.00    0.00   24.00     8  cartographer_no

12:29:48      UID       PID  minflt/s  majflt/s     VSZ     RSS   %MEM  Command
12:29:49        0      3398      0.00      0.00 1565196   96908   0.62  cartographer_no

12:29:49      UID       PID    %usr %system  %guest   %wait    %CPU   CPU  Command
12:29:50        0      3398   43.00    1.00    0.00    0.00   44.00     6  cartographer_no

12:29:49      UID       PID  minflt/s  majflt/s     VSZ     RSS   %MEM  Command
12:29:50        0      3398      0.00      0.00 1565196   96908   0.62  cartographer_no

12:29:50      UID       PID    %usr %system  %guest   %wait    %CPU   CPU  Command
12:29:51        0      3398   34.00    1.00    0.00    0.00   35.00     3  cartographer_no

12:29:50      UID       PID  minflt/s  majflt/s     VSZ     RSS   %MEM  Command
12:29:51        0      3398      0.00      0.00 1565196   96908   0.62  cartographer_no

12:29:51      UID       PID    %usr %system  %guest   %wait    %CPU   CPU  Command
12:29:52        0      3398   48.00    1.00    0.00    1.00   49.00     6  cartographer_no

12:29:51      UID       PID  minflt/s  majflt/s     VSZ     RSS   %MEM  Command
12:29:52        0      3398      1.00      0.00 1565196   96908   0.62  cartographer_no

12:29:52      UID       PID    %usr %system  %guest   %wait    %CPU   CPU  Command
12:29:53        0      3398   30.00    1.00    0.00    0.00   31.00     6  cartographer_no

12:29:52      UID       PID  minflt/s  majflt/s     VSZ     RSS   %MEM  Command
12:29:53        0      3398      0.00      0.00 1565196   96908   0.62  cartographer_no

12:29:53      UID       PID    %usr %system  %guest   %wait    %CPU   CPU  Command
12:29:54        0      3398   26.00    1.00    0.00    0.00   27.00     5  cartographer_no

12:29:53      UID       PID  minflt/s  majflt/s     VSZ     RSS   %MEM  Command
12:29:54        0      3398      0.00      0.00 1565196   96908   0.62  cartographer_no

12:29:54      UID       PID    %usr %system  %guest   %wait    %CPU   CPU  Command
12:29:55        0      3398   22.00    1.00    0.00    0.00   23.00     2  cartographer_no

12:29:54      UID       PID  minflt/s  majflt/s     VSZ     RSS   %MEM  Command
12:29:55        0      3398      0.00      0.00 1565196   96908   0.62  cartographer_no

12:29:55      UID       PID    %usr %system  %guest   %wait    %CPU   CPU  Command
12:29:56        0      3398   56.00    1.00    0.00    0.00   57.00     8  cartographer_no

12:29:55      UID       PID  minflt/s  majflt/s     VSZ     RSS   %MEM  Command
12:29:56        0      3398   1131.00      0.00 1565196   97484   0.63  cartographer_no

12:29:56      UID       PID    %usr %system  %guest   %wait    %CPU   CPU  Command
12:29:57        0      3398  357.00    1.00    0.00    0.00  358.00     4  cartographer_no

12:29:56      UID       PID  minflt/s  majflt/s     VSZ     RSS   %MEM  Command
12:29:57        0      3398      5.00      0.00 1565196   97484   0.63  cartographer_no

12:29:57      UID       PID    %usr %system  %guest   %wait    %CPU   CPU  Command
12:29:58        0      3398   23.00    0.00    0.00    0.00   23.00     2  cartographer_no

12:29:57      UID       PID  minflt/s  majflt/s     VSZ     RSS   %MEM  Command
12:29:58        0      3398      1.00      0.00 1565196   97484   0.63  cartographer_no

12:29:58      UID       PID    %usr %system  %guest   %wait    %CPU   CPU  Command
12:29:59        0      3398   40.00    1.00    0.00    0.00   41.00     2  cartographer_no

12:29:58      UID       PID  minflt/s  majflt/s     VSZ     RSS   %MEM  Command
12:29:59        0      3398      0.00      0.00 1565196   97484   0.63  cartographer_no

12:29:59      UID       PID    %usr %system  %guest   %wait    %CPU   CPU  Command
12:30:00        0      3398   33.00    0.00    0.00    0.00   33.00     8  cartographer_no

12:29:59      UID       PID  minflt/s  majflt/s     VSZ     RSS   %MEM  Command
12:30:00        0      3398      0.00      0.00 1565196   97484   0.63  cartographer_no

12:30:00      UID       PID    %usr %system  %guest   %wait    %CPU   CPU  Command
12:30:01        0      3398   31.00    1.00    0.00    0.00   32.00     8  cartographer_no

12:30:00      UID       PID  minflt/s  majflt/s     VSZ     RSS   %MEM  Command
12:30:01        0      3398      1.00      0.00 1565196   97484   0.63  cartographer_no

12:30:01      UID       PID    %usr %system  %guest   %wait    %CPU   CPU  Command
12:30:02        0      3398   22.00    0.00    0.00    0.00   22.00     4  cartographer_no

12:30:01      UID       PID  minflt/s  majflt/s     VSZ     RSS   %MEM  Command
12:30:02        0      3398      0.00      0.00 1565196   97484   0.63  cartographer_no

12:30:02      UID       PID    %usr %system  %guest   %wait    %CPU   CPU  Command
12:30:03        0      3398   23.00    1.00    0.00    0.00   24.00     2  cartographer_no

12:30:02      UID       PID  minflt/s  majflt/s     VSZ     RSS   %MEM  Command
12:30:03        0      3398      0.00      0.00 1565196   97484   0.63  cartographer_no

12:30:03      UID       PID    %usr %system  %guest   %wait    %CPU   CPU  Command
12:30:04        0      3398   26.00    4.00    0.00    0.00   30.00    10  cartographer_no

12:30:03      UID       PID  minflt/s  majflt/s     VSZ     RSS   %MEM  Command
12:30:04        0      3398      0.00      0.00 1565196   97484   0.63  cartographer_no

12:30:04      UID       PID    %usr %system  %guest   %wait    %CPU   CPU  Command
12:30:05        0      3398   36.00    0.00    0.00    1.00   36.00     2  cartographer_no

12:30:04      UID       PID  minflt/s  majflt/s     VSZ     RSS   %MEM  Command
12:30:05        0      3398      1.00      0.00 1565196   97484   0.63  cartographer_no

12:30:05      UID       PID    %usr %system  %guest   %wait    %CPU   CPU  Command
12:30:06        0      3398   35.00    2.00    0.00    0.00   37.00     6  cartographer_no

12:30:05      UID       PID  minflt/s  majflt/s     VSZ     RSS   %MEM  Command
12:30:06        0      3398   1644.00      0.00 1583072  104012   0.67  cartographer_no

12:30:06      UID       PID    %usr %system  %guest   %wait    %CPU   CPU  Command
12:30:07        0      3398   27.00    1.00    0.00    0.00   28.00     7  cartographer_no

12:30:06      UID       PID  minflt/s  majflt/s     VSZ     RSS   %MEM  Command
12:30:07        0      3398      0.00      0.00 1565196   99760   0.64  cartographer_no

12:30:07      UID       PID    %usr %system  %guest   %wait    %CPU   CPU  Command
12:30:08        0      3398   25.00    0.00    0.00    0.00   25.00     8  cartographer_no

12:30:07      UID       PID  minflt/s  majflt/s     VSZ     RSS   %MEM  Command
12:30:08        0      3398      0.00      0.00 1565196   99760   0.64  cartographer_no

12:30:08      UID       PID    %usr %system  %guest   %wait    %CPU   CPU  Command
12:30:09        0      3398   45.00    0.00    0.00    0.00   45.00     8  cartographer_no

12:30:08      UID       PID  minflt/s  majflt/s     VSZ     RSS   %MEM  Command
12:30:09        0      3398      0.00      0.00 1565196   99760   0.64  cartographer_no

12:30:09      UID       PID    %usr %system  %guest   %wait    %CPU   CPU  Command
12:30:10        0      3398   29.00    1.00    0.00    0.00   30.00     3  cartographer_no

12:30:09      UID       PID  minflt/s  majflt/s     VSZ     RSS   %MEM  Command
12:30:10        0      3398      1.00      0.00 1565196   99760   0.64  cartographer_no

12:30:10      UID       PID    %usr %system  %guest   %wait    %CPU   CPU  Command
12:30:11        0      3398   33.00    1.00    0.00    0.00   34.00     6  cartographer_no

12:30:10      UID       PID  minflt/s  majflt/s     VSZ     RSS   %MEM  Command
12:30:11        0      3398      0.00      0.00 1565196   99760   0.64  cartographer_no

12:30:11      UID       PID    %usr %system  %guest   %wait    %CPU   CPU  Command
12:30:12        0      3398   27.00    0.00    0.00    0.00   27.00     2  cartographer_no

12:30:11      UID       PID  minflt/s  majflt/s     VSZ     RSS   %MEM  Command
12:30:12        0      3398      0.00      0.00 1565196   99760   0.64  cartographer_no

12:30:12      UID       PID    %usr %system  %guest   %wait    %CPU   CPU  Command
12:30:13        0      3398   25.00    0.00    0.00    0.00   25.00     7  cartographer_no

12:30:12      UID       PID  minflt/s  majflt/s     VSZ     RSS   %MEM  Command
12:30:13        0      3398      0.00      0.00 1565196   99760   0.64  cartographer_no

12:30:13      UID       PID    %usr %system  %guest   %wait    %CPU   CPU  Command
12:30:14        0      3398   29.00    1.00    0.00    0.00   30.00    10  cartographer_no

12:30:13      UID       PID  minflt/s  majflt/s     VSZ     RSS   %MEM  Command
12:30:14        0      3398      1.00      0.00 1565196   99760   0.64  cartographer_no

12:30:14      UID       PID    %usr %system  %guest   %wait    %CPU   CPU  Command
12:30:15        0      3398  355.00    1.00    0.00    0.00  356.00    12  cartographer_no

12:30:14      UID       PID  minflt/s  majflt/s     VSZ     RSS   %MEM  Command
12:30:15        0      3398      5.00      0.00 1565260   99760   0.64  cartographer_no

12:30:15      UID       PID    %usr %system  %guest   %wait    %CPU   CPU  Command
12:30:16        0      3398   52.00    0.00    0.00    0.00   52.00     2  cartographer_no

12:30:15      UID       PID  minflt/s  majflt/s     VSZ     RSS   %MEM  Command
12:30:16        0      3398   1703.00      0.00 1565260  104880   0.67  cartographer_no

12:30:16      UID       PID    %usr %system  %guest   %wait    %CPU   CPU  Command
12:30:17        0      3398   47.00    1.00    0.00    0.00   48.00     4  cartographer_no

12:30:16      UID       PID  minflt/s  majflt/s     VSZ     RSS   %MEM  Command
12:30:17        0      3398      0.00      0.00 1565260  104880   0.67  cartographer_no

12:30:17      UID       PID    %usr %system  %guest   %wait    %CPU   CPU  Command
12:30:18        0      3398   47.00    0.00    0.00    0.00   47.00    10  cartographer_no

12:30:17      UID       PID  minflt/s  majflt/s     VSZ     RSS   %MEM  Command
12:30:18        0      3398      1.00      0.00 1565260  104880   0.67  cartographer_no

12:30:18      UID       PID    %usr %system  %guest   %wait    %CPU   CPU  Command
12:30:19        0      3398   35.00    1.00    0.00    0.00   36.00     6  cartographer_no

12:30:18      UID       PID  minflt/s  majflt/s     VSZ     RSS   %MEM  Command
12:30:19        0      3398      0.00      0.00 1565260  104880   0.67  cartographer_no

12:30:19      UID       PID    %usr %system  %guest   %wait    %CPU   CPU  Command
12:30:20        0      3398   25.00    0.00    0.00    0.00   25.00     3  cartographer_no

12:30:19      UID       PID  minflt/s  majflt/s     VSZ     RSS   %MEM  Command
12:30:20        0      3398      0.00      0.00 1565260  104880   0.67  cartographer_no

12:30:20      UID       PID    %usr %system  %guest   %wait    %CPU   CPU  Command
12:30:21        0      3398   26.00    1.00    0.00    0.00   27.00     2  cartographer_no

12:30:20      UID       PID  minflt/s  majflt/s     VSZ     RSS   %MEM  Command
12:30:21        0      3398      1.00      0.00 1565260  104880   0.67  cartographer_no

12:30:21      UID       PID    %usr %system  %guest   %wait    %CPU   CPU  Command
12:30:22        0      3398   27.00    1.00    0.00    0.00   28.00     0  cartographer_no

12:30:21      UID       PID  minflt/s  majflt/s     VSZ     RSS   %MEM  Command
12:30:22        0      3398      0.00      0.00 1565260  104880   0.67  cartographer_no

12:30:22      UID       PID    %usr %system  %guest   %wait    %CPU   CPU  Command
12:30:23        0      3398   23.00    1.00    0.00    0.00   24.00     8  cartographer_no

12:30:22      UID       PID  minflt/s  majflt/s     VSZ     RSS   %MEM  Command
12:30:23        0      3398      0.00      0.00 1565260  104880   0.67  cartographer_no

12:30:23      UID       PID    %usr %system  %guest   %wait    %CPU   CPU  Command
12:30:24        0      3398   24.00    0.00    0.00    0.00   24.00     0  cartographer_no

12:30:23      UID       PID  minflt/s  majflt/s     VSZ     RSS   %MEM  Command
12:30:24        0      3398      0.00      0.00 1565260  104880   0.67  cartographer_no

12:30:24      UID       PID    %usr %system  %guest   %wait    %CPU   CPU  Command
12:30:25        0      3398   25.00    1.00    0.00    0.00   26.00     2  cartographer_no

12:30:24      UID       PID  minflt/s  majflt/s     VSZ     RSS   %MEM  Command
12:30:25        0      3398      0.00      0.00 1565260  104880   0.67  cartographer_no

12:30:25      UID       PID    %usr %system  %guest   %wait    %CPU   CPU  Command
12:30:26        0      3398   35.00    1.00    0.00    0.00   36.00     8  cartographer_no

12:30:25      UID       PID  minflt/s  majflt/s     VSZ     RSS   %MEM  Command
12:30:26        0      3398   1411.00      0.00 1565888  108676   0.70  cartographer_no

12:30:26      UID       PID    %usr %system  %guest   %wait    %CPU   CPU  Command
12:30:27        0      3398   27.00    1.00    0.00    0.00   28.00     1  cartographer_no

12:30:26      UID       PID  minflt/s  majflt/s     VSZ     RSS   %MEM  Command
12:30:27        0      3398      0.00      0.00 1565888  103452   0.66  cartographer_no

12:30:27      UID       PID    %usr %system  %guest   %wait    %CPU   CPU  Command
12:30:28        0      3398   27.00    1.00    0.00    1.00   28.00     8  cartographer_no

12:30:27      UID       PID  minflt/s  majflt/s     VSZ     RSS   %MEM  Command
12:30:28        0      3398      0.00      0.00 1565888  103452   0.66  cartographer_no

12:30:28      UID       PID    %usr %system  %guest   %wait    %CPU   CPU  Command
12:30:29        0      3398   24.00    1.00    0.00    0.00   25.00     0  cartographer_no

12:30:28      UID       PID  minflt/s  majflt/s     VSZ     RSS   %MEM  Command
12:30:29        0      3398      1.00      0.00 1565888  103452   0.66  cartographer_no

12:30:29      UID       PID    %usr %system  %guest   %wait    %CPU   CPU  Command
12:30:30        0      3398   38.00    0.00    0.00    0.00   38.00     2  cartographer_no

12:30:29      UID       PID  minflt/s  majflt/s     VSZ     RSS   %MEM  Command
12:30:30        0      3398      0.00      0.00 1565888  103452   0.66  cartographer_no

12:30:30      UID       PID    %usr %system  %guest   %wait    %CPU   CPU  Command
12:30:31        0      3398   38.00    2.00    0.00    0.00   40.00     4  cartographer_no

12:30:30      UID       PID  minflt/s  majflt/s     VSZ     RSS   %MEM  Command
12:30:31        0      3398      0.00      0.00 1565888  103452   0.66  cartographer_no

12:30:31      UID       PID    %usr %system  %guest   %wait    %CPU   CPU  Command
12:30:32        0      3398  200.00    0.00    0.00    0.00  200.00    15  cartographer_no

12:30:31      UID       PID  minflt/s  majflt/s     VSZ     RSS   %MEM  Command
12:30:32        0      3398      2.00      0.00 1565888  103452   0.66  cartographer_no

12:30:32      UID       PID    %usr %system  %guest   %wait    %CPU   CPU  Command
12:30:33        0      3398  210.00    2.00    0.00    0.00  212.00     7  cartographer_no

12:30:32      UID       PID  minflt/s  majflt/s     VSZ     RSS   %MEM  Command
12:30:33        0      3398      0.00      0.00 1565888  103452   0.66  cartographer_no

12:30:33      UID       PID    %usr %system  %guest   %wait    %CPU   CPU  Command
12:30:34        0      3398   33.00    0.00    0.00    0.00   33.00     6  cartographer_no

12:30:33      UID       PID  minflt/s  majflt/s     VSZ     RSS   %MEM  Command
12:30:34        0      3398      1.00      0.00 1565888  103452   0.66  cartographer_no

12:30:34      UID       PID    %usr %system  %guest   %wait    %CPU   CPU  Command
12:30:35        0      3398   41.00    1.00    0.00    0.00   42.00    12  cartographer_no

12:30:34      UID       PID  minflt/s  majflt/s     VSZ     RSS   %MEM  Command
12:30:35        0      3398   1024.00      0.00 1565888  105904   0.68  cartographer_no

12:30:35      UID       PID    %usr %system  %guest   %wait    %CPU   CPU  Command
12:30:36        0      3398   27.00    1.00    0.00    0.00   28.00     6  cartographer_no

12:30:35      UID       PID  minflt/s  majflt/s     VSZ     RSS   %MEM  Command
12:30:36        0      3398      0.00      0.00 1565888  105904   0.68  cartographer_no

12:30:36      UID       PID    %usr %system  %guest   %wait    %CPU   CPU  Command
12:30:37        0      3398   33.00    1.00    0.00    0.00   34.00     6  cartographer_no

12:30:36      UID       PID  minflt/s  majflt/s     VSZ     RSS   %MEM  Command
12:30:37        0      3398      1.00      0.00 1565888  105904   0.68  cartographer_no

12:30:37      UID       PID    %usr %system  %guest   %wait    %CPU   CPU  Command
12:30:38        0      3398   28.00    3.00    0.00    0.00   31.00     7  cartographer_no

12:30:37      UID       PID  minflt/s  majflt/s     VSZ     RSS   %MEM  Command
12:30:38        0      3398      0.00      0.00 1565888  105904   0.68  cartographer_no

12:30:38      UID       PID    %usr %system  %guest   %wait    %CPU   CPU  Command
12:30:39        0      3398   48.00    1.00    0.00    0.00   49.00     6  cartographer_no

12:30:38      UID       PID  minflt/s  majflt/s     VSZ     RSS   %MEM  Command
12:30:39        0      3398      0.00      0.00 1565888  105904   0.68  cartographer_no

12:30:39      UID       PID    %usr %system  %guest   %wait    %CPU   CPU  Command
12:30:40        0      3398   28.00    0.00    0.00    0.00   28.00     7  cartographer_no

12:30:39      UID       PID  minflt/s  majflt/s     VSZ     RSS   %MEM  Command
12:30:40        0      3398      1.00      0.00 1565888  105904   0.68  cartographer_no

12:30:40      UID       PID    %usr %system  %guest   %wait    %CPU   CPU  Command
12:30:41        0      3398   44.00    1.00    0.00    0.00   45.00     0  cartographer_no

12:30:40      UID       PID  minflt/s  majflt/s     VSZ     RSS   %MEM  Command
12:30:41        0      3398      0.00      0.00 1565888  105904   0.68  cartographer_no

12:30:41      UID       PID    %usr %system  %guest   %wait    %CPU   CPU  Command
12:30:42        0      3398   52.00    0.00    0.00    0.00   52.00    10  cartographer_no

12:30:41      UID       PID  minflt/s  majflt/s     VSZ     RSS   %MEM  Command
12:30:42        0      3398      1.00      0.00 1565888  105904   0.68  cartographer_no

12:30:42      UID       PID    %usr %system  %guest   %wait    %CPU   CPU  Command
12:30:43        0      3398   29.00    1.00    0.00    1.00   30.00     7  cartographer_no

12:30:42      UID       PID  minflt/s  majflt/s     VSZ     RSS   %MEM  Command
12:30:43        0      3398      0.00      0.00 1565888  105904   0.68  cartographer_no

12:30:43      UID       PID    %usr %system  %guest   %wait    %CPU   CPU  Command
12:30:44        0      3398   39.00    1.00    0.00    0.00   40.00     0  cartographer_no

12:30:43      UID       PID  minflt/s  majflt/s     VSZ     RSS   %MEM  Command
12:30:44        0      3398    534.00      0.00 1565888  103736   0.67  cartographer_no

12:30:44      UID       PID    %usr %system  %guest   %wait    %CPU   CPU  Command
12:30:45        0      3398   28.00    1.00    0.00    0.00   29.00     0  cartographer_no

12:30:44      UID       PID  minflt/s  majflt/s     VSZ     RSS   %MEM  Command
12:30:45        0      3398      0.00      0.00 1565888  103736   0.67  cartographer_no

12:30:45      UID       PID    %usr %system  %guest   %wait    %CPU   CPU  Command
12:30:46        0      3398   37.00    0.00    0.00    0.00   37.00     6  cartographer_no

12:30:45      UID       PID  minflt/s  majflt/s     VSZ     RSS   %MEM  Command
12:30:46        0      3398      0.00      0.00 1565888  103736   0.67  cartographer_no

12:30:46      UID       PID    %usr %system  %guest   %wait    %CPU   CPU  Command
12:30:47        0      3398   35.00    1.00    0.00    0.00   36.00     5  cartographer_no

12:30:46      UID       PID  minflt/s  majflt/s     VSZ     RSS   %MEM  Command
12:30:47        0      3398      0.00      0.00 1565888  103736   0.67  cartographer_no

12:30:47      UID       PID    %usr %system  %guest   %wait    %CPU   CPU  Command
12:30:48        0      3398   71.00    1.00    0.00    0.00   72.00     4  cartographer_no

12:30:47      UID       PID  minflt/s  majflt/s     VSZ     RSS   %MEM  Command
12:30:48        0      3398      0.00      0.00 1565888  103736   0.67  cartographer_no

12:30:48      UID       PID    %usr %system  %guest   %wait    %CPU   CPU  Command
12:30:49        0      3398  382.00    0.00    0.00    0.00  382.00     8  cartographer_no

12:30:48      UID       PID  minflt/s  majflt/s     VSZ     RSS   %MEM  Command
12:30:49        0      3398    182.00      0.00 1566612  104504   0.67  cartographer_no

12:30:49      UID       PID    %usr %system  %guest   %wait    %CPU   CPU  Command
12:30:50        0      3398   38.00    1.00    0.00    0.00   39.00    12  cartographer_no

12:30:49      UID       PID  minflt/s  majflt/s     VSZ     RSS   %MEM  Command
12:30:50        0      3398      0.00      0.00 1566612  104504   0.67  cartographer_no

12:30:50      UID       PID    %usr %system  %guest   %wait    %CPU   CPU  Command
12:30:51        0      3398   18.00    1.00    0.00    0.00   19.00    12  cartographer_no

12:30:50      UID       PID  minflt/s  majflt/s     VSZ     RSS   %MEM  Command
12:30:51        0      3398     39.00      0.00 1567152  104676   0.67  cartographer_no

12:30:51      UID       PID    %usr %system  %guest   %wait    %CPU   CPU  Command
12:30:52        0      3398   10.00    0.00    0.00    0.00   10.00     6  cartographer_no

12:30:51      UID       PID  minflt/s  majflt/s     VSZ     RSS   %MEM  Command
12:30:52        0      3398      0.00      0.00 1567100  104676   0.67  cartographer_no

12:30:52      UID       PID    %usr %system  %guest   %wait    %CPU   CPU  Command
12:30:53        0      3398    5.00    0.00    0.00    0.00    5.00     6  cartographer_no

12:30:52      UID       PID  minflt/s  majflt/s     VSZ     RSS   %MEM  Command
12:30:53        0      3398      0.00      0.00 1567100  104676   0.67  cartographer_no

12:30:53      UID       PID    %usr %system  %guest   %wait    %CPU   CPU  Command
12:30:54        0      3398    7.00    1.00    0.00    0.00    8.00     8  cartographer_no

12:30:53      UID       PID  minflt/s  majflt/s     VSZ     RSS   %MEM  Command
12:30:54        0      3398      0.00      0.00 1567100  104676   0.67  cartographer_no

12:30:54      UID       PID    %usr %system  %guest   %wait    %CPU   CPU  Command
12:30:55        0      3398    6.00    0.00    0.00    0.00    6.00     8  cartographer_no

12:30:54      UID       PID  minflt/s  majflt/s     VSZ     RSS   %MEM  Command
12:30:55        0      3398      0.00      0.00 1566560  104676   0.67  cartographer_no

12:30:55      UID       PID    %usr %system  %guest   %wait    %CPU   CPU  Command
12:30:56        0      3398    6.00    0.00    0.00    0.00    6.00     7  cartographer_no

12:30:55      UID       PID  minflt/s  majflt/s     VSZ     RSS   %MEM  Command
12:30:56        0      3398      0.00      0.00 1566020  104676   0.67  cartographer_no

12:30:56      UID       PID    %usr %system  %guest   %wait    %CPU   CPU  Command
12:30:57        0      3398    5.00    1.00    0.00    0.00    6.00     7  cartographer_no

12:30:56      UID       PID  minflt/s  majflt/s     VSZ     RSS   %MEM  Command
12:30:57        0      3398      0.00      0.00 1566020  104676   0.67  cartographer_no

12:30:57      UID       PID    %usr %system  %guest   %wait    %CPU   CPU  Command
12:30:58        0      3398    6.00    0.00    0.00    1.00    6.00     8  cartographer_no

12:30:57      UID       PID  minflt/s  majflt/s     VSZ     RSS   %MEM  Command
12:30:58        0      3398      0.00      0.00 1566020  104676   0.67  cartographer_no

12:30:58      UID       PID    %usr %system  %guest   %wait    %CPU   CPU  Command
12:30:59        0      3398    4.00    2.00    0.00    0.00    6.00     6  cartographer_no

12:30:58      UID       PID  minflt/s  majflt/s     VSZ     RSS   %MEM  Command
12:30:59        0      3398      0.00      0.00 1566020  104676   0.67  cartographer_no

12:30:59      UID       PID    %usr %system  %guest   %wait    %CPU   CPU  Command
12:31:00        0      3398    4.00    2.00    0.00    0.00    6.00     4  cartographer_no

12:30:59      UID       PID  minflt/s  majflt/s     VSZ     RSS   %MEM  Command
12:31:00        0      3398      0.00      0.00 1566020  104676   0.67  cartographer_no

12:31:00      UID       PID    %usr %system  %guest   %wait    %CPU   CPU  Command
12:31:01        0      3398    5.00    1.00    0.00    0.00    6.00     4  cartographer_no

12:31:00      UID       PID  minflt/s  majflt/s     VSZ     RSS   %MEM  Command
12:31:01        0      3398      0.00      0.00 1566020  104676   0.67  cartographer_no

12:31:01      UID       PID    %usr %system  %guest   %wait    %CPU   CPU  Command
12:31:02        0      3398    5.94    0.00    0.00    0.00    5.94    12  cartographer_no

12:31:01      UID       PID  minflt/s  majflt/s     VSZ     RSS   %MEM  Command
12:31:02        0      3398      0.00      0.00 1566020  104676   0.67  cartographer_no

12:31:02      UID       PID    %usr %system  %guest   %wait    %CPU   CPU  Command
12:31:03        0      3398    5.00    1.00    0.00    0.00    6.00    14  cartographer_no

12:31:02      UID       PID  minflt/s  majflt/s     VSZ     RSS   %MEM  Command
12:31:03        0      3398      0.00      0.00 1566020  104676   0.67  cartographer_no

12:31:03      UID       PID    %usr %system  %guest   %wait    %CPU   CPU  Command
12:31:04        0      3398    6.00    0.00    0.00    0.00    6.00     2  cartographer_no

12:31:03      UID       PID  minflt/s  majflt/s     VSZ     RSS   %MEM  Command
12:31:04        0      3398      0.00      0.00 1566020  104676   0.67  cartographer_no

12:31:04      UID       PID    %usr %system  %guest   %wait    %CPU   CPU  Command
12:31:05        0      3398    6.00    0.00    0.00    0.00    6.00     6  cartographer_no

12:31:04      UID       PID  minflt/s  majflt/s     VSZ     RSS   %MEM  Command
12:31:05        0      3398      0.00      0.00 1566020  104676   0.67  cartographer_no


Average:      UID       PID    %usr %system  %guest   %wait    %CPU   CPU  Command
Average:        0      3398   33.43    0.76    0.00    0.06   34.19     -  cartographer_no

Average:      UID       PID  minflt/s  majflt/s     VSZ     RSS   %MEM  Command
Average:        0      3398     74.77      0.00 1560665   73719   0.47  cartographer_no
