Linux 6.17.0-23-generic (admin1-ASUS-TUF-Gaming-A15-FA507NU-FA507NU) 	05/11/26 	_x86_64_	(16 CPU)

04:04:22      UID       PID    %usr %system  %guest   %wait    %CPU   CPU  Command
04:04:23        0     46383   13.00    1.00    0.00    0.00   14.00     2  cartographer_no

04:04:22      UID       PID  minflt/s  majflt/s     VSZ     RSS   %MEM  Command
04:04:23        0     46383      2.00      0.00 1555216   43984   0.28  cartographer_no

04:04:23      UID       PID    %usr %system  %guest   %wait    %CPU   CPU  Command
04:04:24        0     46383   12.00    0.00    0.00    0.00   12.00     8  cartographer_no

04:04:23      UID       PID  minflt/s  majflt/s     VSZ     RSS   %MEM  Command
04:04:24        0     46383      1.00      0.00 1555216   43984   0.28  cartographer_no

04:04:24      UID       PID    %usr %system  %guest   %wait    %CPU   CPU  Command
04:04:25        0     46383   11.00    1.00    0.00    0.00   12.00     2  cartographer_no

04:04:24      UID       PID  minflt/s  majflt/s     VSZ     RSS   %MEM  Command
04:04:25        0     46383      2.00      0.00 1555216   43984   0.28  cartographer_no

04:04:25      UID       PID    %usr %system  %guest   %wait    %CPU   CPU  Command
04:04:26        0     46383   12.00    0.00    0.00    0.00   12.00     6  cartographer_no

04:04:25      UID       PID  minflt/s  majflt/s     VSZ     RSS   %MEM  Command
04:04:26        0     46383     11.00      0.00 1555216   43984   0.28  cartographer_no

04:04:26      UID       PID    %usr %system  %guest   %wait    %CPU   CPU  Command
04:04:27        0     46383   12.00    1.00    0.00    0.00   13.00     6  cartographer_no

04:04:26      UID       PID  minflt/s  majflt/s     VSZ     RSS   %MEM  Command
04:04:27        0     46383      2.00      0.00 1555216   44112   0.28  cartographer_no

04:04:27      UID       PID    %usr %system  %guest   %wait    %CPU   CPU  Command
04:04:28        0     46383   12.00    0.00    0.00    0.00   12.00     0  cartographer_no

04:04:27      UID       PID  minflt/s  majflt/s     VSZ     RSS   %MEM  Command
04:04:28        0     46383      5.00      0.00 1555216   44112   0.28  cartographer_no

04:04:28      UID       PID    %usr %system  %guest   %wait    %CPU   CPU  Command
04:04:29        0     46383   11.00    1.00    0.00    0.00   12.00     4  cartographer_no

04:04:28      UID       PID  minflt/s  majflt/s     VSZ     RSS   %MEM  Command
04:04:29        0     46383      2.00      0.00 1555216   44240   0.28  cartographer_no

04:04:29      UID       PID    %usr %system  %guest   %wait    %CPU   CPU  Command
04:04:30        0     46383   13.00    1.00    0.00    0.00   14.00     4  cartographer_no

04:04:29      UID       PID  minflt/s  majflt/s     VSZ     RSS   %MEM  Command
04:04:30        0     46383      1.00      0.00 1555216   44240   0.28  cartographer_no

04:04:30      UID       PID    %usr %system  %guest   %wait    %CPU   CPU  Command
04:04:31        0     46383   12.00    1.00    0.00    0.00   13.00    14  cartographer_no

04:04:30      UID       PID  minflt/s  majflt/s     VSZ     RSS   %MEM  Command
04:04:31        0     46383      1.00      0.00 1555216   44240   0.28  cartographer_no

04:04:31      UID       PID    %usr %system  %guest   %wait    %CPU   CPU  Command
04:04:32        0     46383   11.00    0.00    0.00    0.00   11.00    10  cartographer_no

04:04:31      UID       PID  minflt/s  majflt/s     VSZ     RSS   %MEM  Command
04:04:32        0     46383      1.00      0.00 1555216   44240   0.28  cartographer_no

04:04:32      UID       PID    %usr %system  %guest   %wait    %CPU   CPU  Command
04:04:33        0     46383    9.00    2.00    0.00    0.00   11.00     7  cartographer_no

04:04:32      UID       PID  minflt/s  majflt/s     VSZ     RSS   %MEM  Command
04:04:33        0     46383      1.00      0.00 1555216   44240   0.28  cartographer_no

04:04:33      UID       PID    %usr %system  %guest   %wait    %CPU   CPU  Command
04:04:34        0     46383    9.00    0.00    0.00    0.00    9.00     8  cartographer_no

04:04:33      UID       PID  minflt/s  majflt/s     VSZ     RSS   %MEM  Command
04:04:34        0     46383      0.00      0.00 1555216   44240   0.28  cartographer_no

04:04:34      UID       PID    %usr %system  %guest   %wait    %CPU   CPU  Command
04:04:35        0     46383    8.00    1.00    0.00    0.00    9.00    12  cartographer_no

04:04:34      UID       PID  minflt/s  majflt/s     VSZ     RSS   %MEM  Command
04:04:35        0     46383      2.00      0.00 1555216   44240   0.28  cartographer_no

04:04:35      UID       PID    %usr %system  %guest   %wait    %CPU   CPU  Command
04:04:36        0     46383    9.00    1.00    0.00    0.00   10.00     7  cartographer_no

04:04:35      UID       PID  minflt/s  majflt/s     VSZ     RSS   %MEM  Command
04:04:36        0     46383     18.00      0.00 1555348   44368   0.28  cartographer_no

04:04:36      UID       PID    %usr %system  %guest   %wait    %CPU   CPU  Command
04:04:37        0     46383   10.00    0.00    0.00    0.00   10.00     3  cartographer_no

04:04:36      UID       PID  minflt/s  majflt/s     VSZ     RSS   %MEM  Command
04:04:37        0     46383      9.00      0.00 1555348   44496   0.29  cartographer_no

04:04:37      UID       PID    %usr %system  %guest   %wait    %CPU   CPU  Command
04:04:38        0     46383    9.00    0.00    0.00    0.00    9.00     2  cartographer_no

04:04:37      UID       PID  minflt/s  majflt/s     VSZ     RSS   %MEM  Command
04:04:38        0     46383     11.00      0.00 1555348   44496   0.29  cartographer_no

04:04:38      UID       PID    %usr %system  %guest   %wait    %CPU   CPU  Command
04:04:39        0     46383    9.00    1.00    0.00    0.00   10.00     4  cartographer_no

04:04:38      UID       PID  minflt/s  majflt/s     VSZ     RSS   %MEM  Command
04:04:39        0     46383     30.00      0.00 1555528   44624   0.29  cartographer_no

04:04:39      UID       PID    %usr %system  %guest   %wait    %CPU   CPU  Command
04:04:40        0     46383    9.00    0.00    0.00    0.00    9.00     4  cartographer_no

04:04:39      UID       PID  minflt/s  majflt/s     VSZ     RSS   %MEM  Command
04:04:40        0     46383      4.00      0.00 1555528   44624   0.29  cartographer_no

04:04:40      UID       PID    %usr %system  %guest   %wait    %CPU   CPU  Command
04:04:41        0     46383    8.00    0.00    0.00    0.00    8.00     6  cartographer_no

04:04:40      UID       PID  minflt/s  majflt/s     VSZ     RSS   %MEM  Command
04:04:41        0     46383      2.00      0.00 1555528   44624   0.29  cartographer_no

04:04:41      UID       PID    %usr %system  %guest   %wait    %CPU   CPU  Command
04:04:42        0     46383   10.00    0.00    0.00    0.00   10.00     2  cartographer_no

04:04:41      UID       PID  minflt/s  majflt/s     VSZ     RSS   %MEM  Command
04:04:42        0     46383      0.00      0.00 1555528   44624   0.29  cartographer_no

04:04:42      UID       PID    %usr %system  %guest   %wait    %CPU   CPU  Command
04:04:43        0     46383    9.00    0.00    0.00    0.00    9.00     2  cartographer_no

04:04:42      UID       PID  minflt/s  majflt/s     VSZ     RSS   %MEM  Command
04:04:43        0     46383      3.00      0.00 1555528   44624   0.29  cartographer_no

04:04:43      UID       PID    %usr %system  %guest   %wait    %CPU   CPU  Command
04:04:44        0     46383   13.00    0.00    0.00    0.00   13.00     3  cartographer_no

04:04:43      UID       PID  minflt/s  majflt/s     VSZ     RSS   %MEM  Command
04:04:44        0     46383      7.00      0.00 1555528   44624   0.29  cartographer_no

04:04:44      UID       PID    %usr %system  %guest   %wait    %CPU   CPU  Command
04:04:45        0     46383   11.00    0.00    0.00    0.00   11.00     3  cartographer_no

04:04:44      UID       PID  minflt/s  majflt/s     VSZ     RSS   %MEM  Command
04:04:45        0     46383      3.00      0.00 1555528   44624   0.29  cartographer_no

04:04:45      UID       PID    %usr %system  %guest   %wait    %CPU   CPU  Command
04:04:46        0     46383   11.00    0.00    0.00    0.00   11.00     3  cartographer_no

04:04:45      UID       PID  minflt/s  majflt/s     VSZ     RSS   %MEM  Command
04:04:46        0     46383      0.00      0.00 1555528   44624   0.29  cartographer_no

04:04:46      UID       PID    %usr %system  %guest   %wait    %CPU   CPU  Command
04:04:47        0     46383   10.00    1.00    0.00    0.00   11.00     2  cartographer_no

04:04:46      UID       PID  minflt/s  majflt/s     VSZ     RSS   %MEM  Command
04:04:47        0     46383      0.00      0.00 1555528   44624   0.29  cartographer_no

04:04:47      UID       PID    %usr %system  %guest   %wait    %CPU   CPU  Command
04:04:48        0     46383   12.00    1.00    0.00    0.00   13.00     7  cartographer_no

04:04:47      UID       PID  minflt/s  majflt/s     VSZ     RSS   %MEM  Command
04:04:48        0     46383      7.00      0.00 1555528   44624   0.29  cartographer_no

04:04:48      UID       PID    %usr %system  %guest   %wait    %CPU   CPU  Command
04:04:49        0     46383   11.88    0.99    0.00    0.00   12.87     4  cartographer_no

04:04:48      UID       PID  minflt/s  majflt/s     VSZ     RSS   %MEM  Command
04:04:49        0     46383      4.95      0.00 1555528   44752   0.29  cartographer_no

04:04:49      UID       PID    %usr %system  %guest   %wait    %CPU   CPU  Command
04:04:50        0     46383   14.00    0.00    0.00    0.00   14.00     4  cartographer_no

04:04:49      UID       PID  minflt/s  majflt/s     VSZ     RSS   %MEM  Command
04:04:50        0     46383      7.00      0.00 1555528   44752   0.29  cartographer_no

04:04:50      UID       PID    %usr %system  %guest   %wait    %CPU   CPU  Command
04:04:51        0     46383   14.00    1.00    0.00    0.00   15.00     7  cartographer_no

04:04:50      UID       PID  minflt/s  majflt/s     VSZ     RSS   %MEM  Command
04:04:51        0     46383      1.00      0.00 1555528   44752   0.29  cartographer_no

04:04:51      UID       PID    %usr %system  %guest   %wait    %CPU   CPU  Command
04:04:52        0     46383   11.00    1.00    0.00    1.00   12.00     8  cartographer_no

04:04:51      UID       PID  minflt/s  majflt/s     VSZ     RSS   %MEM  Command
04:04:52        0     46383      3.00      0.00 1555528   44752   0.29  cartographer_no

04:04:52      UID       PID    %usr %system  %guest   %wait    %CPU   CPU  Command
04:04:53        0     46383   13.00    0.00    0.00    0.00   13.00     7  cartographer_no

04:04:52      UID       PID  minflt/s  majflt/s     VSZ     RSS   %MEM  Command
04:04:53        0     46383      0.00      0.00 1555528   44752   0.29  cartographer_no

04:04:53      UID       PID    %usr %system  %guest   %wait    %CPU   CPU  Command
04:04:54        0     46383   12.00    1.00    0.00    0.00   13.00     6  cartographer_no

04:04:53      UID       PID  minflt/s  majflt/s     VSZ     RSS   %MEM  Command
04:04:54        0     46383    454.00      0.00 1557112   46280   0.30  cartographer_no

04:04:54      UID       PID    %usr %system  %guest   %wait    %CPU   CPU  Command
04:04:55        0     46383   13.00    1.00    0.00    0.00   14.00     7  cartographer_no

04:04:54      UID       PID  minflt/s  majflt/s     VSZ     RSS   %MEM  Command
04:04:55        0     46383   2502.00      0.00 1560864   50084   0.32  cartographer_no

04:04:55      UID       PID    %usr %system  %guest   %wait    %CPU   CPU  Command
04:04:56        0     46383   11.00    1.00    0.00    0.00   12.00     0  cartographer_no

04:04:55      UID       PID  minflt/s  majflt/s     VSZ     RSS   %MEM  Command
04:04:56        0     46383      3.00      0.00 1560864   50084   0.32  cartographer_no

04:04:56      UID       PID    %usr %system  %guest   %wait    %CPU   CPU  Command
04:04:57        0     46383   11.00    0.00    0.00    0.00   11.00     2  cartographer_no

04:04:56      UID       PID  minflt/s  majflt/s     VSZ     RSS   %MEM  Command
04:04:57        0     46383      0.00      0.00 1560864   50084   0.32  cartographer_no

04:04:57      UID       PID    %usr %system  %guest   %wait    %CPU   CPU  Command
04:04:58        0     46383   13.00    0.00    0.00    0.00   13.00     6  cartographer_no

04:04:57      UID       PID  minflt/s  majflt/s     VSZ     RSS   %MEM  Command
04:04:58        0     46383      2.00      0.00 1560864   50084   0.32  cartographer_no

04:04:58      UID       PID    %usr %system  %guest   %wait    %CPU   CPU  Command
04:04:59        0     46383   13.00    1.00    0.00    0.00   14.00     2  cartographer_no

04:04:58      UID       PID  minflt/s  majflt/s     VSZ     RSS   %MEM  Command
04:04:59        0     46383      1.00      0.00 1560864   50084   0.32  cartographer_no

04:04:59      UID       PID    %usr %system  %guest   %wait    %CPU   CPU  Command
04:05:00        0     46383   12.00    1.00    0.00    0.00   13.00     4  cartographer_no

04:04:59      UID       PID  minflt/s  majflt/s     VSZ     RSS   %MEM  Command
04:05:00        0     46383      1.00      0.00 1560864   50084   0.32  cartographer_no

04:05:00      UID       PID    %usr %system  %guest   %wait    %CPU   CPU  Command
04:05:01        0     46383   11.00    1.00    0.00    0.00   12.00     8  cartographer_no

04:05:00      UID       PID  minflt/s  majflt/s     VSZ     RSS   %MEM  Command
04:05:01        0     46383      2.00      0.00 1560864   50084   0.32  cartographer_no

04:05:01      UID       PID    %usr %system  %guest   %wait    %CPU   CPU  Command
04:05:02        0     46383   10.00    0.00    0.00    0.00   10.00    14  cartographer_no

04:05:01      UID       PID  minflt/s  majflt/s     VSZ     RSS   %MEM  Command
04:05:02        0     46383      1.00      0.00 1560864   50084   0.32  cartographer_no

04:05:02      UID       PID    %usr %system  %guest   %wait    %CPU   CPU  Command
04:05:03        0     46383   12.00    1.00    0.00    0.00   13.00     2  cartographer_no

04:05:02      UID       PID  minflt/s  majflt/s     VSZ     RSS   %MEM  Command
04:05:03        0     46383      2.00      0.00 1560864   50084   0.32  cartographer_no

04:05:03      UID       PID    %usr %system  %guest   %wait    %CPU   CPU  Command
04:05:04        0     46383   13.00    1.00    0.00    0.00   14.00     6  cartographer_no

04:05:03      UID       PID  minflt/s  majflt/s     VSZ     RSS   %MEM  Command
04:05:04        0     46383      0.00      0.00 1560864   50084   0.32  cartographer_no

04:05:04      UID       PID    %usr %system  %guest   %wait    %CPU   CPU  Command
04:05:05        0     46383   12.00    1.00    0.00    0.00   13.00     2  cartographer_no

04:05:04      UID       PID  minflt/s  majflt/s     VSZ     RSS   %MEM  Command
04:05:05        0     46383      2.00      0.00 1560864   50084   0.32  cartographer_no

04:05:05      UID       PID    %usr %system  %guest   %wait    %CPU   CPU  Command
04:05:06        0     46383   12.00    0.00    0.00    0.00   12.00     0  cartographer_no

04:05:05      UID       PID  minflt/s  majflt/s     VSZ     RSS   %MEM  Command
04:05:06        0     46383      1.00      0.00 1560864   50084   0.32  cartographer_no

04:05:06      UID       PID    %usr %system  %guest   %wait    %CPU   CPU  Command
04:05:07        0     46383   14.00    1.00    0.00    0.00   15.00    10  cartographer_no

04:05:06      UID       PID  minflt/s  majflt/s     VSZ     RSS   %MEM  Command
04:05:07        0     46383      2.00      0.00 1560864   50084   0.32  cartographer_no

04:05:07      UID       PID    %usr %system  %guest   %wait    %CPU   CPU  Command
04:05:08        0     46383   15.00    0.00    0.00    0.00   15.00     3  cartographer_no

04:05:07      UID       PID  minflt/s  majflt/s     VSZ     RSS   %MEM  Command
04:05:08        0     46383      2.00      0.00 1560864   50084   0.32  cartographer_no

04:05:08      UID       PID    %usr %system  %guest   %wait    %CPU   CPU  Command
04:05:09        0     46383   14.00    0.00    0.00    0.00   14.00     3  cartographer_no

04:05:08      UID       PID  minflt/s  majflt/s     VSZ     RSS   %MEM  Command
04:05:09        0     46383      1.00      0.00 1560864   50084   0.32  cartographer_no

04:05:09      UID       PID    %usr %system  %guest   %wait    %CPU   CPU  Command
04:05:10        0     46383   14.00    1.00    0.00    0.00   15.00    14  cartographer_no

04:05:09      UID       PID  minflt/s  majflt/s     VSZ     RSS   %MEM  Command
04:05:10        0     46383      2.00      0.00 1560864   50084   0.32  cartographer_no

04:05:10      UID       PID    %usr %system  %guest   %wait    %CPU   CPU  Command
04:05:11        0     46383   13.00    1.00    0.00    0.00   14.00     0  cartographer_no

04:05:10      UID       PID  minflt/s  majflt/s     VSZ     RSS   %MEM  Command
04:05:11        0     46383      1.00      0.00 1560864   50084   0.32  cartographer_no

04:05:11      UID       PID    %usr %system  %guest   %wait    %CPU   CPU  Command
04:05:12        0     46383   12.00    1.00    0.00    0.00   13.00    12  cartographer_no

04:05:11      UID       PID  minflt/s  majflt/s     VSZ     RSS   %MEM  Command
04:05:12        0     46383      1.00      0.00 1560864   50084   0.32  cartographer_no

04:05:12      UID       PID    %usr %system  %guest   %wait    %CPU   CPU  Command
04:05:13        0     46383   13.00    1.00    0.00    0.00   14.00     6  cartographer_no

04:05:12      UID       PID  minflt/s  majflt/s     VSZ     RSS   %MEM  Command
04:05:13        0     46383     10.00      0.00 1560864   50212   0.32  cartographer_no

04:05:13      UID       PID    %usr %system  %guest   %wait    %CPU   CPU  Command
04:05:14        0     46383   13.00    1.00    0.00    0.00   14.00     2  cartographer_no

04:05:13      UID       PID  minflt/s  majflt/s     VSZ     RSS   %MEM  Command
04:05:14        0     46383      1.00      0.00 1560864   50212   0.32  cartographer_no

04:05:14      UID       PID    %usr %system  %guest   %wait    %CPU   CPU  Command
04:05:15        0     46383   12.00    0.00    0.00    0.00   12.00    14  cartographer_no

04:05:14      UID       PID  minflt/s  majflt/s     VSZ     RSS   %MEM  Command
04:05:15        0     46383      1.00      0.00 1560864   50212   0.32  cartographer_no

04:05:15      UID       PID    %usr %system  %guest   %wait    %CPU   CPU  Command
04:05:16        0     46383   15.00    1.00    0.00    0.00   16.00     0  cartographer_no

04:05:15      UID       PID  minflt/s  majflt/s     VSZ     RSS   %MEM  Command
04:05:16        0     46383    572.00      0.00 1560864   52516   0.34  cartographer_no

04:05:16      UID       PID    %usr %system  %guest   %wait    %CPU   CPU  Command
04:05:17        0     46383   14.00    1.00    0.00    0.00   15.00     8  cartographer_no

04:05:16      UID       PID  minflt/s  majflt/s     VSZ     RSS   %MEM  Command
04:05:17        0     46383    231.00      0.00 1560864   53284   0.34  cartographer_no

04:05:17      UID       PID    %usr %system  %guest   %wait    %CPU   CPU  Command
04:05:18        0     46383   13.00    1.00    0.00    0.00   14.00     2  cartographer_no

04:05:17      UID       PID  minflt/s  majflt/s     VSZ     RSS   %MEM  Command
04:05:18        0     46383    229.00      0.00 1560864   54180   0.35  cartographer_no

04:05:18      UID       PID    %usr %system  %guest   %wait    %CPU   CPU  Command
04:05:19        0     46383   12.00    0.00    0.00    0.00   12.00     2  cartographer_no

04:05:18      UID       PID  minflt/s  majflt/s     VSZ     RSS   %MEM  Command
04:05:19        0     46383     53.00      0.00 1560864   54308   0.35  cartographer_no

04:05:19      UID       PID    %usr %system  %guest   %wait    %CPU   CPU  Command
04:05:20        0     46383   12.00    1.00    0.00    0.00   13.00     6  cartographer_no

04:05:19      UID       PID  minflt/s  majflt/s     VSZ     RSS   %MEM  Command
04:05:20        0     46383      0.00      0.00 1560864   54308   0.35  cartographer_no

04:05:20      UID       PID    %usr %system  %guest   %wait    %CPU   CPU  Command
04:05:21        0     46383    9.00    0.00    0.00    0.00    9.00     6  cartographer_no

04:05:20      UID       PID  minflt/s  majflt/s     VSZ     RSS   %MEM  Command
04:05:21        0     46383      1.00      0.00 1560864   54308   0.35  cartographer_no

04:05:21      UID       PID    %usr %system  %guest   %wait    %CPU   CPU  Command
04:05:22        0     46383   11.00    1.00    0.00    0.00   12.00     6  cartographer_no

04:05:21      UID       PID  minflt/s  majflt/s     VSZ     RSS   %MEM  Command
04:05:22        0     46383      0.00      0.00 1560864   54308   0.35  cartographer_no

04:05:22      UID       PID    %usr %system  %guest   %wait    %CPU   CPU  Command
04:05:23        0     46383   10.00    2.00    0.00    0.00   12.00     6  cartographer_no

04:05:22      UID       PID  minflt/s  majflt/s     VSZ     RSS   %MEM  Command
04:05:23        0     46383     92.00      0.00 1560864   54692   0.35  cartographer_no

04:05:23      UID       PID    %usr %system  %guest   %wait    %CPU   CPU  Command
04:05:24        0     46383   10.00    0.00    0.00    0.00   10.00     2  cartographer_no

04:05:23      UID       PID  minflt/s  majflt/s     VSZ     RSS   %MEM  Command
04:05:24        0     46383      0.00      0.00 1560864   54692   0.35  cartographer_no

04:05:24      UID       PID    %usr %system  %guest   %wait    %CPU   CPU  Command
04:05:25        0     46383   11.00    0.00    0.00    0.00   11.00     6  cartographer_no

04:05:24      UID       PID  minflt/s  majflt/s     VSZ     RSS   %MEM  Command
04:05:25        0     46383     19.00      0.00 1560864   54692   0.35  cartographer_no

04:05:25      UID       PID    %usr %system  %guest   %wait    %CPU   CPU  Command
04:05:26        0     46383   12.00    0.00    0.00    0.00   12.00    12  cartographer_no

04:05:25      UID       PID  minflt/s  majflt/s     VSZ     RSS   %MEM  Command
04:05:26        0     46383      0.00      0.00 1560864   54692   0.35  cartographer_no

04:05:26      UID       PID    %usr %system  %guest   %wait    %CPU   CPU  Command
04:05:27        0     46383   10.00    1.00    0.00    1.00   11.00     3  cartographer_no

04:05:26      UID       PID  minflt/s  majflt/s     VSZ     RSS   %MEM  Command
04:05:27        0     46383      0.00      0.00 1560864   54692   0.35  cartographer_no

04:05:27      UID       PID    %usr %system  %guest   %wait    %CPU   CPU  Command
04:05:28        0     46383   11.00    0.00    0.00    0.00   11.00     2  cartographer_no

04:05:27      UID       PID  minflt/s  majflt/s     VSZ     RSS   %MEM  Command
04:05:28        0     46383      0.00      0.00 1560864   54692   0.35  cartographer_no

04:05:28      UID       PID    %usr %system  %guest   %wait    %CPU   CPU  Command
04:05:29        0     46383   11.00    0.00    0.00    0.00   11.00     2  cartographer_no

04:05:28      UID       PID  minflt/s  majflt/s     VSZ     RSS   %MEM  Command
04:05:29        0     46383      1.00      0.00 1560864   54692   0.35  cartographer_no

04:05:29      UID       PID    %usr %system  %guest   %wait    %CPU   CPU  Command
04:05:30        0     46383   10.00    0.00    0.00    0.00   10.00     6  cartographer_no

04:05:29      UID       PID  minflt/s  majflt/s     VSZ     RSS   %MEM  Command
04:05:30        0     46383      0.00      0.00 1560864   54692   0.35  cartographer_no

04:05:30      UID       PID    %usr %system  %guest   %wait    %CPU   CPU  Command
04:05:31        0     46383   10.00    1.00    0.00    0.00   11.00     4  cartographer_no

04:05:30      UID       PID  minflt/s  majflt/s     VSZ     RSS   %MEM  Command
04:05:31        0     46383      0.00      0.00 1560864   54692   0.35  cartographer_no

04:05:31      UID       PID    %usr %system  %guest   %wait    %CPU   CPU  Command
04:05:32        0     46383   13.00    1.00    0.00    0.00   14.00     2  cartographer_no

04:05:31      UID       PID  minflt/s  majflt/s     VSZ     RSS   %MEM  Command
04:05:32        0     46383      0.00      0.00 1560864   54692   0.35  cartographer_no

04:05:32      UID       PID    %usr %system  %guest   %wait    %CPU   CPU  Command
04:05:33        0     46383   10.00    1.00    0.00    0.00   11.00     6  cartographer_no

04:05:32      UID       PID  minflt/s  majflt/s     VSZ     RSS   %MEM  Command
04:05:33        0     46383      1.00      0.00 1560864   54692   0.35  cartographer_no

04:05:33      UID       PID    %usr %system  %guest   %wait    %CPU   CPU  Command
04:05:34        0     46383   10.00    0.00    0.00    0.00   10.00    14  cartographer_no

04:05:33      UID       PID  minflt/s  majflt/s     VSZ     RSS   %MEM  Command
04:05:34        0     46383      0.00      0.00 1560864   54692   0.35  cartographer_no

04:05:34      UID       PID    %usr %system  %guest   %wait    %CPU   CPU  Command
04:05:35        0     46383   10.00    0.00    0.00    0.00   10.00     2  cartographer_no

04:05:34      UID       PID  minflt/s  majflt/s     VSZ     RSS   %MEM  Command
04:05:35        0     46383      0.00      0.00 1560864   54692   0.35  cartographer_no

04:05:35      UID       PID    %usr %system  %guest   %wait    %CPU   CPU  Command
04:05:36        0     46383   10.00    1.00    0.00    0.00   11.00     2  cartographer_no

04:05:35      UID       PID  minflt/s  majflt/s     VSZ     RSS   %MEM  Command
04:05:36        0     46383      0.00      0.00 1560864   54692   0.35  cartographer_no

04:05:36      UID       PID    %usr %system  %guest   %wait    %CPU   CPU  Command
04:05:37        0     46383   13.00    1.00    0.00    0.00   14.00     3  cartographer_no

04:05:36      UID       PID  minflt/s  majflt/s     VSZ     RSS   %MEM  Command
04:05:37        0     46383      0.00      0.00 1560864   54692   0.35  cartographer_no

04:05:37      UID       PID    %usr %system  %guest   %wait    %CPU   CPU  Command
04:05:38        0     46383   12.00    0.00    0.00    0.00   12.00     7  cartographer_no

04:05:37      UID       PID  minflt/s  majflt/s     VSZ     RSS   %MEM  Command
04:05:38        0     46383      0.00      0.00 1560864   54692   0.35  cartographer_no

04:05:38      UID       PID    %usr %system  %guest   %wait    %CPU   CPU  Command
04:05:39        0     46383   11.00    1.00    0.00    0.00   12.00     7  cartographer_no

04:05:38      UID       PID  minflt/s  majflt/s     VSZ     RSS   %MEM  Command
04:05:39        0     46383      0.00      0.00 1560864   54692   0.35  cartographer_no

04:05:39      UID       PID    %usr %system  %guest   %wait    %CPU   CPU  Command
04:05:40        0     46383   12.00    1.00    0.00    0.00   13.00     7  cartographer_no

04:05:39      UID       PID  minflt/s  majflt/s     VSZ     RSS   %MEM  Command
04:05:40        0     46383     56.00      0.00 1560864   54948   0.35  cartographer_no

04:05:40      UID       PID    %usr %system  %guest   %wait    %CPU   CPU  Command
04:05:41        0     46383   11.00    0.00    0.00    0.00   11.00     8  cartographer_no

04:05:40      UID       PID  minflt/s  majflt/s     VSZ     RSS   %MEM  Command
04:05:41        0     46383      0.00      0.00 1560864   54948   0.35  cartographer_no

04:05:41      UID       PID    %usr %system  %guest   %wait    %CPU   CPU  Command
04:05:42        0     46383   13.00    1.00    0.00    0.00   14.00    10  cartographer_no

04:05:41      UID       PID  minflt/s  majflt/s     VSZ     RSS   %MEM  Command
04:05:42        0     46383      0.00      0.00 1560864   54948   0.35  cartographer_no

04:05:42      UID       PID    %usr %system  %guest   %wait    %CPU   CPU  Command
04:05:43        0     46383   13.00    0.00    0.00    0.00   13.00     6  cartographer_no

04:05:42      UID       PID  minflt/s  majflt/s     VSZ     RSS   %MEM  Command
04:05:43        0     46383     82.00      0.00 1560864   55332   0.35  cartographer_no

04:05:43      UID       PID    %usr %system  %guest   %wait    %CPU   CPU  Command
04:05:44        0     46383   12.00    1.00    0.00    0.00   13.00     3  cartographer_no

04:05:43      UID       PID  minflt/s  majflt/s     VSZ     RSS   %MEM  Command
04:05:44        0     46383      0.00      0.00 1560864   55332   0.35  cartographer_no

04:05:44      UID       PID    %usr %system  %guest   %wait    %CPU   CPU  Command
04:05:45        0     46383   11.00    1.00    0.00    0.00   12.00     6  cartographer_no

04:05:44      UID       PID  minflt/s  majflt/s     VSZ     RSS   %MEM  Command
04:05:45        0     46383      1.00      0.00 1560864   55332   0.35  cartographer_no

04:05:45      UID       PID    %usr %system  %guest   %wait    %CPU   CPU  Command
04:05:46        0     46383   11.00    1.00    0.00    0.00   12.00     6  cartographer_no

04:05:45      UID       PID  minflt/s  majflt/s     VSZ     RSS   %MEM  Command
04:05:46        0     46383      0.00      0.00 1560864   55332   0.35  cartographer_no

04:05:46      UID       PID    %usr %system  %guest   %wait    %CPU   CPU  Command
04:05:47        0     46383   12.00    1.00    0.00    0.00   13.00     6  cartographer_no

04:05:46      UID       PID  minflt/s  majflt/s     VSZ     RSS   %MEM  Command
04:05:47        0     46383      0.00      0.00 1560864   55332   0.35  cartographer_no

04:05:47      UID       PID    %usr %system  %guest   %wait    %CPU   CPU  Command
04:05:48        0     46383   12.00    0.00    0.00    0.00   12.00     2  cartographer_no

04:05:47      UID       PID  minflt/s  majflt/s     VSZ     RSS   %MEM  Command
04:05:48        0     46383      0.00      0.00 1560864   55332   0.35  cartographer_no

04:05:48      UID       PID    %usr %system  %guest   %wait    %CPU   CPU  Command
04:05:49        0     46383   13.00    1.00    0.00    0.00   14.00     6  cartographer_no

04:05:48      UID       PID  minflt/s  majflt/s     VSZ     RSS   %MEM  Command
04:05:49        0     46383      0.00      0.00 1560864   55332   0.35  cartographer_no

04:05:49      UID       PID    %usr %system  %guest   %wait    %CPU   CPU  Command
04:05:50        0     46383   14.00    0.00    0.00    0.00   14.00     2  cartographer_no

04:05:49      UID       PID  minflt/s  majflt/s     VSZ     RSS   %MEM  Command
04:05:50        0     46383    123.00      0.00 1560864   55844   0.36  cartographer_no

04:05:50      UID       PID    %usr %system  %guest   %wait    %CPU   CPU  Command
04:05:51        0     46383   13.00    1.00    0.00    0.00   14.00     2  cartographer_no

04:05:50      UID       PID  minflt/s  majflt/s     VSZ     RSS   %MEM  Command
04:05:51        0     46383     37.00      0.00 1560864   55972   0.36  cartographer_no

04:05:51      UID       PID    %usr %system  %guest   %wait    %CPU   CPU  Command
04:05:52        0     46383   13.00    1.00    0.00    0.00   14.00     6  cartographer_no

04:05:51      UID       PID  minflt/s  majflt/s     VSZ     RSS   %MEM  Command
04:05:52        0     46383      0.00      0.00 1560864   55972   0.36  cartographer_no

04:05:52      UID       PID    %usr %system  %guest   %wait    %CPU   CPU  Command
04:05:53        0     46383   13.00    1.00    0.00    0.00   14.00     2  cartographer_no

04:05:52      UID       PID  minflt/s  majflt/s     VSZ     RSS   %MEM  Command
04:05:53        0     46383      0.00      0.00 1560864   55972   0.36  cartographer_no

04:05:53      UID       PID    %usr %system  %guest   %wait    %CPU   CPU  Command
04:05:54        0     46383   13.00    0.00    0.00    0.00   13.00     0  cartographer_no

04:05:53      UID       PID  minflt/s  majflt/s     VSZ     RSS   %MEM  Command
04:05:54        0     46383      0.00      0.00 1560864   55972   0.36  cartographer_no

04:05:54      UID       PID    %usr %system  %guest   %wait    %CPU   CPU  Command
04:05:55        0     46383   11.00    1.00    0.00    0.00   12.00    10  cartographer_no

04:05:54      UID       PID  minflt/s  majflt/s     VSZ     RSS   %MEM  Command
04:05:55        0     46383      0.00      0.00 1560864   55972   0.36  cartographer_no

04:05:55      UID       PID    %usr %system  %guest   %wait    %CPU   CPU  Command
04:05:56        0     46383   13.00    1.00    0.00    0.00   14.00     8  cartographer_no

04:05:55      UID       PID  minflt/s  majflt/s     VSZ     RSS   %MEM  Command
04:05:56        0     46383      0.00      0.00 1560864   55972   0.36  cartographer_no

04:05:56      UID       PID    %usr %system  %guest   %wait    %CPU   CPU  Command
04:05:57        0     46383   38.00    0.00    0.00    0.00   38.00     4  cartographer_no

04:05:56      UID       PID  minflt/s  majflt/s     VSZ     RSS   %MEM  Command
04:05:57        0     46383    656.00      0.00 1555860   53300   0.34  cartographer_no

04:05:57      UID       PID    %usr %system  %guest   %wait    %CPU   CPU  Command
04:05:58        0     46383   14.00    1.00    0.00    0.00   15.00     6  cartographer_no

04:05:57      UID       PID  minflt/s  majflt/s     VSZ     RSS   %MEM  Command
04:05:58        0     46383     38.00      0.00 1555860   53428   0.34  cartographer_no

04:05:58      UID       PID    %usr %system  %guest   %wait    %CPU   CPU  Command
04:05:59        0     46383   14.00    1.00    0.00    0.00   15.00     2  cartographer_no

04:05:58      UID       PID  minflt/s  majflt/s     VSZ     RSS   %MEM  Command
04:05:59        0     46383    886.00      0.00 1559404   57012   0.37  cartographer_no

04:05:59      UID       PID    %usr %system  %guest   %wait    %CPU   CPU  Command
04:06:00        0     46383   15.00    1.00    0.00    0.00   16.00     2  cartographer_no

04:05:59      UID       PID  minflt/s  majflt/s     VSZ     RSS   %MEM  Command
04:06:00        0     46383      1.00      0.00 1559404   57012   0.37  cartographer_no

04:06:00      UID       PID    %usr %system  %guest   %wait    %CPU   CPU  Command
04:06:01        0     46383   11.00    0.00    0.00    0.00   11.00     2  cartographer_no

04:06:00      UID       PID  minflt/s  majflt/s     VSZ     RSS   %MEM  Command
04:06:01        0     46383      0.00      0.00 1559404   57012   0.37  cartographer_no

04:06:01      UID       PID    %usr %system  %guest   %wait    %CPU   CPU  Command
04:06:02        0     46383   10.00    1.00    0.00    0.00   11.00     7  cartographer_no

04:06:01      UID       PID  minflt/s  majflt/s     VSZ     RSS   %MEM  Command
04:06:02        0     46383      0.00      0.00 1559404   57012   0.37  cartographer_no

04:06:02      UID       PID    %usr %system  %guest   %wait    %CPU   CPU  Command
04:06:03        0     46383   12.00    1.00    0.00    0.00   13.00     2  cartographer_no

04:06:02      UID       PID  minflt/s  majflt/s     VSZ     RSS   %MEM  Command
04:06:03        0     46383      4.00      0.00 1559404   57012   0.37  cartographer_no

04:06:03      UID       PID    %usr %system  %guest   %wait    %CPU   CPU  Command
04:06:04        0     46383   12.00    0.00    0.00    0.00   12.00     0  cartographer_no

04:06:03      UID       PID  minflt/s  majflt/s     VSZ     RSS   %MEM  Command
04:06:04        0     46383      0.00      0.00 1559404   57012   0.37  cartographer_no

04:06:04      UID       PID    %usr %system  %guest   %wait    %CPU   CPU  Command
04:06:05        0     46383   15.00    1.00    0.00    0.00   16.00     3  cartographer_no

04:06:04      UID       PID  minflt/s  majflt/s     VSZ     RSS   %MEM  Command
04:06:05        0     46383      0.00      0.00 1559404   57012   0.37  cartographer_no

04:06:05      UID       PID    %usr %system  %guest   %wait    %CPU   CPU  Command
04:06:06        0     46383   12.00    0.00    0.00    0.00   12.00     8  cartographer_no

04:06:05      UID       PID  minflt/s  majflt/s     VSZ     RSS   %MEM  Command
04:06:06        0     46383     43.00      0.00 1559404   57140   0.37  cartographer_no

04:06:06      UID       PID    %usr %system  %guest   %wait    %CPU   CPU  Command
04:06:07        0     46383    9.00    0.00    0.00    0.00    9.00     8  cartographer_no

04:06:06      UID       PID  minflt/s  majflt/s     VSZ     RSS   %MEM  Command
04:06:07        0     46383      0.00      0.00 1559404   57140   0.37  cartographer_no

04:06:07      UID       PID    %usr %system  %guest   %wait    %CPU   CPU  Command
04:06:08        0     46383   12.00    1.00    0.00    0.00   13.00     2  cartographer_no

04:06:07      UID       PID  minflt/s  majflt/s     VSZ     RSS   %MEM  Command
04:06:08        0     46383      0.00      0.00 1559404   57140   0.37  cartographer_no

04:06:08      UID       PID    %usr %system  %guest   %wait    %CPU   CPU  Command
04:06:09        0     46383   13.00    1.00    0.00    1.00   14.00     9  cartographer_no

04:06:08      UID       PID  minflt/s  majflt/s     VSZ     RSS   %MEM  Command
04:06:09        0     46383      0.00      0.00 1559404   57140   0.37  cartographer_no

04:06:09      UID       PID    %usr %system  %guest   %wait    %CPU   CPU  Command
04:06:10        0     46383   13.00    0.00    0.00    0.00   13.00     0  cartographer_no

04:06:09      UID       PID  minflt/s  majflt/s     VSZ     RSS   %MEM  Command
04:06:10        0     46383      0.00      0.00 1559404   57140   0.37  cartographer_no

04:06:10      UID       PID    %usr %system  %guest   %wait    %CPU   CPU  Command
04:06:11        0     46383   16.00    0.00    0.00    0.00   16.00     2  cartographer_no

04:06:10      UID       PID  minflt/s  majflt/s     VSZ     RSS   %MEM  Command
04:06:11        0     46383      7.00      0.00 1559404   57140   0.37  cartographer_no

04:06:11      UID       PID    %usr %system  %guest   %wait    %CPU   CPU  Command
04:06:12        0     46383   14.00    0.00    0.00    0.00   14.00     8  cartographer_no

04:06:11      UID       PID  minflt/s  majflt/s     VSZ     RSS   %MEM  Command
04:06:12        0     46383      0.00      0.00 1559404   57140   0.37  cartographer_no

04:06:12      UID       PID    %usr %system  %guest   %wait    %CPU   CPU  Command
04:06:13        0     46383   11.00    1.00    0.00    0.00   12.00     3  cartographer_no

04:06:12      UID       PID  minflt/s  majflt/s     VSZ     RSS   %MEM  Command
04:06:13        0     46383      0.00      0.00 1559404   57140   0.37  cartographer_no

04:06:13      UID       PID    %usr %system  %guest   %wait    %CPU   CPU  Command
04:06:14        0     46383   17.00    0.00    0.00    0.00   17.00     6  cartographer_no

04:06:13      UID       PID  minflt/s  majflt/s     VSZ     RSS   %MEM  Command
04:06:14        0     46383      1.00      0.00 1559404   57140   0.37  cartographer_no

04:06:14      UID       PID    %usr %system  %guest   %wait    %CPU   CPU  Command
04:06:15        0     46383   16.00    0.00    0.00    0.00   16.00     4  cartographer_no

04:06:14      UID       PID  minflt/s  majflt/s     VSZ     RSS   %MEM  Command
04:06:15        0     46383      0.00      0.00 1559404   57140   0.37  cartographer_no

04:06:15      UID       PID    %usr %system  %guest   %wait    %CPU   CPU  Command
04:06:16        0     46383   16.00    0.00    0.00    0.00   16.00    10  cartographer_no

04:06:15      UID       PID  minflt/s  majflt/s     VSZ     RSS   %MEM  Command
04:06:16        0     46383      1.00      0.00 1559404   57140   0.37  cartographer_no

04:06:16      UID       PID    %usr %system  %guest   %wait    %CPU   CPU  Command
04:06:17        0     46383   14.00    1.00    0.00    0.00   15.00     9  cartographer_no

04:06:16      UID       PID  minflt/s  majflt/s     VSZ     RSS   %MEM  Command
04:06:17        0     46383      0.00      0.00 1559404   57140   0.37  cartographer_no

04:06:17      UID       PID    %usr %system  %guest   %wait    %CPU   CPU  Command
04:06:18        0     46383   15.00    0.00    0.00    0.00   15.00     8  cartographer_no

04:06:17      UID       PID  minflt/s  majflt/s     VSZ     RSS   %MEM  Command
04:06:18        0     46383      0.00      0.00 1559404   57140   0.37  cartographer_no

04:06:18      UID       PID    %usr %system  %guest   %wait    %CPU   CPU  Command
04:06:19        0     46383   14.00    0.00    0.00    0.00   14.00     2  cartographer_no

04:06:18      UID       PID  minflt/s  majflt/s     VSZ     RSS   %MEM  Command
04:06:19        0     46383      0.00      0.00 1559404   57140   0.37  cartographer_no

04:06:19      UID       PID    %usr %system  %guest   %wait    %CPU   CPU  Command
04:06:20        0     46383   15.00    1.00    0.00    0.00   16.00     6  cartographer_no

04:06:19      UID       PID  minflt/s  majflt/s     VSZ     RSS   %MEM  Command
04:06:20        0     46383      5.00      0.00 1559404   57140   0.37  cartographer_no

04:06:20      UID       PID    %usr %system  %guest   %wait    %CPU   CPU  Command
04:06:21        0     46383   16.00    1.00    0.00    0.00   17.00     2  cartographer_no

04:06:20      UID       PID  minflt/s  majflt/s     VSZ     RSS   %MEM  Command
04:06:21        0     46383      0.00      0.00 1559404   57140   0.37  cartographer_no

04:06:21      UID       PID    %usr %system  %guest   %wait    %CPU   CPU  Command
04:06:22        0     46383   15.00    0.00    0.00    0.00   15.00     2  cartographer_no

04:06:21      UID       PID  minflt/s  majflt/s     VSZ     RSS   %MEM  Command
04:06:22        0     46383      0.00      0.00 1559404   57140   0.37  cartographer_no

04:06:22      UID       PID    %usr %system  %guest   %wait    %CPU   CPU  Command
04:06:23        0     46383   16.00    1.00    0.00    0.00   17.00    13  cartographer_no

04:06:22      UID       PID  minflt/s  majflt/s     VSZ     RSS   %MEM  Command
04:06:23        0     46383     12.00      0.00 1559404   57268   0.37  cartographer_no

04:06:23      UID       PID    %usr %system  %guest   %wait    %CPU   CPU  Command
04:06:24        0     46383   16.00    1.00    0.00    0.00   17.00     6  cartographer_no

04:06:23      UID       PID  minflt/s  majflt/s     VSZ     RSS   %MEM  Command
04:06:24        0     46383      0.00      0.00 1559404   57268   0.37  cartographer_no

04:06:24      UID       PID    %usr %system  %guest   %wait    %CPU   CPU  Command
04:06:25        0     46383   15.00    0.00    0.00    0.00   15.00    14  cartographer_no

04:06:24      UID       PID  minflt/s  majflt/s     VSZ     RSS   %MEM  Command
04:06:25        0     46383      0.00      0.00 1559404   57268   0.37  cartographer_no

04:06:25      UID       PID    %usr %system  %guest   %wait    %CPU   CPU  Command
04:06:26        0     46383   15.00    1.00    0.00    0.00   16.00     2  cartographer_no

04:06:25      UID       PID  minflt/s  majflt/s     VSZ     RSS   %MEM  Command
04:06:26        0     46383      6.00      0.00 1559404   57268   0.37  cartographer_no

04:06:26      UID       PID    %usr %system  %guest   %wait    %CPU   CPU  Command
04:06:27        0     46383   17.00    0.00    0.00    0.00   17.00     2  cartographer_no

04:06:26      UID       PID  minflt/s  majflt/s     VSZ     RSS   %MEM  Command
04:06:27        0     46383      0.00      0.00 1559404   57268   0.37  cartographer_no

04:06:27      UID       PID    %usr %system  %guest   %wait    %CPU   CPU  Command
04:06:28        0     46383   14.00    1.00    0.00    0.00   15.00    10  cartographer_no

04:06:27      UID       PID  minflt/s  majflt/s     VSZ     RSS   %MEM  Command
04:06:28        0     46383      0.00      0.00 1559404   57268   0.37  cartographer_no

04:06:28      UID       PID    %usr %system  %guest   %wait    %CPU   CPU  Command
04:06:29        0     46383   16.00    1.00    0.00    0.00   17.00     6  cartographer_no

04:06:28      UID       PID  minflt/s  majflt/s     VSZ     RSS   %MEM  Command
04:06:29        0     46383      0.00      0.00 1559404   57268   0.37  cartographer_no

04:06:29      UID       PID    %usr %system  %guest   %wait    %CPU   CPU  Command
04:06:30        0     46383   15.00    1.00    0.00    0.00   16.00     7  cartographer_no

04:06:29      UID       PID  minflt/s  majflt/s     VSZ     RSS   %MEM  Command
04:06:30        0     46383      1.00      0.00 1559404   57268   0.37  cartographer_no

04:06:30      UID       PID    %usr %system  %guest   %wait    %CPU   CPU  Command
04:06:31        0     46383   14.00    0.00    0.00    0.00   14.00     3  cartographer_no

04:06:30      UID       PID  minflt/s  majflt/s     VSZ     RSS   %MEM  Command
04:06:31        0     46383      0.00      0.00 1559404   57268   0.37  cartographer_no

04:06:31      UID       PID    %usr %system  %guest   %wait    %CPU   CPU  Command
04:06:32        0     46383   16.00    1.00    0.00    0.00   17.00     6  cartographer_no

04:06:31      UID       PID  minflt/s  majflt/s     VSZ     RSS   %MEM  Command
04:06:32        0     46383      5.00      0.00 1559404   57268   0.37  cartographer_no

04:06:32      UID       PID    %usr %system  %guest   %wait    %CPU   CPU  Command
04:06:33        0     46383   15.00    1.00    0.00    0.00   16.00     8  cartographer_no

04:06:32      UID       PID  minflt/s  majflt/s     VSZ     RSS   %MEM  Command
04:06:33        0     46383      0.00      0.00 1559404   57268   0.37  cartographer_no

04:06:33      UID       PID    %usr %system  %guest   %wait    %CPU   CPU  Command
04:06:34        0     46383   15.00    1.00    0.00    0.00   16.00     3  cartographer_no

04:06:33      UID       PID  minflt/s  majflt/s     VSZ     RSS   %MEM  Command
04:06:34        0     46383      4.00      0.00 1559404   57396   0.37  cartographer_no

04:06:34      UID       PID    %usr %system  %guest   %wait    %CPU   CPU  Command
04:06:35        0     46383   15.00    0.00    0.00    0.00   15.00     6  cartographer_no

04:06:34      UID       PID  minflt/s  majflt/s     VSZ     RSS   %MEM  Command
04:06:35        0     46383      6.00      0.00 1559404   57396   0.37  cartographer_no

04:06:35      UID       PID    %usr %system  %guest   %wait    %CPU   CPU  Command
04:06:36        0     46383   14.00    1.00    0.00    0.00   15.00     3  cartographer_no

04:06:35      UID       PID  minflt/s  majflt/s     VSZ     RSS   %MEM  Command
04:06:36        0     46383      0.00      0.00 1559404   57396   0.37  cartographer_no

04:06:36      UID       PID    %usr %system  %guest   %wait    %CPU   CPU  Command
04:06:37        0     46383   54.00    1.00    0.00    0.00   55.00     8  cartographer_no

04:06:36      UID       PID  minflt/s  majflt/s     VSZ     RSS   %MEM  Command
04:06:37        0     46383    454.00      0.00 1559468   59188   0.38  cartographer_no

04:06:37      UID       PID    %usr %system  %guest   %wait    %CPU   CPU  Command
04:06:38        0     46383   18.00    1.00    0.00    0.00   19.00     7  cartographer_no

04:06:37      UID       PID  minflt/s  majflt/s     VSZ     RSS   %MEM  Command
04:06:38        0     46383    160.00      0.00 1559468   59700   0.38  cartographer_no

04:06:38      UID       PID    %usr %system  %guest   %wait    %CPU   CPU  Command
04:06:39        0     46383   13.00    0.00    0.00    0.00   13.00     7  cartographer_no

04:06:38      UID       PID  minflt/s  majflt/s     VSZ     RSS   %MEM  Command
04:06:39        0     46383      0.00      0.00 1559468   59700   0.38  cartographer_no

04:06:39      UID       PID    %usr %system  %guest   %wait    %CPU   CPU  Command
04:06:40        0     46383   12.00    1.00    0.00    0.00   13.00     2  cartographer_no

04:06:39      UID       PID  minflt/s  majflt/s     VSZ     RSS   %MEM  Command
04:06:40        0     46383      0.00      0.00 1559468   59700   0.38  cartographer_no

04:06:40      UID       PID    %usr %system  %guest   %wait    %CPU   CPU  Command
04:06:41        0     46383   11.00    0.00    0.00    0.00   11.00     6  cartographer_no

04:06:40      UID       PID  minflt/s  majflt/s     VSZ     RSS   %MEM  Command
04:06:41        0     46383      0.00      0.00 1559468   59700   0.38  cartographer_no

04:06:41      UID       PID    %usr %system  %guest   %wait    %CPU   CPU  Command
04:06:42        0     46383   12.00    1.00    0.00    0.00   13.00     6  cartographer_no

04:06:41      UID       PID  minflt/s  majflt/s     VSZ     RSS   %MEM  Command
04:06:42        0     46383      0.00      0.00 1559468   59700   0.38  cartographer_no

04:06:42      UID       PID    %usr %system  %guest   %wait    %CPU   CPU  Command
04:06:43        0     46383   12.00    0.00    0.00    0.00   12.00     6  cartographer_no

04:06:42      UID       PID  minflt/s  majflt/s     VSZ     RSS   %MEM  Command
04:06:43        0     46383      0.00      0.00 1559468   59700   0.38  cartographer_no

04:06:43      UID       PID    %usr %system  %guest   %wait    %CPU   CPU  Command
04:06:44        0     46383   12.00    1.00    0.00    1.00   13.00     2  cartographer_no

04:06:43      UID       PID  minflt/s  majflt/s     VSZ     RSS   %MEM  Command
04:06:44        0     46383      0.00      0.00 1559468   59700   0.38  cartographer_no

04:06:44      UID       PID    %usr %system  %guest   %wait    %CPU   CPU  Command
04:06:45        0     46383   11.00    0.00    0.00    0.00   11.00     8  cartographer_no

04:06:44      UID       PID  minflt/s  majflt/s     VSZ     RSS   %MEM  Command
04:06:45        0     46383      0.00      0.00 1559468   59700   0.38  cartographer_no

04:06:45      UID       PID    %usr %system  %guest   %wait    %CPU   CPU  Command
04:06:46        0     46383   12.00    1.00    0.00    0.00   13.00     2  cartographer_no

04:06:45      UID       PID  minflt/s  majflt/s     VSZ     RSS   %MEM  Command
04:06:46        0     46383      0.00      0.00 1559468   59700   0.38  cartographer_no

04:06:46      UID       PID    %usr %system  %guest   %wait    %CPU   CPU  Command
04:06:47        0     46383   11.00    0.00    0.00    0.00   11.00     3  cartographer_no

04:06:46      UID       PID  minflt/s  majflt/s     VSZ     RSS   %MEM  Command
04:06:47        0     46383      0.00      0.00 1559468   59700   0.38  cartographer_no

04:06:47      UID       PID    %usr %system  %guest   %wait    %CPU   CPU  Command
04:06:48        0     46383   12.00    0.00    0.00    0.00   12.00     6  cartographer_no

04:06:47      UID       PID  minflt/s  majflt/s     VSZ     RSS   %MEM  Command
04:06:48        0     46383      0.00      0.00 1559468   59700   0.38  cartographer_no

04:06:48      UID       PID    %usr %system  %guest   %wait    %CPU   CPU  Command
04:06:49        0     46383   15.00    1.00    0.00    0.00   16.00     6  cartographer_no

04:06:48      UID       PID  minflt/s  majflt/s     VSZ     RSS   %MEM  Command
04:06:49        0     46383      0.00      0.00 1559468   59700   0.38  cartographer_no

04:06:49      UID       PID    %usr %system  %guest   %wait    %CPU   CPU  Command
04:06:50        0     46383   17.00    0.00    0.00    0.00   17.00     2  cartographer_no

04:06:49      UID       PID  minflt/s  majflt/s     VSZ     RSS   %MEM  Command
04:06:50        0     46383      0.00      0.00 1559468   59700   0.38  cartographer_no

04:06:50      UID       PID    %usr %system  %guest   %wait    %CPU   CPU  Command
04:06:51        0     46383   15.00    1.00    0.00    0.00   16.00     7  cartographer_no

04:06:50      UID       PID  minflt/s  majflt/s     VSZ     RSS   %MEM  Command
04:06:51        0     46383      0.00      0.00 1559468   59700   0.38  cartographer_no

04:06:51      UID       PID    %usr %system  %guest   %wait    %CPU   CPU  Command
04:06:52        0     46383   13.00    0.00    0.00    0.00   13.00     0  cartographer_no

04:06:51      UID       PID  minflt/s  majflt/s     VSZ     RSS   %MEM  Command
04:06:52        0     46383      0.00      0.00 1559468   59700   0.38  cartographer_no

04:06:52      UID       PID    %usr %system  %guest   %wait    %CPU   CPU  Command
04:06:53        0     46383   15.00    1.00    0.00    0.00   16.00     8  cartographer_no

04:06:52      UID       PID  minflt/s  majflt/s     VSZ     RSS   %MEM  Command
04:06:53        0     46383      0.00      0.00 1559468   59700   0.38  cartographer_no

04:06:53      UID       PID    %usr %system  %guest   %wait    %CPU   CPU  Command
04:06:54        0     46383   12.00    1.00    0.00    0.00   13.00    10  cartographer_no

04:06:53      UID       PID  minflt/s  majflt/s     VSZ     RSS   %MEM  Command
04:06:54        0     46383      0.00      0.00 1559468   59700   0.38  cartographer_no

04:06:54      UID       PID    %usr %system  %guest   %wait    %CPU   CPU  Command
04:06:55        0     46383   11.00    1.00    0.00    0.00   12.00     2  cartographer_no

04:06:54      UID       PID  minflt/s  majflt/s     VSZ     RSS   %MEM  Command
04:06:55        0     46383      0.00      0.00 1559468   59700   0.38  cartographer_no

04:06:55      UID       PID    %usr %system  %guest   %wait    %CPU   CPU  Command
04:06:56        0     46383   12.00    1.00    0.00    0.00   13.00     6  cartographer_no

04:06:55      UID       PID  minflt/s  majflt/s     VSZ     RSS   %MEM  Command
04:06:56        0     46383      0.00      0.00 1559468   59700   0.38  cartographer_no

04:06:56      UID       PID    %usr %system  %guest   %wait    %CPU   CPU  Command
04:06:57        0     46383   11.00    1.00    0.00    0.00   12.00     8  cartographer_no

04:06:56      UID       PID  minflt/s  majflt/s     VSZ     RSS   %MEM  Command
04:06:57        0     46383      0.00      0.00 1559468   59700   0.38  cartographer_no

04:06:57      UID       PID    %usr %system  %guest   %wait    %CPU   CPU  Command
04:06:58        0     46383   12.00    0.00    0.00    0.00   12.00     8  cartographer_no

04:06:57      UID       PID  minflt/s  majflt/s     VSZ     RSS   %MEM  Command
04:06:58        0     46383      0.00      0.00 1559468   59700   0.38  cartographer_no

04:06:58      UID       PID    %usr %system  %guest   %wait    %CPU   CPU  Command
04:06:59        0     46383   13.00    1.00    0.00    0.00   14.00     3  cartographer_no

04:06:58      UID       PID  minflt/s  majflt/s     VSZ     RSS   %MEM  Command
04:06:59        0     46383      0.00      0.00 1559468   59700   0.38  cartographer_no

04:06:59      UID       PID    %usr %system  %guest   %wait    %CPU   CPU  Command
04:07:00        0     46383   12.00    0.00    0.00    0.00   12.00     2  cartographer_no

04:06:59      UID       PID  minflt/s  majflt/s     VSZ     RSS   %MEM  Command
04:07:00        0     46383      0.00      0.00 1559468   59700   0.38  cartographer_no

04:07:00      UID       PID    %usr %system  %guest   %wait    %CPU   CPU  Command
04:07:01        0     46383   12.00    0.00    0.00    0.00   12.00     6  cartographer_no

04:07:00      UID       PID  minflt/s  majflt/s     VSZ     RSS   %MEM  Command
04:07:01        0     46383      0.00      0.00 1559468   59700   0.38  cartographer_no

04:07:01      UID       PID    %usr %system  %guest   %wait    %CPU   CPU  Command
04:07:02        0     46383   12.00    0.00    0.00    0.00   12.00     8  cartographer_no

04:07:01      UID       PID  minflt/s  majflt/s     VSZ     RSS   %MEM  Command
04:07:02        0     46383      0.00      0.00 1559468   59700   0.38  cartographer_no

04:07:02      UID       PID    %usr %system  %guest   %wait    %CPU   CPU  Command
04:07:03        0     46383   14.00    1.00    0.00    0.00   15.00     2  cartographer_no

04:07:02      UID       PID  minflt/s  majflt/s     VSZ     RSS   %MEM  Command
04:07:03        0     46383      0.00      0.00 1559468   59700   0.38  cartographer_no

04:07:03      UID       PID    %usr %system  %guest   %wait    %CPU   CPU  Command
04:07:04        0     46383   10.00    0.00    0.00    0.00   10.00     2  cartographer_no

04:07:03      UID       PID  minflt/s  majflt/s     VSZ     RSS   %MEM  Command
04:07:04        0     46383      0.00      0.00 1559468   59700   0.38  cartographer_no

04:07:04      UID       PID    %usr %system  %guest   %wait    %CPU   CPU  Command
04:07:05        0     46383   10.00    0.00    0.00    0.00   10.00     8  cartographer_no

04:07:04      UID       PID  minflt/s  majflt/s     VSZ     RSS   %MEM  Command
04:07:05        0     46383      0.00      0.00 1559468   59700   0.38  cartographer_no

04:07:05      UID       PID    %usr %system  %guest   %wait    %CPU   CPU  Command
04:07:06        0     46383   11.00    0.00    0.00    1.00   11.00     6  cartographer_no

04:07:05      UID       PID  minflt/s  majflt/s     VSZ     RSS   %MEM  Command
04:07:06        0     46383      0.00      0.00 1559468   59700   0.38  cartographer_no

04:07:06      UID       PID    %usr %system  %guest   %wait    %CPU   CPU  Command
04:07:07        0     46383   11.00    0.00    0.00    0.00   11.00     8  cartographer_no

04:07:06      UID       PID  minflt/s  majflt/s     VSZ     RSS   %MEM  Command
04:07:07        0     46383      0.00      0.00 1559468   59700   0.38  cartographer_no

04:07:07      UID       PID    %usr %system  %guest   %wait    %CPU   CPU  Command
04:07:08        0     46383   11.00    1.00    0.00    0.00   12.00     4  cartographer_no

04:07:07      UID       PID  minflt/s  majflt/s     VSZ     RSS   %MEM  Command
04:07:08        0     46383      0.00      0.00 1559468   59700   0.38  cartographer_no

04:07:08      UID       PID    %usr %system  %guest   %wait    %CPU   CPU  Command
04:07:09        0     46383   10.00    0.00    0.00    0.00   10.00     4  cartographer_no

04:07:08      UID       PID  minflt/s  majflt/s     VSZ     RSS   %MEM  Command
04:07:09        0     46383      0.00      0.00 1559468   59700   0.38  cartographer_no

04:07:09      UID       PID    %usr %system  %guest   %wait    %CPU   CPU  Command
04:07:10        0     46383    9.00    2.00    0.00    0.00   11.00     2  cartographer_no

04:07:09      UID       PID  minflt/s  majflt/s     VSZ     RSS   %MEM  Command
04:07:10        0     46383      0.00      0.00 1559468   59700   0.38  cartographer_no

04:07:10      UID       PID    %usr %system  %guest   %wait    %CPU   CPU  Command
04:07:11        0     46383   10.00    1.00    0.00    0.00   11.00     2  cartographer_no

04:07:10      UID       PID  minflt/s  majflt/s     VSZ     RSS   %MEM  Command
04:07:11        0     46383      0.00      0.00 1559468   59700   0.38  cartographer_no

04:07:11      UID       PID    %usr %system  %guest   %wait    %CPU   CPU  Command
04:07:12        0     46383    9.00    0.00    0.00    0.00    9.00    10  cartographer_no

04:07:11      UID       PID  minflt/s  majflt/s     VSZ     RSS   %MEM  Command
04:07:12        0     46383      0.00      0.00 1559468   59700   0.38  cartographer_no

04:07:12      UID       PID    %usr %system  %guest   %wait    %CPU   CPU  Command
04:07:13        0     46383   11.00    1.00    0.00    0.00   12.00     3  cartographer_no

04:07:12      UID       PID  minflt/s  majflt/s     VSZ     RSS   %MEM  Command
04:07:13        0     46383      0.00      0.00 1559468   59700   0.38  cartographer_no

04:07:13      UID       PID    %usr %system  %guest   %wait    %CPU   CPU  Command
04:07:14        0     46383    9.00    1.00    0.00    0.00   10.00     3  cartographer_no

04:07:13      UID       PID  minflt/s  majflt/s     VSZ     RSS   %MEM  Command
04:07:14        0     46383      0.00      0.00 1559468   59700   0.38  cartographer_no

04:07:14      UID       PID    %usr %system  %guest   %wait    %CPU   CPU  Command
04:07:15        0     46383   11.00    1.00    0.00    0.00   12.00     2  cartographer_no

04:07:14      UID       PID  minflt/s  majflt/s     VSZ     RSS   %MEM  Command
04:07:15        0     46383      0.00      0.00 1559468   59700   0.38  cartographer_no

04:07:15      UID       PID    %usr %system  %guest   %wait    %CPU   CPU  Command
04:07:16        0     46383   10.00    0.00    0.00    0.00   10.00    10  cartographer_no

04:07:15      UID       PID  minflt/s  majflt/s     VSZ     RSS   %MEM  Command
04:07:16        0     46383      0.00      0.00 1559468   59700   0.38  cartographer_no

04:07:16      UID       PID    %usr %system  %guest   %wait    %CPU   CPU  Command
04:07:17        0     46383   13.00    1.00    0.00    0.00   14.00     4  cartographer_no

04:07:16      UID       PID  minflt/s  majflt/s     VSZ     RSS   %MEM  Command
04:07:17        0     46383      0.00      0.00 1559468   59700   0.38  cartographer_no

04:07:17      UID       PID    %usr %system  %guest   %wait    %CPU   CPU  Command
04:07:18        0     46383   13.86    0.99    0.00    0.00   14.85    12  cartographer_no

04:07:17      UID       PID  minflt/s  majflt/s     VSZ     RSS   %MEM  Command
04:07:18        0     46383      0.00      0.00 1559468   59700   0.38  cartographer_no

04:07:18      UID       PID    %usr %system  %guest   %wait    %CPU   CPU  Command
04:07:19        0     46383   13.00    1.00    0.00    0.00   14.00     3  cartographer_no

04:07:18      UID       PID  minflt/s  majflt/s     VSZ     RSS   %MEM  Command
04:07:19        0     46383      0.00      0.00 1559468   59700   0.38  cartographer_no

04:07:19      UID       PID    %usr %system  %guest   %wait    %CPU   CPU  Command
04:07:20        0     46383   15.00    0.00    0.00    0.00   15.00     3  cartographer_no

04:07:19      UID       PID  minflt/s  majflt/s     VSZ     RSS   %MEM  Command
04:07:20        0     46383      0.00      0.00 1559468   59700   0.38  cartographer_no

04:07:20      UID       PID    %usr %system  %guest   %wait    %CPU   CPU  Command
04:07:21        0     46383   10.00    1.00    0.00    0.00   11.00     3  cartographer_no

04:07:20      UID       PID  minflt/s  majflt/s     VSZ     RSS   %MEM  Command
04:07:21        0     46383      0.00      0.00 1559468   59700   0.38  cartographer_no

04:07:21      UID       PID    %usr %system  %guest   %wait    %CPU   CPU  Command
04:07:22        0     46383   13.00    0.00    0.00    0.00   13.00     2  cartographer_no

04:07:21      UID       PID  minflt/s  majflt/s     VSZ     RSS   %MEM  Command
04:07:22        0     46383      0.00      0.00 1559468   59700   0.38  cartographer_no

04:07:22      UID       PID    %usr %system  %guest   %wait    %CPU   CPU  Command
04:07:23        0     46383   12.00    1.00    0.00    0.00   13.00    10  cartographer_no

04:07:22      UID       PID  minflt/s  majflt/s     VSZ     RSS   %MEM  Command
04:07:23        0     46383      0.00      0.00 1559468   59700   0.38  cartographer_no

04:07:23      UID       PID    %usr %system  %guest   %wait    %CPU   CPU  Command
04:07:24        0     46383   10.00    1.00    0.00    0.00   11.00     8  cartographer_no

04:07:23      UID       PID  minflt/s  majflt/s     VSZ     RSS   %MEM  Command
04:07:24        0     46383      0.00      0.00 1559468   59700   0.38  cartographer_no

04:07:24      UID       PID    %usr %system  %guest   %wait    %CPU   CPU  Command
04:07:25        0     46383   11.00    0.00    0.00    0.00   11.00     0  cartographer_no

04:07:24      UID       PID  minflt/s  majflt/s     VSZ     RSS   %MEM  Command
04:07:25        0     46383      0.00      0.00 1559468   59700   0.38  cartographer_no

04:07:25      UID       PID    %usr %system  %guest   %wait    %CPU   CPU  Command
04:07:26        0     46383   13.00    1.00    0.00    0.00   14.00     7  cartographer_no

04:07:25      UID       PID  minflt/s  majflt/s     VSZ     RSS   %MEM  Command
04:07:26        0     46383      0.00      0.00 1559468   59700   0.38  cartographer_no

04:07:26      UID       PID    %usr %system  %guest   %wait    %CPU   CPU  Command
04:07:27        0     46383   12.00    0.00    0.00    0.00   12.00    10  cartographer_no

04:07:26      UID       PID  minflt/s  majflt/s     VSZ     RSS   %MEM  Command
04:07:27        0     46383      0.00      0.00 1559468   59700   0.38  cartographer_no

04:07:27      UID       PID    %usr %system  %guest   %wait    %CPU   CPU  Command
04:07:28        0     46383   81.00    0.00    0.00    0.00   81.00     6  cartographer_no

04:07:27      UID       PID  minflt/s  majflt/s     VSZ     RSS   %MEM  Command
04:07:28        0     46383    462.00      0.00 1559468   61364   0.39  cartographer_no

04:07:28      UID       PID    %usr %system  %guest   %wait    %CPU   CPU  Command
04:07:29        0     46383   12.00    1.00    0.00    0.00   13.00     0  cartographer_no

04:07:28      UID       PID  minflt/s  majflt/s     VSZ     RSS   %MEM  Command
04:07:29        0     46383    260.00      0.00 1559468   62380   0.40  cartographer_no

04:07:29      UID       PID    %usr %system  %guest   %wait    %CPU   CPU  Command
04:07:30        0     46383   12.00    0.00    0.00    0.00   12.00     3  cartographer_no

04:07:29      UID       PID  minflt/s  majflt/s     VSZ     RSS   %MEM  Command
04:07:30        0     46383      0.00      0.00 1559468   62380   0.40  cartographer_no

04:07:30      UID       PID    %usr %system  %guest   %wait    %CPU   CPU  Command
04:07:31        0     46383    9.00    1.00    0.00    0.00   10.00     3  cartographer_no

04:07:30      UID       PID  minflt/s  majflt/s     VSZ     RSS   %MEM  Command
04:07:31        0     46383      0.00      0.00 1559468   62380   0.40  cartographer_no

04:07:31      UID       PID    %usr %system  %guest   %wait    %CPU   CPU  Command
04:07:32        0     46383   10.00    0.00    0.00    0.00   10.00     6  cartographer_no

04:07:31      UID       PID  minflt/s  majflt/s     VSZ     RSS   %MEM  Command
04:07:32        0     46383      0.00      0.00 1559468   62380   0.40  cartographer_no

04:07:32      UID       PID    %usr %system  %guest   %wait    %CPU   CPU  Command
04:07:33        0     46383    8.00    1.00    0.00    0.00    9.00     8  cartographer_no

04:07:32      UID       PID  minflt/s  majflt/s     VSZ     RSS   %MEM  Command
04:07:33        0     46383      0.00      0.00 1559468   62380   0.40  cartographer_no

04:07:33      UID       PID    %usr %system  %guest   %wait    %CPU   CPU  Command
04:07:34        0     46383   11.00    0.00    0.00    0.00   11.00     6  cartographer_no

04:07:33      UID       PID  minflt/s  majflt/s     VSZ     RSS   %MEM  Command
04:07:34        0     46383      0.00      0.00 1559468   62380   0.40  cartographer_no

04:07:34      UID       PID    %usr %system  %guest   %wait    %CPU   CPU  Command
04:07:35        0     46383   12.00    0.00    0.00    0.00   12.00     6  cartographer_no

04:07:34      UID       PID  minflt/s  majflt/s     VSZ     RSS   %MEM  Command
04:07:35        0     46383      0.00      0.00 1559468   62380   0.40  cartographer_no

04:07:35      UID       PID    %usr %system  %guest   %wait    %CPU   CPU  Command
04:07:36        0     46383   12.00    1.00    0.00    0.00   13.00     3  cartographer_no

04:07:35      UID       PID  minflt/s  majflt/s     VSZ     RSS   %MEM  Command
04:07:36        0     46383      0.00      0.00 1559468   62380   0.40  cartographer_no

04:07:36      UID       PID    %usr %system  %guest   %wait    %CPU   CPU  Command
04:07:37        0     46383    9.00    0.00    0.00    0.00    9.00     3  cartographer_no

04:07:36      UID       PID  minflt/s  majflt/s     VSZ     RSS   %MEM  Command
04:07:37        0     46383      0.00      0.00 1559468   62380   0.40  cartographer_no

04:07:37      UID       PID    %usr %system  %guest   %wait    %CPU   CPU  Command
04:07:38        0     46383   10.00    1.00    0.00    0.00   11.00     0  cartographer_no

04:07:37      UID       PID  minflt/s  majflt/s     VSZ     RSS   %MEM  Command
04:07:38        0     46383      0.00      0.00 1559468   62380   0.40  cartographer_no

04:07:38      UID       PID    %usr %system  %guest   %wait    %CPU   CPU  Command
04:07:39        0     46383    9.00    0.00    0.00    0.00    9.00     3  cartographer_no

04:07:38      UID       PID  minflt/s  majflt/s     VSZ     RSS   %MEM  Command
04:07:39        0     46383      0.00      0.00 1559468   62380   0.40  cartographer_no

04:07:39      UID       PID    %usr %system  %guest   %wait    %CPU   CPU  Command
04:07:40        0     46383   11.00    1.00    0.00    0.00   12.00     3  cartographer_no

04:07:39      UID       PID  minflt/s  majflt/s     VSZ     RSS   %MEM  Command
04:07:40        0     46383      0.00      0.00 1559468   62380   0.40  cartographer_no

04:07:40      UID       PID    %usr %system  %guest   %wait    %CPU   CPU  Command
04:07:41        0     46383   12.00    0.00    0.00    0.00   12.00     0  cartographer_no

04:07:40      UID       PID  minflt/s  majflt/s     VSZ     RSS   %MEM  Command
04:07:41        0     46383      0.00      0.00 1559468   62380   0.40  cartographer_no

04:07:41      UID       PID    %usr %system  %guest   %wait    %CPU   CPU  Command
04:07:42        0     46383    9.00    1.00    0.00    0.00   10.00    10  cartographer_no

04:07:41      UID       PID  minflt/s  majflt/s     VSZ     RSS   %MEM  Command
04:07:42        0     46383      0.00      0.00 1559468   62380   0.40  cartographer_no

04:07:42      UID       PID    %usr %system  %guest   %wait    %CPU   CPU  Command
04:07:43        0     46383   11.00    0.00    0.00    0.00   11.00     6  cartographer_no

04:07:42      UID       PID  minflt/s  majflt/s     VSZ     RSS   %MEM  Command
04:07:43        0     46383      0.00      0.00 1559468   62380   0.40  cartographer_no

04:07:43      UID       PID    %usr %system  %guest   %wait    %CPU   CPU  Command
04:07:44        0     46383    9.00    1.00    0.00    0.00   10.00     0  cartographer_no

04:07:43      UID       PID  minflt/s  majflt/s     VSZ     RSS   %MEM  Command
04:07:44        0     46383      0.00      0.00 1559468   62380   0.40  cartographer_no

04:07:44      UID       PID    %usr %system  %guest   %wait    %CPU   CPU  Command
04:07:45        0     46383    9.00    0.00    0.00    0.00    9.00     4  cartographer_no

04:07:44      UID       PID  minflt/s  majflt/s     VSZ     RSS   %MEM  Command
04:07:45        0     46383      0.00      0.00 1559468   62380   0.40  cartographer_no

04:07:45      UID       PID    %usr %system  %guest   %wait    %CPU   CPU  Command
04:07:46        0     46383   11.00    1.00    0.00    0.00   12.00     6  cartographer_no

04:07:45      UID       PID  minflt/s  majflt/s     VSZ     RSS   %MEM  Command
04:07:46        0     46383      0.00      0.00 1559468   62380   0.40  cartographer_no

04:07:46      UID       PID    %usr %system  %guest   %wait    %CPU   CPU  Command
04:07:47        0     46383   12.00    1.00    0.00    0.00   13.00    10  cartographer_no

04:07:46      UID       PID  minflt/s  majflt/s     VSZ     RSS   %MEM  Command
04:07:47        0     46383      0.00      0.00 1559468   62380   0.40  cartographer_no

04:07:47      UID       PID    %usr %system  %guest   %wait    %CPU   CPU  Command
04:07:48        0     46383   12.00    1.00    0.00    0.00   13.00     6  cartographer_no

04:07:47      UID       PID  minflt/s  majflt/s     VSZ     RSS   %MEM  Command
04:07:48        0     46383      0.00      0.00 1559468   62380   0.40  cartographer_no

04:07:48      UID       PID    %usr %system  %guest   %wait    %CPU   CPU  Command
04:07:49        0     46383   13.00    1.00    0.00    0.00   14.00     2  cartographer_no

04:07:48      UID       PID  minflt/s  majflt/s     VSZ     RSS   %MEM  Command
04:07:49        0     46383      0.00      0.00 1559468   62380   0.40  cartographer_no

04:07:49      UID       PID    %usr %system  %guest   %wait    %CPU   CPU  Command
04:07:50        0     46383   11.00    0.00    0.00    0.00   11.00     6  cartographer_no

04:07:49      UID       PID  minflt/s  majflt/s     VSZ     RSS   %MEM  Command
04:07:50        0     46383      0.00      0.00 1559468   62380   0.40  cartographer_no

04:07:50      UID       PID    %usr %system  %guest   %wait    %CPU   CPU  Command
04:07:51        0     46383   10.00    1.00    0.00    0.00   11.00     4  cartographer_no

04:07:50      UID       PID  minflt/s  majflt/s     VSZ     RSS   %MEM  Command
04:07:51        0     46383      0.00      0.00 1559468   62380   0.40  cartographer_no

04:07:51      UID       PID    %usr %system  %guest   %wait    %CPU   CPU  Command
04:07:52        0     46383   16.00    0.00    0.00    0.00   16.00     2  cartographer_no

04:07:51      UID       PID  minflt/s  majflt/s     VSZ     RSS   %MEM  Command
04:07:52        0     46383    108.00      0.00 1559900   62892   0.40  cartographer_no

04:07:52      UID       PID    %usr %system  %guest   %wait    %CPU   CPU  Command
04:07:53        0     46383   17.00    1.00    0.00    0.00   18.00     2  cartographer_no

04:07:52      UID       PID  minflt/s  majflt/s     VSZ     RSS   %MEM  Command
04:07:53        0     46383      0.00      0.00 1559900   62892   0.40  cartographer_no

04:07:53      UID       PID    %usr %system  %guest   %wait    %CPU   CPU  Command
04:07:54        0     46383   16.00    0.00    0.00    0.00   16.00     2  cartographer_no

04:07:53      UID       PID  minflt/s  majflt/s     VSZ     RSS   %MEM  Command
04:07:54        0     46383      0.00      0.00 1559900   62892   0.40  cartographer_no

04:07:54      UID       PID    %usr %system  %guest   %wait    %CPU   CPU  Command
04:07:55        0     46383   13.00    1.00    0.00    0.00   14.00     3  cartographer_no

04:07:54      UID       PID  minflt/s  majflt/s     VSZ     RSS   %MEM  Command
04:07:55        0     46383    313.00      0.00 1561152   64172   0.41  cartographer_no

04:07:55      UID       PID    %usr %system  %guest   %wait    %CPU   CPU  Command
04:07:56        0     46383   16.00    1.00    0.00    0.00   17.00     3  cartographer_no

04:07:55      UID       PID  minflt/s  majflt/s     VSZ     RSS   %MEM  Command
04:07:56        0     46383      0.00      0.00 1561152   64172   0.41  cartographer_no

04:07:56      UID       PID    %usr %system  %guest   %wait    %CPU   CPU  Command
04:07:57        0     46383   19.00    0.00    0.00    0.00   19.00     0  cartographer_no

04:07:56      UID       PID  minflt/s  majflt/s     VSZ     RSS   %MEM  Command
04:07:57        0     46383      0.00      0.00 1561152   64172   0.41  cartographer_no

04:07:57      UID       PID    %usr %system  %guest   %wait    %CPU   CPU  Command
04:07:58        0     46383   13.00    1.00    0.00    0.00   14.00     7  cartographer_no

04:07:57      UID       PID  minflt/s  majflt/s     VSZ     RSS   %MEM  Command
04:07:58        0     46383      0.00      0.00 1561152   64172   0.41  cartographer_no

04:07:58      UID       PID    %usr %system  %guest   %wait    %CPU   CPU  Command
04:07:59        0     46383   12.00    1.00    0.00    0.00   13.00     3  cartographer_no

04:07:58      UID       PID  minflt/s  majflt/s     VSZ     RSS   %MEM  Command
04:07:59        0     46383      0.00      0.00 1561152   64172   0.41  cartographer_no

04:07:59      UID       PID    %usr %system  %guest   %wait    %CPU   CPU  Command
04:08:00        0     46383   13.00    1.00    0.00    0.00   14.00     8  cartographer_no

04:07:59      UID       PID  minflt/s  majflt/s     VSZ     RSS   %MEM  Command
04:08:00        0     46383      0.00      0.00 1561152   64172   0.41  cartographer_no

04:08:00      UID       PID    %usr %system  %guest   %wait    %CPU   CPU  Command
04:08:01        0     46383   12.00    0.00    0.00    0.00   12.00     7  cartographer_no

04:08:00      UID       PID  minflt/s  majflt/s     VSZ     RSS   %MEM  Command
04:08:01        0     46383      0.00      0.00 1561152   64172   0.41  cartographer_no

04:08:01      UID       PID    %usr %system  %guest   %wait    %CPU   CPU  Command
04:08:02        0     46383   13.00    1.00    0.00    1.00   14.00     2  cartographer_no

04:08:01      UID       PID  minflt/s  majflt/s     VSZ     RSS   %MEM  Command
04:08:02        0     46383      0.00      0.00 1561152   64172   0.41  cartographer_no

04:08:02      UID       PID    %usr %system  %guest   %wait    %CPU   CPU  Command
04:08:03        0     46383   12.00    1.00    0.00    0.00   13.00     0  cartographer_no

04:08:02      UID       PID  minflt/s  majflt/s     VSZ     RSS   %MEM  Command
04:08:03        0     46383      0.00      0.00 1561152   64172   0.41  cartographer_no

04:08:03      UID       PID    %usr %system  %guest   %wait    %CPU   CPU  Command
04:08:04        0     46383   16.00    0.00    0.00    0.00   16.00     4  cartographer_no

04:08:03      UID       PID  minflt/s  majflt/s     VSZ     RSS   %MEM  Command
04:08:04        0     46383     55.00      0.00 1561152   64428   0.41  cartographer_no

04:08:04      UID       PID    %usr %system  %guest   %wait    %CPU   CPU  Command
04:08:05        0     46383   12.00    1.00    0.00    0.00   13.00     6  cartographer_no

04:08:04      UID       PID  minflt/s  majflt/s     VSZ     RSS   %MEM  Command
04:08:05        0     46383      0.00      0.00 1561152   64428   0.41  cartographer_no

04:08:05      UID       PID    %usr %system  %guest   %wait    %CPU   CPU  Command
04:08:06        0     46383   13.00    0.00    0.00    0.00   13.00     8  cartographer_no

04:08:05      UID       PID  minflt/s  majflt/s     VSZ     RSS   %MEM  Command
04:08:06        0     46383      0.00      0.00 1561152   64428   0.41  cartographer_no

04:08:06      UID       PID    %usr %system  %guest   %wait    %CPU   CPU  Command
04:08:07        0     46383   12.00    0.00    0.00    0.00   12.00     2  cartographer_no

04:08:06      UID       PID  minflt/s  majflt/s     VSZ     RSS   %MEM  Command
04:08:07        0     46383      0.00      0.00 1561152   64428   0.41  cartographer_no

04:08:07      UID       PID    %usr %system  %guest   %wait    %CPU   CPU  Command
04:08:08        0     46383   14.00    0.00    0.00    0.00   14.00     6  cartographer_no

04:08:07      UID       PID  minflt/s  majflt/s     VSZ     RSS   %MEM  Command
04:08:08        0     46383      0.00      0.00 1561152   64428   0.41  cartographer_no

04:08:08      UID       PID    %usr %system  %guest   %wait    %CPU   CPU  Command
04:08:09        0     46383   17.00    0.00    0.00    0.00   17.00     8  cartographer_no

04:08:08      UID       PID  minflt/s  majflt/s     VSZ     RSS   %MEM  Command
04:08:09        0     46383      7.00      0.00 1561152   64428   0.41  cartographer_no

04:08:09      UID       PID    %usr %system  %guest   %wait    %CPU   CPU  Command
04:08:10        0     46383   17.00    0.00    0.00    0.00   17.00     3  cartographer_no

04:08:09      UID       PID  minflt/s  majflt/s     VSZ     RSS   %MEM  Command
04:08:10        0     46383      3.00      0.00 1561152   64428   0.41  cartographer_no

04:08:10      UID       PID    %usr %system  %guest   %wait    %CPU   CPU  Command
04:08:11        0     46383   18.00    0.00    0.00    0.00   18.00     6  cartographer_no

04:08:10      UID       PID  minflt/s  majflt/s     VSZ     RSS   %MEM  Command
04:08:11        0     46383      4.00      0.00 1561152   64428   0.41  cartographer_no

04:08:11      UID       PID    %usr %system  %guest   %wait    %CPU   CPU  Command
04:08:12        0     46383   13.00    1.00    0.00    0.00   14.00     7  cartographer_no

04:08:11      UID       PID  minflt/s  majflt/s     VSZ     RSS   %MEM  Command
04:08:12        0     46383      0.00      0.00 1561152   64428   0.41  cartographer_no

04:08:12      UID       PID    %usr %system  %guest   %wait    %CPU   CPU  Command
04:08:13        0     46383   14.00    1.00    0.00    0.00   15.00     6  cartographer_no

04:08:12      UID       PID  minflt/s  majflt/s     VSZ     RSS   %MEM  Command
04:08:13        0     46383      0.00      0.00 1561152   64428   0.41  cartographer_no

04:08:13      UID       PID    %usr %system  %guest   %wait    %CPU   CPU  Command
04:08:14        0     46383   15.00    1.00    0.00    0.00   16.00    12  cartographer_no

04:08:13      UID       PID  minflt/s  majflt/s     VSZ     RSS   %MEM  Command
04:08:14        0     46383      0.00      0.00 1561152   64428   0.41  cartographer_no

04:08:14      UID       PID    %usr %system  %guest   %wait    %CPU   CPU  Command
04:08:15        0     46383   13.00    0.00    0.00    0.00   13.00     0  cartographer_no

04:08:14      UID       PID  minflt/s  majflt/s     VSZ     RSS   %MEM  Command
04:08:15        0     46383      0.00      0.00 1561152   64428   0.41  cartographer_no

04:08:15      UID       PID    %usr %system  %guest   %wait    %CPU   CPU  Command
04:08:16        0     46383   64.00    2.00    0.00    0.00   66.00     2  cartographer_no

04:08:15      UID       PID  minflt/s  majflt/s     VSZ     RSS   %MEM  Command
04:08:16        0     46383    235.00      0.00 1561152   65324   0.42  cartographer_no

04:08:16      UID       PID    %usr %system  %guest   %wait    %CPU   CPU  Command
04:08:17        0     46383   14.00    0.00    0.00    0.00   14.00     6  cartographer_no

04:08:16      UID       PID  minflt/s  majflt/s     VSZ     RSS   %MEM  Command
04:08:17        0     46383      0.00      0.00 1561152   65324   0.42  cartographer_no

04:08:17      UID       PID    %usr %system  %guest   %wait    %CPU   CPU  Command
04:08:18        0     46383   15.00    0.00    0.00    0.00   15.00    10  cartographer_no

04:08:17      UID       PID  minflt/s  majflt/s     VSZ     RSS   %MEM  Command
04:08:18        0     46383      0.00      0.00 1561152   65324   0.42  cartographer_no

04:08:18      UID       PID    %usr %system  %guest   %wait    %CPU   CPU  Command
04:08:19        0     46383   17.00    1.00    0.00    0.00   18.00     0  cartographer_no

04:08:18      UID       PID  minflt/s  majflt/s     VSZ     RSS   %MEM  Command
04:08:19        0     46383    388.00      0.00 1561152   66732   0.43  cartographer_no

04:08:19      UID       PID    %usr %system  %guest   %wait    %CPU   CPU  Command
04:08:20        0     46383   13.00    1.00    0.00    0.00   14.00     0  cartographer_no

04:08:19      UID       PID  minflt/s  majflt/s     VSZ     RSS   %MEM  Command
04:08:20        0     46383      0.00      0.00 1561152   66732   0.43  cartographer_no

04:08:20      UID       PID    %usr %system  %guest   %wait    %CPU   CPU  Command
04:08:21        0     46383   14.00    0.00    0.00    0.00   14.00     8  cartographer_no

04:08:20      UID       PID  minflt/s  majflt/s     VSZ     RSS   %MEM  Command
04:08:21        0     46383      0.00      0.00 1561152   66732   0.43  cartographer_no

04:08:21      UID       PID    %usr %system  %guest   %wait    %CPU   CPU  Command
04:08:22        0     46383   18.00    1.00    0.00    0.00   19.00     0  cartographer_no

04:08:21      UID       PID  minflt/s  majflt/s     VSZ     RSS   %MEM  Command
04:08:22        0     46383      0.00      0.00 1561152   66732   0.43  cartographer_no

04:08:22      UID       PID    %usr %system  %guest   %wait    %CPU   CPU  Command
04:08:23        0     46383   14.00    1.00    0.00    0.00   15.00     3  cartographer_no

04:08:22      UID       PID  minflt/s  majflt/s     VSZ     RSS   %MEM  Command
04:08:23        0     46383      0.00      0.00 1561152   66732   0.43  cartographer_no

04:08:23      UID       PID    %usr %system  %guest   %wait    %CPU   CPU  Command
04:08:24        0     46383   15.00    0.00    0.00    0.00   15.00     0  cartographer_no

04:08:23      UID       PID  minflt/s  majflt/s     VSZ     RSS   %MEM  Command
04:08:24        0     46383      0.00      0.00 1561152   66732   0.43  cartographer_no

04:08:24      UID       PID    %usr %system  %guest   %wait    %CPU   CPU  Command
04:08:25        0     46383   13.00    1.00    0.00    0.00   14.00     6  cartographer_no

04:08:24      UID       PID  minflt/s  majflt/s     VSZ     RSS   %MEM  Command
04:08:25        0     46383      0.00      0.00 1561152   66732   0.43  cartographer_no

04:08:25      UID       PID    %usr %system  %guest   %wait    %CPU   CPU  Command
04:08:26        0     46383   16.00    0.00    0.00    0.00   16.00    12  cartographer_no

04:08:25      UID       PID  minflt/s  majflt/s     VSZ     RSS   %MEM  Command
04:08:26        0     46383      0.00      0.00 1561152   66732   0.43  cartographer_no

04:08:26      UID       PID    %usr %system  %guest   %wait    %CPU   CPU  Command
04:08:27        0     46383   15.00    1.00    0.00    0.00   16.00     4  cartographer_no

04:08:26      UID       PID  minflt/s  majflt/s     VSZ     RSS   %MEM  Command
04:08:27        0     46383      0.00      0.00 1561152   66732   0.43  cartographer_no

04:08:27      UID       PID    %usr %system  %guest   %wait    %CPU   CPU  Command
04:08:28        0     46383   13.00    0.00    0.00    0.00   13.00     7  cartographer_no

04:08:27      UID       PID  minflt/s  majflt/s     VSZ     RSS   %MEM  Command
04:08:28        0     46383      0.00      0.00 1561152   66732   0.43  cartographer_no

04:08:28      UID       PID    %usr %system  %guest   %wait    %CPU   CPU  Command
04:08:29        0     46383   16.00    1.00    0.00    0.00   17.00     2  cartographer_no

04:08:28      UID       PID  minflt/s  majflt/s     VSZ     RSS   %MEM  Command
04:08:29        0     46383      0.00      0.00 1561152   66732   0.43  cartographer_no

04:08:29      UID       PID    %usr %system  %guest   %wait    %CPU   CPU  Command
04:08:30        0     46383   11.00    1.00    0.00    0.00   12.00     0  cartographer_no

04:08:29      UID       PID  minflt/s  majflt/s     VSZ     RSS   %MEM  Command
04:08:30        0     46383      0.00      0.00 1561152   66732   0.43  cartographer_no

04:08:30      UID       PID    %usr %system  %guest   %wait    %CPU   CPU  Command
04:08:31        0     46383   14.00    0.00    0.00    0.00   14.00     6  cartographer_no

04:08:30      UID       PID  minflt/s  majflt/s     VSZ     RSS   %MEM  Command
04:08:31        0     46383      0.00      0.00 1561152   66732   0.43  cartographer_no

04:08:31      UID       PID    %usr %system  %guest   %wait    %CPU   CPU  Command
04:08:32        0     46383   15.00    1.00    0.00    0.00   16.00     6  cartographer_no

04:08:31      UID       PID  minflt/s  majflt/s     VSZ     RSS   %MEM  Command
04:08:32        0     46383      0.00      0.00 1561152   66732   0.43  cartographer_no

04:08:32      UID       PID    %usr %system  %guest   %wait    %CPU   CPU  Command
04:08:33        0     46383   13.00    1.00    0.00    0.00   14.00     0  cartographer_no

04:08:32      UID       PID  minflt/s  majflt/s     VSZ     RSS   %MEM  Command
04:08:33        0     46383      0.00      0.00 1561152   66732   0.43  cartographer_no

04:08:33      UID       PID    %usr %system  %guest   %wait    %CPU   CPU  Command
04:08:34        0     46383   11.00    0.00    0.00    0.00   11.00    10  cartographer_no

04:08:33      UID       PID  minflt/s  majflt/s     VSZ     RSS   %MEM  Command
04:08:34        0     46383      0.00      0.00 1561152   66732   0.43  cartographer_no

04:08:34      UID       PID    %usr %system  %guest   %wait    %CPU   CPU  Command
04:08:35        0     46383   12.00    1.00    0.00    0.00   13.00     8  cartographer_no

04:08:34      UID       PID  minflt/s  majflt/s     VSZ     RSS   %MEM  Command
04:08:35        0     46383      0.00      0.00 1561152   66732   0.43  cartographer_no

04:08:35      UID       PID    %usr %system  %guest   %wait    %CPU   CPU  Command
04:08:36        0     46383   11.00    1.00    0.00    0.00   12.00     4  cartographer_no

04:08:35      UID       PID  minflt/s  majflt/s     VSZ     RSS   %MEM  Command
04:08:36        0     46383      0.00      0.00 1561152   66732   0.43  cartographer_no

04:08:36      UID       PID    %usr %system  %guest   %wait    %CPU   CPU  Command
04:08:37        0     46383   13.00    0.00    0.00    0.00   13.00    10  cartographer_no

04:08:36      UID       PID  minflt/s  majflt/s     VSZ     RSS   %MEM  Command
04:08:37        0     46383      0.00      0.00 1561152   66732   0.43  cartographer_no

04:08:37      UID       PID    %usr %system  %guest   %wait    %CPU   CPU  Command
04:08:38        0     46383   13.00    1.00    0.00    0.00   14.00     0  cartographer_no

04:08:37      UID       PID  minflt/s  majflt/s     VSZ     RSS   %MEM  Command
04:08:38        0     46383      0.00      0.00 1561152   66732   0.43  cartographer_no

04:08:38      UID       PID    %usr %system  %guest   %wait    %CPU   CPU  Command
04:08:39        0     46383   14.00    0.00    0.00    0.00   14.00    10  cartographer_no

04:08:38      UID       PID  minflt/s  majflt/s     VSZ     RSS   %MEM  Command
04:08:39        0     46383      0.00      0.00 1561152   66732   0.43  cartographer_no

04:08:39      UID       PID    %usr %system  %guest   %wait    %CPU   CPU  Command
04:08:40        0     46383   11.00    1.00    0.00    0.00   12.00     6  cartographer_no

04:08:39      UID       PID  minflt/s  majflt/s     VSZ     RSS   %MEM  Command
04:08:40        0     46383      0.00      0.00 1561152   66732   0.43  cartographer_no

04:08:40      UID       PID    %usr %system  %guest   %wait    %CPU   CPU  Command
04:08:41        0     46383   13.00    1.00    0.00    0.00   14.00     6  cartographer_no

04:08:40      UID       PID  minflt/s  majflt/s     VSZ     RSS   %MEM  Command
04:08:41        0     46383      0.00      0.00 1561152   66732   0.43  cartographer_no

04:08:41      UID       PID    %usr %system  %guest   %wait    %CPU   CPU  Command
04:08:42        0     46383   11.00    0.00    0.00    0.00   11.00     6  cartographer_no

04:08:41      UID       PID  minflt/s  majflt/s     VSZ     RSS   %MEM  Command
04:08:42        0     46383      0.00      0.00 1561152   66732   0.43  cartographer_no

04:08:42      UID       PID    %usr %system  %guest   %wait    %CPU   CPU  Command
04:08:43        0     46383   11.00    0.00    0.00    0.00   11.00     4  cartographer_no

04:08:42      UID       PID  minflt/s  majflt/s     VSZ     RSS   %MEM  Command
04:08:43        0     46383      0.00      0.00 1561152   66732   0.43  cartographer_no

04:08:43      UID       PID    %usr %system  %guest   %wait    %CPU   CPU  Command
04:08:44        0     46383   11.00    1.00    0.00    0.00   12.00     2  cartographer_no

04:08:43      UID       PID  minflt/s  majflt/s     VSZ     RSS   %MEM  Command
04:08:44        0     46383      0.00      0.00 1561152   66732   0.43  cartographer_no

04:08:44      UID       PID    %usr %system  %guest   %wait    %CPU   CPU  Command
04:08:45        0     46383    9.00    1.00    0.00    0.00   10.00     3  cartographer_no

04:08:44      UID       PID  minflt/s  majflt/s     VSZ     RSS   %MEM  Command
04:08:45        0     46383      0.00      0.00 1561152   66732   0.43  cartographer_no

04:08:45      UID       PID    %usr %system  %guest   %wait    %CPU   CPU  Command
04:08:46        0     46383   14.00    0.00    0.00    0.00   14.00     3  cartographer_no

04:08:45      UID       PID  minflt/s  majflt/s     VSZ     RSS   %MEM  Command
04:08:46        0     46383      0.00      0.00 1561152   66732   0.43  cartographer_no

04:08:46      UID       PID    %usr %system  %guest   %wait    %CPU   CPU  Command
04:08:47        0     46383   12.00    1.00    0.00    0.00   13.00     8  cartographer_no

04:08:46      UID       PID  minflt/s  majflt/s     VSZ     RSS   %MEM  Command
04:08:47        0     46383      0.00      0.00 1561152   66732   0.43  cartographer_no

04:08:47      UID       PID    %usr %system  %guest   %wait    %CPU   CPU  Command
04:08:48        0     46383   17.00    1.00    0.00    0.00   18.00     1  cartographer_no

04:08:47      UID       PID  minflt/s  majflt/s     VSZ     RSS   %MEM  Command
04:08:48        0     46383      0.00      0.00 1561152   66732   0.43  cartographer_no

04:08:48      UID       PID    %usr %system  %guest   %wait    %CPU   CPU  Command
04:08:49        0     46383   14.00    0.00    0.00    0.00   14.00     2  cartographer_no

04:08:48      UID       PID  minflt/s  majflt/s     VSZ     RSS   %MEM  Command
04:08:49        0     46383      0.00      0.00 1561152   66732   0.43  cartographer_no

04:08:49      UID       PID    %usr %system  %guest   %wait    %CPU   CPU  Command
04:08:50        0     46383   11.00    2.00    0.00    0.00   13.00    10  cartographer_no

04:08:49      UID       PID  minflt/s  majflt/s     VSZ     RSS   %MEM  Command
04:08:50        0     46383      0.00      0.00 1561152   66732   0.43  cartographer_no

04:08:50      UID       PID    %usr %system  %guest   %wait    %CPU   CPU  Command
04:08:51        0     46383   13.00    0.00    0.00    0.00   13.00     7  cartographer_no

04:08:50      UID       PID  minflt/s  majflt/s     VSZ     RSS   %MEM  Command
04:08:51        0     46383      0.00      0.00 1561152   66732   0.43  cartographer_no

04:08:51      UID       PID    %usr %system  %guest   %wait    %CPU   CPU  Command
04:08:52        0     46383   13.00    1.00    0.00    0.00   14.00     7  cartographer_no

04:08:51      UID       PID  minflt/s  majflt/s     VSZ     RSS   %MEM  Command
04:08:52        0     46383      0.00      0.00 1561152   66732   0.43  cartographer_no

04:08:52      UID       PID    %usr %system  %guest   %wait    %CPU   CPU  Command
04:08:53        0     46383   11.00    1.00    0.00    0.00   12.00     7  cartographer_no

04:08:52      UID       PID  minflt/s  majflt/s     VSZ     RSS   %MEM  Command
04:08:53        0     46383      0.00      0.00 1561152   66732   0.43  cartographer_no

04:08:53      UID       PID    %usr %system  %guest   %wait    %CPU   CPU  Command
04:08:54        0     46383   13.00    0.00    0.00    1.00   13.00     6  cartographer_no

04:08:53      UID       PID  minflt/s  majflt/s     VSZ     RSS   %MEM  Command
04:08:54        0     46383      0.00      0.00 1561152   66732   0.43  cartographer_no

04:08:54      UID       PID    %usr %system  %guest   %wait    %CPU   CPU  Command
04:08:55        0     46383   12.00    1.00    0.00    0.00   13.00    14  cartographer_no

04:08:54      UID       PID  minflt/s  majflt/s     VSZ     RSS   %MEM  Command
04:08:55        0     46383      0.00      0.00 1561152   66732   0.43  cartographer_no

04:08:55      UID       PID    %usr %system  %guest   %wait    %CPU   CPU  Command
04:08:56        0     46383   76.00    0.00    0.00    0.00   76.00     7  cartographer_no

04:08:55      UID       PID  minflt/s  majflt/s     VSZ     RSS   %MEM  Command
04:08:56        0     46383     59.00      0.00 1561152   67116   0.43  cartographer_no

04:08:56      UID       PID    %usr %system  %guest   %wait    %CPU   CPU  Command
04:08:57        0     46383   12.00    1.00    0.00    0.00   13.00    14  cartographer_no

04:08:56      UID       PID  minflt/s  majflt/s     VSZ     RSS   %MEM  Command
04:08:57        0     46383      0.00      0.00 1561152   67116   0.43  cartographer_no

04:08:57      UID       PID    %usr %system  %guest   %wait    %CPU   CPU  Command
04:08:58        0     46383   15.00    1.00    0.00    0.00   16.00     0  cartographer_no

04:08:57      UID       PID  minflt/s  majflt/s     VSZ     RSS   %MEM  Command
04:08:58        0     46383      0.00      0.00 1561152   67116   0.43  cartographer_no

04:08:58      UID       PID    %usr %system  %guest   %wait    %CPU   CPU  Command
04:08:59        0     46383   19.00    0.00    0.00    0.00   19.00     6  cartographer_no

04:08:58      UID       PID  minflt/s  majflt/s     VSZ     RSS   %MEM  Command
04:08:59        0     46383    523.00      0.00 1561152   69164   0.44  cartographer_no

04:08:59      UID       PID    %usr %system  %guest   %wait    %CPU   CPU  Command
04:09:00        0     46383   13.00    1.00    0.00    0.00   14.00     0  cartographer_no

04:08:59      UID       PID  minflt/s  majflt/s     VSZ     RSS   %MEM  Command
04:09:00        0     46383      0.00      0.00 1561152   69164   0.44  cartographer_no

04:09:00      UID       PID    %usr %system  %guest   %wait    %CPU   CPU  Command
04:09:01        0     46383   14.00    1.00    0.00    0.00   15.00     3  cartographer_no

04:09:00      UID       PID  minflt/s  majflt/s     VSZ     RSS   %MEM  Command
04:09:01        0     46383      0.00      0.00 1561152   69164   0.44  cartographer_no

04:09:01      UID       PID    %usr %system  %guest   %wait    %CPU   CPU  Command
04:09:02        0     46383   18.00    1.00    0.00    0.00   19.00     8  cartographer_no

04:09:01      UID       PID  minflt/s  majflt/s     VSZ     RSS   %MEM  Command
04:09:02        0     46383      0.00      0.00 1561152   69164   0.44  cartographer_no

04:09:02      UID       PID    %usr %system  %guest   %wait    %CPU   CPU  Command
04:09:03        0     46383   15.00    0.00    0.00    0.00   15.00    12  cartographer_no

04:09:02      UID       PID  minflt/s  majflt/s     VSZ     RSS   %MEM  Command
04:09:03        0     46383      0.00      0.00 1561152   69164   0.44  cartographer_no

04:09:03      UID       PID    %usr %system  %guest   %wait    %CPU   CPU  Command
04:09:04        0     46383   12.00    1.00    0.00    0.00   13.00    10  cartographer_no

04:09:03      UID       PID  minflt/s  majflt/s     VSZ     RSS   %MEM  Command
04:09:04        0     46383      0.00      0.00 1561152   69164   0.44  cartographer_no

04:09:04      UID       PID    %usr %system  %guest   %wait    %CPU   CPU  Command
04:09:05        0     46383   16.00    1.00    0.00    0.00   17.00     3  cartographer_no

04:09:04      UID       PID  minflt/s  majflt/s     VSZ     RSS   %MEM  Command
04:09:05        0     46383      0.00      0.00 1561152   69164   0.44  cartographer_no

04:09:05      UID       PID    %usr %system  %guest   %wait    %CPU   CPU  Command
04:09:06        0     46383   13.00    0.00    0.00    0.00   13.00     3  cartographer_no

04:09:05      UID       PID  minflt/s  majflt/s     VSZ     RSS   %MEM  Command
04:09:06        0     46383    156.00      0.00 1561776   69804   0.45  cartographer_no

04:09:06      UID       PID    %usr %system  %guest   %wait    %CPU   CPU  Command
04:09:07        0     46383   12.00    1.00    0.00    0.00   13.00     3  cartographer_no

04:09:06      UID       PID  minflt/s  majflt/s     VSZ     RSS   %MEM  Command
04:09:07        0     46383      0.00      0.00 1561776   69804   0.45  cartographer_no

04:09:07      UID       PID    %usr %system  %guest   %wait    %CPU   CPU  Command
04:09:08        0     46383   12.00    0.00    0.00    0.00   12.00     3  cartographer_no

04:09:07      UID       PID  minflt/s  majflt/s     VSZ     RSS   %MEM  Command
04:09:08        0     46383      0.00      0.00 1561776   69804   0.45  cartographer_no

04:09:08      UID       PID    %usr %system  %guest   %wait    %CPU   CPU  Command
04:09:09        0     46383   13.00    1.00    0.00    0.00   14.00    10  cartographer_no

04:09:08      UID       PID  minflt/s  majflt/s     VSZ     RSS   %MEM  Command
04:09:09        0     46383      0.00      0.00 1561776   69804   0.45  cartographer_no

04:09:09      UID       PID    %usr %system  %guest   %wait    %CPU   CPU  Command
04:09:10        0     46383   12.00    1.00    0.00    0.00   13.00     3  cartographer_no

04:09:09      UID       PID  minflt/s  majflt/s     VSZ     RSS   %MEM  Command
04:09:10        0     46383      0.00      0.00 1561776   69804   0.45  cartographer_no

04:09:10      UID       PID    %usr %system  %guest   %wait    %CPU   CPU  Command
04:09:11        0     46383   17.00    0.00    0.00    0.00   17.00     6  cartographer_no

04:09:10      UID       PID  minflt/s  majflt/s     VSZ     RSS   %MEM  Command
04:09:11        0     46383      0.00      0.00 1561776   69804   0.45  cartographer_no

04:09:11      UID       PID    %usr %system  %guest   %wait    %CPU   CPU  Command
04:09:12        0     46383   12.00    0.00    0.00    0.00   12.00     8  cartographer_no

04:09:11      UID       PID  minflt/s  majflt/s     VSZ     RSS   %MEM  Command
04:09:12        0     46383      0.00      0.00 1561776   69804   0.45  cartographer_no

04:09:12      UID       PID    %usr %system  %guest   %wait    %CPU   CPU  Command
04:09:13        0     46383   13.00    1.00    0.00    0.00   14.00     4  cartographer_no

04:09:12      UID       PID  minflt/s  majflt/s     VSZ     RSS   %MEM  Command
04:09:13        0     46383      0.00      0.00 1561776   69804   0.45  cartographer_no

04:09:13      UID       PID    %usr %system  %guest   %wait    %CPU   CPU  Command
04:09:14        0     46383   12.00    1.00    0.00    0.00   13.00     3  cartographer_no

04:09:13      UID       PID  minflt/s  majflt/s     VSZ     RSS   %MEM  Command
04:09:14        0     46383      0.00      0.00 1561776   69804   0.45  cartographer_no

04:09:14      UID       PID    %usr %system  %guest   %wait    %CPU   CPU  Command
04:09:15        0     46383   12.00    0.00    0.00    0.00   12.00     2  cartographer_no

04:09:14      UID       PID  minflt/s  majflt/s     VSZ     RSS   %MEM  Command
04:09:15        0     46383      0.00      0.00 1561776   69804   0.45  cartographer_no

04:09:15      UID       PID    %usr %system  %guest   %wait    %CPU   CPU  Command
04:09:16        0     46383   14.00    1.00    0.00    0.00   15.00     6  cartographer_no

04:09:15      UID       PID  minflt/s  majflt/s     VSZ     RSS   %MEM  Command
04:09:16        0     46383      0.00      0.00 1561776   69804   0.45  cartographer_no

04:09:16      UID       PID    %usr %system  %guest   %wait    %CPU   CPU  Command
04:09:17        0     46383   12.00    0.00    0.00    0.00   12.00     7  cartographer_no

04:09:16      UID       PID  minflt/s  majflt/s     VSZ     RSS   %MEM  Command
04:09:17        0     46383      0.00      0.00 1561776   69804   0.45  cartographer_no

04:09:17      UID       PID    %usr %system  %guest   %wait    %CPU   CPU  Command
04:09:18        0     46383   12.00    1.00    0.00    0.00   13.00     7  cartographer_no

04:09:17      UID       PID  minflt/s  majflt/s     VSZ     RSS   %MEM  Command
04:09:18        0     46383      0.00      0.00 1561776   69804   0.45  cartographer_no

04:09:18      UID       PID    %usr %system  %guest   %wait    %CPU   CPU  Command
04:09:19        0     46383   13.00    0.00    0.00    0.00   13.00     2  cartographer_no

04:09:18      UID       PID  minflt/s  majflt/s     VSZ     RSS   %MEM  Command
04:09:19        0     46383      0.00      0.00 1561776   69804   0.45  cartographer_no

04:09:19      UID       PID    %usr %system  %guest   %wait    %CPU   CPU  Command
04:09:20        0     46383   13.00    0.00    0.00    0.00   13.00     8  cartographer_no

04:09:19      UID       PID  minflt/s  majflt/s     VSZ     RSS   %MEM  Command
04:09:20        0     46383      0.00      0.00 1561776   69804   0.45  cartographer_no

04:09:20      UID       PID    %usr %system  %guest   %wait    %CPU   CPU  Command
04:09:21        0     46383   13.00    0.00    0.00    0.00   13.00     8  cartographer_no

04:09:20      UID       PID  minflt/s  majflt/s     VSZ     RSS   %MEM  Command
04:09:21        0     46383      0.00      0.00 1561776   69804   0.45  cartographer_no

04:09:21      UID       PID    %usr %system  %guest   %wait    %CPU   CPU  Command
04:09:22        0     46383   14.00    0.00    0.00    0.00   14.00    14  cartographer_no

04:09:21      UID       PID  minflt/s  majflt/s     VSZ     RSS   %MEM  Command
04:09:22        0     46383      0.00      0.00 1561776   69804   0.45  cartographer_no

04:09:22      UID       PID    %usr %system  %guest   %wait    %CPU   CPU  Command
04:09:23        0     46383   19.00    0.00    0.00    0.00   19.00     2  cartographer_no

04:09:22      UID       PID  minflt/s  majflt/s     VSZ     RSS   %MEM  Command
04:09:23        0     46383      0.00      0.00 1561776   69804   0.45  cartographer_no

04:09:23      UID       PID    %usr %system  %guest   %wait    %CPU   CPU  Command
04:09:24        0     46383   19.00    1.00    0.00    0.00   20.00     2  cartographer_no

04:09:23      UID       PID  minflt/s  majflt/s     VSZ     RSS   %MEM  Command
04:09:24        0     46383      0.00      0.00 1561776   69804   0.45  cartographer_no

04:09:24      UID       PID    %usr %system  %guest   %wait    %CPU   CPU  Command
04:09:25        0     46383   14.00    0.00    0.00    0.00   14.00     6  cartographer_no

04:09:24      UID       PID  minflt/s  majflt/s     VSZ     RSS   %MEM  Command
04:09:25        0     46383      0.00      0.00 1561776   69804   0.45  cartographer_no

04:09:25      UID       PID    %usr %system  %guest   %wait    %CPU   CPU  Command
04:09:26        0     46383   22.00    0.00    0.00    0.00   22.00     2  cartographer_no

04:09:25      UID       PID  minflt/s  majflt/s     VSZ     RSS   %MEM  Command
04:09:26        0     46383      0.00      0.00 1561776   69804   0.45  cartographer_no

04:09:26      UID       PID    %usr %system  %guest   %wait    %CPU   CPU  Command
04:09:27        0     46383   16.00    0.00    0.00    0.00   16.00    12  cartographer_no

04:09:26      UID       PID  minflt/s  majflt/s     VSZ     RSS   %MEM  Command
04:09:27        0     46383      0.00      0.00 1561776   69804   0.45  cartographer_no

04:09:27      UID       PID    %usr %system  %guest   %wait    %CPU   CPU  Command
04:09:28        0     46383   15.00    2.00    0.00    0.00   17.00     2  cartographer_no

04:09:27      UID       PID  minflt/s  majflt/s     VSZ     RSS   %MEM  Command
04:09:28        0     46383      0.00      0.00 1561776   69804   0.45  cartographer_no

04:09:28      UID       PID    %usr %system  %guest   %wait    %CPU   CPU  Command
04:09:29        0     46383   19.00    0.00    0.00    0.00   19.00    14  cartographer_no

04:09:28      UID       PID  minflt/s  majflt/s     VSZ     RSS   %MEM  Command
04:09:29        0     46383      0.00      0.00 1561776   69804   0.45  cartographer_no

04:09:29      UID       PID    %usr %system  %guest   %wait    %CPU   CPU  Command
04:09:30        0     46383   15.84    0.99    0.00    0.00   16.83     6  cartographer_no

04:09:29      UID       PID  minflt/s  majflt/s     VSZ     RSS   %MEM  Command
04:09:30        0     46383      0.00      0.00 1561776   69804   0.45  cartographer_no

04:09:30      UID       PID    %usr %system  %guest   %wait    %CPU   CPU  Command
04:09:31        0     46383   15.00    1.00    0.00    0.00   16.00     4  cartographer_no

04:09:30      UID       PID  minflt/s  majflt/s     VSZ     RSS   %MEM  Command
04:09:31        0     46383      0.00      0.00 1561776   69804   0.45  cartographer_no

04:09:31      UID       PID    %usr %system  %guest   %wait    %CPU   CPU  Command
04:09:32        0     46383   19.00    0.00    0.00    0.00   19.00     4  cartographer_no

04:09:31      UID       PID  minflt/s  majflt/s     VSZ     RSS   %MEM  Command
04:09:32        0     46383      0.00      0.00 1561776   69804   0.45  cartographer_no

04:09:32      UID       PID    %usr %system  %guest   %wait    %CPU   CPU  Command
04:09:33        0     46383   17.00    1.00    0.00    0.00   18.00     2  cartographer_no

04:09:32      UID       PID  minflt/s  majflt/s     VSZ     RSS   %MEM  Command
04:09:33        0     46383      0.00      0.00 1561776   69804   0.45  cartographer_no

04:09:33      UID       PID    %usr %system  %guest   %wait    %CPU   CPU  Command
04:09:34        0     46383   18.00    1.00    0.00    1.00   19.00     6  cartographer_no

04:09:33      UID       PID  minflt/s  majflt/s     VSZ     RSS   %MEM  Command
04:09:34        0     46383      0.00      0.00 1561776   69804   0.45  cartographer_no

04:09:34      UID       PID    %usr %system  %guest   %wait    %CPU   CPU  Command
04:09:35        0     46383   14.00    1.00    0.00    0.00   15.00     6  cartographer_no

04:09:34      UID       PID  minflt/s  majflt/s     VSZ     RSS   %MEM  Command
04:09:35        0     46383      0.00      0.00 1561776   69804   0.45  cartographer_no

04:09:35      UID       PID    %usr %system  %guest   %wait    %CPU   CPU  Command
04:09:36        0     46383   12.00    1.00    0.00    0.00   13.00     8  cartographer_no

04:09:35      UID       PID  minflt/s  majflt/s     VSZ     RSS   %MEM  Command
04:09:36        0     46383      0.00      0.00 1561776   69804   0.45  cartographer_no

04:09:36      UID       PID    %usr %system  %guest   %wait    %CPU   CPU  Command
04:09:37        0     46383   12.00    1.00    0.00    0.00   13.00     4  cartographer_no

04:09:36      UID       PID  minflt/s  majflt/s     VSZ     RSS   %MEM  Command
04:09:37        0     46383      0.00      0.00 1561776   69804   0.45  cartographer_no

04:09:37      UID       PID    %usr %system  %guest   %wait    %CPU   CPU  Command
04:09:38        0     46383   11.00    0.00    0.00    0.00   11.00     6  cartographer_no

04:09:37      UID       PID  minflt/s  majflt/s     VSZ     RSS   %MEM  Command
04:09:38        0     46383      0.00      0.00 1561776   69804   0.45  cartographer_no

04:09:38      UID       PID    %usr %system  %guest   %wait    %CPU   CPU  Command
04:09:39        0     46383   13.00    1.00    0.00    0.00   14.00     7  cartographer_no

04:09:38      UID       PID  minflt/s  majflt/s     VSZ     RSS   %MEM  Command
04:09:39        0     46383      0.00      0.00 1561776   69804   0.45  cartographer_no

04:09:39      UID       PID    %usr %system  %guest   %wait    %CPU   CPU  Command
04:09:40        0     46383   13.00    1.00    0.00    0.00   14.00     2  cartographer_no

04:09:39      UID       PID  minflt/s  majflt/s     VSZ     RSS   %MEM  Command
04:09:40        0     46383      0.00      0.00 1561776   69804   0.45  cartographer_no

04:09:40      UID       PID    %usr %system  %guest   %wait    %CPU   CPU  Command
04:09:41        0     46383   13.00    0.00    0.00    0.00   13.00     4  cartographer_no

04:09:40      UID       PID  minflt/s  majflt/s     VSZ     RSS   %MEM  Command
04:09:41        0     46383      0.00      0.00 1561776   69804   0.45  cartographer_no

04:09:41      UID       PID    %usr %system  %guest   %wait    %CPU   CPU  Command
04:09:42        0     46383   13.00    1.00    0.00    0.00   14.00     6  cartographer_no

04:09:41      UID       PID  minflt/s  majflt/s     VSZ     RSS   %MEM  Command
04:09:42        0     46383      0.00      0.00 1561776   69804   0.45  cartographer_no

04:09:42      UID       PID    %usr %system  %guest   %wait    %CPU   CPU  Command
04:09:43        0     46383   16.00    0.00    0.00    0.00   16.00     2  cartographer_no

04:09:42      UID       PID  minflt/s  majflt/s     VSZ     RSS   %MEM  Command
04:09:43        0     46383      0.00      0.00 1561776   69804   0.45  cartographer_no

04:09:43      UID       PID    %usr %system  %guest   %wait    %CPU   CPU  Command
04:09:44        0     46383   20.00    1.00    0.00    0.00   21.00     7  cartographer_no

04:09:43      UID       PID  minflt/s  majflt/s     VSZ     RSS   %MEM  Command
04:09:44        0     46383      0.00      0.00 1561776   69804   0.45  cartographer_no

04:09:44      UID       PID    %usr %system  %guest   %wait    %CPU   CPU  Command
04:09:45        0     46383   19.00    0.00    0.00    0.00   19.00     2  cartographer_no

04:09:44      UID       PID  minflt/s  majflt/s     VSZ     RSS   %MEM  Command
04:09:45        0     46383      0.00      0.00 1561776   69804   0.45  cartographer_no

04:09:45      UID       PID    %usr %system  %guest   %wait    %CPU   CPU  Command
04:09:46        0     46383   16.00    1.00    0.00    0.00   17.00     6  cartographer_no

04:09:45      UID       PID  minflt/s  majflt/s     VSZ     RSS   %MEM  Command
04:09:46        0     46383      0.00      0.00 1561776   69804   0.45  cartographer_no

04:09:46      UID       PID    %usr %system  %guest   %wait    %CPU   CPU  Command
04:09:47        0     46383   17.00    0.00    0.00    0.00   17.00     8  cartographer_no

04:09:46      UID       PID  minflt/s  majflt/s     VSZ     RSS   %MEM  Command
04:09:47        0     46383      0.00      0.00 1561776   69804   0.45  cartographer_no

04:09:47      UID       PID    %usr %system  %guest   %wait    %CPU   CPU  Command
04:09:48        0     46383   17.00    1.00    0.00    0.00   18.00     8  cartographer_no

04:09:47      UID       PID  minflt/s  majflt/s     VSZ     RSS   %MEM  Command
04:09:48        0     46383      0.00      0.00 1561776   69804   0.45  cartographer_no

04:09:48      UID       PID    %usr %system  %guest   %wait    %CPU   CPU  Command
04:09:49        0     46383   13.00    1.00    0.00    0.00   14.00     8  cartographer_no

04:09:48      UID       PID  minflt/s  majflt/s     VSZ     RSS   %MEM  Command
04:09:49        0     46383      0.00      0.00 1561776   69804   0.45  cartographer_no

04:09:49      UID       PID    %usr %system  %guest   %wait    %CPU   CPU  Command
04:09:50        0     46383   17.00    0.00    0.00    0.00   17.00    10  cartographer_no

04:09:49      UID       PID  minflt/s  majflt/s     VSZ     RSS   %MEM  Command
04:09:50        0     46383      0.00      0.00 1561776   69804   0.45  cartographer_no

04:09:50      UID       PID    %usr %system  %guest   %wait    %CPU   CPU  Command
04:09:51        0     46383   15.00    1.00    0.00    0.00   16.00    10  cartographer_no

04:09:50      UID       PID  minflt/s  majflt/s     VSZ     RSS   %MEM  Command
04:09:51        0     46383      0.00      0.00 1561776   69804   0.45  cartographer_no

04:09:51      UID       PID    %usr %system  %guest   %wait    %CPU   CPU  Command
04:09:52        0     46383   16.00    1.00    0.00    0.00   17.00     0  cartographer_no

04:09:51      UID       PID  minflt/s  majflt/s     VSZ     RSS   %MEM  Command
04:09:52        0     46383      0.00      0.00 1561776   69804   0.45  cartographer_no

04:09:52      UID       PID    %usr %system  %guest   %wait    %CPU   CPU  Command
04:09:53        0     46383   15.00    1.00    0.00    0.00   16.00     8  cartographer_no

04:09:52      UID       PID  minflt/s  majflt/s     VSZ     RSS   %MEM  Command
04:09:53        0     46383      0.00      0.00 1561776   69804   0.45  cartographer_no

04:09:53      UID       PID    %usr %system  %guest   %wait    %CPU   CPU  Command
04:09:54        0     46383   16.00    0.00    0.00    0.00   16.00     0  cartographer_no

04:09:53      UID       PID  minflt/s  majflt/s     VSZ     RSS   %MEM  Command
04:09:54        0     46383      0.00      0.00 1561776   69804   0.45  cartographer_no

04:09:54      UID       PID    %usr %system  %guest   %wait    %CPU   CPU  Command
04:09:55        0     46383   16.00    1.00    0.00    0.00   17.00     6  cartographer_no

04:09:54      UID       PID  minflt/s  majflt/s     VSZ     RSS   %MEM  Command
04:09:55        0     46383      0.00      0.00 1561776   69804   0.45  cartographer_no

04:09:55      UID       PID    %usr %system  %guest   %wait    %CPU   CPU  Command
04:09:56        0     46383   15.00    1.00    0.00    0.00   16.00     2  cartographer_no

04:09:55      UID       PID  minflt/s  majflt/s     VSZ     RSS   %MEM  Command
04:09:56        0     46383      0.00      0.00 1561776   69804   0.45  cartographer_no

04:09:56      UID       PID    %usr %system  %guest   %wait    %CPU   CPU  Command
04:09:57        0     46383  107.00    1.00    0.00    0.00  108.00    14  cartographer_no

04:09:56      UID       PID  minflt/s  majflt/s     VSZ     RSS   %MEM  Command
04:09:57        0     46383    521.00      0.00 1563028   71724   0.46  cartographer_no

04:09:57      UID       PID    %usr %system  %guest   %wait    %CPU   CPU  Command
04:09:58        0     46383   15.00    1.00    0.00    0.00   16.00     6  cartographer_no

04:09:57      UID       PID  minflt/s  majflt/s     VSZ     RSS   %MEM  Command
04:09:58        0     46383      0.00      0.00 1563028   71724   0.46  cartographer_no

04:09:58      UID       PID    %usr %system  %guest   %wait    %CPU   CPU  Command
04:09:59        0     46383   11.00    0.00    0.00    0.00   11.00     2  cartographer_no

04:09:58      UID       PID  minflt/s  majflt/s     VSZ     RSS   %MEM  Command
04:09:59        0     46383      0.00      0.00 1563028   71724   0.46  cartographer_no

04:09:59      UID       PID    %usr %system  %guest   %wait    %CPU   CPU  Command
04:10:00        0     46383   13.00    1.00    0.00    0.00   14.00     4  cartographer_no

04:09:59      UID       PID  minflt/s  majflt/s     VSZ     RSS   %MEM  Command
04:10:00        0     46383      0.00      0.00 1563028   71724   0.46  cartographer_no

04:10:00      UID       PID    %usr %system  %guest   %wait    %CPU   CPU  Command
04:10:01        0     46383   15.00    0.00    0.00    0.00   15.00     6  cartographer_no

04:10:00      UID       PID  minflt/s  majflt/s     VSZ     RSS   %MEM  Command
04:10:01        0     46383    576.00      0.00 1563028   74028   0.47  cartographer_no

04:10:01      UID       PID    %usr %system  %guest   %wait    %CPU   CPU  Command
04:10:02        0     46383   15.00    1.00    0.00    0.00   16.00     7  cartographer_no

04:10:01      UID       PID  minflt/s  majflt/s     VSZ     RSS   %MEM  Command
04:10:02        0     46383      0.00      0.00 1563028   74028   0.47  cartographer_no

04:10:02      UID       PID    %usr %system  %guest   %wait    %CPU   CPU  Command
04:10:03        0     46383   10.00    1.00    0.00    0.00   11.00     0  cartographer_no

04:10:02      UID       PID  minflt/s  majflt/s     VSZ     RSS   %MEM  Command
04:10:03        0     46383      0.00      0.00 1563028   74028   0.47  cartographer_no

04:10:03      UID       PID    %usr %system  %guest   %wait    %CPU   CPU  Command
04:10:04        0     46383   13.00    1.00    0.00    0.00   14.00    14  cartographer_no

04:10:03      UID       PID  minflt/s  majflt/s     VSZ     RSS   %MEM  Command
04:10:04        0     46383      0.00      0.00 1563028   74028   0.47  cartographer_no

04:10:04      UID       PID    %usr %system  %guest   %wait    %CPU   CPU  Command
04:10:05        0     46383   15.00    0.00    0.00    0.00   15.00     2  cartographer_no

04:10:04      UID       PID  minflt/s  majflt/s     VSZ     RSS   %MEM  Command
04:10:05        0     46383      0.00      0.00 1563028   74028   0.47  cartographer_no

04:10:05      UID       PID    %usr %system  %guest   %wait    %CPU   CPU  Command
04:10:06        0     46383   14.00    1.00    0.00    0.00   15.00     0  cartographer_no

04:10:05      UID       PID  minflt/s  majflt/s     VSZ     RSS   %MEM  Command
04:10:06        0     46383      0.00      0.00 1563028   74028   0.47  cartographer_no

04:10:06      UID       PID    %usr %system  %guest   %wait    %CPU   CPU  Command
04:10:07        0     46383   12.00    0.00    0.00    0.00   12.00     0  cartographer_no

04:10:06      UID       PID  minflt/s  majflt/s     VSZ     RSS   %MEM  Command
04:10:07        0     46383      0.00      0.00 1563028   74028   0.47  cartographer_no

04:10:07      UID       PID    %usr %system  %guest   %wait    %CPU   CPU  Command
04:10:08        0     46383   11.00    0.00    0.00    0.00   11.00    14  cartographer_no

04:10:07      UID       PID  minflt/s  majflt/s     VSZ     RSS   %MEM  Command
04:10:08        0     46383      0.00      0.00 1563028   74028   0.47  cartographer_no

04:10:08      UID       PID    %usr %system  %guest   %wait    %CPU   CPU  Command
04:10:09        0     46383   11.00    1.00    0.00    0.00   12.00     2  cartographer_no

04:10:08      UID       PID  minflt/s  majflt/s     VSZ     RSS   %MEM  Command
04:10:09        0     46383      0.00      0.00 1563028   74028   0.47  cartographer_no

04:10:09      UID       PID    %usr %system  %guest   %wait    %CPU   CPU  Command
04:10:10        0     46383   12.00    0.00    0.00    0.00   12.00    10  cartographer_no

04:10:09      UID       PID  minflt/s  majflt/s     VSZ     RSS   %MEM  Command
04:10:10        0     46383     73.00      0.00 1563028   74284   0.48  cartographer_no

04:10:10      UID       PID    %usr %system  %guest   %wait    %CPU   CPU  Command
04:10:11        0     46383   14.00    1.00    0.00    0.00   15.00     2  cartographer_no

04:10:10      UID       PID  minflt/s  majflt/s     VSZ     RSS   %MEM  Command
04:10:11        0     46383      0.00      0.00 1563028   74284   0.48  cartographer_no

04:10:11      UID       PID    %usr %system  %guest   %wait    %CPU   CPU  Command
04:10:12        0     46383   15.00    0.00    0.00    0.00   15.00     3  cartographer_no

04:10:11      UID       PID  minflt/s  majflt/s     VSZ     RSS   %MEM  Command
04:10:12        0     46383      0.00      0.00 1563028   74284   0.48  cartographer_no

04:10:12      UID       PID    %usr %system  %guest   %wait    %CPU   CPU  Command
04:10:13        0     46383   14.00    1.00    0.00    0.00   15.00     3  cartographer_no

04:10:12      UID       PID  minflt/s  majflt/s     VSZ     RSS   %MEM  Command
04:10:13        0     46383      0.00      0.00 1563028   74284   0.48  cartographer_no

04:10:13      UID       PID    %usr %system  %guest   %wait    %CPU   CPU  Command
04:10:14        0     46383   16.00    1.00    0.00    0.00   17.00     2  cartographer_no

04:10:13      UID       PID  minflt/s  majflt/s     VSZ     RSS   %MEM  Command
04:10:14        0     46383      0.00      0.00 1563028   74284   0.48  cartographer_no

04:10:14      UID       PID    %usr %system  %guest   %wait    %CPU   CPU  Command
04:10:15        0     46383   14.00    0.00    0.00    0.00   14.00     8  cartographer_no

04:10:14      UID       PID  minflt/s  majflt/s     VSZ     RSS   %MEM  Command
04:10:15        0     46383      0.00      0.00 1563028   74284   0.48  cartographer_no

04:10:15      UID       PID    %usr %system  %guest   %wait    %CPU   CPU  Command
04:10:16        0     46383   16.00    1.00    0.00    0.00   17.00     6  cartographer_no

04:10:15      UID       PID  minflt/s  majflt/s     VSZ     RSS   %MEM  Command
04:10:16        0     46383      0.00      0.00 1563028   74284   0.48  cartographer_no

04:10:16      UID       PID    %usr %system  %guest   %wait    %CPU   CPU  Command
04:10:17        0     46383   16.00    0.00    0.00    0.00   16.00     3  cartographer_no

04:10:16      UID       PID  minflt/s  majflt/s     VSZ     RSS   %MEM  Command
04:10:17        0     46383      0.00      0.00 1563028   74284   0.48  cartographer_no

04:10:17      UID       PID    %usr %system  %guest   %wait    %CPU   CPU  Command
04:10:18        0     46383   14.00    1.00    0.00    0.00   15.00     7  cartographer_no

04:10:17      UID       PID  minflt/s  majflt/s     VSZ     RSS   %MEM  Command
04:10:18        0     46383      0.00      0.00 1563028   74284   0.48  cartographer_no

04:10:18      UID       PID    %usr %system  %guest   %wait    %CPU   CPU  Command
04:10:19        0     46383   15.00    1.00    0.00    0.00   16.00     7  cartographer_no

04:10:18      UID       PID  minflt/s  majflt/s     VSZ     RSS   %MEM  Command
04:10:19        0     46383      0.00      0.00 1563028   74284   0.48  cartographer_no

04:10:19      UID       PID    %usr %system  %guest   %wait    %CPU   CPU  Command
04:10:20        0     46383   17.00    1.00    0.00    0.00   18.00     6  cartographer_no

04:10:19      UID       PID  minflt/s  majflt/s     VSZ     RSS   %MEM  Command
04:10:20        0     46383      0.00      0.00 1563028   74284   0.48  cartographer_no

04:10:20      UID       PID    %usr %system  %guest   %wait    %CPU   CPU  Command
04:10:21        0     46383   17.00    0.00    0.00    0.00   17.00     6  cartographer_no

04:10:20      UID       PID  minflt/s  majflt/s     VSZ     RSS   %MEM  Command
04:10:21        0     46383      0.00      0.00 1563028   74284   0.48  cartographer_no

04:10:21      UID       PID    %usr %system  %guest   %wait    %CPU   CPU  Command
04:10:22        0     46383   18.00    1.00    0.00    0.00   19.00     6  cartographer_no

04:10:21      UID       PID  minflt/s  majflt/s     VSZ     RSS   %MEM  Command
04:10:22        0     46383      0.00      0.00 1563028   74284   0.48  cartographer_no

04:10:22      UID       PID    %usr %system  %guest   %wait    %CPU   CPU  Command
04:10:23        0     46383   15.00    1.00    0.00    0.00   16.00     8  cartographer_no

04:10:22      UID       PID  minflt/s  majflt/s     VSZ     RSS   %MEM  Command
04:10:23        0     46383      0.00      0.00 1563028   74284   0.48  cartographer_no

04:10:23      UID       PID    %usr %system  %guest   %wait    %CPU   CPU  Command
04:10:24        0     46383   15.00    0.00    0.00    0.00   15.00     4  cartographer_no

04:10:23      UID       PID  minflt/s  majflt/s     VSZ     RSS   %MEM  Command
04:10:24        0     46383      0.00      0.00 1563028   74284   0.48  cartographer_no

04:10:24      UID       PID    %usr %system  %guest   %wait    %CPU   CPU  Command
04:10:25        0     46383   22.00    1.00    0.00    0.00   23.00     3  cartographer_no

04:10:24      UID       PID  minflt/s  majflt/s     VSZ     RSS   %MEM  Command
04:10:25        0     46383      1.00      0.00 1563028   74284   0.48  cartographer_no

04:10:25      UID       PID    %usr %system  %guest   %wait    %CPU   CPU  Command
04:10:26        0     46383   17.00    0.00    0.00    0.00   17.00     3  cartographer_no

04:10:25      UID       PID  minflt/s  majflt/s     VSZ     RSS   %MEM  Command
04:10:26        0     46383      0.00      0.00 1563028   74284   0.48  cartographer_no

04:10:26      UID       PID    %usr %system  %guest   %wait    %CPU   CPU  Command
04:10:27        0     46383   16.00    1.00    0.00    0.00   17.00    10  cartographer_no

04:10:26      UID       PID  minflt/s  majflt/s     VSZ     RSS   %MEM  Command
04:10:27        0     46383      0.00      0.00 1563028   74284   0.48  cartographer_no

04:10:27      UID       PID    %usr %system  %guest   %wait    %CPU   CPU  Command
04:10:28        0     46383   17.00    1.00    0.00    0.00   18.00     6  cartographer_no

04:10:27      UID       PID  minflt/s  majflt/s     VSZ     RSS   %MEM  Command
04:10:28        0     46383      0.00      0.00 1563028   74284   0.48  cartographer_no

04:10:28      UID       PID    %usr %system  %guest   %wait    %CPU   CPU  Command
04:10:29        0     46383   19.00    0.00    0.00    0.00   19.00     6  cartographer_no

04:10:28      UID       PID  minflt/s  majflt/s     VSZ     RSS   %MEM  Command
04:10:29        0     46383      0.00      0.00 1563028   74284   0.48  cartographer_no

04:10:29      UID       PID    %usr %system  %guest   %wait    %CPU   CPU  Command
04:10:30        0     46383   17.00    1.00    0.00    0.00   18.00     2  cartographer_no

04:10:29      UID       PID  minflt/s  majflt/s     VSZ     RSS   %MEM  Command
04:10:30        0     46383      0.00      0.00 1563028   74284   0.48  cartographer_no

04:10:30      UID       PID    %usr %system  %guest   %wait    %CPU   CPU  Command
04:10:31        0     46383   17.00    0.00    0.00    0.00   17.00     2  cartographer_no

04:10:30      UID       PID  minflt/s  majflt/s     VSZ     RSS   %MEM  Command
04:10:31        0     46383      0.00      0.00 1563028   74284   0.48  cartographer_no

04:10:31      UID       PID    %usr %system  %guest   %wait    %CPU   CPU  Command
04:10:32        0     46383   17.00    1.00    0.00    0.00   18.00     7  cartographer_no

04:10:31      UID       PID  minflt/s  majflt/s     VSZ     RSS   %MEM  Command
04:10:32        0     46383      0.00      0.00 1563028   74284   0.48  cartographer_no

04:10:32      UID       PID    %usr %system  %guest   %wait    %CPU   CPU  Command
04:10:33        0     46383   17.00    1.00    0.00    0.00   18.00     3  cartographer_no

04:10:32      UID       PID  minflt/s  majflt/s     VSZ     RSS   %MEM  Command
04:10:33        0     46383      0.00      0.00 1563028   74284   0.48  cartographer_no

04:10:33      UID       PID    %usr %system  %guest   %wait    %CPU   CPU  Command
04:10:34        0     46383   17.00    0.00    0.00    0.00   17.00     2  cartographer_no

04:10:33      UID       PID  minflt/s  majflt/s     VSZ     RSS   %MEM  Command
04:10:34        0     46383      0.00      0.00 1563028   74284   0.48  cartographer_no

04:10:34      UID       PID    %usr %system  %guest   %wait    %CPU   CPU  Command
04:10:35        0     46383   19.00    1.00    0.00    0.00   20.00     6  cartographer_no

04:10:34      UID       PID  minflt/s  majflt/s     VSZ     RSS   %MEM  Command
04:10:35        0     46383      0.00      0.00 1563028   74284   0.48  cartographer_no

04:10:35      UID       PID    %usr %system  %guest   %wait    %CPU   CPU  Command
04:10:36        0     46383   15.00    1.00    0.00    0.00   16.00     2  cartographer_no

04:10:35      UID       PID  minflt/s  majflt/s     VSZ     RSS   %MEM  Command
04:10:36        0     46383      0.00      0.00 1563028   74284   0.48  cartographer_no

04:10:36      UID       PID    %usr %system  %guest   %wait    %CPU   CPU  Command
04:10:37        0     46383   15.00    1.00    0.00    0.00   16.00     8  cartographer_no

04:10:36      UID       PID  minflt/s  majflt/s     VSZ     RSS   %MEM  Command
04:10:37        0     46383      0.00      0.00 1563028   74284   0.48  cartographer_no

04:10:37      UID       PID    %usr %system  %guest   %wait    %CPU   CPU  Command
04:10:38        0     46383   17.00    0.00    0.00    1.00   17.00     6  cartographer_no

04:10:37      UID       PID  minflt/s  majflt/s     VSZ     RSS   %MEM  Command
04:10:38        0     46383      0.00      0.00 1563028   74284   0.48  cartographer_no

04:10:38      UID       PID    %usr %system  %guest   %wait    %CPU   CPU  Command
04:10:39        0     46383  121.00    0.00    0.00    0.00  121.00    10  cartographer_no

04:10:38      UID       PID  minflt/s  majflt/s     VSZ     RSS   %MEM  Command
04:10:39        0     46383     20.00      0.00 1563028   74412   0.48  cartographer_no

04:10:39      UID       PID    %usr %system  %guest   %wait    %CPU   CPU  Command
04:10:40        0     46383   18.00    1.00    0.00    0.00   19.00     0  cartographer_no

04:10:39      UID       PID  minflt/s  majflt/s     VSZ     RSS   %MEM  Command
04:10:40        0     46383      0.00      0.00 1563028   74412   0.48  cartographer_no

04:10:40      UID       PID    %usr %system  %guest   %wait    %CPU   CPU  Command
04:10:41        0     46383   15.00    0.00    0.00    0.00   15.00     7  cartographer_no

04:10:40      UID       PID  minflt/s  majflt/s     VSZ     RSS   %MEM  Command
04:10:41        0     46383      1.00      0.00 1563028   74412   0.48  cartographer_no

04:10:41      UID       PID    %usr %system  %guest   %wait    %CPU   CPU  Command
04:10:42        0     46383   18.00    0.00    0.00    0.00   18.00    12  cartographer_no

04:10:41      UID       PID  minflt/s  majflt/s     VSZ     RSS   %MEM  Command
04:10:42        0     46383      0.00      0.00 1563028   74412   0.48  cartographer_no

04:10:42      UID       PID    %usr %system  %guest   %wait    %CPU   CPU  Command
04:10:43        0     46383   20.00    1.00    0.00    0.00   21.00    10  cartographer_no

04:10:42      UID       PID  minflt/s  majflt/s     VSZ     RSS   %MEM  Command
04:10:43        0     46383    714.00      0.00 1563028   77100   0.49  cartographer_no

04:10:43      UID       PID    %usr %system  %guest   %wait    %CPU   CPU  Command
04:10:44        0     46383   16.00    1.00    0.00    0.00   17.00     0  cartographer_no

04:10:43      UID       PID  minflt/s  majflt/s     VSZ     RSS   %MEM  Command
04:10:44        0     46383      0.00      0.00 1563028   77100   0.49  cartographer_no

04:10:44      UID       PID    %usr %system  %guest   %wait    %CPU   CPU  Command
04:10:45        0     46383   18.00    1.00    0.00    0.00   19.00     2  cartographer_no

04:10:44      UID       PID  minflt/s  majflt/s     VSZ     RSS   %MEM  Command
04:10:45        0     46383      0.00      0.00 1563028   77100   0.49  cartographer_no

04:10:45      UID       PID    %usr %system  %guest   %wait    %CPU   CPU  Command
04:10:46        0     46383   15.00    0.00    0.00    0.00   15.00     7  cartographer_no

04:10:45      UID       PID  minflt/s  majflt/s     VSZ     RSS   %MEM  Command
04:10:46        0     46383      0.00      0.00 1563028   77100   0.49  cartographer_no

04:10:46      UID       PID    %usr %system  %guest   %wait    %CPU   CPU  Command
04:10:47        0     46383   17.00    1.00    0.00    0.00   18.00     2  cartographer_no

04:10:46      UID       PID  minflt/s  majflt/s     VSZ     RSS   %MEM  Command
04:10:47        0     46383      0.00      0.00 1563028   77100   0.49  cartographer_no

04:10:47      UID       PID    %usr %system  %guest   %wait    %CPU   CPU  Command
04:10:48        0     46383   16.00    0.00    0.00    0.00   16.00     3  cartographer_no

04:10:47      UID       PID  minflt/s  majflt/s     VSZ     RSS   %MEM  Command
04:10:48        0     46383      0.00      0.00 1563028   77100   0.49  cartographer_no

04:10:48      UID       PID    %usr %system  %guest   %wait    %CPU   CPU  Command
04:10:49        0     46383   15.00    0.00    0.00    0.00   15.00     4  cartographer_no

04:10:48      UID       PID  minflt/s  majflt/s     VSZ     RSS   %MEM  Command
04:10:49        0     46383      0.00      0.00 1563028   77100   0.49  cartographer_no

04:10:49      UID       PID    %usr %system  %guest   %wait    %CPU   CPU  Command
04:10:50        0     46383   16.00    0.00    0.00    0.00   16.00     2  cartographer_no

04:10:49      UID       PID  minflt/s  majflt/s     VSZ     RSS   %MEM  Command
04:10:50        0     46383      0.00      0.00 1563028   77100   0.49  cartographer_no

04:10:50      UID       PID    %usr %system  %guest   %wait    %CPU   CPU  Command
04:10:51        0     46383   15.00    1.00    0.00    0.00   16.00     2  cartographer_no

04:10:50      UID       PID  minflt/s  majflt/s     VSZ     RSS   %MEM  Command
04:10:51        0     46383      0.00      0.00 1563028   77100   0.49  cartographer_no

04:10:51      UID       PID    %usr %system  %guest   %wait    %CPU   CPU  Command
04:10:52        0     46383   13.00    1.00    0.00    0.00   14.00     2  cartographer_no

04:10:51      UID       PID  minflt/s  majflt/s     VSZ     RSS   %MEM  Command
04:10:52        0     46383      0.00      0.00 1563028   77100   0.49  cartographer_no

04:10:52      UID       PID    %usr %system  %guest   %wait    %CPU   CPU  Command
04:10:53        0     46383   12.00    0.00    0.00    0.00   12.00     6  cartographer_no

04:10:52      UID       PID  minflt/s  majflt/s     VSZ     RSS   %MEM  Command
04:10:53        0     46383      0.00      0.00 1563028   77100   0.49  cartographer_no

04:10:53      UID       PID    %usr %system  %guest   %wait    %CPU   CPU  Command
04:10:54        0     46383   13.00    0.00    0.00    0.00   13.00     2  cartographer_no

04:10:53      UID       PID  minflt/s  majflt/s     VSZ     RSS   %MEM  Command
04:10:54        0     46383      0.00      0.00 1563028   77100   0.49  cartographer_no

04:10:54      UID       PID    %usr %system  %guest   %wait    %CPU   CPU  Command
04:10:55        0     46383   13.00    1.00    0.00    0.00   14.00     2  cartographer_no

04:10:54      UID       PID  minflt/s  majflt/s     VSZ     RSS   %MEM  Command
04:10:55        0     46383      0.00      0.00 1563028   77100   0.49  cartographer_no

04:10:55      UID       PID    %usr %system  %guest   %wait    %CPU   CPU  Command
04:10:56        0     46383   12.00    0.00    0.00    0.00   12.00     2  cartographer_no

04:10:55      UID       PID  minflt/s  majflt/s     VSZ     RSS   %MEM  Command
04:10:56        0     46383      0.00      0.00 1563028   77100   0.49  cartographer_no

04:10:56      UID       PID    %usr %system  %guest   %wait    %CPU   CPU  Command
04:10:57        0     46383   15.00    0.00    0.00    0.00   15.00     2  cartographer_no

04:10:56      UID       PID  minflt/s  majflt/s     VSZ     RSS   %MEM  Command
04:10:57        0     46383      0.00      0.00 1563028   77100   0.49  cartographer_no

04:10:57      UID       PID    %usr %system  %guest   %wait    %CPU   CPU  Command
04:10:58        0     46383   12.00    0.00    0.00    0.00   12.00     0  cartographer_no

04:10:57      UID       PID  minflt/s  majflt/s     VSZ     RSS   %MEM  Command
04:10:58        0     46383      0.00      0.00 1563028   77100   0.49  cartographer_no

04:10:58      UID       PID    %usr %system  %guest   %wait    %CPU   CPU  Command
04:10:59        0     46383   13.00    0.00    0.00    0.00   13.00     9  cartographer_no

04:10:58      UID       PID  minflt/s  majflt/s     VSZ     RSS   %MEM  Command
04:10:59        0     46383      0.00      0.00 1563028   77100   0.49  cartographer_no

04:10:59      UID       PID    %usr %system  %guest   %wait    %CPU   CPU  Command
04:11:00        0     46383   13.00    1.00    0.00    0.00   14.00     2  cartographer_no

04:10:59      UID       PID  minflt/s  majflt/s     VSZ     RSS   %MEM  Command
04:11:00        0     46383      0.00      0.00 1563028   77100   0.49  cartographer_no

04:11:00      UID       PID    %usr %system  %guest   %wait    %CPU   CPU  Command
04:11:01        0     46383   17.00    0.00    0.00    0.00   17.00    10  cartographer_no

04:11:00      UID       PID  minflt/s  majflt/s     VSZ     RSS   %MEM  Command
04:11:01        0     46383      0.00      0.00 1563028   77100   0.49  cartographer_no

04:11:01      UID       PID    %usr %system  %guest   %wait    %CPU   CPU  Command
04:11:02        0     46383   16.00    0.00    0.00    0.00   16.00     2  cartographer_no

04:11:01      UID       PID  minflt/s  majflt/s     VSZ     RSS   %MEM  Command
04:11:02        0     46383      0.00      0.00 1563028   77100   0.49  cartographer_no

04:11:02      UID       PID    %usr %system  %guest   %wait    %CPU   CPU  Command
04:11:03        0     46383   16.00    0.00    0.00    0.00   16.00     2  cartographer_no

04:11:02      UID       PID  minflt/s  majflt/s     VSZ     RSS   %MEM  Command
04:11:03        0     46383      0.00      0.00 1563028   77100   0.49  cartographer_no

04:11:03      UID       PID    %usr %system  %guest   %wait    %CPU   CPU  Command
04:11:04        0     46383   17.00    0.00    0.00    0.00   17.00     4  cartographer_no

04:11:03      UID       PID  minflt/s  majflt/s     VSZ     RSS   %MEM  Command
04:11:04        0     46383      0.00      0.00 1563028   77100   0.49  cartographer_no

04:11:04      UID       PID    %usr %system  %guest   %wait    %CPU   CPU  Command
04:11:05        0     46383   15.00    1.00    0.00    0.00   16.00     6  cartographer_no

04:11:04      UID       PID  minflt/s  majflt/s     VSZ     RSS   %MEM  Command
04:11:05        0     46383      0.00      0.00 1563028   77100   0.49  cartographer_no

04:11:05      UID       PID    %usr %system  %guest   %wait    %CPU   CPU  Command
04:11:06        0     46383   16.00    0.00    0.00    0.00   16.00     2  cartographer_no

04:11:05      UID       PID  minflt/s  majflt/s     VSZ     RSS   %MEM  Command
04:11:06        0     46383      0.00      0.00 1563028   77100   0.49  cartographer_no

04:11:06      UID       PID    %usr %system  %guest   %wait    %CPU   CPU  Command
04:11:07        0     46383   14.00    2.00    0.00    0.00   16.00     3  cartographer_no

04:11:06      UID       PID  minflt/s  majflt/s     VSZ     RSS   %MEM  Command
04:11:07        0     46383      0.00      0.00 1563028   77100   0.49  cartographer_no

04:11:07      UID       PID    %usr %system  %guest   %wait    %CPU   CPU  Command
04:11:08        0     46383   14.00    1.00    0.00    0.00   15.00     4  cartographer_no

04:11:07      UID       PID  minflt/s  majflt/s     VSZ     RSS   %MEM  Command
04:11:08        0     46383      0.00      0.00 1563028   77100   0.49  cartographer_no

04:11:08      UID       PID    %usr %system  %guest   %wait    %CPU   CPU  Command
04:11:09        0     46383   14.00    1.00    0.00    0.00   15.00     2  cartographer_no

04:11:08      UID       PID  minflt/s  majflt/s     VSZ     RSS   %MEM  Command
04:11:09        0     46383      0.00      0.00 1563028   77100   0.49  cartographer_no

04:11:09      UID       PID    %usr %system  %guest   %wait    %CPU   CPU  Command
04:11:10        0     46383   14.00    1.00    0.00    1.00   15.00     6  cartographer_no

04:11:09      UID       PID  minflt/s  majflt/s     VSZ     RSS   %MEM  Command
04:11:10        0     46383      0.00      0.00 1563028   77100   0.49  cartographer_no

04:11:10      UID       PID    %usr %system  %guest   %wait    %CPU   CPU  Command
04:11:11        0     46383   14.00    0.00    0.00    0.00   14.00    10  cartographer_no

04:11:10      UID       PID  minflt/s  majflt/s     VSZ     RSS   %MEM  Command
04:11:11        0     46383      0.00      0.00 1563028   77100   0.49  cartographer_no

04:11:11      UID       PID    %usr %system  %guest   %wait    %CPU   CPU  Command
04:11:12        0     46383   14.00    1.00    0.00    0.00   15.00     2  cartographer_no

04:11:11      UID       PID  minflt/s  majflt/s     VSZ     RSS   %MEM  Command
04:11:12        0     46383      0.00      0.00 1563028   77100   0.49  cartographer_no

04:11:12      UID       PID    %usr %system  %guest   %wait    %CPU   CPU  Command
04:11:13        0     46383   13.00    1.00    0.00    0.00   14.00     6  cartographer_no

04:11:12      UID       PID  minflt/s  majflt/s     VSZ     RSS   %MEM  Command
04:11:13        0     46383      0.00      0.00 1563028   77100   0.49  cartographer_no

04:11:13      UID       PID    %usr %system  %guest   %wait    %CPU   CPU  Command
04:11:14        0     46383   14.00    0.00    0.00    0.00   14.00     7  cartographer_no

04:11:13      UID       PID  minflt/s  majflt/s     VSZ     RSS   %MEM  Command
04:11:14        0     46383      0.00      0.00 1563028   77100   0.49  cartographer_no

04:11:14      UID       PID    %usr %system  %guest   %wait    %CPU   CPU  Command
04:11:15        0     46383   11.00    1.00    0.00    0.00   12.00     7  cartographer_no

04:11:14      UID       PID  minflt/s  majflt/s     VSZ     RSS   %MEM  Command
04:11:15        0     46383      0.00      0.00 1563028   77100   0.49  cartographer_no

04:11:15      UID       PID    %usr %system  %guest   %wait    %CPU   CPU  Command
04:11:16        0     46383   10.00    0.00    0.00    0.00   10.00     7  cartographer_no

04:11:15      UID       PID  minflt/s  majflt/s     VSZ     RSS   %MEM  Command
04:11:16        0     46383      0.00      0.00 1563028   77100   0.49  cartographer_no

04:11:16      UID       PID    %usr %system  %guest   %wait    %CPU   CPU  Command
04:11:17        0     46383   11.00    1.00    0.00    0.00   12.00     7  cartographer_no

04:11:16      UID       PID  minflt/s  majflt/s     VSZ     RSS   %MEM  Command
04:11:17        0     46383      0.00      0.00 1563028   77100   0.49  cartographer_no

04:11:17      UID       PID    %usr %system  %guest   %wait    %CPU   CPU  Command
04:11:18        0     46383   13.00    0.00    0.00    0.00   13.00     8  cartographer_no

04:11:17      UID       PID  minflt/s  majflt/s     VSZ     RSS   %MEM  Command
04:11:18        0     46383      0.00      0.00 1563028   77100   0.49  cartographer_no

04:11:18      UID       PID    %usr %system  %guest   %wait    %CPU   CPU  Command
04:11:19        0     46383   12.00    1.00    0.00    0.00   13.00     8  cartographer_no

04:11:18      UID       PID  minflt/s  majflt/s     VSZ     RSS   %MEM  Command
04:11:19        0     46383      0.00      0.00 1563028   77100   0.49  cartographer_no

04:11:19      UID       PID    %usr %system  %guest   %wait    %CPU   CPU  Command
04:11:20        0     46383   10.00    1.00    0.00    0.00   11.00     4  cartographer_no

04:11:19      UID       PID  minflt/s  majflt/s     VSZ     RSS   %MEM  Command
04:11:20        0     46383      0.00      0.00 1563028   77100   0.49  cartographer_no

04:11:20      UID       PID    %usr %system  %guest   %wait    %CPU   CPU  Command
04:11:21        0     46383   13.00    0.00    0.00    0.00   13.00    10  cartographer_no

04:11:20      UID       PID  minflt/s  majflt/s     VSZ     RSS   %MEM  Command
04:11:21        0     46383      0.00      0.00 1563028   77100   0.49  cartographer_no

04:11:21      UID       PID    %usr %system  %guest   %wait    %CPU   CPU  Command
04:11:22        0     46383   11.00    0.00    0.00    0.00   11.00    10  cartographer_no

04:11:21      UID       PID  minflt/s  majflt/s     VSZ     RSS   %MEM  Command
04:11:22        0     46383      0.00      0.00 1563028   77100   0.49  cartographer_no

04:11:22      UID       PID    %usr %system  %guest   %wait    %CPU   CPU  Command
04:11:23        0     46383   12.00    1.00    0.00    0.00   13.00     4  cartographer_no

04:11:22      UID       PID  minflt/s  majflt/s     VSZ     RSS   %MEM  Command
04:11:23        0     46383      0.00      0.00 1563028   77100   0.49  cartographer_no

04:11:23      UID       PID    %usr %system  %guest   %wait    %CPU   CPU  Command
04:11:24        0     46383   13.00    0.00    0.00    0.00   13.00     8  cartographer_no

04:11:23      UID       PID  minflt/s  majflt/s     VSZ     RSS   %MEM  Command
04:11:24        0     46383      0.00      0.00 1563028   77100   0.49  cartographer_no

04:11:24      UID       PID    %usr %system  %guest   %wait    %CPU   CPU  Command
04:11:25        0     46383   13.00    0.00    0.00    0.00   13.00     6  cartographer_no

04:11:24      UID       PID  minflt/s  majflt/s     VSZ     RSS   %MEM  Command
04:11:25        0     46383      0.00      0.00 1563028   77100   0.49  cartographer_no

04:11:25      UID       PID    %usr %system  %guest   %wait    %CPU   CPU  Command
04:11:26        0     46383   13.00    1.00    0.00    0.00   14.00     8  cartographer_no

04:11:25      UID       PID  minflt/s  majflt/s     VSZ     RSS   %MEM  Command
04:11:26        0     46383      0.00      0.00 1563028   77100   0.49  cartographer_no

04:11:26      UID       PID    %usr %system  %guest   %wait    %CPU   CPU  Command
04:11:27        0     46383   10.00    0.00    0.00    0.00   10.00     6  cartographer_no

04:11:26      UID       PID  minflt/s  majflt/s     VSZ     RSS   %MEM  Command
04:11:27        0     46383      0.00      0.00 1563028   77100   0.49  cartographer_no

04:11:27      UID       PID    %usr %system  %guest   %wait    %CPU   CPU  Command
04:11:28        0     46383   12.00    1.00    0.00    0.00   13.00     6  cartographer_no

04:11:27      UID       PID  minflt/s  majflt/s     VSZ     RSS   %MEM  Command
04:11:28        0     46383      0.00      0.00 1563028   77100   0.49  cartographer_no

04:11:28      UID       PID    %usr %system  %guest   %wait    %CPU   CPU  Command
04:11:29        0     46383   15.00    0.00    0.00    0.00   15.00     6  cartographer_no

04:11:28      UID       PID  minflt/s  majflt/s     VSZ     RSS   %MEM  Command
04:11:29        0     46383      0.00      0.00 1563028   77100   0.49  cartographer_no

04:11:29      UID       PID    %usr %system  %guest   %wait    %CPU   CPU  Command
04:11:30        0     46383   14.00    1.00    0.00    0.00   15.00     3  cartographer_no

04:11:29      UID       PID  minflt/s  majflt/s     VSZ     RSS   %MEM  Command
04:11:30        0     46383      0.00      0.00 1563028   77100   0.49  cartographer_no

04:11:30      UID       PID    %usr %system  %guest   %wait    %CPU   CPU  Command
04:11:31        0     46383   98.00    1.00    0.00    0.00   99.00     8  cartographer_no

04:11:30      UID       PID  minflt/s  majflt/s     VSZ     RSS   %MEM  Command
04:11:31        0     46383    291.00      0.00 1563092   78380   0.50  cartographer_no

04:11:31      UID       PID    %usr %system  %guest   %wait    %CPU   CPU  Command
04:11:32        0     46383   14.00    1.00    0.00    0.00   15.00    15  cartographer_no

04:11:31      UID       PID  minflt/s  majflt/s     VSZ     RSS   %MEM  Command
04:11:32        0     46383    277.00      0.00 1564200   79532   0.51  cartographer_no

04:11:32      UID       PID    %usr %system  %guest   %wait    %CPU   CPU  Command
04:11:33        0     46383   14.00    0.00    0.00    0.00   14.00     0  cartographer_no

04:11:32      UID       PID  minflt/s  majflt/s     VSZ     RSS   %MEM  Command
04:11:33        0     46383      0.00      0.00 1564200   79532   0.51  cartographer_no

04:11:33      UID       PID    %usr %system  %guest   %wait    %CPU   CPU  Command
04:11:34        0     46383   13.00    1.00    0.00    0.00   14.00    15  cartographer_no

04:11:33      UID       PID  minflt/s  majflt/s     VSZ     RSS   %MEM  Command
04:11:34        0     46383      0.00      0.00 1564200   79532   0.51  cartographer_no

04:11:34      UID       PID    %usr %system  %guest   %wait    %CPU   CPU  Command
04:11:35        0     46383   16.00    1.00    0.00    0.00   17.00     6  cartographer_no

04:11:34      UID       PID  minflt/s  majflt/s     VSZ     RSS   %MEM  Command
04:11:35        0     46383      0.00      0.00 1564200   79532   0.51  cartographer_no

04:11:35      UID       PID    %usr %system  %guest   %wait    %CPU   CPU  Command
04:11:36        0     46383   17.00    1.00    0.00    0.00   18.00     4  cartographer_no

04:11:35      UID       PID  minflt/s  majflt/s     VSZ     RSS   %MEM  Command
04:11:36        0     46383    785.00      0.00 1564200   82432   0.53  cartographer_no

04:11:36      UID       PID    %usr %system  %guest   %wait    %CPU   CPU  Command
04:11:37        0     46383   15.00    0.00    0.00    0.00   15.00     4  cartographer_no

04:11:36      UID       PID  minflt/s  majflt/s     VSZ     RSS   %MEM  Command
04:11:37        0     46383      0.00      0.00 1564200   82432   0.53  cartographer_no

04:11:37      UID       PID    %usr %system  %guest   %wait    %CPU   CPU  Command
04:11:38        0     46383   16.00    1.00    0.00    0.00   17.00     4  cartographer_no

04:11:37      UID       PID  minflt/s  majflt/s     VSZ     RSS   %MEM  Command
04:11:38        0     46383      0.00      0.00 1564200   82432   0.53  cartographer_no

04:11:38      UID       PID    %usr %system  %guest   %wait    %CPU   CPU  Command
04:11:39        0     46383   14.00    0.00    0.00    0.00   14.00     8  cartographer_no

04:11:38      UID       PID  minflt/s  majflt/s     VSZ     RSS   %MEM  Command
04:11:39        0     46383      0.00      0.00 1564200   82432   0.53  cartographer_no

04:11:39      UID       PID    %usr %system  %guest   %wait    %CPU   CPU  Command
04:11:40        0     46383   16.00    1.00    0.00    0.00   17.00     6  cartographer_no

04:11:39      UID       PID  minflt/s  majflt/s     VSZ     RSS   %MEM  Command
04:11:40        0     46383      0.00      0.00 1564200   82432   0.53  cartographer_no

04:11:40      UID       PID    %usr %system  %guest   %wait    %CPU   CPU  Command
04:11:41        0     46383   15.00    1.00    0.00    0.00   16.00    10  cartographer_no

04:11:40      UID       PID  minflt/s  majflt/s     VSZ     RSS   %MEM  Command
04:11:41        0     46383      0.00      0.00 1564200   82432   0.53  cartographer_no

04:11:41      UID       PID    %usr %system  %guest   %wait    %CPU   CPU  Command
04:11:42        0     46383   15.84    0.99    0.00    0.00   16.83     6  cartographer_no

04:11:41      UID       PID  minflt/s  majflt/s     VSZ     RSS   %MEM  Command
04:11:42        0     46383      0.00      0.00 1564200   82432   0.53  cartographer_no

04:11:42      UID       PID    %usr %system  %guest   %wait    %CPU   CPU  Command
04:11:43        0     46383   17.00    0.00    0.00    0.00   17.00     2  cartographer_no

04:11:42      UID       PID  minflt/s  majflt/s     VSZ     RSS   %MEM  Command
04:11:43        0     46383      0.00      0.00 1564200   82432   0.53  cartographer_no

04:11:43      UID       PID    %usr %system  %guest   %wait    %CPU   CPU  Command
04:11:44        0     46383   16.00    1.00    0.00    0.00   17.00     6  cartographer_no

04:11:43      UID       PID  minflt/s  majflt/s     VSZ     RSS   %MEM  Command
04:11:44        0     46383      0.00      0.00 1564200   82432   0.53  cartographer_no

04:11:44      UID       PID    %usr %system  %guest   %wait    %CPU   CPU  Command
04:11:45        0     46383   18.00    1.00    0.00    0.00   19.00     8  cartographer_no

04:11:44      UID       PID  minflt/s  majflt/s     VSZ     RSS   %MEM  Command
04:11:45        0     46383      0.00      0.00 1564200   82432   0.53  cartographer_no

04:11:45      UID       PID    %usr %system  %guest   %wait    %CPU   CPU  Command
04:11:46        0     46383   16.00    0.00    0.00    0.00   16.00     6  cartographer_no

04:11:45      UID       PID  minflt/s  majflt/s     VSZ     RSS   %MEM  Command
04:11:46        0     46383      0.00      0.00 1564200   82432   0.53  cartographer_no

04:11:46      UID       PID    %usr %system  %guest   %wait    %CPU   CPU  Command
04:11:47        0     46383   16.00    1.00    0.00    0.00   17.00     0  cartographer_no

04:11:46      UID       PID  minflt/s  majflt/s     VSZ     RSS   %MEM  Command
04:11:47        0     46383      0.00      0.00 1564200   82432   0.53  cartographer_no

04:11:47      UID       PID    %usr %system  %guest   %wait    %CPU   CPU  Command
04:11:48        0     46383   17.00    0.00    0.00    0.00   17.00     4  cartographer_no

04:11:47      UID       PID  minflt/s  majflt/s     VSZ     RSS   %MEM  Command
04:11:48        0     46383      0.00      0.00 1564200   82432   0.53  cartographer_no

04:11:48      UID       PID    %usr %system  %guest   %wait    %CPU   CPU  Command
04:11:49        0     46383   17.00    1.00    0.00    0.00   18.00     0  cartographer_no

04:11:48      UID       PID  minflt/s  majflt/s     VSZ     RSS   %MEM  Command
04:11:49        0     46383      0.00      0.00 1564200   82432   0.53  cartographer_no

04:11:49      UID       PID    %usr %system  %guest   %wait    %CPU   CPU  Command
04:11:50        0     46383   15.00    1.00    0.00    0.00   16.00     2  cartographer_no

04:11:49      UID       PID  minflt/s  majflt/s     VSZ     RSS   %MEM  Command
04:11:50        0     46383      0.00      0.00 1564200   82432   0.53  cartographer_no

04:11:50      UID       PID    %usr %system  %guest   %wait    %CPU   CPU  Command
04:11:51        0     46383   17.00    0.00    0.00    0.00   17.00     2  cartographer_no

04:11:50      UID       PID  minflt/s  majflt/s     VSZ     RSS   %MEM  Command
04:11:51        0     46383      0.00      0.00 1564200   82432   0.53  cartographer_no

04:11:51      UID       PID    %usr %system  %guest   %wait    %CPU   CPU  Command
04:11:52        0     46383   14.00    1.00    0.00    0.00   15.00     4  cartographer_no

04:11:51      UID       PID  minflt/s  majflt/s     VSZ     RSS   %MEM  Command
04:11:52        0     46383      0.00      0.00 1564200   82432   0.53  cartographer_no

04:11:52      UID       PID    %usr %system  %guest   %wait    %CPU   CPU  Command
04:11:53        0     46383   21.00    0.00    0.00    0.00   21.00     6  cartographer_no

04:11:52      UID       PID  minflt/s  majflt/s     VSZ     RSS   %MEM  Command
04:11:53        0     46383      0.00      0.00 1564200   82432   0.53  cartographer_no

04:11:53      UID       PID    %usr %system  %guest   %wait    %CPU   CPU  Command
04:11:54        0     46383   17.00    1.00    0.00    0.00   18.00    12  cartographer_no

04:11:53      UID       PID  minflt/s  majflt/s     VSZ     RSS   %MEM  Command
04:11:54        0     46383      0.00      0.00 1564200   82432   0.53  cartographer_no

04:11:54      UID       PID    %usr %system  %guest   %wait    %CPU   CPU  Command
04:11:55        0     46383   14.00    0.00    0.00    0.00   14.00     7  cartographer_no

04:11:54      UID       PID  minflt/s  majflt/s     VSZ     RSS   %MEM  Command
04:11:55        0     46383      0.00      0.00 1564200   82432   0.53  cartographer_no

04:11:55      UID       PID    %usr %system  %guest   %wait    %CPU   CPU  Command
04:11:56        0     46383   18.00    1.00    0.00    0.00   19.00     7  cartographer_no

04:11:55      UID       PID  minflt/s  majflt/s     VSZ     RSS   %MEM  Command
04:11:56        0     46383      0.00      0.00 1564200   82432   0.53  cartographer_no

04:11:56      UID       PID    %usr %system  %guest   %wait    %CPU   CPU  Command
04:11:57        0     46383   13.00    0.00    0.00    0.00   13.00     4  cartographer_no

04:11:56      UID       PID  minflt/s  majflt/s     VSZ     RSS   %MEM  Command
04:11:57        0     46383      0.00      0.00 1564200   82432   0.53  cartographer_no

04:11:57      UID       PID    %usr %system  %guest   %wait    %CPU   CPU  Command
04:11:58        0     46383   13.00    1.00    0.00    0.00   14.00    10  cartographer_no

04:11:57      UID       PID  minflt/s  majflt/s     VSZ     RSS   %MEM  Command
04:11:58        0     46383      0.00      0.00 1564200   82432   0.53  cartographer_no

04:11:58      UID       PID    %usr %system  %guest   %wait    %CPU   CPU  Command
04:11:59        0     46383   14.00    0.00    0.00    0.00   14.00     8  cartographer_no

04:11:58      UID       PID  minflt/s  majflt/s     VSZ     RSS   %MEM  Command
04:11:59        0     46383      0.00      0.00 1564200   82432   0.53  cartographer_no

04:11:59      UID       PID    %usr %system  %guest   %wait    %CPU   CPU  Command
04:12:00        0     46383   14.00    0.00    0.00    0.00   14.00     4  cartographer_no

04:11:59      UID       PID  minflt/s  majflt/s     VSZ     RSS   %MEM  Command
04:12:00        0     46383      0.00      0.00 1564200   82432   0.53  cartographer_no

04:12:00      UID       PID    %usr %system  %guest   %wait    %CPU   CPU  Command
04:12:01        0     46383   13.00    1.00    0.00    0.00   14.00     2  cartographer_no

04:12:00      UID       PID  minflt/s  majflt/s     VSZ     RSS   %MEM  Command
04:12:01        0     46383      0.00      0.00 1564200   82432   0.53  cartographer_no

04:12:01      UID       PID    %usr %system  %guest   %wait    %CPU   CPU  Command
04:12:02        0     46383   15.00    0.00    0.00    0.00   15.00     2  cartographer_no

04:12:01      UID       PID  minflt/s  majflt/s     VSZ     RSS   %MEM  Command
04:12:02        0     46383      0.00      0.00 1564200   82432   0.53  cartographer_no

04:12:02      UID       PID    %usr %system  %guest   %wait    %CPU   CPU  Command
04:12:03        0     46383   13.00    1.00    0.00    0.00   14.00    10  cartographer_no

04:12:02      UID       PID  minflt/s  majflt/s     VSZ     RSS   %MEM  Command
04:12:03        0     46383      0.00      0.00 1564200   82432   0.53  cartographer_no

04:12:03      UID       PID    %usr %system  %guest   %wait    %CPU   CPU  Command
04:12:04        0     46383   14.00    1.00    0.00    0.00   15.00     6  cartographer_no

04:12:03      UID       PID  minflt/s  majflt/s     VSZ     RSS   %MEM  Command
04:12:04        0     46383      0.00      0.00 1564200   82432   0.53  cartographer_no

04:12:04      UID       PID    %usr %system  %guest   %wait    %CPU   CPU  Command
04:12:05        0     46383   15.00    0.00    0.00    0.00   15.00     2  cartographer_no

04:12:04      UID       PID  minflt/s  majflt/s     VSZ     RSS   %MEM  Command
04:12:05        0     46383      0.00      0.00 1564200   82432   0.53  cartographer_no

04:12:05      UID       PID    %usr %system  %guest   %wait    %CPU   CPU  Command
04:12:06        0     46383   15.00    1.00    0.00    0.00   16.00     6  cartographer_no

04:12:05      UID       PID  minflt/s  majflt/s     VSZ     RSS   %MEM  Command
04:12:06        0     46383      0.00      0.00 1564200   82432   0.53  cartographer_no

04:12:06      UID       PID    %usr %system  %guest   %wait    %CPU   CPU  Command
04:12:07        0     46383   14.00    0.00    0.00    0.00   14.00     6  cartographer_no

04:12:06      UID       PID  minflt/s  majflt/s     VSZ     RSS   %MEM  Command
04:12:07        0     46383      0.00      0.00 1564200   82432   0.53  cartographer_no

04:12:07      UID       PID    %usr %system  %guest   %wait    %CPU   CPU  Command
04:12:08        0     46383   15.00    1.00    0.00    0.00   16.00     7  cartographer_no

04:12:07      UID       PID  minflt/s  majflt/s     VSZ     RSS   %MEM  Command
04:12:08        0     46383      0.00      0.00 1564200   82432   0.53  cartographer_no

04:12:08      UID       PID    %usr %system  %guest   %wait    %CPU   CPU  Command
04:12:09        0     46383   13.00    0.00    0.00    0.00   13.00     4  cartographer_no

04:12:08      UID       PID  minflt/s  majflt/s     VSZ     RSS   %MEM  Command
04:12:09        0     46383      0.00      0.00 1564200   82432   0.53  cartographer_no

04:12:09      UID       PID    %usr %system  %guest   %wait    %CPU   CPU  Command
04:12:10        0     46383   14.00    1.00    0.00    0.00   15.00     8  cartographer_no

04:12:09      UID       PID  minflt/s  majflt/s     VSZ     RSS   %MEM  Command
04:12:10        0     46383      0.00      0.00 1564200   82432   0.53  cartographer_no

04:12:10      UID       PID    %usr %system  %guest   %wait    %CPU   CPU  Command
04:12:11        0     46383   14.00    0.00    0.00    0.00   14.00     7  cartographer_no

04:12:10      UID       PID  minflt/s  majflt/s     VSZ     RSS   %MEM  Command
04:12:11        0     46383      1.00      0.00 1564200   82432   0.53  cartographer_no

04:12:11      UID       PID    %usr %system  %guest   %wait    %CPU   CPU  Command
04:12:12        0     46383   11.00    1.00    0.00    0.00   12.00     7  cartographer_no

04:12:11      UID       PID  minflt/s  majflt/s     VSZ     RSS   %MEM  Command
04:12:12        0     46383      0.00      0.00 1564200   82432   0.53  cartographer_no

04:12:12      UID       PID    %usr %system  %guest   %wait    %CPU   CPU  Command
04:12:13        0     46383   11.00    0.00    0.00    0.00   11.00     8  cartographer_no

04:12:12      UID       PID  minflt/s  majflt/s     VSZ     RSS   %MEM  Command
04:12:13        0     46383      0.00      0.00 1564200   82432   0.53  cartographer_no

04:12:13      UID       PID    %usr %system  %guest   %wait    %CPU   CPU  Command
04:12:14        0     46383   11.00    0.00    0.00    0.00   11.00     1  cartographer_no

04:12:13      UID       PID  minflt/s  majflt/s     VSZ     RSS   %MEM  Command
04:12:14        0     46383      0.00      0.00 1564200   82432   0.53  cartographer_no

04:12:14      UID       PID    %usr %system  %guest   %wait    %CPU   CPU  Command
04:12:15        0     46383   12.00    1.00    0.00    0.00   13.00     2  cartographer_no

04:12:14      UID       PID  minflt/s  majflt/s     VSZ     RSS   %MEM  Command
04:12:15        0     46383      0.00      0.00 1564200   82432   0.53  cartographer_no

04:12:15      UID       PID    %usr %system  %guest   %wait    %CPU   CPU  Command
04:12:16        0     46383   11.00    0.00    0.00    1.00   11.00     8  cartographer_no

04:12:15      UID       PID  minflt/s  majflt/s     VSZ     RSS   %MEM  Command
04:12:16        0     46383      0.00      0.00 1564200   82432   0.53  cartographer_no

04:12:16      UID       PID    %usr %system  %guest   %wait    %CPU   CPU  Command
04:12:17        0     46383   12.00    1.00    0.00    0.00   13.00     2  cartographer_no

04:12:16      UID       PID  minflt/s  majflt/s     VSZ     RSS   %MEM  Command
04:12:17        0     46383      0.00      0.00 1564200   82432   0.53  cartographer_no

04:12:17      UID       PID    %usr %system  %guest   %wait    %CPU   CPU  Command
04:12:18        0     46383   11.00    1.00    0.00    0.00   12.00     2  cartographer_no

04:12:17      UID       PID  minflt/s  majflt/s     VSZ     RSS   %MEM  Command
04:12:18        0     46383      0.00      0.00 1564200   82432   0.53  cartographer_no

04:12:18      UID       PID    %usr %system  %guest   %wait    %CPU   CPU  Command
04:12:19        0     46383   11.00    0.00    0.00    0.00   11.00     6  cartographer_no

04:12:18      UID       PID  minflt/s  majflt/s     VSZ     RSS   %MEM  Command
04:12:19        0     46383      0.00      0.00 1564200   82432   0.53  cartographer_no

04:12:19      UID       PID    %usr %system  %guest   %wait    %CPU   CPU  Command
04:12:20        0     46383   11.00    0.00    0.00    0.00   11.00     7  cartographer_no

04:12:19      UID       PID  minflt/s  majflt/s     VSZ     RSS   %MEM  Command
04:12:20        0     46383      0.00      0.00 1564200   82432   0.53  cartographer_no

04:12:20      UID       PID    %usr %system  %guest   %wait    %CPU   CPU  Command
04:12:21        0     46383   41.00    1.00    0.00    0.00   42.00    13  cartographer_no

04:12:20      UID       PID  minflt/s  majflt/s     VSZ     RSS   %MEM  Command
04:12:21        0     46383     26.00      0.00 1564200   82432   0.53  cartographer_no

04:12:21      UID       PID    %usr %system  %guest   %wait    %CPU   CPU  Command
04:12:22        0     46383   61.00    1.00    0.00    0.00   62.00     8  cartographer_no

04:12:21      UID       PID  minflt/s  majflt/s     VSZ     RSS   %MEM  Command
04:12:22        0     46383      0.00      0.00 1564200   82432   0.53  cartographer_no

04:12:22      UID       PID    %usr %system  %guest   %wait    %CPU   CPU  Command
04:12:23        0     46383   14.00    0.00    0.00    0.00   14.00     0  cartographer_no

04:12:22      UID       PID  minflt/s  majflt/s     VSZ     RSS   %MEM  Command
04:12:23        0     46383      0.00      0.00 1564200   82432   0.53  cartographer_no

04:12:23      UID       PID    %usr %system  %guest   %wait    %CPU   CPU  Command
04:12:24        0     46383   12.00    1.00    0.00    0.00   13.00     6  cartographer_no

04:12:23      UID       PID  minflt/s  majflt/s     VSZ     RSS   %MEM  Command
04:12:24        0     46383      0.00      0.00 1564200   82432   0.53  cartographer_no

04:12:24      UID       PID    %usr %system  %guest   %wait    %CPU   CPU  Command
04:12:25        0     46383   12.00    1.00    0.00    0.00   13.00     0  cartographer_no

04:12:24      UID       PID  minflt/s  majflt/s     VSZ     RSS   %MEM  Command
04:12:25        0     46383      0.00      0.00 1564200   82432   0.53  cartographer_no

04:12:25      UID       PID    %usr %system  %guest   %wait    %CPU   CPU  Command
04:12:26        0     46383   15.00    1.00    0.00    0.00   16.00     7  cartographer_no

04:12:25      UID       PID  minflt/s  majflt/s     VSZ     RSS   %MEM  Command
04:12:26        0     46383    293.00      0.00 1564200   83584   0.54  cartographer_no

04:12:26      UID       PID    %usr %system  %guest   %wait    %CPU   CPU  Command
04:12:27        0     46383   11.00    0.00    0.00    0.00   11.00     0  cartographer_no

04:12:26      UID       PID  minflt/s  majflt/s     VSZ     RSS   %MEM  Command
04:12:27        0     46383      0.00      0.00 1564200   83584   0.54  cartographer_no

04:12:27      UID       PID    %usr %system  %guest   %wait    %CPU   CPU  Command
04:12:28        0     46383   11.00    1.00    0.00    0.00   12.00     4  cartographer_no

04:12:27      UID       PID  minflt/s  majflt/s     VSZ     RSS   %MEM  Command
04:12:28        0     46383      0.00      0.00 1564200   83584   0.54  cartographer_no

04:12:28      UID       PID    %usr %system  %guest   %wait    %CPU   CPU  Command
04:12:29        0     46383   12.00    1.00    0.00    0.00   13.00    12  cartographer_no

04:12:28      UID       PID  minflt/s  majflt/s     VSZ     RSS   %MEM  Command
04:12:29        0     46383      0.00      0.00 1564200   83584   0.54  cartographer_no

04:12:29      UID       PID    %usr %system  %guest   %wait    %CPU   CPU  Command
04:12:30        0     46383   12.00    0.00    0.00    0.00   12.00     7  cartographer_no

04:12:29      UID       PID  minflt/s  majflt/s     VSZ     RSS   %MEM  Command
04:12:30        0     46383      0.00      0.00 1564200   83584   0.54  cartographer_no

04:12:30      UID       PID    %usr %system  %guest   %wait    %CPU   CPU  Command
04:12:31        0     46383   11.00    1.00    0.00    0.00   12.00     0  cartographer_no

04:12:30      UID       PID  minflt/s  majflt/s     VSZ     RSS   %MEM  Command
04:12:31        0     46383      0.00      0.00 1564200   83584   0.54  cartographer_no

04:12:31      UID       PID    %usr %system  %guest   %wait    %CPU   CPU  Command
04:12:32        0     46383   12.00    0.00    0.00    0.00   12.00    12  cartographer_no

04:12:31      UID       PID  minflt/s  majflt/s     VSZ     RSS   %MEM  Command
04:12:32        0     46383      0.00      0.00 1564200   83584   0.54  cartographer_no

04:12:32      UID       PID    %usr %system  %guest   %wait    %CPU   CPU  Command
04:12:33        0     46383   12.00    1.00    0.00    0.00   13.00     4  cartographer_no

04:12:32      UID       PID  minflt/s  majflt/s     VSZ     RSS   %MEM  Command
04:12:33        0     46383      0.00      0.00 1564200   83584   0.54  cartographer_no

04:12:33      UID       PID    %usr %system  %guest   %wait    %CPU   CPU  Command
04:12:34        0     46383   12.00    1.00    0.00    0.00   13.00     2  cartographer_no

04:12:33      UID       PID  minflt/s  majflt/s     VSZ     RSS   %MEM  Command
04:12:34        0     46383      0.00      0.00 1564200   83584   0.54  cartographer_no

04:12:34      UID       PID    %usr %system  %guest   %wait    %CPU   CPU  Command
04:12:35        0     46383   10.00    1.00    0.00    0.00   11.00     7  cartographer_no

04:12:34      UID       PID  minflt/s  majflt/s     VSZ     RSS   %MEM  Command
04:12:35        0     46383      0.00      0.00 1564200   83584   0.54  cartographer_no

04:12:35      UID       PID    %usr %system  %guest   %wait    %CPU   CPU  Command
04:12:36        0     46383   11.00    0.00    0.00    0.00   11.00     7  cartographer_no

04:12:35      UID       PID  minflt/s  majflt/s     VSZ     RSS   %MEM  Command
04:12:36        0     46383      0.00      0.00 1564200   83584   0.54  cartographer_no

04:12:36      UID       PID    %usr %system  %guest   %wait    %CPU   CPU  Command
04:12:37        0     46383   10.00    1.00    0.00    0.00   11.00     6  cartographer_no

04:12:36      UID       PID  minflt/s  majflt/s     VSZ     RSS   %MEM  Command
04:12:37        0     46383      0.00      0.00 1564200   83584   0.54  cartographer_no

04:12:37      UID       PID    %usr %system  %guest   %wait    %CPU   CPU  Command
04:12:38        0     46383   11.00    0.00    0.00    0.00   11.00     3  cartographer_no

04:12:37      UID       PID  minflt/s  majflt/s     VSZ     RSS   %MEM  Command
04:12:38        0     46383      0.00      0.00 1564200   83584   0.54  cartographer_no

04:12:38      UID       PID    %usr %system  %guest   %wait    %CPU   CPU  Command
04:12:39        0     46383   12.00    1.00    0.00    0.00   13.00     3  cartographer_no

04:12:38      UID       PID  minflt/s  majflt/s     VSZ     RSS   %MEM  Command
04:12:39        0     46383      0.00      0.00 1564200   83584   0.54  cartographer_no

04:12:39      UID       PID    %usr %system  %guest   %wait    %CPU   CPU  Command
04:12:40        0     46383   13.00    1.00    0.00    0.00   14.00     3  cartographer_no

04:12:39      UID       PID  minflt/s  majflt/s     VSZ     RSS   %MEM  Command
04:12:40        0     46383      0.00      0.00 1564200   83584   0.54  cartographer_no

04:12:40      UID       PID    %usr %system  %guest   %wait    %CPU   CPU  Command
04:12:41        0     46383   13.00    0.00    0.00    0.00   13.00     0  cartographer_no

04:12:40      UID       PID  minflt/s  majflt/s     VSZ     RSS   %MEM  Command
04:12:41        0     46383      0.00      0.00 1564200   83584   0.54  cartographer_no

04:12:41      UID       PID    %usr %system  %guest   %wait    %CPU   CPU  Command
04:12:42        0     46383   12.00    1.00    0.00    0.00   13.00    15  cartographer_no

04:12:41      UID       PID  minflt/s  majflt/s     VSZ     RSS   %MEM  Command
04:12:42        0     46383      0.00      0.00 1564200   83584   0.54  cartographer_no

04:12:42      UID       PID    %usr %system  %guest   %wait    %CPU   CPU  Command
04:12:43        0     46383   11.00    0.00    0.00    0.00   11.00     4  cartographer_no

04:12:42      UID       PID  minflt/s  majflt/s     VSZ     RSS   %MEM  Command
04:12:43        0     46383      0.00      0.00 1564200   83584   0.54  cartographer_no

04:12:43      UID       PID    %usr %system  %guest   %wait    %CPU   CPU  Command
04:12:44        0     46383   12.00    0.00    0.00    0.00   12.00     6  cartographer_no

04:12:43      UID       PID  minflt/s  majflt/s     VSZ     RSS   %MEM  Command
04:12:44        0     46383      0.00      0.00 1564200   83584   0.54  cartographer_no

04:12:44      UID       PID    %usr %system  %guest   %wait    %CPU   CPU  Command
04:12:45        0     46383   11.00    1.00    0.00    0.00   12.00     6  cartographer_no

04:12:44      UID       PID  minflt/s  majflt/s     VSZ     RSS   %MEM  Command
04:12:45        0     46383      0.00      0.00 1564200   83584   0.54  cartographer_no

04:12:45      UID       PID    %usr %system  %guest   %wait    %CPU   CPU  Command
04:12:46        0     46383   12.00    0.00    0.00    0.00   12.00     4  cartographer_no

04:12:45      UID       PID  minflt/s  majflt/s     VSZ     RSS   %MEM  Command
04:12:46        0     46383      0.00      0.00 1564200   83584   0.54  cartographer_no

04:12:46      UID       PID    %usr %system  %guest   %wait    %CPU   CPU  Command
04:12:47        0     46383   12.00    1.00    0.00    0.00   13.00     0  cartographer_no

04:12:46      UID       PID  minflt/s  majflt/s     VSZ     RSS   %MEM  Command
04:12:47        0     46383      0.00      0.00 1564200   83584   0.54  cartographer_no

04:12:47      UID       PID    %usr %system  %guest   %wait    %CPU   CPU  Command
04:12:48        0     46383   11.00    1.00    0.00    0.00   12.00     6  cartographer_no

04:12:47      UID       PID  minflt/s  majflt/s     VSZ     RSS   %MEM  Command
04:12:48        0     46383      0.00      0.00 1564200   83584   0.54  cartographer_no

04:12:48      UID       PID    %usr %system  %guest   %wait    %CPU   CPU  Command
04:12:49        0     46383   15.00    1.00    0.00    0.00   16.00     2  cartographer_no

04:12:48      UID       PID  minflt/s  majflt/s     VSZ     RSS   %MEM  Command
04:12:49        0     46383      0.00      0.00 1564200   83584   0.54  cartographer_no

04:12:49      UID       PID    %usr %system  %guest   %wait    %CPU   CPU  Command
04:12:50        0     46383   14.00    0.00    0.00    0.00   14.00     2  cartographer_no

04:12:49      UID       PID  minflt/s  majflt/s     VSZ     RSS   %MEM  Command
04:12:50        0     46383      0.00      0.00 1564200   83584   0.54  cartographer_no

04:12:50      UID       PID    %usr %system  %guest   %wait    %CPU   CPU  Command
04:12:51        0     46383   15.00    0.00    0.00    0.00   15.00     6  cartographer_no

04:12:50      UID       PID  minflt/s  majflt/s     VSZ     RSS   %MEM  Command
04:12:51        0     46383      0.00      0.00 1564200   83584   0.54  cartographer_no

04:12:51      UID       PID    %usr %system  %guest   %wait    %CPU   CPU  Command
04:12:52        0     46383   14.00    1.00    0.00    0.00   15.00     6  cartographer_no

04:12:51      UID       PID  minflt/s  majflt/s     VSZ     RSS   %MEM  Command
04:12:52        0     46383      0.00      0.00 1564200   83584   0.54  cartographer_no

04:12:52      UID       PID    %usr %system  %guest   %wait    %CPU   CPU  Command
04:12:53        0     46383   12.00    1.00    0.00    1.00   13.00     0  cartographer_no

04:12:52      UID       PID  minflt/s  majflt/s     VSZ     RSS   %MEM  Command
04:12:53        0     46383      0.00      0.00 1564200   83584   0.54  cartographer_no

04:12:53      UID       PID    %usr %system  %guest   %wait    %CPU   CPU  Command
04:12:54        0     46383   16.00    1.00    0.00    0.00   17.00     8  cartographer_no

04:12:53      UID       PID  minflt/s  majflt/s     VSZ     RSS   %MEM  Command
04:12:54        0     46383      0.00      0.00 1564200   83584   0.54  cartographer_no

04:12:54      UID       PID    %usr %system  %guest   %wait    %CPU   CPU  Command
04:12:55        0     46383   16.00    1.00    0.00    0.00   17.00     0  cartographer_no

04:12:54      UID       PID  minflt/s  majflt/s     VSZ     RSS   %MEM  Command
04:12:55        0     46383      0.00      0.00 1564200   83584   0.54  cartographer_no

04:12:55      UID       PID    %usr %system  %guest   %wait    %CPU   CPU  Command
04:12:56        0     46383   14.00    0.00    0.00    0.00   14.00     5  cartographer_no

04:12:55      UID       PID  minflt/s  majflt/s     VSZ     RSS   %MEM  Command
04:12:56        0     46383      0.00      0.00 1564200   83584   0.54  cartographer_no

04:12:56      UID       PID    %usr %system  %guest   %wait    %CPU   CPU  Command
04:12:57        0     46383   14.00    1.00    0.00    0.00   15.00     0  cartographer_no

04:12:56      UID       PID  minflt/s  majflt/s     VSZ     RSS   %MEM  Command
04:12:57        0     46383      0.00      0.00 1564200   83584   0.54  cartographer_no

04:12:57      UID       PID    %usr %system  %guest   %wait    %CPU   CPU  Command
04:12:58        0     46383   17.00    0.00    0.00    0.00   17.00     6  cartographer_no

04:12:57      UID       PID  minflt/s  majflt/s     VSZ     RSS   %MEM  Command
04:12:58        0     46383      0.00      0.00 1564200   83584   0.54  cartographer_no

04:12:58      UID       PID    %usr %system  %guest   %wait    %CPU   CPU  Command
04:12:59        0     46383   14.00    0.00    0.00    0.00   14.00     8  cartographer_no

04:12:58      UID       PID  minflt/s  majflt/s     VSZ     RSS   %MEM  Command
04:12:59        0     46383      0.00      0.00 1564200   83584   0.54  cartographer_no

04:12:59      UID       PID    %usr %system  %guest   %wait    %CPU   CPU  Command
04:13:00        0     46383   12.00    1.00    0.00    0.00   13.00    12  cartographer_no

04:12:59      UID       PID  minflt/s  majflt/s     VSZ     RSS   %MEM  Command
04:13:00        0     46383      0.00      0.00 1564200   83584   0.54  cartographer_no

04:13:00      UID       PID    %usr %system  %guest   %wait    %CPU   CPU  Command
04:13:01        0     46383   12.00    1.00    0.00    0.00   13.00     2  cartographer_no

04:13:00      UID       PID  minflt/s  majflt/s     VSZ     RSS   %MEM  Command
04:13:01        0     46383      0.00      0.00 1564200   83584   0.54  cartographer_no

04:13:01      UID       PID    %usr %system  %guest   %wait    %CPU   CPU  Command
04:13:02        0     46383   13.00    0.00    0.00    0.00   13.00     2  cartographer_no

04:13:01      UID       PID  minflt/s  majflt/s     VSZ     RSS   %MEM  Command
04:13:02        0     46383      0.00      0.00 1564200   83584   0.54  cartographer_no

04:13:02      UID       PID    %usr %system  %guest   %wait    %CPU   CPU  Command
04:13:03        0     46383   11.00    1.00    0.00    0.00   12.00     6  cartographer_no

04:13:02      UID       PID  minflt/s  majflt/s     VSZ     RSS   %MEM  Command
04:13:03        0     46383      0.00      0.00 1564200   83584   0.54  cartographer_no

04:13:03      UID       PID    %usr %system  %guest   %wait    %CPU   CPU  Command
04:13:04        0     46383   14.00    1.00    0.00    0.00   15.00    12  cartographer_no

04:13:03      UID       PID  minflt/s  majflt/s     VSZ     RSS   %MEM  Command
04:13:04        0     46383      0.00      0.00 1564200   83584   0.54  cartographer_no

04:13:04      UID       PID    %usr %system  %guest   %wait    %CPU   CPU  Command
04:13:05        0     46383   12.00    1.00    0.00    0.00   13.00     4  cartographer_no

04:13:04      UID       PID  minflt/s  majflt/s     VSZ     RSS   %MEM  Command
04:13:05        0     46383      0.00      0.00 1564200   83584   0.54  cartographer_no

04:13:05      UID       PID    %usr %system  %guest   %wait    %CPU   CPU  Command
04:13:06        0     46383   12.00    0.00    0.00    0.00   12.00     3  cartographer_no

04:13:05      UID       PID  minflt/s  majflt/s     VSZ     RSS   %MEM  Command
04:13:06        0     46383      0.00      0.00 1564200   83584   0.54  cartographer_no

04:13:06      UID       PID    %usr %system  %guest   %wait    %CPU   CPU  Command
04:13:07        0     46383   15.00    1.00    0.00    0.00   16.00     6  cartographer_no

04:13:06      UID       PID  minflt/s  majflt/s     VSZ     RSS   %MEM  Command
04:13:07        0     46383      0.00      0.00 1564200   83584   0.54  cartographer_no

04:13:07      UID       PID    %usr %system  %guest   %wait    %CPU   CPU  Command
04:13:08        0     46383   18.00    1.00    0.00    0.00   19.00     2  cartographer_no

04:13:07      UID       PID  minflt/s  majflt/s     VSZ     RSS   %MEM  Command
04:13:08        0     46383     39.00      0.00 1564200   83712   0.54  cartographer_no

04:13:08      UID       PID    %usr %system  %guest   %wait    %CPU   CPU  Command
04:13:09        0     46383   81.00    0.00    0.00    0.00   81.00     0  cartographer_no

04:13:08      UID       PID  minflt/s  majflt/s     VSZ     RSS   %MEM  Command
04:13:09        0     46383    606.00      0.00 1565448   86016   0.55  cartographer_no

04:13:09      UID       PID    %usr %system  %guest   %wait    %CPU   CPU  Command
04:13:10        0     46383   15.00    0.00    0.00    0.00   15.00     2  cartographer_no

04:13:09      UID       PID  minflt/s  majflt/s     VSZ     RSS   %MEM  Command
04:13:10        0     46383      0.00      0.00 1565448   86016   0.55  cartographer_no

04:13:10      UID       PID    %usr %system  %guest   %wait    %CPU   CPU  Command
04:13:11        0     46383   13.00    3.00    0.00    0.00   16.00     6  cartographer_no

04:13:10      UID       PID  minflt/s  majflt/s     VSZ     RSS   %MEM  Command
04:13:11        0     46383      0.00      0.00 1565448   86016   0.55  cartographer_no

04:13:11      UID       PID    %usr %system  %guest   %wait    %CPU   CPU  Command
04:13:12        0     46383   16.00    0.00    0.00    0.00   16.00     6  cartographer_no

04:13:11      UID       PID  minflt/s  majflt/s     VSZ     RSS   %MEM  Command
04:13:12        0     46383      0.00      0.00 1565448   86016   0.55  cartographer_no

04:13:12      UID       PID    %usr %system  %guest   %wait    %CPU   CPU  Command
04:13:13        0     46383   19.00    1.00    0.00    0.00   20.00     6  cartographer_no

04:13:12      UID       PID  minflt/s  majflt/s     VSZ     RSS   %MEM  Command
04:13:13        0     46383    363.00      0.00 1565448   87552   0.56  cartographer_no

04:13:13      UID       PID    %usr %system  %guest   %wait    %CPU   CPU  Command
04:13:14        0     46383   15.00    0.00    0.00    0.00   15.00     7  cartographer_no

04:13:13      UID       PID  minflt/s  majflt/s     VSZ     RSS   %MEM  Command
04:13:14        0     46383      0.00      0.00 1565448   87552   0.56  cartographer_no

04:13:14      UID       PID    %usr %system  %guest   %wait    %CPU   CPU  Command
04:13:15        0     46383   14.00    0.00    0.00    1.00   14.00     2  cartographer_no

04:13:14      UID       PID  minflt/s  majflt/s     VSZ     RSS   %MEM  Command
04:13:15        0     46383      0.00      0.00 1565448   87552   0.56  cartographer_no

04:13:15      UID       PID    %usr %system  %guest   %wait    %CPU   CPU  Command
04:13:16        0     46383   15.00    0.00    0.00    0.00   15.00     9  cartographer_no

04:13:15      UID       PID  minflt/s  majflt/s     VSZ     RSS   %MEM  Command
04:13:16        0     46383      0.00      0.00 1565448   87552   0.56  cartographer_no

04:13:16      UID       PID    %usr %system  %guest   %wait    %CPU   CPU  Command
04:13:17        0     46383   16.00    1.00    0.00    0.00   17.00     6  cartographer_no

04:13:16      UID       PID  minflt/s  majflt/s     VSZ     RSS   %MEM  Command
04:13:17        0     46383      0.00      0.00 1565448   87552   0.56  cartographer_no

04:13:17      UID       PID    %usr %system  %guest   %wait    %CPU   CPU  Command
04:13:18        0     46383   10.00    0.00    0.00    0.00   10.00     8  cartographer_no

04:13:17      UID       PID  minflt/s  majflt/s     VSZ     RSS   %MEM  Command
04:13:18        0     46383      0.00      0.00 1565448   87552   0.56  cartographer_no

04:13:18      UID       PID    %usr %system  %guest   %wait    %CPU   CPU  Command
04:13:19        0     46383   12.00    0.00    0.00    0.00   12.00    14  cartographer_no

04:13:18      UID       PID  minflt/s  majflt/s     VSZ     RSS   %MEM  Command
04:13:19        0     46383      0.00      0.00 1565448   87552   0.56  cartographer_no

04:13:19      UID       PID    %usr %system  %guest   %wait    %CPU   CPU  Command
04:13:20        0     46383   13.00    1.00    0.00    0.00   14.00     2  cartographer_no

04:13:19      UID       PID  minflt/s  majflt/s     VSZ     RSS   %MEM  Command
04:13:20        0     46383      0.00      0.00 1565448   87552   0.56  cartographer_no

04:13:20      UID       PID    %usr %system  %guest   %wait    %CPU   CPU  Command
04:13:21        0     46383   12.00    1.00    0.00    0.00   13.00     2  cartographer_no

04:13:20      UID       PID  minflt/s  majflt/s     VSZ     RSS   %MEM  Command
04:13:21        0     46383      0.00      0.00 1565448   87552   0.56  cartographer_no

04:13:21      UID       PID    %usr %system  %guest   %wait    %CPU   CPU  Command
04:13:22        0     46383   12.00    0.00    0.00    0.00   12.00     6  cartographer_no

04:13:21      UID       PID  minflt/s  majflt/s     VSZ     RSS   %MEM  Command
04:13:22        0     46383      0.00      0.00 1565448   87552   0.56  cartographer_no

04:13:22      UID       PID    %usr %system  %guest   %wait    %CPU   CPU  Command
04:13:23        0     46383   14.00    0.00    0.00    0.00   14.00     8  cartographer_no

04:13:22      UID       PID  minflt/s  majflt/s     VSZ     RSS   %MEM  Command
04:13:23        0     46383      0.00      0.00 1565448   87552   0.56  cartographer_no

04:13:23      UID       PID    %usr %system  %guest   %wait    %CPU   CPU  Command
04:13:24        0     46383   12.00    0.00    0.00    0.00   12.00    12  cartographer_no

04:13:23      UID       PID  minflt/s  majflt/s     VSZ     RSS   %MEM  Command
04:13:24        0     46383      0.00      0.00 1565448   87552   0.56  cartographer_no

04:13:24      UID       PID    %usr %system  %guest   %wait    %CPU   CPU  Command
04:13:25        0     46383   13.00    1.00    0.00    0.00   14.00     6  cartographer_no

04:13:24      UID       PID  minflt/s  majflt/s     VSZ     RSS   %MEM  Command
04:13:25        0     46383      0.00      0.00 1565448   87552   0.56  cartographer_no

04:13:25      UID       PID    %usr %system  %guest   %wait    %CPU   CPU  Command
04:13:26        0     46383   12.00    0.00    0.00    0.00   12.00     2  cartographer_no

04:13:25      UID       PID  minflt/s  majflt/s     VSZ     RSS   %MEM  Command
04:13:26        0     46383      0.00      0.00 1565448   87552   0.56  cartographer_no

04:13:26      UID       PID    %usr %system  %guest   %wait    %CPU   CPU  Command
04:13:27        0     46383   12.00    1.00    0.00    0.00   13.00     6  cartographer_no

04:13:26      UID       PID  minflt/s  majflt/s     VSZ     RSS   %MEM  Command
04:13:27        0     46383      0.00      0.00 1565448   87552   0.56  cartographer_no

04:13:27      UID       PID    %usr %system  %guest   %wait    %CPU   CPU  Command
04:13:28        0     46383   12.00    0.00    0.00    0.00   12.00    14  cartographer_no

04:13:27      UID       PID  minflt/s  majflt/s     VSZ     RSS   %MEM  Command
04:13:28        0     46383      0.00      0.00 1565448   87552   0.56  cartographer_no

04:13:28      UID       PID    %usr %system  %guest   %wait    %CPU   CPU  Command
04:13:29        0     46383   13.00    0.00    0.00    0.00   13.00     6  cartographer_no

04:13:28      UID       PID  minflt/s  majflt/s     VSZ     RSS   %MEM  Command
04:13:29        0     46383      0.00      0.00 1565448   87552   0.56  cartographer_no

04:13:29      UID       PID    %usr %system  %guest   %wait    %CPU   CPU  Command
04:13:30        0     46383   12.00    0.00    0.00    0.00   12.00     4  cartographer_no

04:13:29      UID       PID  minflt/s  majflt/s     VSZ     RSS   %MEM  Command
04:13:30        0     46383      0.00      0.00 1565448   87552   0.56  cartographer_no

04:13:30      UID       PID    %usr %system  %guest   %wait    %CPU   CPU  Command
04:13:31        0     46383   11.00    0.00    0.00    0.00   11.00     7  cartographer_no

04:13:30      UID       PID  minflt/s  majflt/s     VSZ     RSS   %MEM  Command
04:13:31        0     46383      0.00      0.00 1565448   87552   0.56  cartographer_no

04:13:31      UID       PID    %usr %system  %guest   %wait    %CPU   CPU  Command
04:13:32        0     46383   13.00    0.00    0.00    0.00   13.00     2  cartographer_no

04:13:31      UID       PID  minflt/s  majflt/s     VSZ     RSS   %MEM  Command
04:13:32        0     46383      0.00      0.00 1565448   87552   0.56  cartographer_no

04:13:32      UID       PID    %usr %system  %guest   %wait    %CPU   CPU  Command
04:13:33        0     46383   10.00    1.00    0.00    0.00   11.00     6  cartographer_no

04:13:32      UID       PID  minflt/s  majflt/s     VSZ     RSS   %MEM  Command
04:13:33        0     46383      0.00      0.00 1565448   87552   0.56  cartographer_no

04:13:33      UID       PID    %usr %system  %guest   %wait    %CPU   CPU  Command
04:13:34        0     46383   13.00    0.00    0.00    0.00   13.00     2  cartographer_no

04:13:33      UID       PID  minflt/s  majflt/s     VSZ     RSS   %MEM  Command
04:13:34        0     46383      0.00      0.00 1565448   87552   0.56  cartographer_no

04:13:34      UID       PID    %usr %system  %guest   %wait    %CPU   CPU  Command
04:13:35        0     46383   11.00    0.00    0.00    0.00   11.00    14  cartographer_no

04:13:34      UID       PID  minflt/s  majflt/s     VSZ     RSS   %MEM  Command
04:13:35        0     46383      0.00      0.00 1565448   87552   0.56  cartographer_no

04:13:35      UID       PID    %usr %system  %guest   %wait    %CPU   CPU  Command
04:13:36        0     46383   10.89    0.99    0.00    0.00   11.88     8  cartographer_no

04:13:35      UID       PID  minflt/s  majflt/s     VSZ     RSS   %MEM  Command
04:13:36        0     46383      0.00      0.00 1565448   87552   0.56  cartographer_no

04:13:36      UID       PID    %usr %system  %guest   %wait    %CPU   CPU  Command
04:13:37        0     46383   13.00    0.00    0.00    0.00   13.00     8  cartographer_no

04:13:36      UID       PID  minflt/s  majflt/s     VSZ     RSS   %MEM  Command
04:13:37        0     46383      0.00      0.00 1565448   87552   0.56  cartographer_no

04:13:37      UID       PID    %usr %system  %guest   %wait    %CPU   CPU  Command
04:13:38        0     46383   12.00    0.00    0.00    0.00   12.00     0  cartographer_no

04:13:37      UID       PID  minflt/s  majflt/s     VSZ     RSS   %MEM  Command
04:13:38        0     46383      0.00      0.00 1565448   87552   0.56  cartographer_no

04:13:38      UID       PID    %usr %system  %guest   %wait    %CPU   CPU  Command
04:13:39        0     46383   11.00    0.00    0.00    0.00   11.00     8  cartographer_no

04:13:38      UID       PID  minflt/s  majflt/s     VSZ     RSS   %MEM  Command
04:13:39        0     46383      0.00      0.00 1565448   87552   0.56  cartographer_no

04:13:39      UID       PID    %usr %system  %guest   %wait    %CPU   CPU  Command
04:13:40        0     46383   13.00    3.00    0.00    0.00   16.00     8  cartographer_no

04:13:39      UID       PID  minflt/s  majflt/s     VSZ     RSS   %MEM  Command
04:13:40        0     46383      0.00      0.00 1565448   87552   0.56  cartographer_no

04:13:40      UID       PID    %usr %system  %guest   %wait    %CPU   CPU  Command
04:13:41        0     46383   14.00    1.00    0.00    0.00   15.00     2  cartographer_no

04:13:40      UID       PID  minflt/s  majflt/s     VSZ     RSS   %MEM  Command
04:13:41        0     46383      0.00      0.00 1565448   87552   0.56  cartographer_no

04:13:41      UID       PID    %usr %system  %guest   %wait    %CPU   CPU  Command
04:13:42        0     46383   11.00    2.00    0.00    0.00   13.00    10  cartographer_no

04:13:41      UID       PID  minflt/s  majflt/s     VSZ     RSS   %MEM  Command
04:13:42        0     46383      0.00      0.00 1565448   87552   0.56  cartographer_no

04:13:42      UID       PID    %usr %system  %guest   %wait    %CPU   CPU  Command
04:13:43        0     46383   12.00    0.00    0.00    0.00   12.00     7  cartographer_no

04:13:42      UID       PID  minflt/s  majflt/s     VSZ     RSS   %MEM  Command
04:13:43        0     46383      0.00      0.00 1565448   87552   0.56  cartographer_no

04:13:43      UID       PID    %usr %system  %guest   %wait    %CPU   CPU  Command
04:13:44        0     46383   10.00    1.00    0.00    0.00   11.00     4  cartographer_no

04:13:43      UID       PID  minflt/s  majflt/s     VSZ     RSS   %MEM  Command
04:13:44        0     46383      0.00      0.00 1565448   87552   0.56  cartographer_no

04:13:44      UID       PID    %usr %system  %guest   %wait    %CPU   CPU  Command
04:13:45        0     46383   11.00    1.00    0.00    0.00   12.00     2  cartographer_no

04:13:44      UID       PID  minflt/s  majflt/s     VSZ     RSS   %MEM  Command
04:13:45        0     46383      0.00      0.00 1565448   87552   0.56  cartographer_no

04:13:45      UID       PID    %usr %system  %guest   %wait    %CPU   CPU  Command
04:13:46        0     46383   11.00    1.00    0.00    0.00   12.00    14  cartographer_no

04:13:45      UID       PID  minflt/s  majflt/s     VSZ     RSS   %MEM  Command
04:13:46        0     46383      0.00      0.00 1565448   87552   0.56  cartographer_no

04:13:46      UID       PID    %usr %system  %guest   %wait    %CPU   CPU  Command
04:13:47        0     46383   11.00    0.00    0.00    0.00   11.00     2  cartographer_no

04:13:46      UID       PID  minflt/s  majflt/s     VSZ     RSS   %MEM  Command
04:13:47        0     46383      0.00      0.00 1565448   87552   0.56  cartographer_no

04:13:47      UID       PID    %usr %system  %guest   %wait    %CPU   CPU  Command
04:13:48        0     46383   16.00    1.00    0.00    0.00   17.00     2  cartographer_no

04:13:47      UID       PID  minflt/s  majflt/s     VSZ     RSS   %MEM  Command
04:13:48        0     46383      0.00      0.00 1565448   87552   0.56  cartographer_no

04:13:48      UID       PID    %usr %system  %guest   %wait    %CPU   CPU  Command
04:13:49        0     46383   57.00    1.00    0.00    0.00   58.00     2  cartographer_no

04:13:48      UID       PID  minflt/s  majflt/s     VSZ     RSS   %MEM  Command
04:13:49        0     46383      0.00      0.00 1565448   87552   0.56  cartographer_no

04:13:49      UID       PID    %usr %system  %guest   %wait    %CPU   CPU  Command
04:13:50        0     46383   15.00    1.00    0.00    0.00   16.00     8  cartographer_no

04:13:49      UID       PID  minflt/s  majflt/s     VSZ     RSS   %MEM  Command
04:13:50        0     46383      0.00      0.00 1565448   87552   0.56  cartographer_no

04:13:50      UID       PID    %usr %system  %guest   %wait    %CPU   CPU  Command
04:13:51        0     46383   15.00    1.00    0.00    0.00   16.00     7  cartographer_no

04:13:50      UID       PID  minflt/s  majflt/s     VSZ     RSS   %MEM  Command
04:13:51        0     46383      0.00      0.00 1565448   87552   0.56  cartographer_no

04:13:51      UID       PID    %usr %system  %guest   %wait    %CPU   CPU  Command
04:13:52        0     46383   18.00    0.00    0.00    0.00   18.00     2  cartographer_no

04:13:51      UID       PID  minflt/s  majflt/s     VSZ     RSS   %MEM  Command
04:13:52        0     46383      0.00      0.00 1565448   87552   0.56  cartographer_no

04:13:52      UID       PID    %usr %system  %guest   %wait    %CPU   CPU  Command
04:13:53        0     46383   15.00    1.00    0.00    0.00   16.00     6  cartographer_no

04:13:52      UID       PID  minflt/s  majflt/s     VSZ     RSS   %MEM  Command
04:13:53        0     46383      0.00      0.00 1565448   87552   0.56  cartographer_no

04:13:53      UID       PID    %usr %system  %guest   %wait    %CPU   CPU  Command
04:13:54        0     46383   22.00    1.00    0.00    0.00   23.00     2  cartographer_no

04:13:53      UID       PID  minflt/s  majflt/s     VSZ     RSS   %MEM  Command
04:13:54        0     46383    526.00      0.00 1565448   89408   0.57  cartographer_no

04:13:54      UID       PID    %usr %system  %guest   %wait    %CPU   CPU  Command
04:13:55        0     46383   15.00    1.00    0.00    0.00   16.00     3  cartographer_no

04:13:54      UID       PID  minflt/s  majflt/s     VSZ     RSS   %MEM  Command
04:13:55        0     46383      0.00      0.00 1565448   89408   0.57  cartographer_no

04:13:55      UID       PID    %usr %system  %guest   %wait    %CPU   CPU  Command
04:13:56        0     46383   16.00    0.00    0.00    0.00   16.00     3  cartographer_no

04:13:55      UID       PID  minflt/s  majflt/s     VSZ     RSS   %MEM  Command
04:13:56        0     46383      0.00      0.00 1565448   89408   0.57  cartographer_no

04:13:56      UID       PID    %usr %system  %guest   %wait    %CPU   CPU  Command
04:13:57        0     46383   14.00    1.00    0.00    1.00   15.00    14  cartographer_no

04:13:56      UID       PID  minflt/s  majflt/s     VSZ     RSS   %MEM  Command
04:13:57        0     46383      0.00      0.00 1565448   89408   0.57  cartographer_no

04:13:57      UID       PID    %usr %system  %guest   %wait    %CPU   CPU  Command
04:13:58        0     46383   18.00    0.00    0.00    0.00   18.00     0  cartographer_no

04:13:57      UID       PID  minflt/s  majflt/s     VSZ     RSS   %MEM  Command
04:13:58        0     46383      0.00      0.00 1565448   89408   0.57  cartographer_no

04:13:58      UID       PID    %usr %system  %guest   %wait    %CPU   CPU  Command
04:13:59        0     46383   13.00    1.00    0.00    0.00   14.00     8  cartographer_no

04:13:58      UID       PID  minflt/s  majflt/s     VSZ     RSS   %MEM  Command
04:13:59        0     46383      0.00      0.00 1565448   89408   0.57  cartographer_no

04:13:59      UID       PID    %usr %system  %guest   %wait    %CPU   CPU  Command
04:14:00        0     46383   13.00    0.00    0.00    0.00   13.00     2  cartographer_no

04:13:59      UID       PID  minflt/s  majflt/s     VSZ     RSS   %MEM  Command
04:14:00        0     46383      0.00      0.00 1565448   89408   0.57  cartographer_no

04:14:00      UID       PID    %usr %system  %guest   %wait    %CPU   CPU  Command
04:14:01        0     46383   12.00    1.00    0.00    0.00   13.00     4  cartographer_no

04:14:00      UID       PID  minflt/s  majflt/s     VSZ     RSS   %MEM  Command
04:14:01        0     46383      0.00      0.00 1565448   89408   0.57  cartographer_no

04:14:01      UID       PID    %usr %system  %guest   %wait    %CPU   CPU  Command
04:14:02        0     46383   12.00    1.00    0.00    0.00   13.00     6  cartographer_no

04:14:01      UID       PID  minflt/s  majflt/s     VSZ     RSS   %MEM  Command
04:14:02        0     46383      0.00      0.00 1565448   89408   0.57  cartographer_no

04:14:02      UID       PID    %usr %system  %guest   %wait    %CPU   CPU  Command
04:14:03        0     46383   13.00    0.00    0.00    0.00   13.00     8  cartographer_no

04:14:02      UID       PID  minflt/s  majflt/s     VSZ     RSS   %MEM  Command
04:14:03        0     46383      0.00      0.00 1565448   89408   0.57  cartographer_no

04:14:03      UID       PID    %usr %system  %guest   %wait    %CPU   CPU  Command
04:14:04        0     46383   12.00    1.00    0.00    0.00   13.00     6  cartographer_no

04:14:03      UID       PID  minflt/s  majflt/s     VSZ     RSS   %MEM  Command
04:14:04        0     46383      0.00      0.00 1565448   89408   0.57  cartographer_no

04:14:04      UID       PID    %usr %system  %guest   %wait    %CPU   CPU  Command
04:14:05        0     46383   13.00    0.00    0.00    0.00   13.00     0  cartographer_no

04:14:04      UID       PID  minflt/s  majflt/s     VSZ     RSS   %MEM  Command
04:14:05        0     46383      0.00      0.00 1565448   89408   0.57  cartographer_no

04:14:05      UID       PID    %usr %system  %guest   %wait    %CPU   CPU  Command
04:14:06        0     46383   15.00    1.00    0.00    0.00   16.00     2  cartographer_no

04:14:05      UID       PID  minflt/s  majflt/s     VSZ     RSS   %MEM  Command
04:14:06        0     46383      0.00      0.00 1565448   89408   0.57  cartographer_no

04:14:06      UID       PID    %usr %system  %guest   %wait    %CPU   CPU  Command
04:14:07        0     46383   18.00    1.00    0.00    0.00   19.00     2  cartographer_no

04:14:06      UID       PID  minflt/s  majflt/s     VSZ     RSS   %MEM  Command
04:14:07        0     46383      0.00      0.00 1565448   89408   0.57  cartographer_no

04:14:07      UID       PID    %usr %system  %guest   %wait    %CPU   CPU  Command
04:14:08        0     46383   19.00    0.00    0.00    0.00   19.00     6  cartographer_no

04:14:07      UID       PID  minflt/s  majflt/s     VSZ     RSS   %MEM  Command
04:14:08        0     46383      1.00      0.00 1565448   89408   0.57  cartographer_no

04:14:08      UID       PID    %usr %system  %guest   %wait    %CPU   CPU  Command
04:14:09        0     46383   18.00    1.00    0.00    0.00   19.00    10  cartographer_no

04:14:08      UID       PID  minflt/s  majflt/s     VSZ     RSS   %MEM  Command
04:14:09        0     46383      0.00      0.00 1565448   89408   0.57  cartographer_no

04:14:09      UID       PID    %usr %system  %guest   %wait    %CPU   CPU  Command
04:14:10        0     46383   19.00    1.00    0.00    0.00   20.00     0  cartographer_no

04:14:09      UID       PID  minflt/s  majflt/s     VSZ     RSS   %MEM  Command
04:14:10        0     46383      0.00      0.00 1565448   89408   0.57  cartographer_no

04:14:10      UID       PID    %usr %system  %guest   %wait    %CPU   CPU  Command
04:14:11        0     46383   22.00    1.00    0.00    0.00   23.00    12  cartographer_no

04:14:10      UID       PID  minflt/s  majflt/s     VSZ     RSS   %MEM  Command
04:14:11        0     46383      0.00      0.00 1565448   89408   0.57  cartographer_no

04:14:11      UID       PID    %usr %system  %guest   %wait    %CPU   CPU  Command
04:14:12        0     46383   18.00    1.00    0.00    0.00   19.00     6  cartographer_no

04:14:11      UID       PID  minflt/s  majflt/s     VSZ     RSS   %MEM  Command
04:14:12        0     46383      0.00      0.00 1565448   89408   0.57  cartographer_no

04:14:12      UID       PID    %usr %system  %guest   %wait    %CPU   CPU  Command
04:14:13        0     46383   18.00    0.00    0.00    0.00   18.00     4  cartographer_no

04:14:12      UID       PID  minflt/s  majflt/s     VSZ     RSS   %MEM  Command
04:14:13        0     46383      0.00      0.00 1565448   89408   0.57  cartographer_no

04:14:13      UID       PID    %usr %system  %guest   %wait    %CPU   CPU  Command
04:14:14        0     46383   20.00    1.00    0.00    0.00   21.00     2  cartographer_no

04:14:13      UID       PID  minflt/s  majflt/s     VSZ     RSS   %MEM  Command
04:14:14        0     46383      0.00      0.00 1565448   89408   0.57  cartographer_no

04:14:14      UID       PID    %usr %system  %guest   %wait    %CPU   CPU  Command
04:14:15        0     46383   19.00    0.00    0.00    0.00   19.00     7  cartographer_no

04:14:14      UID       PID  minflt/s  majflt/s     VSZ     RSS   %MEM  Command
04:14:15        0     46383      0.00      0.00 1565448   89408   0.57  cartographer_no

04:14:15      UID       PID    %usr %system  %guest   %wait    %CPU   CPU  Command
04:14:16        0     46383   15.00    1.00    0.00    0.00   16.00     4  cartographer_no

04:14:15      UID       PID  minflt/s  majflt/s     VSZ     RSS   %MEM  Command
04:14:16        0     46383      0.00      0.00 1565448   89408   0.57  cartographer_no

04:14:16      UID       PID    %usr %system  %guest   %wait    %CPU   CPU  Command
04:14:17        0     46383   19.00    1.00    0.00    0.00   20.00     6  cartographer_no

04:14:16      UID       PID  minflt/s  majflt/s     VSZ     RSS   %MEM  Command
04:14:17        0     46383      0.00      0.00 1565448   89408   0.57  cartographer_no

04:14:17      UID       PID    %usr %system  %guest   %wait    %CPU   CPU  Command
04:14:18        0     46383   21.00    0.00    0.00    0.00   21.00    10  cartographer_no

04:14:17      UID       PID  minflt/s  majflt/s     VSZ     RSS   %MEM  Command
04:14:18        0     46383      0.00      0.00 1565448   89408   0.57  cartographer_no

04:14:18      UID       PID    %usr %system  %guest   %wait    %CPU   CPU  Command
04:14:19        0     46383   23.00    1.00    0.00    0.00   24.00     2  cartographer_no

04:14:18      UID       PID  minflt/s  majflt/s     VSZ     RSS   %MEM  Command
04:14:19        0     46383      0.00      0.00 1565448   89408   0.57  cartographer_no

04:14:19      UID       PID    %usr %system  %guest   %wait    %CPU   CPU  Command
04:14:20        0     46383   17.00    0.00    0.00    0.00   17.00     6  cartographer_no

04:14:19      UID       PID  minflt/s  majflt/s     VSZ     RSS   %MEM  Command
04:14:20        0     46383      0.00      0.00 1565448   89408   0.57  cartographer_no

04:14:20      UID       PID    %usr %system  %guest   %wait    %CPU   CPU  Command
04:14:21        0     46383   19.00    1.00    0.00    0.00   20.00     2  cartographer_no

04:14:20      UID       PID  minflt/s  majflt/s     VSZ     RSS   %MEM  Command
04:14:21        0     46383      0.00      0.00 1565448   89408   0.57  cartographer_no

04:14:21      UID       PID    %usr %system  %guest   %wait    %CPU   CPU  Command
04:14:22        0     46383   19.00    1.00    0.00    0.00   20.00     7  cartographer_no

04:14:21      UID       PID  minflt/s  majflt/s     VSZ     RSS   %MEM  Command
04:14:22        0     46383      0.00      0.00 1565448   89408   0.57  cartographer_no

04:14:22      UID       PID    %usr %system  %guest   %wait    %CPU   CPU  Command
04:14:23        0     46383   20.00    1.00    0.00    0.00   21.00     2  cartographer_no

04:14:22      UID       PID  minflt/s  majflt/s     VSZ     RSS   %MEM  Command
04:14:23        0     46383      0.00      0.00 1565448   89408   0.57  cartographer_no

04:14:23      UID       PID    %usr %system  %guest   %wait    %CPU   CPU  Command
04:14:24        0     46383   20.00    0.00    0.00    0.00   20.00     8  cartographer_no

04:14:23      UID       PID  minflt/s  majflt/s     VSZ     RSS   %MEM  Command
04:14:24        0     46383      0.00      0.00 1565448   89408   0.57  cartographer_no

04:14:24      UID       PID    %usr %system  %guest   %wait    %CPU   CPU  Command
04:14:25        0     46383   21.00    0.00    0.00    0.00   21.00     8  cartographer_no

04:14:24      UID       PID  minflt/s  majflt/s     VSZ     RSS   %MEM  Command
04:14:25        0     46383      0.00      0.00 1565448   89408   0.57  cartographer_no

04:14:25      UID       PID    %usr %system  %guest   %wait    %CPU   CPU  Command
04:14:26        0     46383   20.00    1.00    0.00    0.00   21.00     6  cartographer_no

04:14:25      UID       PID  minflt/s  majflt/s     VSZ     RSS   %MEM  Command
04:14:26        0     46383      0.00      0.00 1565448   89408   0.57  cartographer_no

04:14:26      UID       PID    %usr %system  %guest   %wait    %CPU   CPU  Command
04:14:27        0     46383   16.00    1.00    0.00    0.00   17.00     0  cartographer_no

04:14:26      UID       PID  minflt/s  majflt/s     VSZ     RSS   %MEM  Command
04:14:27        0     46383      0.00      0.00 1565448   89408   0.57  cartographer_no

04:14:27      UID       PID    %usr %system  %guest   %wait    %CPU   CPU  Command
04:14:28        0     46383   19.00    1.00    0.00    0.00   20.00     6  cartographer_no

04:14:27      UID       PID  minflt/s  majflt/s     VSZ     RSS   %MEM  Command
04:14:28        0     46383      0.00      0.00 1565448   89408   0.57  cartographer_no

04:14:28      UID       PID    %usr %system  %guest   %wait    %CPU   CPU  Command
04:14:29        0     46383   17.00    0.00    0.00    0.00   17.00    12  cartographer_no

04:14:28      UID       PID  minflt/s  majflt/s     VSZ     RSS   %MEM  Command
04:14:29        0     46383      0.00      0.00 1565448   89408   0.57  cartographer_no

04:14:29      UID       PID    %usr %system  %guest   %wait    %CPU   CPU  Command
04:14:30        0     46383   16.00    1.00    0.00    0.00   17.00     6  cartographer_no

04:14:29      UID       PID  minflt/s  majflt/s     VSZ     RSS   %MEM  Command
04:14:30        0     46383      0.00      0.00 1565448   89408   0.57  cartographer_no

04:14:30      UID       PID    %usr %system  %guest   %wait    %CPU   CPU  Command
04:14:31        0     46383   18.00    0.00    0.00    0.00   18.00     2  cartographer_no

04:14:30      UID       PID  minflt/s  majflt/s     VSZ     RSS   %MEM  Command
04:14:31        0     46383      0.00      0.00 1565448   89408   0.57  cartographer_no

04:14:31      UID       PID    %usr %system  %guest   %wait    %CPU   CPU  Command
04:14:32        0     46383   15.00    1.00    0.00    0.00   16.00     2  cartographer_no

04:14:31      UID       PID  minflt/s  majflt/s     VSZ     RSS   %MEM  Command
04:14:32        0     46383      0.00      0.00 1565448   89408   0.57  cartographer_no

04:14:32      UID       PID    %usr %system  %guest   %wait    %CPU   CPU  Command
04:14:33        0     46383   16.00    0.00    0.00    0.00   16.00     4  cartographer_no

04:14:32      UID       PID  minflt/s  majflt/s     VSZ     RSS   %MEM  Command
04:14:33        0     46383      0.00      0.00 1565448   89408   0.57  cartographer_no

04:14:33      UID       PID    %usr %system  %guest   %wait    %CPU   CPU  Command
04:14:34        0     46383   11.00    1.00    0.00    0.00   12.00     4  cartographer_no

04:14:33      UID       PID  minflt/s  majflt/s     VSZ     RSS   %MEM  Command
04:14:34        0     46383      0.00      0.00 1565448   89408   0.57  cartographer_no

04:14:34      UID       PID    %usr %system  %guest   %wait    %CPU   CPU  Command
04:14:35        0     46383   16.00    1.00    0.00    0.00   17.00    12  cartographer_no

04:14:34      UID       PID  minflt/s  majflt/s     VSZ     RSS   %MEM  Command
04:14:35        0     46383      0.00      0.00 1565448   89408   0.57  cartographer_no

04:14:35      UID       PID    %usr %system  %guest   %wait    %CPU   CPU  Command
04:14:36        0     46383   14.00    0.00    0.00    0.00   14.00    12  cartographer_no

04:14:35      UID       PID  minflt/s  majflt/s     VSZ     RSS   %MEM  Command
04:14:36        0     46383      0.00      0.00 1565448   89408   0.57  cartographer_no

04:14:36      UID       PID    %usr %system  %guest   %wait    %CPU   CPU  Command
04:14:37        0     46383  101.00    1.00    0.00    0.00  102.00     0  cartographer_no

04:14:36      UID       PID  minflt/s  majflt/s     VSZ     RSS   %MEM  Command
04:14:37        0     46383    716.00      0.00 1566700   92096   0.59  cartographer_no

04:14:37      UID       PID    %usr %system  %guest   %wait    %CPU   CPU  Command
04:14:38        0     46383   15.00    1.00    0.00    0.00   16.00     0  cartographer_no

04:14:37      UID       PID  minflt/s  majflt/s     VSZ     RSS   %MEM  Command
04:14:38        0     46383      0.00      0.00 1566700   92096   0.59  cartographer_no

04:14:38      UID       PID    %usr %system  %guest   %wait    %CPU   CPU  Command
04:14:39        0     46383   20.00    1.00    0.00    0.00   21.00     2  cartographer_no

04:14:38      UID       PID  minflt/s  majflt/s     VSZ     RSS   %MEM  Command
04:14:39        0     46383      0.00      0.00 1566700   92096   0.59  cartographer_no

04:14:39      UID       PID    %usr %system  %guest   %wait    %CPU   CPU  Command
04:14:40        0     46383   21.00    1.00    0.00    0.00   22.00     6  cartographer_no

04:14:39      UID       PID  minflt/s  majflt/s     VSZ     RSS   %MEM  Command
04:14:40        0     46383   1361.00      0.00 1566700   97344   0.62  cartographer_no

04:14:40      UID       PID    %usr %system  %guest   %wait    %CPU   CPU  Command
04:14:41        0     46383   11.00    1.00    0.00    0.00   12.00    10  cartographer_no

04:14:40      UID       PID  minflt/s  majflt/s     VSZ     RSS   %MEM  Command
04:14:41        0     46383      0.00      0.00 1566700   97344   0.62  cartographer_no

04:14:41      UID       PID    %usr %system  %guest   %wait    %CPU   CPU  Command
04:14:42        0     46383   15.00    0.00    0.00    0.00   15.00     8  cartographer_no

04:14:41      UID       PID  minflt/s  majflt/s     VSZ     RSS   %MEM  Command
04:14:42        0     46383      0.00      0.00 1566700   97344   0.62  cartographer_no

04:14:42      UID       PID    %usr %system  %guest   %wait    %CPU   CPU  Command
04:14:43        0     46383   13.00    1.00    0.00    0.00   14.00     3  cartographer_no

04:14:42      UID       PID  minflt/s  majflt/s     VSZ     RSS   %MEM  Command
04:14:43        0     46383      0.00      0.00 1566700   97344   0.62  cartographer_no

04:14:43      UID       PID    %usr %system  %guest   %wait    %CPU   CPU  Command
04:14:44        0     46383   17.00    0.00    0.00    0.00   17.00     8  cartographer_no

04:14:43      UID       PID  minflt/s  majflt/s     VSZ     RSS   %MEM  Command
04:14:44        0     46383      0.00      0.00 1566700   97344   0.62  cartographer_no

04:14:44      UID       PID    %usr %system  %guest   %wait    %CPU   CPU  Command
04:14:45        0     46383   15.00    1.00    0.00    0.00   16.00     8  cartographer_no

04:14:44      UID       PID  minflt/s  majflt/s     VSZ     RSS   %MEM  Command
04:14:45        0     46383      0.00      0.00 1566700   97344   0.62  cartographer_no

04:14:45      UID       PID    %usr %system  %guest   %wait    %CPU   CPU  Command
04:14:46        0     46383   17.00    0.00    0.00    0.00   17.00     8  cartographer_no

04:14:45      UID       PID  minflt/s  majflt/s     VSZ     RSS   %MEM  Command
04:14:46        0     46383      0.00      0.00 1566700   97344   0.62  cartographer_no

04:14:46      UID       PID    %usr %system  %guest   %wait    %CPU   CPU  Command
04:14:47        0     46383   16.00    0.00    0.00    0.00   16.00     0  cartographer_no

04:14:46      UID       PID  minflt/s  majflt/s     VSZ     RSS   %MEM  Command
04:14:47        0     46383      0.00      0.00 1566700   97344   0.62  cartographer_no

04:14:47      UID       PID    %usr %system  %guest   %wait    %CPU   CPU  Command
04:14:48        0     46383   16.00    1.00    0.00    0.00   17.00     8  cartographer_no

04:14:47      UID       PID  minflt/s  majflt/s     VSZ     RSS   %MEM  Command
04:14:48        0     46383      0.00      0.00 1566700   97344   0.62  cartographer_no

04:14:48      UID       PID    %usr %system  %guest   %wait    %CPU   CPU  Command
04:14:49        0     46383   16.00    1.00    0.00    0.00   17.00     6  cartographer_no

04:14:48      UID       PID  minflt/s  majflt/s     VSZ     RSS   %MEM  Command
04:14:49        0     46383      0.00      0.00 1566700   97344   0.62  cartographer_no

04:14:49      UID       PID    %usr %system  %guest   %wait    %CPU   CPU  Command
04:14:50        0     46383   16.00    0.00    0.00    0.00   16.00     2  cartographer_no

04:14:49      UID       PID  minflt/s  majflt/s     VSZ     RSS   %MEM  Command
04:14:50        0     46383      0.00      0.00 1566700   97344   0.62  cartographer_no

04:14:50      UID       PID    %usr %system  %guest   %wait    %CPU   CPU  Command
04:14:51        0     46383   14.00    1.00    0.00    0.00   15.00    12  cartographer_no

04:14:50      UID       PID  minflt/s  majflt/s     VSZ     RSS   %MEM  Command
04:14:51        0     46383      0.00      0.00 1566700   97344   0.62  cartographer_no

04:14:51      UID       PID    %usr %system  %guest   %wait    %CPU   CPU  Command
04:14:52        0     46383   15.00    1.00    0.00    0.00   16.00     2  cartographer_no

04:14:51      UID       PID  minflt/s  majflt/s     VSZ     RSS   %MEM  Command
04:14:52        0     46383      0.00      0.00 1566700   97344   0.62  cartographer_no

04:14:52      UID       PID    %usr %system  %guest   %wait    %CPU   CPU  Command
04:14:53        0     46383   18.00    0.00    0.00    0.00   18.00     0  cartographer_no

04:14:52      UID       PID  minflt/s  majflt/s     VSZ     RSS   %MEM  Command
04:14:53        0     46383      0.00      0.00 1566700   97344   0.62  cartographer_no

04:14:53      UID       PID    %usr %system  %guest   %wait    %CPU   CPU  Command
04:14:54        0     46383   13.00    0.00    0.00    1.00   13.00     2  cartographer_no

04:14:53      UID       PID  minflt/s  majflt/s     VSZ     RSS   %MEM  Command
04:14:54        0     46383      0.00      0.00 1566700   97344   0.62  cartographer_no

04:14:54      UID       PID    %usr %system  %guest   %wait    %CPU   CPU  Command
04:14:55        0     46383   11.00    1.00    0.00    0.00   12.00    10  cartographer_no

04:14:54      UID       PID  minflt/s  majflt/s     VSZ     RSS   %MEM  Command
04:14:55        0     46383      0.00      0.00 1566700   97344   0.62  cartographer_no

04:14:55      UID       PID    %usr %system  %guest   %wait    %CPU   CPU  Command
04:14:56        0     46383   11.00    0.00    0.00    0.00   11.00     0  cartographer_no

04:14:55      UID       PID  minflt/s  majflt/s     VSZ     RSS   %MEM  Command
04:14:56        0     46383      0.00      0.00 1566700   97344   0.62  cartographer_no

04:14:56      UID       PID    %usr %system  %guest   %wait    %CPU   CPU  Command
04:14:57        0     46383   10.00    1.00    0.00    0.00   11.00     3  cartographer_no

04:14:56      UID       PID  minflt/s  majflt/s     VSZ     RSS   %MEM  Command
04:14:57        0     46383      0.00      0.00 1566700   97344   0.62  cartographer_no

04:14:57      UID       PID    %usr %system  %guest   %wait    %CPU   CPU  Command
04:14:58        0     46383   11.00    1.00    0.00    0.00   12.00     0  cartographer_no

04:14:57      UID       PID  minflt/s  majflt/s     VSZ     RSS   %MEM  Command
04:14:58        0     46383      0.00      0.00 1566700   97344   0.62  cartographer_no

04:14:58      UID       PID    %usr %system  %guest   %wait    %CPU   CPU  Command
04:14:59        0     46383   12.00    0.00    0.00    0.00   12.00     2  cartographer_no

04:14:58      UID       PID  minflt/s  majflt/s     VSZ     RSS   %MEM  Command
04:14:59        0     46383      0.00      0.00 1566700   97344   0.62  cartographer_no

04:14:59      UID       PID    %usr %system  %guest   %wait    %CPU   CPU  Command
04:15:00        0     46383   12.00    0.00    0.00    0.00   12.00     2  cartographer_no

04:14:59      UID       PID  minflt/s  majflt/s     VSZ     RSS   %MEM  Command
04:15:00        0     46383      0.00      0.00 1566700   97344   0.62  cartographer_no

04:15:00      UID       PID    %usr %system  %guest   %wait    %CPU   CPU  Command
04:15:01        0     46383   11.00    1.00    0.00    0.00   12.00    14  cartographer_no

04:15:00      UID       PID  minflt/s  majflt/s     VSZ     RSS   %MEM  Command
04:15:01        0     46383      0.00      0.00 1566700   97344   0.62  cartographer_no

04:15:01      UID       PID    %usr %system  %guest   %wait    %CPU   CPU  Command
04:15:02        0     46383   11.00    0.00    0.00    0.00   11.00     6  cartographer_no

04:15:01      UID       PID  minflt/s  majflt/s     VSZ     RSS   %MEM  Command
04:15:02        0     46383      0.00      0.00 1566700   97344   0.62  cartographer_no

04:15:02      UID       PID    %usr %system  %guest   %wait    %CPU   CPU  Command
04:15:03        0     46383   19.00    0.00    0.00    0.00   19.00    10  cartographer_no

04:15:02      UID       PID  minflt/s  majflt/s     VSZ     RSS   %MEM  Command
04:15:03        0     46383   2500.00      0.00 1576700  107200   0.69  cartographer_no

04:15:03      UID       PID    %usr %system  %guest   %wait    %CPU   CPU  Command
04:15:04        0     46383   19.00    1.00    0.00    0.00   20.00     2  cartographer_no

04:15:03      UID       PID  minflt/s  majflt/s     VSZ     RSS   %MEM  Command
04:15:04        0     46383      0.00      0.00 1576700  107200   0.69  cartographer_no

04:15:04      UID       PID    %usr %system  %guest   %wait    %CPU   CPU  Command
04:15:05        0     46383   19.00    0.00    0.00    0.00   19.00     1  cartographer_no

04:15:04      UID       PID  minflt/s  majflt/s     VSZ     RSS   %MEM  Command
04:15:05        0     46383      0.00      0.00 1576700  107200   0.69  cartographer_no

04:15:05      UID       PID    %usr %system  %guest   %wait    %CPU   CPU  Command
04:15:06        0     46383   17.00    1.00    0.00    0.00   18.00     2  cartographer_no

04:15:05      UID       PID  minflt/s  majflt/s     VSZ     RSS   %MEM  Command
04:15:06        0     46383      0.00      0.00 1576700  107200   0.69  cartographer_no

04:15:06      UID       PID    %usr %system  %guest   %wait    %CPU   CPU  Command
04:15:07        0     46383   18.00    1.00    0.00    0.00   19.00     6  cartographer_no

04:15:06      UID       PID  minflt/s  majflt/s     VSZ     RSS   %MEM  Command
04:15:07        0     46383      0.00      0.00 1576700  107200   0.69  cartographer_no

04:15:07      UID       PID    %usr %system  %guest   %wait    %CPU   CPU  Command
04:15:08        0     46383   14.00    0.00    0.00    0.00   14.00     8  cartographer_no

04:15:07      UID       PID  minflt/s  majflt/s     VSZ     RSS   %MEM  Command
04:15:08        0     46383      0.00      0.00 1576700  107200   0.69  cartographer_no

04:15:08      UID       PID    %usr %system  %guest   %wait    %CPU   CPU  Command
04:15:09        0     46383   19.00    1.00    0.00    0.00   20.00     7  cartographer_no

04:15:08      UID       PID  minflt/s  majflt/s     VSZ     RSS   %MEM  Command
04:15:09        0     46383      0.00      0.00 1576700  107200   0.69  cartographer_no

04:15:09      UID       PID    %usr %system  %guest   %wait    %CPU   CPU  Command
04:15:10        0     46383   19.00    1.00    0.00    0.00   20.00     7  cartographer_no

04:15:09      UID       PID  minflt/s  majflt/s     VSZ     RSS   %MEM  Command
04:15:10        0     46383      0.00      0.00 1576700  107200   0.69  cartographer_no

04:15:10      UID       PID    %usr %system  %guest   %wait    %CPU   CPU  Command
04:15:11        0     46383   17.00    1.00    0.00    0.00   18.00     7  cartographer_no

04:15:10      UID       PID  minflt/s  majflt/s     VSZ     RSS   %MEM  Command
04:15:11        0     46383      0.00      0.00 1576700  107200   0.69  cartographer_no

04:15:11      UID       PID    %usr %system  %guest   %wait    %CPU   CPU  Command
04:15:12        0     46383   16.00    1.00    0.00    0.00   17.00    10  cartographer_no

04:15:11      UID       PID  minflt/s  majflt/s     VSZ     RSS   %MEM  Command
04:15:12        0     46383      0.00      0.00 1576700  107200   0.69  cartographer_no

04:15:12      UID       PID    %usr %system  %guest   %wait    %CPU   CPU  Command
04:15:13        0     46383   17.00    0.00    0.00    0.00   17.00     6  cartographer_no

04:15:12      UID       PID  minflt/s  majflt/s     VSZ     RSS   %MEM  Command
04:15:13        0     46383      0.00      0.00 1576700  107200   0.69  cartographer_no

04:15:13      UID       PID    %usr %system  %guest   %wait    %CPU   CPU  Command
04:15:14        0     46383   12.00    0.00    0.00    0.00   12.00    10  cartographer_no

04:15:13      UID       PID  minflt/s  majflt/s     VSZ     RSS   %MEM  Command
04:15:14        0     46383      0.00      0.00 1576700  107200   0.69  cartographer_no

04:15:14      UID       PID    %usr %system  %guest   %wait    %CPU   CPU  Command
04:15:15        0     46383   16.00    1.00    0.00    0.00   17.00     6  cartographer_no

04:15:14      UID       PID  minflt/s  majflt/s     VSZ     RSS   %MEM  Command
04:15:15        0     46383      0.00      0.00 1576700  107200   0.69  cartographer_no

04:15:15      UID       PID    %usr %system  %guest   %wait    %CPU   CPU  Command
04:15:16        0     46383   14.00    1.00    0.00    0.00   15.00     3  cartographer_no

04:15:15      UID       PID  minflt/s  majflt/s     VSZ     RSS   %MEM  Command
04:15:16        0     46383      0.00      0.00 1576700  107200   0.69  cartographer_no

04:15:16      UID       PID    %usr %system  %guest   %wait    %CPU   CPU  Command
04:15:17        0     46383   12.00    0.00    0.00    0.00   12.00     3  cartographer_no

04:15:16      UID       PID  minflt/s  majflt/s     VSZ     RSS   %MEM  Command
04:15:17        0     46383      0.00      0.00 1576700  107200   0.69  cartographer_no

04:15:17      UID       PID    %usr %system  %guest   %wait    %CPU   CPU  Command
04:15:18        0     46383    9.00    0.00    0.00    0.00    9.00     6  cartographer_no

04:15:17      UID       PID  minflt/s  majflt/s     VSZ     RSS   %MEM  Command
04:15:18        0     46383      0.00      0.00 1576700  107200   0.69  cartographer_no

04:15:18      UID       PID    %usr %system  %guest   %wait    %CPU   CPU  Command
04:15:19        0     46383   17.00    1.00    0.00    0.00   18.00     2  cartographer_no

04:15:18      UID       PID  minflt/s  majflt/s     VSZ     RSS   %MEM  Command
04:15:19        0     46383      0.00      0.00 1576700  107200   0.69  cartographer_no

04:15:19      UID       PID    %usr %system  %guest   %wait    %CPU   CPU  Command
04:15:20        0     46383   15.00    0.00    0.00    0.00   15.00    10  cartographer_no

04:15:19      UID       PID  minflt/s  majflt/s     VSZ     RSS   %MEM  Command
04:15:20        0     46383      0.00      0.00 1576700  107200   0.69  cartographer_no

04:15:20      UID       PID    %usr %system  %guest   %wait    %CPU   CPU  Command
04:15:21        0     46383   17.00    0.00    0.00    0.00   17.00     4  cartographer_no

04:15:20      UID       PID  minflt/s  majflt/s     VSZ     RSS   %MEM  Command
04:15:21        0     46383      0.00      0.00 1576700  107200   0.69  cartographer_no

04:15:21      UID       PID    %usr %system  %guest   %wait    %CPU   CPU  Command
04:15:22        0     46383   17.00    1.00    0.00    0.00   18.00     2  cartographer_no

04:15:21      UID       PID  minflt/s  majflt/s     VSZ     RSS   %MEM  Command
04:15:22        0     46383      0.00      0.00 1576700  107200   0.69  cartographer_no

04:15:22      UID       PID    %usr %system  %guest   %wait    %CPU   CPU  Command
04:15:23        0     46383  119.00    1.00    0.00    0.00  120.00     0  cartographer_no

04:15:22      UID       PID  minflt/s  majflt/s     VSZ     RSS   %MEM  Command
04:15:23        0     46383    480.00      0.00 1566700   99368   0.64  cartographer_no

04:15:23      UID       PID    %usr %system  %guest   %wait    %CPU   CPU  Command
04:15:24        0     46383    9.00    0.00    0.00    0.00    9.00     2  cartographer_no

04:15:23      UID       PID  minflt/s  majflt/s     VSZ     RSS   %MEM  Command
04:15:24        0     46383      0.00      0.00 1566700   99368   0.64  cartographer_no

04:15:24      UID       PID    %usr %system  %guest   %wait    %CPU   CPU  Command
04:15:25        0     46383   11.00    1.00    0.00    0.00   12.00     0  cartographer_no

04:15:24      UID       PID  minflt/s  majflt/s     VSZ     RSS   %MEM  Command
04:15:25        0     46383      0.00      0.00 1566700   99368   0.64  cartographer_no

04:15:25      UID       PID    %usr %system  %guest   %wait    %CPU   CPU  Command
04:15:26        0     46383   11.00    1.00    0.00    0.00   12.00     2  cartographer_no

04:15:25      UID       PID  minflt/s  majflt/s     VSZ     RSS   %MEM  Command
04:15:26        0     46383      0.00      0.00 1566700   99368   0.64  cartographer_no

04:15:26      UID       PID    %usr %system  %guest   %wait    %CPU   CPU  Command
04:15:27        0     46383   12.00    0.00    0.00    0.00   12.00     0  cartographer_no

04:15:26      UID       PID  minflt/s  majflt/s     VSZ     RSS   %MEM  Command
04:15:27        0     46383      0.00      0.00 1566700   99368   0.64  cartographer_no

04:15:27      UID       PID    %usr %system  %guest   %wait    %CPU   CPU  Command
04:15:28        0     46383   12.00    0.00    0.00    0.00   12.00    10  cartographer_no

04:15:27      UID       PID  minflt/s  majflt/s     VSZ     RSS   %MEM  Command
04:15:28        0     46383    280.00      0.00 1567948  100392   0.64  cartographer_no

04:15:28      UID       PID    %usr %system  %guest   %wait    %CPU   CPU  Command
04:15:29        0     46383   11.00    2.00    0.00    0.00   13.00     2  cartographer_no

04:15:28      UID       PID  minflt/s  majflt/s     VSZ     RSS   %MEM  Command
04:15:29        0     46383      0.00      0.00 1567948  100392   0.64  cartographer_no

04:15:29      UID       PID    %usr %system  %guest   %wait    %CPU   CPU  Command
04:15:30        0     46383   15.00    0.00    0.00    0.00   15.00     6  cartographer_no

04:15:29      UID       PID  minflt/s  majflt/s     VSZ     RSS   %MEM  Command
04:15:30        0     46383      0.00      0.00 1567948  100392   0.64  cartographer_no

04:15:30      UID       PID    %usr %system  %guest   %wait    %CPU   CPU  Command
04:15:31        0     46383   18.00    0.00    0.00    0.00   18.00    10  cartographer_no

04:15:30      UID       PID  minflt/s  majflt/s     VSZ     RSS   %MEM  Command
04:15:31        0     46383      0.00      0.00 1567948  100392   0.64  cartographer_no

04:15:31      UID       PID    %usr %system  %guest   %wait    %CPU   CPU  Command
04:15:32        0     46383   15.00    1.00    0.00    1.00   16.00     6  cartographer_no

04:15:31      UID       PID  minflt/s  majflt/s     VSZ     RSS   %MEM  Command
04:15:32        0     46383      0.00      0.00 1567948  100392   0.64  cartographer_no

04:15:32      UID       PID    %usr %system  %guest   %wait    %CPU   CPU  Command
04:15:33        0     46383   17.00    1.00    0.00    0.00   18.00    13  cartographer_no

04:15:32      UID       PID  minflt/s  majflt/s     VSZ     RSS   %MEM  Command
04:15:33        0     46383      0.00      0.00 1567948  100392   0.64  cartographer_no

04:15:33      UID       PID    %usr %system  %guest   %wait    %CPU   CPU  Command
04:15:34        0     46383   18.00    0.00    0.00    0.00   18.00     4  cartographer_no

04:15:33      UID       PID  minflt/s  majflt/s     VSZ     RSS   %MEM  Command
04:15:34        0     46383      0.00      0.00 1567948  100392   0.64  cartographer_no

04:15:34      UID       PID    %usr %system  %guest   %wait    %CPU   CPU  Command
04:15:35        0     46383   19.00    1.00    0.00    0.00   20.00     0  cartographer_no

04:15:34      UID       PID  minflt/s  majflt/s     VSZ     RSS   %MEM  Command
04:15:35        0     46383   1469.00      0.00 1567948  106280   0.68  cartographer_no

04:15:35      UID       PID    %usr %system  %guest   %wait    %CPU   CPU  Command
04:15:36        0     46383   15.00    1.00    0.00    0.00   16.00     6  cartographer_no

04:15:35      UID       PID  minflt/s  majflt/s     VSZ     RSS   %MEM  Command
04:15:36        0     46383      0.00      0.00 1567948  106280   0.68  cartographer_no

04:15:36      UID       PID    %usr %system  %guest   %wait    %CPU   CPU  Command
04:15:37        0     46383   15.00    1.00    0.00    0.00   16.00     0  cartographer_no

04:15:36      UID       PID  minflt/s  majflt/s     VSZ     RSS   %MEM  Command
04:15:37        0     46383      0.00      0.00 1567948  106280   0.68  cartographer_no

04:15:37      UID       PID    %usr %system  %guest   %wait    %CPU   CPU  Command
04:15:38        0     46383   16.00    0.00    0.00    0.00   16.00     2  cartographer_no

04:15:37      UID       PID  minflt/s  majflt/s     VSZ     RSS   %MEM  Command
04:15:38        0     46383      0.00      0.00 1567948  106280   0.68  cartographer_no

04:15:38      UID       PID    %usr %system  %guest   %wait    %CPU   CPU  Command
04:15:39        0     46383   17.00    0.00    0.00    0.00   17.00    15  cartographer_no

04:15:38      UID       PID  minflt/s  majflt/s     VSZ     RSS   %MEM  Command
04:15:39        0     46383      0.00      0.00 1567948  106280   0.68  cartographer_no

04:15:39      UID       PID    %usr %system  %guest   %wait    %CPU   CPU  Command
04:15:40        0     46383   12.00    1.00    0.00    0.00   13.00     8  cartographer_no

04:15:39      UID       PID  minflt/s  majflt/s     VSZ     RSS   %MEM  Command
04:15:40        0     46383      0.00      0.00 1567948  106280   0.68  cartographer_no

04:15:40      UID       PID    %usr %system  %guest   %wait    %CPU   CPU  Command
04:15:41        0     46383   12.00    1.00    0.00    0.00   13.00    10  cartographer_no

04:15:40      UID       PID  minflt/s  majflt/s     VSZ     RSS   %MEM  Command
04:15:41        0     46383      0.00      0.00 1567948  106280   0.68  cartographer_no

04:15:41      UID       PID    %usr %system  %guest   %wait    %CPU   CPU  Command
04:15:42        0     46383   11.00    1.00    0.00    0.00   12.00     8  cartographer_no

04:15:41      UID       PID  minflt/s  majflt/s     VSZ     RSS   %MEM  Command
04:15:42        0     46383      0.00      0.00 1567948  106280   0.68  cartographer_no

04:15:42      UID       PID    %usr %system  %guest   %wait    %CPU   CPU  Command
04:15:43        0     46383   12.00    0.00    0.00    0.00   12.00     4  cartographer_no

04:15:42      UID       PID  minflt/s  majflt/s     VSZ     RSS   %MEM  Command
04:15:43        0     46383      0.00      0.00 1567948  106280   0.68  cartographer_no

04:15:43      UID       PID    %usr %system  %guest   %wait    %CPU   CPU  Command
04:15:44        0     46383   11.00    1.00    0.00    0.00   12.00     6  cartographer_no

04:15:43      UID       PID  minflt/s  majflt/s     VSZ     RSS   %MEM  Command
04:15:44        0     46383      0.00      0.00 1567948  106280   0.68  cartographer_no

04:15:44      UID       PID    %usr %system  %guest   %wait    %CPU   CPU  Command
04:15:45        0     46383   11.00    0.00    0.00    0.00   11.00     7  cartographer_no

04:15:44      UID       PID  minflt/s  majflt/s     VSZ     RSS   %MEM  Command
04:15:45        0     46383      0.00      0.00 1567948  106280   0.68  cartographer_no

04:15:45      UID       PID    %usr %system  %guest   %wait    %CPU   CPU  Command
04:15:46        0     46383   14.00    1.00    0.00    0.00   15.00    12  cartographer_no

04:15:45      UID       PID  minflt/s  majflt/s     VSZ     RSS   %MEM  Command
04:15:46        0     46383      0.00      0.00 1567948  106280   0.68  cartographer_no

04:15:46      UID       PID    %usr %system  %guest   %wait    %CPU   CPU  Command
04:15:47        0     46383   12.00    1.00    0.00    0.00   13.00     7  cartographer_no

04:15:46      UID       PID  minflt/s  majflt/s     VSZ     RSS   %MEM  Command
04:15:47        0     46383      0.00      0.00 1567948  106280   0.68  cartographer_no

04:15:47      UID       PID    %usr %system  %guest   %wait    %CPU   CPU  Command
04:15:48        0     46383   10.00    0.00    0.00    0.00   10.00     7  cartographer_no

04:15:47      UID       PID  minflt/s  majflt/s     VSZ     RSS   %MEM  Command
04:15:48        0     46383      0.00      0.00 1567948  106280   0.68  cartographer_no

04:15:48      UID       PID    %usr %system  %guest   %wait    %CPU   CPU  Command
04:15:49        0     46383   13.00    1.00    0.00    0.00   14.00     4  cartographer_no

04:15:48      UID       PID  minflt/s  majflt/s     VSZ     RSS   %MEM  Command
04:15:49        0     46383      0.00      0.00 1567948  106280   0.68  cartographer_no

04:15:49      UID       PID    %usr %system  %guest   %wait    %CPU   CPU  Command
04:15:50        0     46383   11.00    0.00    0.00    0.00   11.00     3  cartographer_no

04:15:49      UID       PID  minflt/s  majflt/s     VSZ     RSS   %MEM  Command
04:15:50        0     46383      0.00      0.00 1567948  106280   0.68  cartographer_no

04:15:50      UID       PID    %usr %system  %guest   %wait    %CPU   CPU  Command
04:15:51        0     46383   12.00    1.00    0.00    0.00   13.00     2  cartographer_no

04:15:50      UID       PID  minflt/s  majflt/s     VSZ     RSS   %MEM  Command
04:15:51        0     46383      0.00      0.00 1567948  106280   0.68  cartographer_no

04:15:51      UID       PID    %usr %system  %guest   %wait    %CPU   CPU  Command
04:15:52        0     46383   10.00    0.00    0.00    0.00   10.00     6  cartographer_no

04:15:51      UID       PID  minflt/s  majflt/s     VSZ     RSS   %MEM  Command
04:15:52        0     46383      0.00      0.00 1567948  106280   0.68  cartographer_no

04:15:52      UID       PID    %usr %system  %guest   %wait    %CPU   CPU  Command
04:15:53        0     46383   11.00    0.00    0.00    0.00   11.00    10  cartographer_no

04:15:52      UID       PID  minflt/s  majflt/s     VSZ     RSS   %MEM  Command
04:15:53        0     46383      0.00      0.00 1567948  106280   0.68  cartographer_no

04:15:53      UID       PID    %usr %system  %guest   %wait    %CPU   CPU  Command
04:15:54        0     46383   12.00    0.00    0.00    0.00   12.00     8  cartographer_no

04:15:53      UID       PID  minflt/s  majflt/s     VSZ     RSS   %MEM  Command
04:15:54        0     46383      0.00      0.00 1567948  106280   0.68  cartographer_no

04:15:54      UID       PID    %usr %system  %guest   %wait    %CPU   CPU  Command
04:15:55        0     46383   10.89    0.99    0.00    0.00   11.88    14  cartographer_no

04:15:54      UID       PID  minflt/s  majflt/s     VSZ     RSS   %MEM  Command
04:15:55        0     46383      0.00      0.00 1567948  106280   0.68  cartographer_no

04:15:55      UID       PID    %usr %system  %guest   %wait    %CPU   CPU  Command
04:15:56        0     46383    7.00    1.00    0.00    0.00    8.00     8  cartographer_no

04:15:55      UID       PID  minflt/s  majflt/s     VSZ     RSS   %MEM  Command
04:15:56        0     46383      0.00      0.00 1567948  106280   0.68  cartographer_no

04:15:56      UID       PID    %usr %system  %guest   %wait    %CPU   CPU  Command
04:15:57        0     46383   13.00    1.00    0.00    0.00   14.00     8  cartographer_no

04:15:56      UID       PID  minflt/s  majflt/s     VSZ     RSS   %MEM  Command
04:15:57        0     46383      0.00      0.00 1567948  106280   0.68  cartographer_no

04:15:57      UID       PID    %usr %system  %guest   %wait    %CPU   CPU  Command
04:15:58        0     46383   10.00    0.00    0.00    0.00   10.00     2  cartographer_no

04:15:57      UID       PID  minflt/s  majflt/s     VSZ     RSS   %MEM  Command
04:15:58        0     46383      0.00      0.00 1567948  106280   0.68  cartographer_no

04:15:58      UID       PID    %usr %system  %guest   %wait    %CPU   CPU  Command
04:15:59        0     46383   11.00    0.00    0.00    0.00   11.00     0  cartographer_no

04:15:58      UID       PID  minflt/s  majflt/s     VSZ     RSS   %MEM  Command
04:15:59        0     46383      0.00      0.00 1567948  106280   0.68  cartographer_no

04:15:59      UID       PID    %usr %system  %guest   %wait    %CPU   CPU  Command
04:16:00        0     46383   11.00    1.00    0.00    0.00   12.00     2  cartographer_no

04:15:59      UID       PID  minflt/s  majflt/s     VSZ     RSS   %MEM  Command
04:16:00        0     46383      0.00      0.00 1567948  106280   0.68  cartographer_no

04:16:00      UID       PID    %usr %system  %guest   %wait    %CPU   CPU  Command
04:16:01        0     46383    9.00    0.00    0.00    0.00    9.00    12  cartographer_no

04:16:00      UID       PID  minflt/s  majflt/s     VSZ     RSS   %MEM  Command
04:16:01        0     46383      0.00      0.00 1567948  106280   0.68  cartographer_no

04:16:01      UID       PID    %usr %system  %guest   %wait    %CPU   CPU  Command
04:16:02        0     46383   13.00    1.00    0.00    0.00   14.00     4  cartographer_no

04:16:01      UID       PID  minflt/s  majflt/s     VSZ     RSS   %MEM  Command
04:16:02        0     46383      0.00      0.00 1567948  106280   0.68  cartographer_no

04:16:02      UID       PID    %usr %system  %guest   %wait    %CPU   CPU  Command
04:16:03        0     46383   11.00    0.00    0.00    0.00   11.00     8  cartographer_no

04:16:02      UID       PID  minflt/s  majflt/s     VSZ     RSS   %MEM  Command
04:16:03        0     46383      0.00      0.00 1567948  106280   0.68  cartographer_no

04:16:03      UID       PID    %usr %system  %guest   %wait    %CPU   CPU  Command
04:16:04        0     46383   12.00    1.00    0.00    0.00   13.00     0  cartographer_no

04:16:03      UID       PID  minflt/s  majflt/s     VSZ     RSS   %MEM  Command
04:16:04        0     46383      0.00      0.00 1567948  106280   0.68  cartographer_no

04:16:04      UID       PID    %usr %system  %guest   %wait    %CPU   CPU  Command
04:16:05        0     46383   12.00    0.00    0.00    0.00   12.00     2  cartographer_no

04:16:04      UID       PID  minflt/s  majflt/s     VSZ     RSS   %MEM  Command
04:16:05        0     46383      0.00      0.00 1567948  106280   0.68  cartographer_no

04:16:05      UID       PID    %usr %system  %guest   %wait    %CPU   CPU  Command
04:16:06        0     46383   10.00    1.00    0.00    0.00   11.00     8  cartographer_no

04:16:05      UID       PID  minflt/s  majflt/s     VSZ     RSS   %MEM  Command
04:16:06        0     46383      0.00      0.00 1567948  106280   0.68  cartographer_no

04:16:06      UID       PID    %usr %system  %guest   %wait    %CPU   CPU  Command
04:16:07        0     46383   14.00    0.00    0.00    0.00   14.00     2  cartographer_no

04:16:06      UID       PID  minflt/s  majflt/s     VSZ     RSS   %MEM  Command
04:16:07        0     46383      0.00      0.00 1567948  106280   0.68  cartographer_no

04:16:07      UID       PID    %usr %system  %guest   %wait    %CPU   CPU  Command
04:16:08        0     46383   11.00    0.00    0.00    1.00   11.00     2  cartographer_no

04:16:07      UID       PID  minflt/s  majflt/s     VSZ     RSS   %MEM  Command
04:16:08        0     46383      0.00      0.00 1567948  106280   0.68  cartographer_no

04:16:08      UID       PID    %usr %system  %guest   %wait    %CPU   CPU  Command
04:16:09        0     46383   10.00    1.00    0.00    0.00   11.00     6  cartographer_no

04:16:08      UID       PID  minflt/s  majflt/s     VSZ     RSS   %MEM  Command
04:16:09        0     46383      0.00      0.00 1567948  106280   0.68  cartographer_no

04:16:09      UID       PID    %usr %system  %guest   %wait    %CPU   CPU  Command
04:16:10        0     46383   15.00    1.00    0.00    0.00   16.00     8  cartographer_no

04:16:09      UID       PID  minflt/s  majflt/s     VSZ     RSS   %MEM  Command
04:16:10        0     46383      0.00      0.00 1567948  106280   0.68  cartographer_no

04:16:10      UID       PID    %usr %system  %guest   %wait    %CPU   CPU  Command
04:16:11        0     46383   16.00    0.00    0.00    0.00   16.00    14  cartographer_no

04:16:10      UID       PID  minflt/s  majflt/s     VSZ     RSS   %MEM  Command
04:16:11        0     46383      0.00      0.00 1567948  106280   0.68  cartographer_no

04:16:11      UID       PID    %usr %system  %guest   %wait    %CPU   CPU  Command
04:16:12        0     46383   12.00    0.00    0.00    0.00   12.00     7  cartographer_no

04:16:11      UID       PID  minflt/s  majflt/s     VSZ     RSS   %MEM  Command
04:16:12        0     46383      0.00      0.00 1567948  106280   0.68  cartographer_no

04:16:12      UID       PID    %usr %system  %guest   %wait    %CPU   CPU  Command
04:16:13        0     46383   12.00    1.00    0.00    0.00   13.00    14  cartographer_no

04:16:12      UID       PID  minflt/s  majflt/s     VSZ     RSS   %MEM  Command
04:16:13        0     46383      0.00      0.00 1567948  106280   0.68  cartographer_no

04:16:13      UID       PID    %usr %system  %guest   %wait    %CPU   CPU  Command
04:16:14        0     46383   17.00    0.00    0.00    0.00   17.00    12  cartographer_no

04:16:13      UID       PID  minflt/s  majflt/s     VSZ     RSS   %MEM  Command
04:16:14        0     46383      0.00      0.00 1567948  106280   0.68  cartographer_no

04:16:14      UID       PID    %usr %system  %guest   %wait    %CPU   CPU  Command
04:16:15        0     46383   17.00    1.00    0.00    0.00   18.00     8  cartographer_no

04:16:14      UID       PID  minflt/s  majflt/s     VSZ     RSS   %MEM  Command
04:16:15        0     46383      0.00      0.00 1567948  106280   0.68  cartographer_no

04:16:15      UID       PID    %usr %system  %guest   %wait    %CPU   CPU  Command
04:16:16        0     46383   19.00    1.00    0.00    0.00   20.00     2  cartographer_no

04:16:15      UID       PID  minflt/s  majflt/s     VSZ     RSS   %MEM  Command
04:16:16        0     46383      0.00      0.00 1567948  106280   0.68  cartographer_no

04:16:16      UID       PID    %usr %system  %guest   %wait    %CPU   CPU  Command
04:16:17        0     46383   10.00    0.00    0.00    0.00   10.00     7  cartographer_no

04:16:16      UID       PID  minflt/s  majflt/s     VSZ     RSS   %MEM  Command
04:16:17        0     46383      0.00      0.00 1567948  106280   0.68  cartographer_no

04:16:17      UID       PID    %usr %system  %guest   %wait    %CPU   CPU  Command
04:16:18        0     46383   15.00    0.00    0.00    0.00   15.00     7  cartographer_no

04:16:17      UID       PID  minflt/s  majflt/s     VSZ     RSS   %MEM  Command
04:16:18        0     46383      0.00      0.00 1567948  106280   0.68  cartographer_no

04:16:18      UID       PID    %usr %system  %guest   %wait    %CPU   CPU  Command
04:16:19        0     46383   11.00    1.00    0.00    0.00   12.00     0  cartographer_no

04:16:18      UID       PID  minflt/s  majflt/s     VSZ     RSS   %MEM  Command
04:16:19        0     46383      0.00      0.00 1567948  106280   0.68  cartographer_no

04:16:19      UID       PID    %usr %system  %guest   %wait    %CPU   CPU  Command
04:16:20        0     46383   12.00    0.00    0.00    0.00   12.00     6  cartographer_no

04:16:19      UID       PID  minflt/s  majflt/s     VSZ     RSS   %MEM  Command
04:16:20        0     46383      0.00      0.00 1567948  106280   0.68  cartographer_no

04:16:20      UID       PID    %usr %system  %guest   %wait    %CPU   CPU  Command
04:16:21        0     46383   11.00    1.00    0.00    0.00   12.00     2  cartographer_no

04:16:20      UID       PID  minflt/s  majflt/s     VSZ     RSS   %MEM  Command
04:16:21        0     46383      0.00      0.00 1567948  106280   0.68  cartographer_no

04:16:21      UID       PID    %usr %system  %guest   %wait    %CPU   CPU  Command
04:16:22        0     46383   10.00    0.00    0.00    0.00   10.00     2  cartographer_no

04:16:21      UID       PID  minflt/s  majflt/s     VSZ     RSS   %MEM  Command
04:16:22        0     46383      0.00      0.00 1567948  106280   0.68  cartographer_no

04:16:22      UID       PID    %usr %system  %guest   %wait    %CPU   CPU  Command
04:16:23        0     46383    9.00    1.00    0.00    0.00   10.00     6  cartographer_no

04:16:22      UID       PID  minflt/s  majflt/s     VSZ     RSS   %MEM  Command
04:16:23        0     46383      0.00      0.00 1567948  106280   0.68  cartographer_no

04:16:23      UID       PID    %usr %system  %guest   %wait    %CPU   CPU  Command
04:16:24        0     46383   13.00    0.00    0.00    0.00   13.00     8  cartographer_no

04:16:23      UID       PID  minflt/s  majflt/s     VSZ     RSS   %MEM  Command
04:16:24        0     46383      0.00      0.00 1567948  106280   0.68  cartographer_no

04:16:24      UID       PID    %usr %system  %guest   %wait    %CPU   CPU  Command
04:16:25        0     46383   14.00    0.00    0.00    0.00   14.00    14  cartographer_no

04:16:24      UID       PID  minflt/s  majflt/s     VSZ     RSS   %MEM  Command
04:16:25        0     46383      0.00      0.00 1567948  106280   0.68  cartographer_no

04:16:25      UID       PID    %usr %system  %guest   %wait    %CPU   CPU  Command
04:16:26        0     46383   10.00    1.00    0.00    0.00   11.00     3  cartographer_no

04:16:25      UID       PID  minflt/s  majflt/s     VSZ     RSS   %MEM  Command
04:16:26        0     46383      0.00      0.00 1567948  106280   0.68  cartographer_no

04:16:26      UID       PID    %usr %system  %guest   %wait    %CPU   CPU  Command
04:16:27        0     46383    9.00    0.00    0.00    0.00    9.00     3  cartographer_no

04:16:26      UID       PID  minflt/s  majflt/s     VSZ     RSS   %MEM  Command
04:16:27        0     46383      0.00      0.00 1567948  106280   0.68  cartographer_no

04:16:27      UID       PID    %usr %system  %guest   %wait    %CPU   CPU  Command
04:16:28        0     46383    9.00    1.00    0.00    0.00   10.00     6  cartographer_no

04:16:27      UID       PID  minflt/s  majflt/s     VSZ     RSS   %MEM  Command
04:16:28        0     46383      0.00      0.00 1567948  106280   0.68  cartographer_no

04:16:28      UID       PID    %usr %system  %guest   %wait    %CPU   CPU  Command
04:16:29        0     46383   16.00    0.00    0.00    0.00   16.00     3  cartographer_no

04:16:28      UID       PID  minflt/s  majflt/s     VSZ     RSS   %MEM  Command
04:16:29        0     46383      0.00      0.00 1567948  106280   0.68  cartographer_no

04:16:29      UID       PID    %usr %system  %guest   %wait    %CPU   CPU  Command
04:16:30        0     46383   12.00    0.00    0.00    0.00   12.00    14  cartographer_no

04:16:29      UID       PID  minflt/s  majflt/s     VSZ     RSS   %MEM  Command
04:16:30        0     46383      0.00      0.00 1567948  106280   0.68  cartographer_no

04:16:30      UID       PID    %usr %system  %guest   %wait    %CPU   CPU  Command
04:16:31        0     46383   19.00    1.00    0.00    0.00   20.00     7  cartographer_no

04:16:30      UID       PID  minflt/s  majflt/s     VSZ     RSS   %MEM  Command
04:16:31        0     46383      0.00      0.00 1567948  106280   0.68  cartographer_no

04:16:31      UID       PID    %usr %system  %guest   %wait    %CPU   CPU  Command
04:16:32        0     46383   12.00    0.00    0.00    0.00   12.00     0  cartographer_no

04:16:31      UID       PID  minflt/s  majflt/s     VSZ     RSS   %MEM  Command
04:16:32        0     46383      0.00      0.00 1567948  106280   0.68  cartographer_no

04:16:32      UID       PID    %usr %system  %guest   %wait    %CPU   CPU  Command
04:16:33        0     46383   17.00    0.00    0.00    0.00   17.00     8  cartographer_no

04:16:32      UID       PID  minflt/s  majflt/s     VSZ     RSS   %MEM  Command
04:16:33        0     46383      0.00      0.00 1567948  106280   0.68  cartographer_no

04:16:33      UID       PID    %usr %system  %guest   %wait    %CPU   CPU  Command
04:16:34        0     46383   15.00    1.00    0.00    0.00   16.00    14  cartographer_no

04:16:33      UID       PID  minflt/s  majflt/s     VSZ     RSS   %MEM  Command
04:16:34        0     46383      0.00      0.00 1567948  106280   0.68  cartographer_no

04:16:34      UID       PID    %usr %system  %guest   %wait    %CPU   CPU  Command
04:16:35        0     46383   16.00    1.00    0.00    0.00   17.00     7  cartographer_no

04:16:34      UID       PID  minflt/s  majflt/s     VSZ     RSS   %MEM  Command
04:16:35        0     46383      0.00      0.00 1567948  106280   0.68  cartographer_no

04:16:35      UID       PID    %usr %system  %guest   %wait    %CPU   CPU  Command
04:16:36        0     46383  114.00    0.00    0.00    0.00  114.00     9  cartographer_no

04:16:35      UID       PID  minflt/s  majflt/s     VSZ     RSS   %MEM  Command
04:16:36        0     46383      0.00      0.00 1567948  106280   0.68  cartographer_no

04:16:36      UID       PID    %usr %system  %guest   %wait    %CPU   CPU  Command
04:16:37        0     46383   14.00    1.00    0.00    0.00   15.00    14  cartographer_no

04:16:36      UID       PID  minflt/s  majflt/s     VSZ     RSS   %MEM  Command
04:16:37        0     46383      0.00      0.00 1567948  106280   0.68  cartographer_no

04:16:37      UID       PID    %usr %system  %guest   %wait    %CPU   CPU  Command
04:16:38        0     46383   13.00    0.00    0.00    0.00   13.00     2  cartographer_no

04:16:37      UID       PID  minflt/s  majflt/s     VSZ     RSS   %MEM  Command
04:16:38        0     46383      0.00      0.00 1567948  106280   0.68  cartographer_no

04:16:38      UID       PID    %usr %system  %guest   %wait    %CPU   CPU  Command
04:16:39        0     46383   13.00    1.00    0.00    0.00   14.00     0  cartographer_no

04:16:38      UID       PID  minflt/s  majflt/s     VSZ     RSS   %MEM  Command
04:16:39        0     46383      0.00      0.00 1567948  106280   0.68  cartographer_no

04:16:39      UID       PID    %usr %system  %guest   %wait    %CPU   CPU  Command
04:16:40        0     46383   10.00    0.00    0.00    0.00   10.00     8  cartographer_no

04:16:39      UID       PID  minflt/s  majflt/s     VSZ     RSS   %MEM  Command
04:16:40        0     46383      0.00      0.00 1567948  106280   0.68  cartographer_no

04:16:40      UID       PID    %usr %system  %guest   %wait    %CPU   CPU  Command
04:16:41        0     46383   10.00    0.00    0.00    0.00   10.00     2  cartographer_no

04:16:40      UID       PID  minflt/s  majflt/s     VSZ     RSS   %MEM  Command
04:16:41        0     46383      0.00      0.00 1567948  106280   0.68  cartographer_no

04:16:41      UID       PID    %usr %system  %guest   %wait    %CPU   CPU  Command
04:16:42        0     46383    9.00    1.00    0.00    0.00   10.00    12  cartographer_no

04:16:41      UID       PID  minflt/s  majflt/s     VSZ     RSS   %MEM  Command
04:16:42        0     46383      0.00      0.00 1567948  106280   0.68  cartographer_no

04:16:42      UID       PID    %usr %system  %guest   %wait    %CPU   CPU  Command
04:16:43        0     46383   12.00    0.00    0.00    0.00   12.00     2  cartographer_no

04:16:42      UID       PID  minflt/s  majflt/s     VSZ     RSS   %MEM  Command
04:16:43        0     46383      0.00      0.00 1567948  106280   0.68  cartographer_no

04:16:43      UID       PID    %usr %system  %guest   %wait    %CPU   CPU  Command
04:16:44        0     46383    9.00    1.00    0.00    0.00   10.00     0  cartographer_no

04:16:43      UID       PID  minflt/s  majflt/s     VSZ     RSS   %MEM  Command
04:16:44        0     46383      0.00      0.00 1567948  106280   0.68  cartographer_no

04:16:44      UID       PID    %usr %system  %guest   %wait    %CPU   CPU  Command
04:16:45        0     46383   10.00    1.00    0.00    0.00   11.00     2  cartographer_no

04:16:44      UID       PID  minflt/s  majflt/s     VSZ     RSS   %MEM  Command
04:16:45        0     46383      0.00      0.00 1567948  106280   0.68  cartographer_no

04:16:45      UID       PID    %usr %system  %guest   %wait    %CPU   CPU  Command
04:16:46        0     46383    9.00    0.00    0.00    0.00    9.00     4  cartographer_no

04:16:45      UID       PID  minflt/s  majflt/s     VSZ     RSS   %MEM  Command
04:16:46        0     46383      0.00      0.00 1567948  106280   0.68  cartographer_no

04:16:46      UID       PID    %usr %system  %guest   %wait    %CPU   CPU  Command
04:16:47        0     46383   10.00    0.00    0.00    0.00   10.00     6  cartographer_no

04:16:46      UID       PID  minflt/s  majflt/s     VSZ     RSS   %MEM  Command
04:16:47        0     46383      0.00      0.00 1567948  106280   0.68  cartographer_no

04:16:47      UID       PID    %usr %system  %guest   %wait    %CPU   CPU  Command
04:16:48        0     46383   11.00    1.00    0.00    0.00   12.00    10  cartographer_no

04:16:47      UID       PID  minflt/s  majflt/s     VSZ     RSS   %MEM  Command
04:16:48        0     46383      0.00      0.00 1567948  106280   0.68  cartographer_no

04:16:48      UID       PID    %usr %system  %guest   %wait    %CPU   CPU  Command
04:16:49        0     46383   14.00    1.00    0.00    0.00   15.00     4  cartographer_no

04:16:48      UID       PID  minflt/s  majflt/s     VSZ     RSS   %MEM  Command
04:16:49        0     46383    313.00      0.00 1569200  107560   0.69  cartographer_no

04:16:49      UID       PID    %usr %system  %guest   %wait    %CPU   CPU  Command
04:16:50        0     46383   26.00    1.00    0.00    0.00   27.00    14  cartographer_no

04:16:49      UID       PID  minflt/s  majflt/s     VSZ     RSS   %MEM  Command
04:16:50        0     46383    609.00      0.00 1569200  109992   0.71  cartographer_no

04:16:50      UID       PID    %usr %system  %guest   %wait    %CPU   CPU  Command
04:16:51        0     46383   17.00    0.00    0.00    0.00   17.00     2  cartographer_no

04:16:50      UID       PID  minflt/s  majflt/s     VSZ     RSS   %MEM  Command
04:16:51        0     46383      0.00      0.00 1569200  109992   0.71  cartographer_no

04:16:51      UID       PID    %usr %system  %guest   %wait    %CPU   CPU  Command
04:16:52        0     46383   15.00    0.00    0.00    0.00   15.00     3  cartographer_no

04:16:51      UID       PID  minflt/s  majflt/s     VSZ     RSS   %MEM  Command
04:16:52        0     46383      0.00      0.00 1569200  109992   0.71  cartographer_no

04:16:52      UID       PID    %usr %system  %guest   %wait    %CPU   CPU  Command
04:16:53        0     46383   14.00    1.00    0.00    0.00   15.00     3  cartographer_no

04:16:52      UID       PID  minflt/s  majflt/s     VSZ     RSS   %MEM  Command
04:16:53        0     46383      0.00      0.00 1569200  109992   0.71  cartographer_no

04:16:53      UID       PID    %usr %system  %guest   %wait    %CPU   CPU  Command
04:16:54        0     46383   16.00    0.00    0.00    0.00   16.00     2  cartographer_no

04:16:53      UID       PID  minflt/s  majflt/s     VSZ     RSS   %MEM  Command
04:16:54        0     46383      0.00      0.00 1569200  109992   0.71  cartographer_no

04:16:54      UID       PID    %usr %system  %guest   %wait    %CPU   CPU  Command
04:16:55        0     46383   13.00    1.00    0.00    0.00   14.00    10  cartographer_no

04:16:54      UID       PID  minflt/s  majflt/s     VSZ     RSS   %MEM  Command
04:16:55        0     46383      0.00      0.00 1569200  109992   0.71  cartographer_no

04:16:55      UID       PID    %usr %system  %guest   %wait    %CPU   CPU  Command
04:16:56        0     46383   14.00    1.00    0.00    0.00   15.00     4  cartographer_no

04:16:55      UID       PID  minflt/s  majflt/s     VSZ     RSS   %MEM  Command
04:16:56        0     46383      0.00      0.00 1569200  109992   0.71  cartographer_no

04:16:56      UID       PID    %usr %system  %guest   %wait    %CPU   CPU  Command
04:16:57        0     46383   12.00    0.00    0.00    0.00   12.00     6  cartographer_no

04:16:56      UID       PID  minflt/s  majflt/s     VSZ     RSS   %MEM  Command
04:16:57        0     46383      0.00      0.00 1569200  109992   0.71  cartographer_no

04:16:57      UID       PID    %usr %system  %guest   %wait    %CPU   CPU  Command
04:16:58        0     46383   11.00    1.00    0.00    0.00   12.00     4  cartographer_no

04:16:57      UID       PID  minflt/s  majflt/s     VSZ     RSS   %MEM  Command
04:16:58        0     46383      0.00      0.00 1569200  109992   0.71  cartographer_no

04:16:58      UID       PID    %usr %system  %guest   %wait    %CPU   CPU  Command
04:16:59        0     46383   11.00    1.00    0.00    0.00   12.00     4  cartographer_no

04:16:58      UID       PID  minflt/s  majflt/s     VSZ     RSS   %MEM  Command
04:16:59        0     46383      0.00      0.00 1569200  109992   0.71  cartographer_no

04:16:59      UID       PID    %usr %system  %guest   %wait    %CPU   CPU  Command
04:17:00        0     46383   10.00    0.00    0.00    0.00   10.00     4  cartographer_no

04:16:59      UID       PID  minflt/s  majflt/s     VSZ     RSS   %MEM  Command
04:17:00        0     46383      0.00      0.00 1569200  109992   0.71  cartographer_no

04:17:00      UID       PID    %usr %system  %guest   %wait    %CPU   CPU  Command
04:17:01        0     46383   11.00    1.00    0.00    0.00   12.00     0  cartographer_no

04:17:00      UID       PID  minflt/s  majflt/s     VSZ     RSS   %MEM  Command
04:17:01        0     46383      0.00      0.00 1569200  109992   0.71  cartographer_no

04:17:01      UID       PID    %usr %system  %guest   %wait    %CPU   CPU  Command
04:17:02        0     46383   11.00    0.00    0.00    0.00   11.00     8  cartographer_no

04:17:01      UID       PID  minflt/s  majflt/s     VSZ     RSS   %MEM  Command
04:17:02        0     46383      0.00      0.00 1569200  109992   0.71  cartographer_no

04:17:02      UID       PID    %usr %system  %guest   %wait    %CPU   CPU  Command
04:17:03        0     46383    9.00    1.00    0.00    0.00   10.00     0  cartographer_no

04:17:02      UID       PID  minflt/s  majflt/s     VSZ     RSS   %MEM  Command
04:17:03        0     46383      0.00      0.00 1569200  109992   0.71  cartographer_no

04:17:03      UID       PID    %usr %system  %guest   %wait    %CPU   CPU  Command
04:17:04        0     46383   16.00    1.00    0.00    0.00   17.00     6  cartographer_no

04:17:03      UID       PID  minflt/s  majflt/s     VSZ     RSS   %MEM  Command
04:17:04        0     46383      0.00      0.00 1569200  109992   0.71  cartographer_no

04:17:04      UID       PID    %usr %system  %guest   %wait    %CPU   CPU  Command
04:17:05        0     46383   13.00    1.00    0.00    0.00   14.00     2  cartographer_no

04:17:04      UID       PID  minflt/s  majflt/s     VSZ     RSS   %MEM  Command
04:17:05        0     46383      0.00      0.00 1569200  109992   0.71  cartographer_no

04:17:05      UID       PID    %usr %system  %guest   %wait    %CPU   CPU  Command
04:17:06        0     46383   16.00    0.00    0.00    1.00   16.00     2  cartographer_no

04:17:05      UID       PID  minflt/s  majflt/s     VSZ     RSS   %MEM  Command
04:17:06        0     46383      0.00      0.00 1569200  109992   0.71  cartographer_no

04:17:06      UID       PID    %usr %system  %guest   %wait    %CPU   CPU  Command
04:17:07        0     46383   16.00    1.00    0.00    0.00   17.00    10  cartographer_no

04:17:06      UID       PID  minflt/s  majflt/s     VSZ     RSS   %MEM  Command
04:17:07        0     46383      0.00      0.00 1569200  109992   0.71  cartographer_no

04:17:07      UID       PID    %usr %system  %guest   %wait    %CPU   CPU  Command
04:17:08        0     46383   16.00    1.00    0.00    0.00   17.00     6  cartographer_no

04:17:07      UID       PID  minflt/s  majflt/s     VSZ     RSS   %MEM  Command
04:17:08        0     46383      0.00      0.00 1569200  109992   0.71  cartographer_no

04:17:08      UID       PID    %usr %system  %guest   %wait    %CPU   CPU  Command
04:17:09        0     46383   16.00    0.00    0.00    0.00   16.00    10  cartographer_no

04:17:08      UID       PID  minflt/s  majflt/s     VSZ     RSS   %MEM  Command
04:17:09        0     46383      0.00      0.00 1569200  109992   0.71  cartographer_no

04:17:09      UID       PID    %usr %system  %guest   %wait    %CPU   CPU  Command
04:17:10        0     46383   17.00    1.00    0.00    0.00   18.00     2  cartographer_no

04:17:09      UID       PID  minflt/s  majflt/s     VSZ     RSS   %MEM  Command
04:17:10        0     46383      0.00      0.00 1569200  109992   0.71  cartographer_no

04:17:10      UID       PID    %usr %system  %guest   %wait    %CPU   CPU  Command
04:17:11        0     46383   16.00    0.00    0.00    0.00   16.00     0  cartographer_no

04:17:10      UID       PID  minflt/s  majflt/s     VSZ     RSS   %MEM  Command
04:17:11        0     46383      0.00      0.00 1569200  109992   0.71  cartographer_no

04:17:11      UID       PID    %usr %system  %guest   %wait    %CPU   CPU  Command
04:17:12        0     46383   17.00    1.00    0.00    0.00   18.00     3  cartographer_no

04:17:11      UID       PID  minflt/s  majflt/s     VSZ     RSS   %MEM  Command
04:17:12        0     46383      0.00      0.00 1569200  109992   0.71  cartographer_no

04:17:12      UID       PID    %usr %system  %guest   %wait    %CPU   CPU  Command
04:17:13        0     46383   15.00    1.00    0.00    0.00   16.00     3  cartographer_no

04:17:12      UID       PID  minflt/s  majflt/s     VSZ     RSS   %MEM  Command
04:17:13        0     46383      0.00      0.00 1569200  109992   0.71  cartographer_no

04:17:13      UID       PID    %usr %system  %guest   %wait    %CPU   CPU  Command
04:17:14        0     46383   14.00    0.00    0.00    0.00   14.00     3  cartographer_no

04:17:13      UID       PID  minflt/s  majflt/s     VSZ     RSS   %MEM  Command
04:17:14        0     46383      0.00      0.00 1569200  109992   0.71  cartographer_no

04:17:14      UID       PID    %usr %system  %guest   %wait    %CPU   CPU  Command
04:17:15        0     46383   13.00    1.00    0.00    0.00   14.00     3  cartographer_no

04:17:14      UID       PID  minflt/s  majflt/s     VSZ     RSS   %MEM  Command
04:17:15        0     46383      0.00      0.00 1569200  109992   0.71  cartographer_no

04:17:15      UID       PID    %usr %system  %guest   %wait    %CPU   CPU  Command
04:17:16        0     46383   13.00    0.00    0.00    0.00   13.00     3  cartographer_no

04:17:15      UID       PID  minflt/s  majflt/s     VSZ     RSS   %MEM  Command
04:17:16        0     46383      0.00      0.00 1569200  109992   0.71  cartographer_no

04:17:16      UID       PID    %usr %system  %guest   %wait    %CPU   CPU  Command
04:17:17        0     46383   10.00    0.00    0.00    0.00   10.00     2  cartographer_no

04:17:16      UID       PID  minflt/s  majflt/s     VSZ     RSS   %MEM  Command
04:17:17        0     46383      0.00      0.00 1569200  109992   0.71  cartographer_no

04:17:17      UID       PID    %usr %system  %guest   %wait    %CPU   CPU  Command
04:17:18        0     46383   15.00    1.00    0.00    0.00   16.00     6  cartographer_no

04:17:17      UID       PID  minflt/s  majflt/s     VSZ     RSS   %MEM  Command
04:17:18        0     46383      0.00      0.00 1569200  109992   0.71  cartographer_no

04:17:18      UID       PID    %usr %system  %guest   %wait    %CPU   CPU  Command
04:17:19        0     46383   16.00    0.00    0.00    0.00   16.00     6  cartographer_no

04:17:18      UID       PID  minflt/s  majflt/s     VSZ     RSS   %MEM  Command
04:17:19        0     46383      0.00      0.00 1569200  109992   0.71  cartographer_no

04:17:19      UID       PID    %usr %system  %guest   %wait    %CPU   CPU  Command
04:17:20        0     46383   15.00    1.00    0.00    0.00   16.00     4  cartographer_no

04:17:19      UID       PID  minflt/s  majflt/s     VSZ     RSS   %MEM  Command
04:17:20        0     46383      0.00      0.00 1569200  109992   0.71  cartographer_no

04:17:20      UID       PID    %usr %system  %guest   %wait    %CPU   CPU  Command
04:17:21        0     46383   13.00    0.00    0.00    0.00   13.00     0  cartographer_no

04:17:20      UID       PID  minflt/s  majflt/s     VSZ     RSS   %MEM  Command
04:17:21        0     46383      0.00      0.00 1569200  109992   0.71  cartographer_no

04:17:21      UID       PID    %usr %system  %guest   %wait    %CPU   CPU  Command
04:17:22        0     46383   11.00    1.00    0.00    0.00   12.00    10  cartographer_no

04:17:21      UID       PID  minflt/s  majflt/s     VSZ     RSS   %MEM  Command
04:17:22        0     46383      0.00      0.00 1569200  109992   0.71  cartographer_no

04:17:22      UID       PID    %usr %system  %guest   %wait    %CPU   CPU  Command
04:17:23        0     46383   13.00    0.00    0.00    0.00   13.00     7  cartographer_no

04:17:22      UID       PID  minflt/s  majflt/s     VSZ     RSS   %MEM  Command
04:17:23        0     46383      0.00      0.00 1569200  109992   0.71  cartographer_no

04:17:23      UID       PID    %usr %system  %guest   %wait    %CPU   CPU  Command
04:17:24        0     46383   12.00    1.00    0.00    0.00   13.00     4  cartographer_no

04:17:23      UID       PID  minflt/s  majflt/s     VSZ     RSS   %MEM  Command
04:17:24        0     46383      0.00      0.00 1569200  109992   0.71  cartographer_no

04:17:24      UID       PID    %usr %system  %guest   %wait    %CPU   CPU  Command
04:17:25        0     46383   12.00    1.00    0.00    0.00   13.00    14  cartographer_no

04:17:24      UID       PID  minflt/s  majflt/s     VSZ     RSS   %MEM  Command
04:17:25        0     46383      0.00      0.00 1569200  109992   0.71  cartographer_no

04:17:25      UID       PID    %usr %system  %guest   %wait    %CPU   CPU  Command
04:17:26        0     46383   15.00    0.00    0.00    0.00   15.00     7  cartographer_no

04:17:25      UID       PID  minflt/s  majflt/s     VSZ     RSS   %MEM  Command
04:17:26        0     46383      0.00      0.00 1569200  109992   0.71  cartographer_no

04:17:26      UID       PID    %usr %system  %guest   %wait    %CPU   CPU  Command
04:17:27        0     46383   12.00    0.00    0.00    0.00   12.00     7  cartographer_no

04:17:26      UID       PID  minflt/s  majflt/s     VSZ     RSS   %MEM  Command
04:17:27        0     46383      0.00      0.00 1569200  109992   0.71  cartographer_no

04:17:27      UID       PID    %usr %system  %guest   %wait    %CPU   CPU  Command
04:17:28        0     46383   11.00    1.00    0.00    0.00   12.00     7  cartographer_no

04:17:27      UID       PID  minflt/s  majflt/s     VSZ     RSS   %MEM  Command
04:17:28        0     46383      0.00      0.00 1569200  109992   0.71  cartographer_no

04:17:28      UID       PID    %usr %system  %guest   %wait    %CPU   CPU  Command
04:17:29        0     46383   12.00    0.00    0.00    0.00   12.00     7  cartographer_no

04:17:28      UID       PID  minflt/s  majflt/s     VSZ     RSS   %MEM  Command
04:17:29        0     46383      0.00      0.00 1569200  109992   0.71  cartographer_no

04:17:29      UID       PID    %usr %system  %guest   %wait    %CPU   CPU  Command
04:17:30        0     46383   13.00    1.00    0.00    0.00   14.00    14  cartographer_no

04:17:29      UID       PID  minflt/s  majflt/s     VSZ     RSS   %MEM  Command
04:17:30        0     46383      0.00      0.00 1569200  109992   0.71  cartographer_no

04:17:30      UID       PID    %usr %system  %guest   %wait    %CPU   CPU  Command
04:17:31        0     46383   16.00    0.00    0.00    0.00   16.00     2  cartographer_no

04:17:30      UID       PID  minflt/s  majflt/s     VSZ     RSS   %MEM  Command
04:17:31        0     46383      0.00      0.00 1569200  109992   0.71  cartographer_no

04:17:31      UID       PID    %usr %system  %guest   %wait    %CPU   CPU  Command
04:17:32        0     46383   21.00    1.00    0.00    0.00   22.00     4  cartographer_no

04:17:31      UID       PID  minflt/s  majflt/s     VSZ     RSS   %MEM  Command
04:17:32        0     46383      0.00      0.00 1569200  109992   0.71  cartographer_no

04:17:32      UID       PID    %usr %system  %guest   %wait    %CPU   CPU  Command
04:17:33        0     46383   19.00    0.00    0.00    0.00   19.00     3  cartographer_no

04:17:32      UID       PID  minflt/s  majflt/s     VSZ     RSS   %MEM  Command
04:17:33        0     46383      0.00      0.00 1569200  109992   0.71  cartographer_no

04:17:33      UID       PID    %usr %system  %guest   %wait    %CPU   CPU  Command
04:17:34        0     46383   24.00    1.00    0.00    0.00   25.00     8  cartographer_no

04:17:33      UID       PID  minflt/s  majflt/s     VSZ     RSS   %MEM  Command
04:17:34        0     46383      0.00      0.00 1569200  109992   0.71  cartographer_no

04:17:34      UID       PID    %usr %system  %guest   %wait    %CPU   CPU  Command
04:17:35        0     46383   18.00    1.00    0.00    0.00   19.00     6  cartographer_no

04:17:34      UID       PID  minflt/s  majflt/s     VSZ     RSS   %MEM  Command
04:17:35        0     46383      0.00      0.00 1569200  109992   0.71  cartographer_no

04:17:35      UID       PID    %usr %system  %guest   %wait    %CPU   CPU  Command
04:17:36        0     46383   18.00    0.00    0.00    0.00   18.00     0  cartographer_no

04:17:35      UID       PID  minflt/s  majflt/s     VSZ     RSS   %MEM  Command
04:17:36        0     46383      0.00      0.00 1569200  109992   0.71  cartographer_no

04:17:36      UID       PID    %usr %system  %guest   %wait    %CPU   CPU  Command
04:17:37        0     46383   17.00    1.00    0.00    0.00   18.00    10  cartographer_no

04:17:36      UID       PID  minflt/s  majflt/s     VSZ     RSS   %MEM  Command
04:17:37        0     46383      0.00      0.00 1569200  109992   0.71  cartographer_no

04:17:37      UID       PID    %usr %system  %guest   %wait    %CPU   CPU  Command
04:17:38        0     46383   17.00    1.00    0.00    0.00   18.00     2  cartographer_no

04:17:37      UID       PID  minflt/s  majflt/s     VSZ     RSS   %MEM  Command
04:17:38        0     46383      0.00      0.00 1569200  109992   0.71  cartographer_no

04:17:38      UID       PID    %usr %system  %guest   %wait    %CPU   CPU  Command
04:17:39        0     46383  113.00    0.00    0.00    0.00  113.00    12  cartographer_no

04:17:38      UID       PID  minflt/s  majflt/s     VSZ     RSS   %MEM  Command
04:17:39        0     46383      0.00      0.00 1569200  109992   0.71  cartographer_no

04:17:39      UID       PID    %usr %system  %guest   %wait    %CPU   CPU  Command
04:17:40        0     46383   17.00    1.00    0.00    0.00   18.00    12  cartographer_no

04:17:39      UID       PID  minflt/s  majflt/s     VSZ     RSS   %MEM  Command
04:17:40        0     46383      0.00      0.00 1569200  109992   0.71  cartographer_no

04:17:40      UID       PID    %usr %system  %guest   %wait    %CPU   CPU  Command
04:17:41        0     46383   17.00    1.00    0.00    0.00   18.00     0  cartographer_no

04:17:40      UID       PID  minflt/s  majflt/s     VSZ     RSS   %MEM  Command
04:17:41        0     46383      0.00      0.00 1569200  109992   0.71  cartographer_no

04:17:41      UID       PID    %usr %system  %guest   %wait    %CPU   CPU  Command
04:17:42        0     46383   17.00    0.00    0.00    0.00   17.00     8  cartographer_no

04:17:41      UID       PID  minflt/s  majflt/s     VSZ     RSS   %MEM  Command
04:17:42        0     46383      0.00      0.00 1569200  109992   0.71  cartographer_no

04:17:42      UID       PID    %usr %system  %guest   %wait    %CPU   CPU  Command
04:17:43        0     46383   19.00    1.00    0.00    0.00   20.00     0  cartographer_no

04:17:42      UID       PID  minflt/s  majflt/s     VSZ     RSS   %MEM  Command
04:17:43        0     46383      0.00      0.00 1569200  109992   0.71  cartographer_no

04:17:43      UID       PID    %usr %system  %guest   %wait    %CPU   CPU  Command
04:17:44        0     46383   17.00    0.00    0.00    0.00   17.00     6  cartographer_no

04:17:43      UID       PID  minflt/s  majflt/s     VSZ     RSS   %MEM  Command
04:17:44        0     46383      0.00      0.00 1569200  109992   0.71  cartographer_no

04:17:44      UID       PID    %usr %system  %guest   %wait    %CPU   CPU  Command
04:17:45        0     46383   19.00    1.00    0.00    0.00   20.00     4  cartographer_no

04:17:44      UID       PID  minflt/s  majflt/s     VSZ     RSS   %MEM  Command
04:17:45        0     46383      0.00      0.00 1569200  109992   0.71  cartographer_no

04:17:45      UID       PID    %usr %system  %guest   %wait    %CPU   CPU  Command
04:17:46        0     46383   17.00    0.00    0.00    0.00   17.00     2  cartographer_no

04:17:45      UID       PID  minflt/s  majflt/s     VSZ     RSS   %MEM  Command
04:17:46        0     46383      0.00      0.00 1569200  109992   0.71  cartographer_no

04:17:46      UID       PID    %usr %system  %guest   %wait    %CPU   CPU  Command
04:17:47        0     46383   16.00    1.00    0.00    0.00   17.00     6  cartographer_no

04:17:46      UID       PID  minflt/s  majflt/s     VSZ     RSS   %MEM  Command
04:17:47        0     46383      0.00      0.00 1569200  109992   0.71  cartographer_no

04:17:47      UID       PID    %usr %system  %guest   %wait    %CPU   CPU  Command
04:17:48        0     46383   26.00    1.00    0.00    0.00   27.00     0  cartographer_no

04:17:47      UID       PID  minflt/s  majflt/s     VSZ     RSS   %MEM  Command
04:17:48        0     46383    493.00      0.00 1569200  111784   0.72  cartographer_no

04:17:48      UID       PID    %usr %system  %guest   %wait    %CPU   CPU  Command
04:17:49        0     46383   15.00    1.00    0.00    0.00   16.00     3  cartographer_no

04:17:48      UID       PID  minflt/s  majflt/s     VSZ     RSS   %MEM  Command
04:17:49        0     46383      0.00      0.00 1569200  111784   0.72  cartographer_no

04:17:49      UID       PID    %usr %system  %guest   %wait    %CPU   CPU  Command
04:17:50        0     46383   18.00    0.00    0.00    0.00   18.00     3  cartographer_no

04:17:49      UID       PID  minflt/s  majflt/s     VSZ     RSS   %MEM  Command
04:17:50        0     46383      0.00      0.00 1569200  111784   0.72  cartographer_no

04:17:50      UID       PID    %usr %system  %guest   %wait    %CPU   CPU  Command
04:17:51        0     46383   12.00    1.00    0.00    0.00   13.00    14  cartographer_no

04:17:50      UID       PID  minflt/s  majflt/s     VSZ     RSS   %MEM  Command
04:17:51        0     46383      0.00      0.00 1569200  111784   0.72  cartographer_no

04:17:51      UID       PID    %usr %system  %guest   %wait    %CPU   CPU  Command
04:17:52        0     46383   13.00    0.00    0.00    0.00   13.00     8  cartographer_no

04:17:51      UID       PID  minflt/s  majflt/s     VSZ     RSS   %MEM  Command
04:17:52        0     46383      0.00      0.00 1569200  111784   0.72  cartographer_no

04:17:52      UID       PID    %usr %system  %guest   %wait    %CPU   CPU  Command
04:17:53        0     46383   12.00    0.00    0.00    0.00   12.00     2  cartographer_no

04:17:52      UID       PID  minflt/s  majflt/s     VSZ     RSS   %MEM  Command
04:17:53        0     46383      0.00      0.00 1569200  111784   0.72  cartographer_no

04:17:53      UID       PID    %usr %system  %guest   %wait    %CPU   CPU  Command
04:17:54        0     46383   12.00    1.00    0.00    0.00   13.00    10  cartographer_no

04:17:53      UID       PID  minflt/s  majflt/s     VSZ     RSS   %MEM  Command
04:17:54        0     46383      0.00      0.00 1569200  111784   0.72  cartographer_no

04:17:54      UID       PID    %usr %system  %guest   %wait    %CPU   CPU  Command
04:17:55        0     46383   13.00    1.00    0.00    0.00   14.00     2  cartographer_no

04:17:54      UID       PID  minflt/s  majflt/s     VSZ     RSS   %MEM  Command
04:17:55        0     46383      0.00      0.00 1569200  111784   0.72  cartographer_no

04:17:55      UID       PID    %usr %system  %guest   %wait    %CPU   CPU  Command
04:17:56        0     46383   13.00    0.00    0.00    0.00   13.00    12  cartographer_no

04:17:55      UID       PID  minflt/s  majflt/s     VSZ     RSS   %MEM  Command
04:17:56        0     46383      0.00      0.00 1569200  111784   0.72  cartographer_no

04:17:56      UID       PID    %usr %system  %guest   %wait    %CPU   CPU  Command
04:17:57        0     46383   12.00    1.00    0.00    0.00   13.00     2  cartographer_no

04:17:56      UID       PID  minflt/s  majflt/s     VSZ     RSS   %MEM  Command
04:17:57        0     46383      0.00      0.00 1569200  111784   0.72  cartographer_no

04:17:57      UID       PID    %usr %system  %guest   %wait    %CPU   CPU  Command
04:17:58        0     46383   18.00    0.00    0.00    0.00   18.00     6  cartographer_no

04:17:57      UID       PID  minflt/s  majflt/s     VSZ     RSS   %MEM  Command
04:17:58        0     46383      0.00      0.00 1569200  111784   0.72  cartographer_no

04:17:58      UID       PID    %usr %system  %guest   %wait    %CPU   CPU  Command
04:17:59        0     46383   16.00    0.00    0.00    0.00   16.00    12  cartographer_no

04:17:58      UID       PID  minflt/s  majflt/s     VSZ     RSS   %MEM  Command
04:17:59        0     46383      0.00      0.00 1569200  111784   0.72  cartographer_no

04:17:59      UID       PID    %usr %system  %guest   %wait    %CPU   CPU  Command
04:18:00        0     46383   15.00    1.00    0.00    0.00   16.00     4  cartographer_no

04:17:59      UID       PID  minflt/s  majflt/s     VSZ     RSS   %MEM  Command
04:18:00        0     46383      0.00      0.00 1569200  111784   0.72  cartographer_no

04:18:00      UID       PID    %usr %system  %guest   %wait    %CPU   CPU  Command
04:18:01        0     46383   15.84    0.99    0.00    0.00   16.83     4  cartographer_no

04:18:00      UID       PID  minflt/s  majflt/s     VSZ     RSS   %MEM  Command
04:18:01        0     46383      0.00      0.00 1569200  111784   0.72  cartographer_no

04:18:01      UID       PID    %usr %system  %guest   %wait    %CPU   CPU  Command
04:18:02        0     46383   14.00    0.00    0.00    0.00   14.00    14  cartographer_no

04:18:01      UID       PID  minflt/s  majflt/s     VSZ     RSS   %MEM  Command
04:18:02        0     46383      0.00      0.00 1569200  111784   0.72  cartographer_no

04:18:02      UID       PID    %usr %system  %guest   %wait    %CPU   CPU  Command
04:18:03        0     46383   16.00    1.00    0.00    0.00   17.00     6  cartographer_no

04:18:02      UID       PID  minflt/s  majflt/s     VSZ     RSS   %MEM  Command
04:18:03        0     46383      0.00      0.00 1569200  111784   0.72  cartographer_no

04:18:03      UID       PID    %usr %system  %guest   %wait    %CPU   CPU  Command
04:18:04        0     46383   16.00    0.00    0.00    1.00   16.00     4  cartographer_no

04:18:03      UID       PID  minflt/s  majflt/s     VSZ     RSS   %MEM  Command
04:18:04        0     46383      0.00      0.00 1569200  111784   0.72  cartographer_no

04:18:04      UID       PID    %usr %system  %guest   %wait    %CPU   CPU  Command
04:18:05        0     46383   15.00    1.00    0.00    0.00   16.00     8  cartographer_no

04:18:04      UID       PID  minflt/s  majflt/s     VSZ     RSS   %MEM  Command
04:18:05        0     46383      0.00      0.00 1569200  111784   0.72  cartographer_no

04:18:05      UID       PID    %usr %system  %guest   %wait    %CPU   CPU  Command
04:18:06        0     46383   16.00    0.00    0.00    0.00   16.00     8  cartographer_no

04:18:05      UID       PID  minflt/s  majflt/s     VSZ     RSS   %MEM  Command
04:18:06        0     46383      0.00      0.00 1569200  111784   0.72  cartographer_no

04:18:06      UID       PID    %usr %system  %guest   %wait    %CPU   CPU  Command
04:18:07        0     46383   17.00    1.00    0.00    0.00   18.00     4  cartographer_no

04:18:06      UID       PID  minflt/s  majflt/s     VSZ     RSS   %MEM  Command
04:18:07        0     46383      0.00      0.00 1569200  111784   0.72  cartographer_no

04:18:07      UID       PID    %usr %system  %guest   %wait    %CPU   CPU  Command
04:18:08        0     46383   19.00    0.00    0.00    0.00   19.00     6  cartographer_no

04:18:07      UID       PID  minflt/s  majflt/s     VSZ     RSS   %MEM  Command
04:18:08        0     46383      0.00      0.00 1569200  111784   0.72  cartographer_no

04:18:08      UID       PID    %usr %system  %guest   %wait    %CPU   CPU  Command
04:18:09        0     46383   18.00    2.00    0.00    0.00   20.00     7  cartographer_no

04:18:08      UID       PID  minflt/s  majflt/s     VSZ     RSS   %MEM  Command
04:18:09        0     46383      0.00      0.00 1569200  111784   0.72  cartographer_no

04:18:09      UID       PID    %usr %system  %guest   %wait    %CPU   CPU  Command
04:18:10        0     46383   18.00    0.00    0.00    0.00   18.00     6  cartographer_no

04:18:09      UID       PID  minflt/s  majflt/s     VSZ     RSS   %MEM  Command
04:18:10        0     46383      0.00      0.00 1569200  111784   0.72  cartographer_no

04:18:10      UID       PID    %usr %system  %guest   %wait    %CPU   CPU  Command
04:18:11        0     46383   16.00    0.00    0.00    0.00   16.00    10  cartographer_no

04:18:10      UID       PID  minflt/s  majflt/s     VSZ     RSS   %MEM  Command
04:18:11        0     46383      0.00      0.00 1569200  111784   0.72  cartographer_no

04:18:11      UID       PID    %usr %system  %guest   %wait    %CPU   CPU  Command
04:18:12        0     46383   17.00    1.00    0.00    0.00   18.00     8  cartographer_no

04:18:11      UID       PID  minflt/s  majflt/s     VSZ     RSS   %MEM  Command
04:18:12        0     46383      0.00      0.00 1569200  111784   0.72  cartographer_no

04:18:12      UID       PID    %usr %system  %guest   %wait    %CPU   CPU  Command
04:18:13        0     46383   16.00    1.00    0.00    0.00   17.00     6  cartographer_no

04:18:12      UID       PID  minflt/s  majflt/s     VSZ     RSS   %MEM  Command
04:18:13        0     46383      0.00      0.00 1569200  111784   0.72  cartographer_no

04:18:13      UID       PID    %usr %system  %guest   %wait    %CPU   CPU  Command
04:18:14        0     46383   18.00    0.00    0.00    0.00   18.00     6  cartographer_no

04:18:13      UID       PID  minflt/s  majflt/s     VSZ     RSS   %MEM  Command
04:18:14        0     46383      1.00      0.00 1569200  111784   0.72  cartographer_no

04:18:14      UID       PID    %usr %system  %guest   %wait    %CPU   CPU  Command
04:18:15        0     46383   17.00    1.00    0.00    0.00   18.00     2  cartographer_no

04:18:14      UID       PID  minflt/s  majflt/s     VSZ     RSS   %MEM  Command
04:18:15        0     46383      0.00      0.00 1569200  111784   0.72  cartographer_no

04:18:15      UID       PID    %usr %system  %guest   %wait    %CPU   CPU  Command
04:18:16        0     46383   16.00    0.00    0.00    0.00   16.00     7  cartographer_no

04:18:15      UID       PID  minflt/s  majflt/s     VSZ     RSS   %MEM  Command
04:18:16        0     46383      0.00      0.00 1569200  111784   0.72  cartographer_no

04:18:16      UID       PID    %usr %system  %guest   %wait    %CPU   CPU  Command
04:18:17        0     46383   19.00    1.00    0.00    0.00   20.00     6  cartographer_no

04:18:16      UID       PID  minflt/s  majflt/s     VSZ     RSS   %MEM  Command
04:18:17        0     46383      0.00      0.00 1569200  111784   0.72  cartographer_no

04:18:17      UID       PID    %usr %system  %guest   %wait    %CPU   CPU  Command
04:18:18        0     46383   15.00    0.00    0.00    0.00   15.00     8  cartographer_no

04:18:17      UID       PID  minflt/s  majflt/s     VSZ     RSS   %MEM  Command
04:18:18        0     46383      0.00      0.00 1569200  111784   0.72  cartographer_no

04:18:18      UID       PID    %usr %system  %guest   %wait    %CPU   CPU  Command
04:18:19        0     46383   16.00    1.00    0.00    0.00   17.00     2  cartographer_no

04:18:18      UID       PID  minflt/s  majflt/s     VSZ     RSS   %MEM  Command
04:18:19        0     46383      0.00      0.00 1569200  111784   0.72  cartographer_no

04:18:19      UID       PID    %usr %system  %guest   %wait    %CPU   CPU  Command
04:18:20        0     46383   17.00    0.00    0.00    0.00   17.00     0  cartographer_no

04:18:19      UID       PID  minflt/s  majflt/s     VSZ     RSS   %MEM  Command
04:18:20        0     46383      0.00      0.00 1569200  111784   0.72  cartographer_no

04:18:20      UID       PID    %usr %system  %guest   %wait    %CPU   CPU  Command
04:18:21        0     46383   16.00    1.00    0.00    0.00   17.00     3  cartographer_no

04:18:20      UID       PID  minflt/s  majflt/s     VSZ     RSS   %MEM  Command
04:18:21        0     46383      0.00      0.00 1569200  111784   0.72  cartographer_no

04:18:21      UID       PID    %usr %system  %guest   %wait    %CPU   CPU  Command
04:18:22        0     46383   16.00    1.00    0.00    0.00   17.00     7  cartographer_no

04:18:21      UID       PID  minflt/s  majflt/s     VSZ     RSS   %MEM  Command
04:18:22        0     46383      0.00      0.00 1569200  111784   0.72  cartographer_no

04:18:22      UID       PID    %usr %system  %guest   %wait    %CPU   CPU  Command
04:18:23        0     46383   16.00    1.00    0.00    0.00   17.00     7  cartographer_no

04:18:22      UID       PID  minflt/s  majflt/s     VSZ     RSS   %MEM  Command
04:18:23        0     46383      0.00      0.00 1569200  111784   0.72  cartographer_no

04:18:23      UID       PID    %usr %system  %guest   %wait    %CPU   CPU  Command
04:18:24        0     46383   16.00    0.00    0.00    0.00   16.00     0  cartographer_no

04:18:23      UID       PID  minflt/s  majflt/s     VSZ     RSS   %MEM  Command
04:18:24        0     46383      0.00      0.00 1569200  111784   0.72  cartographer_no

04:18:24      UID       PID    %usr %system  %guest   %wait    %CPU   CPU  Command
04:18:25        0     46383   19.00    0.00    0.00    0.00   19.00     2  cartographer_no

04:18:24      UID       PID  minflt/s  majflt/s     VSZ     RSS   %MEM  Command
04:18:25        0     46383      0.00      0.00 1569200  111784   0.72  cartographer_no

04:18:25      UID       PID    %usr %system  %guest   %wait    %CPU   CPU  Command
04:18:26        0     46383  131.00    1.00    0.00    0.00  132.00     0  cartographer_no

04:18:25      UID       PID  minflt/s  majflt/s     VSZ     RSS   %MEM  Command
04:18:26        0     46383      4.00      0.00 1569200  111784   0.72  cartographer_no

04:18:26      UID       PID    %usr %system  %guest   %wait    %CPU   CPU  Command
04:18:27        0     46383   11.00    1.00    0.00    0.00   12.00     2  cartographer_no

04:18:26      UID       PID  minflt/s  majflt/s     VSZ     RSS   %MEM  Command
04:18:27        0     46383      0.00      0.00 1569200  111784   0.72  cartographer_no

04:18:27      UID       PID    %usr %system  %guest   %wait    %CPU   CPU  Command
04:18:28        0     46383   14.00    0.00    0.00    0.00   14.00     8  cartographer_no

04:18:27      UID       PID  minflt/s  majflt/s     VSZ     RSS   %MEM  Command
04:18:28        0     46383      0.00      0.00 1569200  111784   0.72  cartographer_no

04:18:28      UID       PID    %usr %system  %guest   %wait    %CPU   CPU  Command
04:18:29        0     46383   19.00    1.00    0.00    0.00   20.00     6  cartographer_no

04:18:28      UID       PID  minflt/s  majflt/s     VSZ     RSS   %MEM  Command
04:18:29        0     46383      0.00      0.00 1569200  111784   0.72  cartographer_no

04:18:29      UID       PID    %usr %system  %guest   %wait    %CPU   CPU  Command
04:18:30        0     46383   19.00    0.00    0.00    0.00   19.00     8  cartographer_no

04:18:29      UID       PID  minflt/s  majflt/s     VSZ     RSS   %MEM  Command
04:18:30        0     46383      0.00      0.00 1569200  111784   0.72  cartographer_no

04:18:30      UID       PID    %usr %system  %guest   %wait    %CPU   CPU  Command
04:18:31        0     46383   19.00    1.00    0.00    0.00   20.00     0  cartographer_no

04:18:30      UID       PID  minflt/s  majflt/s     VSZ     RSS   %MEM  Command
04:18:31        0     46383      0.00      0.00 1569200  111784   0.72  cartographer_no

04:18:31      UID       PID    %usr %system  %guest   %wait    %CPU   CPU  Command
04:18:32        0     46383   25.00    1.00    0.00    0.00   26.00     7  cartographer_no

04:18:31      UID       PID  minflt/s  majflt/s     VSZ     RSS   %MEM  Command
04:18:32        0     46383   1167.00      0.00 1569200  116388   0.75  cartographer_no

04:18:32      UID       PID    %usr %system  %guest   %wait    %CPU   CPU  Command
04:18:33        0     46383   16.00    0.00    0.00    0.00   16.00     7  cartographer_no

04:18:32      UID       PID  minflt/s  majflt/s     VSZ     RSS   %MEM  Command
04:18:33        0     46383      0.00      0.00 1569200  116388   0.75  cartographer_no

04:18:33      UID       PID    %usr %system  %guest   %wait    %CPU   CPU  Command
04:18:34        0     46383   16.00    1.00    0.00    0.00   17.00     0  cartographer_no

04:18:33      UID       PID  minflt/s  majflt/s     VSZ     RSS   %MEM  Command
04:18:34        0     46383      0.00      0.00 1569200  116388   0.75  cartographer_no

04:18:34      UID       PID    %usr %system  %guest   %wait    %CPU   CPU  Command
04:18:35        0     46383   15.00    0.00    0.00    0.00   15.00     6  cartographer_no

04:18:34      UID       PID  minflt/s  majflt/s     VSZ     RSS   %MEM  Command
04:18:35        0     46383      0.00      0.00 1569200  116388   0.75  cartographer_no

04:18:35      UID       PID    %usr %system  %guest   %wait    %CPU   CPU  Command
04:18:36        0     46383   15.00    0.00    0.00    0.00   15.00     2  cartographer_no

04:18:35      UID       PID  minflt/s  majflt/s     VSZ     RSS   %MEM  Command
04:18:36        0     46383      0.00      0.00 1569200  116388   0.75  cartographer_no

04:18:36      UID       PID    %usr %system  %guest   %wait    %CPU   CPU  Command
04:18:37        0     46383   17.00    1.00    0.00    0.00   18.00     3  cartographer_no

04:18:36      UID       PID  minflt/s  majflt/s     VSZ     RSS   %MEM  Command
04:18:37        0     46383      0.00      0.00 1569200  116388   0.75  cartographer_no

04:18:37      UID       PID    %usr %system  %guest   %wait    %CPU   CPU  Command
04:18:38        0     46383   16.00    1.00    0.00    0.00   17.00     3  cartographer_no

04:18:37      UID       PID  minflt/s  majflt/s     VSZ     RSS   %MEM  Command
04:18:38        0     46383      0.00      0.00 1569200  116388   0.75  cartographer_no

04:18:38      UID       PID    %usr %system  %guest   %wait    %CPU   CPU  Command
04:18:39        0     46383   17.00    0.00    0.00    0.00   17.00     2  cartographer_no

04:18:38      UID       PID  minflt/s  majflt/s     VSZ     RSS   %MEM  Command
04:18:39        0     46383      0.00      0.00 1569200  116388   0.75  cartographer_no

04:18:39      UID       PID    %usr %system  %guest   %wait    %CPU   CPU  Command
04:18:40        0     46383   16.00    1.00    0.00    0.00   17.00     0  cartographer_no

04:18:39      UID       PID  minflt/s  majflt/s     VSZ     RSS   %MEM  Command
04:18:40        0     46383      0.00      0.00 1569200  116388   0.75  cartographer_no

04:18:40      UID       PID    %usr %system  %guest   %wait    %CPU   CPU  Command
04:18:41        0     46383   16.00    1.00    0.00    0.00   17.00     0  cartographer_no

04:18:40      UID       PID  minflt/s  majflt/s     VSZ     RSS   %MEM  Command
04:18:41        0     46383      0.00      0.00 1569200  116388   0.75  cartographer_no

04:18:41      UID       PID    %usr %system  %guest   %wait    %CPU   CPU  Command
04:18:42        0     46383   15.00    1.00    0.00    0.00   16.00     4  cartographer_no

04:18:41      UID       PID  minflt/s  majflt/s     VSZ     RSS   %MEM  Command
04:18:42        0     46383      0.00      0.00 1569200  116388   0.75  cartographer_no

04:18:42      UID       PID    %usr %system  %guest   %wait    %CPU   CPU  Command
04:18:43        0     46383   16.00    0.00    0.00    0.00   16.00     6  cartographer_no

04:18:42      UID       PID  minflt/s  majflt/s     VSZ     RSS   %MEM  Command
04:18:43        0     46383      0.00      0.00 1569200  116388   0.75  cartographer_no

04:18:43      UID       PID    %usr %system  %guest   %wait    %CPU   CPU  Command
04:18:44        0     46383   17.00    1.00    0.00    0.00   18.00     0  cartographer_no

04:18:43      UID       PID  minflt/s  majflt/s     VSZ     RSS   %MEM  Command
04:18:44        0     46383      0.00      0.00 1569200  116388   0.75  cartographer_no

04:18:44      UID       PID    %usr %system  %guest   %wait    %CPU   CPU  Command
04:18:45        0     46383   16.00    0.00    0.00    0.00   16.00     2  cartographer_no

04:18:44      UID       PID  minflt/s  majflt/s     VSZ     RSS   %MEM  Command
04:18:45        0     46383      0.00      0.00 1569200  116388   0.75  cartographer_no

04:18:45      UID       PID    %usr %system  %guest   %wait    %CPU   CPU  Command
04:18:46        0     46383   16.00    1.00    0.00    0.00   17.00     0  cartographer_no

04:18:45      UID       PID  minflt/s  majflt/s     VSZ     RSS   %MEM  Command
04:18:46        0     46383      0.00      0.00 1569200  116388   0.75  cartographer_no

04:18:46      UID       PID    %usr %system  %guest   %wait    %CPU   CPU  Command
04:18:47        0     46383   18.00    0.00    0.00    0.00   18.00     7  cartographer_no

04:18:46      UID       PID  minflt/s  majflt/s     VSZ     RSS   %MEM  Command
04:18:47        0     46383      0.00      0.00 1569200  116388   0.75  cartographer_no

04:18:47      UID       PID    %usr %system  %guest   %wait    %CPU   CPU  Command
04:18:48        0     46383   15.00    1.00    0.00    0.00   16.00     2  cartographer_no

04:18:47      UID       PID  minflt/s  majflt/s     VSZ     RSS   %MEM  Command
04:18:48        0     46383      0.00      0.00 1569200  116388   0.75  cartographer_no

04:18:48      UID       PID    %usr %system  %guest   %wait    %CPU   CPU  Command
04:18:49        0     46383   17.00    1.00    0.00    0.00   18.00     2  cartographer_no

04:18:48      UID       PID  minflt/s  majflt/s     VSZ     RSS   %MEM  Command
04:18:49        0     46383      0.00      0.00 1569200  116388   0.75  cartographer_no

04:18:49      UID       PID    %usr %system  %guest   %wait    %CPU   CPU  Command
04:18:50        0     46383   17.00    0.00    0.00    0.00   17.00     4  cartographer_no

04:18:49      UID       PID  minflt/s  majflt/s     VSZ     RSS   %MEM  Command
04:18:50        0     46383      0.00      0.00 1569200  116388   0.75  cartographer_no

04:18:50      UID       PID    %usr %system  %guest   %wait    %CPU   CPU  Command
04:18:51        0     46383   15.00    1.00    0.00    0.00   16.00     7  cartographer_no

04:18:50      UID       PID  minflt/s  majflt/s     VSZ     RSS   %MEM  Command
04:18:51        0     46383      0.00      0.00 1569200  116388   0.75  cartographer_no

04:18:51      UID       PID    %usr %system  %guest   %wait    %CPU   CPU  Command
04:18:52        0     46383   15.00    1.00    0.00    0.00   16.00     0  cartographer_no

04:18:51      UID       PID  minflt/s  majflt/s     VSZ     RSS   %MEM  Command
04:18:52        0     46383      0.00      0.00 1569200  116388   0.75  cartographer_no

04:18:52      UID       PID    %usr %system  %guest   %wait    %CPU   CPU  Command
04:18:53        0     46383   15.00    0.00    0.00    1.00   15.00    14  cartographer_no

04:18:52      UID       PID  minflt/s  majflt/s     VSZ     RSS   %MEM  Command
04:18:53        0     46383      0.00      0.00 1569200  116388   0.75  cartographer_no

04:18:53      UID       PID    %usr %system  %guest   %wait    %CPU   CPU  Command
04:18:54        0     46383   17.00    1.00    0.00    0.00   18.00     2  cartographer_no

04:18:53      UID       PID  minflt/s  majflt/s     VSZ     RSS   %MEM  Command
04:18:54        0     46383      0.00      0.00 1569200  116388   0.75  cartographer_no

04:18:54      UID       PID    %usr %system  %guest   %wait    %CPU   CPU  Command
04:18:55        0     46383   14.00    1.00    0.00    0.00   15.00     6  cartographer_no

04:18:54      UID       PID  minflt/s  majflt/s     VSZ     RSS   %MEM  Command
04:18:55        0     46383      0.00      0.00 1569200  116388   0.75  cartographer_no

04:18:55      UID       PID    %usr %system  %guest   %wait    %CPU   CPU  Command
04:18:56        0     46383   16.00    1.00    0.00    0.00   17.00     2  cartographer_no

04:18:55      UID       PID  minflt/s  majflt/s     VSZ     RSS   %MEM  Command
04:18:56        0     46383      0.00      0.00 1569200  116388   0.75  cartographer_no

04:18:56      UID       PID    %usr %system  %guest   %wait    %CPU   CPU  Command
04:18:57        0     46383   15.00    0.00    0.00    0.00   15.00    14  cartographer_no

04:18:56      UID       PID  minflt/s  majflt/s     VSZ     RSS   %MEM  Command
04:18:57        0     46383      0.00      0.00 1569200  116388   0.75  cartographer_no

04:18:57      UID       PID    %usr %system  %guest   %wait    %CPU   CPU  Command
04:18:58        0     46383   14.00    1.00    0.00    0.00   15.00     7  cartographer_no

04:18:57      UID       PID  minflt/s  majflt/s     VSZ     RSS   %MEM  Command
04:18:58        0     46383      0.00      0.00 1569200  116388   0.75  cartographer_no

04:18:58      UID       PID    %usr %system  %guest   %wait    %CPU   CPU  Command
04:18:59        0     46383   17.00    1.00    0.00    0.00   18.00     6  cartographer_no

04:18:58      UID       PID  minflt/s  majflt/s     VSZ     RSS   %MEM  Command
04:18:59        0     46383      0.00      0.00 1569200  116388   0.75  cartographer_no

04:18:59      UID       PID    %usr %system  %guest   %wait    %CPU   CPU  Command
04:19:00        0     46383   16.00    0.00    0.00    0.00   16.00    14  cartographer_no

04:18:59      UID       PID  minflt/s  majflt/s     VSZ     RSS   %MEM  Command
04:19:00        0     46383      0.00      0.00 1569200  116388   0.75  cartographer_no

04:19:00      UID       PID    %usr %system  %guest   %wait    %CPU   CPU  Command
04:19:01        0     46383   18.00    1.00    0.00    0.00   19.00     7  cartographer_no

04:19:00      UID       PID  minflt/s  majflt/s     VSZ     RSS   %MEM  Command
04:19:01        0     46383      0.00      0.00 1569200  116388   0.75  cartographer_no

04:19:01      UID       PID    %usr %system  %guest   %wait    %CPU   CPU  Command
04:19:02        0     46383   16.00    1.00    0.00    0.00   17.00    12  cartographer_no

04:19:01      UID       PID  minflt/s  majflt/s     VSZ     RSS   %MEM  Command
04:19:02        0     46383      0.00      0.00 1569200  116388   0.75  cartographer_no

04:19:02      UID       PID    %usr %system  %guest   %wait    %CPU   CPU  Command
04:19:03        0     46383   15.00    0.00    0.00    0.00   15.00     6  cartographer_no

04:19:02      UID       PID  minflt/s  majflt/s     VSZ     RSS   %MEM  Command
04:19:03        0     46383      0.00      0.00 1569200  116388   0.75  cartographer_no

04:19:03      UID       PID    %usr %system  %guest   %wait    %CPU   CPU  Command
04:19:04        0     46383   20.00    1.00    0.00    0.00   21.00     8  cartographer_no

04:19:03      UID       PID  minflt/s  majflt/s     VSZ     RSS   %MEM  Command
04:19:04        0     46383      0.00      0.00 1569200  116388   0.75  cartographer_no

04:19:04      UID       PID    %usr %system  %guest   %wait    %CPU   CPU  Command
04:19:05        0     46383  122.00    0.00    0.00    0.00  122.00    15  cartographer_no

04:19:04      UID       PID  minflt/s  majflt/s     VSZ     RSS   %MEM  Command
04:19:05        0     46383      7.00      0.00 1569200  116516   0.75  cartographer_no

04:19:05      UID       PID    %usr %system  %guest   %wait    %CPU   CPU  Command
04:19:06        0     46383   36.00    0.00    0.00    0.00   36.00     6  cartographer_no

04:19:05      UID       PID  minflt/s  majflt/s     VSZ     RSS   %MEM  Command
04:19:06        0     46383    214.00      0.00 1570056  117284   0.75  cartographer_no

04:19:06      UID       PID    %usr %system  %guest   %wait    %CPU   CPU  Command
04:19:07        0     46383   20.00    1.00    0.00    0.00   21.00     8  cartographer_no

04:19:06      UID       PID  minflt/s  majflt/s     VSZ     RSS   %MEM  Command
04:19:07        0     46383      0.00      0.00 1570056  117284   0.75  cartographer_no

04:19:07      UID       PID    %usr %system  %guest   %wait    %CPU   CPU  Command
04:19:08        0     46383   16.00    0.00    0.00    0.00   16.00     8  cartographer_no

04:19:07      UID       PID  minflt/s  majflt/s     VSZ     RSS   %MEM  Command
04:19:08        0     46383      0.00      0.00 1570056  117284   0.75  cartographer_no

04:19:08      UID       PID    %usr %system  %guest   %wait    %CPU   CPU  Command
04:19:09        0     46383   14.00    0.00    0.00    0.00   14.00     2  cartographer_no

04:19:08      UID       PID  minflt/s  majflt/s     VSZ     RSS   %MEM  Command
04:19:09        0     46383      0.00      0.00 1570056  117284   0.75  cartographer_no

04:19:09      UID       PID    %usr %system  %guest   %wait    %CPU   CPU  Command
04:19:10        0     46383   41.00    1.00    0.00    0.00   42.00     2  cartographer_no

04:19:09      UID       PID  minflt/s  majflt/s     VSZ     RSS   %MEM  Command
04:19:10        0     46383      0.00      0.00 1570056  117284   0.75  cartographer_no

04:19:10      UID       PID    %usr %system  %guest   %wait    %CPU   CPU  Command
04:19:11        0     46383   21.00    1.00    0.00    0.00   22.00     7  cartographer_no

04:19:10      UID       PID  minflt/s  majflt/s     VSZ     RSS   %MEM  Command
04:19:11        0     46383      0.00      0.00 1570056  117284   0.75  cartographer_no

04:19:11      UID       PID    %usr %system  %guest   %wait    %CPU   CPU  Command
04:19:12        0     46383   15.00    0.00    0.00    0.00   15.00     6  cartographer_no

04:19:11      UID       PID  minflt/s  majflt/s     VSZ     RSS   %MEM  Command
04:19:12        0     46383      0.00      0.00 1570056  117284   0.75  cartographer_no

04:19:12      UID       PID    %usr %system  %guest   %wait    %CPU   CPU  Command
04:19:13        0     46383   42.00    1.00    0.00    0.00   43.00     3  cartographer_no

04:19:12      UID       PID  minflt/s  majflt/s     VSZ     RSS   %MEM  Command
04:19:13        0     46383    672.00      0.00 1570056  119972   0.77  cartographer_no

04:19:13      UID       PID    %usr %system  %guest   %wait    %CPU   CPU  Command
04:19:14        0     46383   25.00    0.00    0.00    0.00   25.00     0  cartographer_no

04:19:13      UID       PID  minflt/s  majflt/s     VSZ     RSS   %MEM  Command
04:19:14        0     46383      0.00      0.00 1570056  119972   0.77  cartographer_no

04:19:14      UID       PID    %usr %system  %guest   %wait    %CPU   CPU  Command
04:19:15        0     46383   20.00    1.00    0.00    0.00   21.00    10  cartographer_no

04:19:14      UID       PID  minflt/s  majflt/s     VSZ     RSS   %MEM  Command
04:19:15        0     46383      0.00      0.00 1570056  119972   0.77  cartographer_no

04:19:15      UID       PID    %usr %system  %guest   %wait    %CPU   CPU  Command
04:19:16        0     46383   18.00    1.00    0.00    0.00   19.00     6  cartographer_no

04:19:15      UID       PID  minflt/s  majflt/s     VSZ     RSS   %MEM  Command
04:19:16        0     46383      0.00      0.00 1570056  119972   0.77  cartographer_no

04:19:16      UID       PID    %usr %system  %guest   %wait    %CPU   CPU  Command
04:19:17        0     46383   17.00    0.00    0.00    0.00   17.00     8  cartographer_no

04:19:16      UID       PID  minflt/s  majflt/s     VSZ     RSS   %MEM  Command
04:19:17        0     46383      0.00      0.00 1570056  119972   0.77  cartographer_no

04:19:17      UID       PID    %usr %system  %guest   %wait    %CPU   CPU  Command
04:19:18        0     46383   16.00    1.00    0.00    0.00   17.00    14  cartographer_no

04:19:17      UID       PID  minflt/s  majflt/s     VSZ     RSS   %MEM  Command
04:19:18        0     46383      0.00      0.00 1570056  119972   0.77  cartographer_no

04:19:18      UID       PID    %usr %system  %guest   %wait    %CPU   CPU  Command
04:19:19        0     46383   13.00    1.00    0.00    0.00   14.00     6  cartographer_no

04:19:18      UID       PID  minflt/s  majflt/s     VSZ     RSS   %MEM  Command
04:19:19        0     46383      0.00      0.00 1570056  119972   0.77  cartographer_no

04:19:19      UID       PID    %usr %system  %guest   %wait    %CPU   CPU  Command
04:19:20        0     46383   11.00    0.00    0.00    0.00   11.00     8  cartographer_no

04:19:19      UID       PID  minflt/s  majflt/s     VSZ     RSS   %MEM  Command
04:19:20        0     46383      0.00      0.00 1570056  119972   0.77  cartographer_no

04:19:20      UID       PID    %usr %system  %guest   %wait    %CPU   CPU  Command
04:19:21        0     46383   12.00    0.00    0.00    0.00   12.00     0  cartographer_no

04:19:20      UID       PID  minflt/s  majflt/s     VSZ     RSS   %MEM  Command
04:19:21        0     46383      0.00      0.00 1570056  119972   0.77  cartographer_no

04:19:21      UID       PID    %usr %system  %guest   %wait    %CPU   CPU  Command
04:19:22        0     46383   12.00    1.00    0.00    0.00   13.00    14  cartographer_no

04:19:21      UID       PID  minflt/s  majflt/s     VSZ     RSS   %MEM  Command
04:19:22        0     46383      0.00      0.00 1570056  119972   0.77  cartographer_no

04:19:22      UID       PID    %usr %system  %guest   %wait    %CPU   CPU  Command
04:19:23        0     46383   11.00    1.00    0.00    1.00   12.00     2  cartographer_no

04:19:22      UID       PID  minflt/s  majflt/s     VSZ     RSS   %MEM  Command
04:19:23        0     46383      0.00      0.00 1570056  119972   0.77  cartographer_no

04:19:23      UID       PID    %usr %system  %guest   %wait    %CPU   CPU  Command
04:19:24        0     46383   13.00    0.00    0.00    0.00   13.00    14  cartographer_no

04:19:23      UID       PID  minflt/s  majflt/s     VSZ     RSS   %MEM  Command
04:19:24        0     46383      0.00      0.00 1570056  119972   0.77  cartographer_no

04:19:24      UID       PID    %usr %system  %guest   %wait    %CPU   CPU  Command
04:19:25        0     46383   12.00    1.00    0.00    0.00   13.00     8  cartographer_no

04:19:24      UID       PID  minflt/s  majflt/s     VSZ     RSS   %MEM  Command
04:19:25        0     46383      0.00      0.00 1570056  119972   0.77  cartographer_no

04:19:25      UID       PID    %usr %system  %guest   %wait    %CPU   CPU  Command
04:19:26        0     46383   11.00    1.00    0.00    0.00   12.00    12  cartographer_no

04:19:25      UID       PID  minflt/s  majflt/s     VSZ     RSS   %MEM  Command
04:19:26        0     46383      0.00      0.00 1570056  119972   0.77  cartographer_no

04:19:26      UID       PID    %usr %system  %guest   %wait    %CPU   CPU  Command
04:19:27        0     46383   11.00    0.00    0.00    0.00   11.00     8  cartographer_no

04:19:26      UID       PID  minflt/s  majflt/s     VSZ     RSS   %MEM  Command
04:19:27        0     46383      0.00      0.00 1570056  119972   0.77  cartographer_no

04:19:27      UID       PID    %usr %system  %guest   %wait    %CPU   CPU  Command
04:19:28        0     46383   16.00    0.00    0.00    0.00   16.00     2  cartographer_no

04:19:27      UID       PID  minflt/s  majflt/s     VSZ     RSS   %MEM  Command
04:19:28        0     46383      0.00      0.00 1570056  119972   0.77  cartographer_no

04:19:28      UID       PID    %usr %system  %guest   %wait    %CPU   CPU  Command
04:19:29        0     46383   18.00    1.00    0.00    0.00   19.00     2  cartographer_no

04:19:28      UID       PID  minflt/s  majflt/s     VSZ     RSS   %MEM  Command
04:19:29        0     46383      0.00      0.00 1570056  119972   0.77  cartographer_no

04:19:29      UID       PID    %usr %system  %guest   %wait    %CPU   CPU  Command
04:19:30        0     46383   16.00    1.00    0.00    0.00   17.00     2  cartographer_no

04:19:29      UID       PID  minflt/s  majflt/s     VSZ     RSS   %MEM  Command
04:19:30        0     46383      0.00      0.00 1570056  119972   0.77  cartographer_no

04:19:30      UID       PID    %usr %system  %guest   %wait    %CPU   CPU  Command
04:19:31        0     46383   15.00    1.00    0.00    0.00   16.00    12  cartographer_no

04:19:30      UID       PID  minflt/s  majflt/s     VSZ     RSS   %MEM  Command
04:19:31        0     46383      0.00      0.00 1570056  119972   0.77  cartographer_no

04:19:31      UID       PID    %usr %system  %guest   %wait    %CPU   CPU  Command
04:19:32        0     46383   16.00    1.00    0.00    0.00   17.00     2  cartographer_no

04:19:31      UID       PID  minflt/s  majflt/s     VSZ     RSS   %MEM  Command
04:19:32        0     46383      0.00      0.00 1570056  119972   0.77  cartographer_no

04:19:32      UID       PID    %usr %system  %guest   %wait    %CPU   CPU  Command
04:19:33        0     46383   18.00    0.00    0.00    0.00   18.00     2  cartographer_no

04:19:32      UID       PID  minflt/s  majflt/s     VSZ     RSS   %MEM  Command
04:19:33        0     46383      0.00      0.00 1570056  119972   0.77  cartographer_no

04:19:33      UID       PID    %usr %system  %guest   %wait    %CPU   CPU  Command
04:19:34        0     46383   17.00    0.00    0.00    0.00   17.00     8  cartographer_no

04:19:33      UID       PID  minflt/s  majflt/s     VSZ     RSS   %MEM  Command
04:19:34        0     46383      0.00      0.00 1570056  119972   0.77  cartographer_no

04:19:34      UID       PID    %usr %system  %guest   %wait    %CPU   CPU  Command
04:19:35        0     46383   15.00    1.00    0.00    0.00   16.00     2  cartographer_no

04:19:34      UID       PID  minflt/s  majflt/s     VSZ     RSS   %MEM  Command
04:19:35        0     46383      0.00      0.00 1570056  119972   0.77  cartographer_no

04:19:35      UID       PID    %usr %system  %guest   %wait    %CPU   CPU  Command
04:19:36        0     46383   16.00    1.00    0.00    0.00   17.00     2  cartographer_no

04:19:35      UID       PID  minflt/s  majflt/s     VSZ     RSS   %MEM  Command
04:19:36        0     46383      0.00      0.00 1570056  119972   0.77  cartographer_no

04:19:36      UID       PID    %usr %system  %guest   %wait    %CPU   CPU  Command
04:19:37        0     46383   17.00    0.00    0.00    0.00   17.00     6  cartographer_no

04:19:36      UID       PID  minflt/s  majflt/s     VSZ     RSS   %MEM  Command
04:19:37        0     46383      0.00      0.00 1570056  119972   0.77  cartographer_no

04:19:37      UID       PID    %usr %system  %guest   %wait    %CPU   CPU  Command
04:19:38        0     46383   15.00    1.00    0.00    0.00   16.00     6  cartographer_no

04:19:37      UID       PID  minflt/s  majflt/s     VSZ     RSS   %MEM  Command
04:19:38        0     46383      0.00      0.00 1570056  119972   0.77  cartographer_no

04:19:38      UID       PID    %usr %system  %guest   %wait    %CPU   CPU  Command
04:19:39        0     46383   16.00    0.00    0.00    0.00   16.00     4  cartographer_no

04:19:38      UID       PID  minflt/s  majflt/s     VSZ     RSS   %MEM  Command
04:19:39        0     46383      0.00      0.00 1570056  119972   0.77  cartographer_no

04:19:39      UID       PID    %usr %system  %guest   %wait    %CPU   CPU  Command
04:19:40        0     46383   16.00    1.00    0.00    0.00   17.00     6  cartographer_no

04:19:39      UID       PID  minflt/s  majflt/s     VSZ     RSS   %MEM  Command
04:19:40        0     46383      0.00      0.00 1570056  119972   0.77  cartographer_no

04:19:40      UID       PID    %usr %system  %guest   %wait    %CPU   CPU  Command
04:19:41        0     46383   18.00    1.00    0.00    0.00   19.00     0  cartographer_no

04:19:40      UID       PID  minflt/s  majflt/s     VSZ     RSS   %MEM  Command
04:19:41        0     46383      0.00      0.00 1570056  119972   0.77  cartographer_no

04:19:41      UID       PID    %usr %system  %guest   %wait    %CPU   CPU  Command
04:19:42        0     46383   17.00    0.00    0.00    0.00   17.00     8  cartographer_no

04:19:41      UID       PID  minflt/s  majflt/s     VSZ     RSS   %MEM  Command
04:19:42        0     46383      0.00      0.00 1570056  119972   0.77  cartographer_no

04:19:42      UID       PID    %usr %system  %guest   %wait    %CPU   CPU  Command
04:19:43        0     46383   18.00    1.00    0.00    0.00   19.00     0  cartographer_no

04:19:42      UID       PID  minflt/s  majflt/s     VSZ     RSS   %MEM  Command
04:19:43        0     46383      0.00      0.00 1570056  119972   0.77  cartographer_no

04:19:43      UID       PID    %usr %system  %guest   %wait    %CPU   CPU  Command
04:19:44        0     46383   26.00    1.00    0.00    0.00   27.00     8  cartographer_no

04:19:43      UID       PID  minflt/s  majflt/s     VSZ     RSS   %MEM  Command
04:19:44        0     46383      0.00      0.00 1570056  119972   0.77  cartographer_no

04:19:44      UID       PID    %usr %system  %guest   %wait    %CPU   CPU  Command
04:19:45        0     46383   16.00    0.00    0.00    0.00   16.00     6  cartographer_no

04:19:44      UID       PID  minflt/s  majflt/s     VSZ     RSS   %MEM  Command
04:19:45        0     46383      0.00      0.00 1570056  119972   0.77  cartographer_no

04:19:45      UID       PID    %usr %system  %guest   %wait    %CPU   CPU  Command
04:19:46        0     46383   18.00    1.00    0.00    0.00   19.00    14  cartographer_no

04:19:45      UID       PID  minflt/s  majflt/s     VSZ     RSS   %MEM  Command
04:19:46        0     46383      0.00      0.00 1570056  119972   0.77  cartographer_no

04:19:46      UID       PID    %usr %system  %guest   %wait    %CPU   CPU  Command
04:19:47        0     46383   17.00    0.00    0.00    0.00   17.00     7  cartographer_no

04:19:46      UID       PID  minflt/s  majflt/s     VSZ     RSS   %MEM  Command
04:19:47        0     46383      0.00      0.00 1570056  119972   0.77  cartographer_no

04:19:47      UID       PID    %usr %system  %guest   %wait    %CPU   CPU  Command
04:19:48        0     46383   19.00    1.00    0.00    0.00   20.00    12  cartographer_no

04:19:47      UID       PID  minflt/s  majflt/s     VSZ     RSS   %MEM  Command
04:19:48        0     46383      0.00      0.00 1570056  119972   0.77  cartographer_no

04:19:48      UID       PID    %usr %system  %guest   %wait    %CPU   CPU  Command
04:19:49        0     46383   17.00    0.00    0.00    0.00   17.00     6  cartographer_no

04:19:48      UID       PID  minflt/s  majflt/s     VSZ     RSS   %MEM  Command
04:19:49        0     46383      0.00      0.00 1570056  119972   0.77  cartographer_no

04:19:49      UID       PID    %usr %system  %guest   %wait    %CPU   CPU  Command
04:19:50        0     46383   18.00    1.00    0.00    0.00   19.00     4  cartographer_no

04:19:49      UID       PID  minflt/s  majflt/s     VSZ     RSS   %MEM  Command
04:19:50        0     46383      0.00      0.00 1570056  119972   0.77  cartographer_no

04:19:50      UID       PID    %usr %system  %guest   %wait    %CPU   CPU  Command
04:19:51        0     46383   18.00    1.00    0.00    0.00   19.00     2  cartographer_no

04:19:50      UID       PID  minflt/s  majflt/s     VSZ     RSS   %MEM  Command
04:19:51        0     46383      0.00      0.00 1570056  119972   0.77  cartographer_no

04:19:51      UID       PID    %usr %system  %guest   %wait    %CPU   CPU  Command
04:19:52        0     46383   61.00    0.00    0.00    0.00   61.00     8  cartographer_no

04:19:51      UID       PID  minflt/s  majflt/s     VSZ     RSS   %MEM  Command
04:19:52        0     46383      0.00      0.00 1570056  119972   0.77  cartographer_no

04:19:52      UID       PID    %usr %system  %guest   %wait    %CPU   CPU  Command
04:19:53        0     46383   16.00    1.00    0.00    0.00   17.00     6  cartographer_no

04:19:52      UID       PID  minflt/s  majflt/s     VSZ     RSS   %MEM  Command
04:19:53        0     46383      0.00      0.00 1570056  119972   0.77  cartographer_no

04:19:53      UID       PID    %usr %system  %guest   %wait    %CPU   CPU  Command
04:19:54        0     46383   19.00    0.00    0.00    0.00   19.00     1  cartographer_no

04:19:53      UID       PID  minflt/s  majflt/s     VSZ     RSS   %MEM  Command
04:19:54        0     46383      0.00      0.00 1570056  119972   0.77  cartographer_no

04:19:54      UID       PID    %usr %system  %guest   %wait    %CPU   CPU  Command
04:19:55        0     46383   16.00    1.00    0.00    0.00   17.00    10  cartographer_no

04:19:54      UID       PID  minflt/s  majflt/s     VSZ     RSS   %MEM  Command
04:19:55        0     46383      0.00      0.00 1570056  119972   0.77  cartographer_no

04:19:55      UID       PID    %usr %system  %guest   %wait    %CPU   CPU  Command
04:19:56        0     46383   16.00    0.00    0.00    0.00   16.00     0  cartographer_no

04:19:55      UID       PID  minflt/s  majflt/s     VSZ     RSS   %MEM  Command
04:19:56        0     46383      0.00      0.00 1570056  119972   0.77  cartographer_no

04:19:56      UID       PID    %usr %system  %guest   %wait    %CPU   CPU  Command
04:19:57        0     46383   12.00    1.00    0.00    0.00   13.00     6  cartographer_no

04:19:56      UID       PID  minflt/s  majflt/s     VSZ     RSS   %MEM  Command
04:19:57        0     46383      0.00      0.00 1570056  119972   0.77  cartographer_no

04:19:57      UID       PID    %usr %system  %guest   %wait    %CPU   CPU  Command
04:19:58        0     46383   18.00    0.00    0.00    0.00   18.00     0  cartographer_no

04:19:57      UID       PID  minflt/s  majflt/s     VSZ     RSS   %MEM  Command
04:19:58        0     46383    968.00      0.00 1570056  123628   0.79  cartographer_no

04:19:58      UID       PID    %usr %system  %guest   %wait    %CPU   CPU  Command
04:19:59        0     46383   12.00    1.00    0.00    0.00   13.00     6  cartographer_no

04:19:58      UID       PID  minflt/s  majflt/s     VSZ     RSS   %MEM  Command
04:19:59        0     46383      0.00      0.00 1570056  123628   0.79  cartographer_no

04:19:59      UID       PID    %usr %system  %guest   %wait    %CPU   CPU  Command
04:20:00        0     46383   11.00    0.00    0.00    0.00   11.00     6  cartographer_no

04:19:59      UID       PID  minflt/s  majflt/s     VSZ     RSS   %MEM  Command
04:20:00        0     46383      0.00      0.00 1570056  123628   0.79  cartographer_no

04:20:00      UID       PID    %usr %system  %guest   %wait    %CPU   CPU  Command
04:20:01        0     46383   12.00    0.00    0.00    0.00   12.00     6  cartographer_no

04:20:00      UID       PID  minflt/s  majflt/s     VSZ     RSS   %MEM  Command
04:20:01        0     46383      0.00      0.00 1570056  123628   0.79  cartographer_no

04:20:01      UID       PID    %usr %system  %guest   %wait    %CPU   CPU  Command
04:20:02        0     46383   11.00    1.00    0.00    0.00   12.00     1  cartographer_no

04:20:01      UID       PID  minflt/s  majflt/s     VSZ     RSS   %MEM  Command
04:20:02        0     46383      0.00      0.00 1570056  123628   0.79  cartographer_no

04:20:02      UID       PID    %usr %system  %guest   %wait    %CPU   CPU  Command
04:20:03        0     46383   14.00    0.00    0.00    0.00   14.00    12  cartographer_no

04:20:02      UID       PID  minflt/s  majflt/s     VSZ     RSS   %MEM  Command
04:20:03        0     46383      0.00      0.00 1570056  123628   0.79  cartographer_no

04:20:03      UID       PID    %usr %system  %guest   %wait    %CPU   CPU  Command
04:20:04        0     46383   17.00    0.00    0.00    1.00   17.00    12  cartographer_no

04:20:03      UID       PID  minflt/s  majflt/s     VSZ     RSS   %MEM  Command
04:20:04        0     46383      0.00      0.00 1570056  123628   0.79  cartographer_no

04:20:04      UID       PID    %usr %system  %guest   %wait    %CPU   CPU  Command
04:20:05        0     46383   18.00    1.00    0.00    0.00   19.00     0  cartographer_no

04:20:04      UID       PID  minflt/s  majflt/s     VSZ     RSS   %MEM  Command
04:20:05        0     46383      0.00      0.00 1570056  123628   0.79  cartographer_no

04:20:05      UID       PID    %usr %system  %guest   %wait    %CPU   CPU  Command
04:20:06        0     46383   13.00    1.00    0.00    0.00   14.00     0  cartographer_no

04:20:05      UID       PID  minflt/s  majflt/s     VSZ     RSS   %MEM  Command
04:20:06        0     46383      0.00      0.00 1570056  123628   0.79  cartographer_no

04:20:06      UID       PID    %usr %system  %guest   %wait    %CPU   CPU  Command
04:20:07        0     46383   13.00    0.00    0.00    0.00   13.00    12  cartographer_no

04:20:06      UID       PID  minflt/s  majflt/s     VSZ     RSS   %MEM  Command
04:20:07        0     46383      0.00      0.00 1570056  123628   0.79  cartographer_no

04:20:07      UID       PID    %usr %system  %guest   %wait    %CPU   CPU  Command
04:20:08        0     46383   12.00    0.00    0.00    0.00   12.00    14  cartographer_no

04:20:07      UID       PID  minflt/s  majflt/s     VSZ     RSS   %MEM  Command
04:20:08        0     46383      0.00      0.00 1570056  123628   0.79  cartographer_no

04:20:08      UID       PID    %usr %system  %guest   %wait    %CPU   CPU  Command
04:20:09        0     46383   12.00    1.00    0.00    0.00   13.00    10  cartographer_no

04:20:08      UID       PID  minflt/s  majflt/s     VSZ     RSS   %MEM  Command
04:20:09        0     46383      0.00      0.00 1570056  123628   0.79  cartographer_no

04:20:09      UID       PID    %usr %system  %guest   %wait    %CPU   CPU  Command
04:20:10        0     46383   13.00    1.00    0.00    0.00   14.00     6  cartographer_no

04:20:09      UID       PID  minflt/s  majflt/s     VSZ     RSS   %MEM  Command
04:20:10        0     46383      0.00      0.00 1570056  123628   0.79  cartographer_no

04:20:10      UID       PID    %usr %system  %guest   %wait    %CPU   CPU  Command
04:20:11        0     46383   13.00    0.00    0.00    0.00   13.00     6  cartographer_no

04:20:10      UID       PID  minflt/s  majflt/s     VSZ     RSS   %MEM  Command
04:20:11        0     46383      0.00      0.00 1570056  123628   0.79  cartographer_no

04:20:11      UID       PID    %usr %system  %guest   %wait    %CPU   CPU  Command
04:20:12        0     46383   15.00    1.00    0.00    0.00   16.00     2  cartographer_no

04:20:11      UID       PID  minflt/s  majflt/s     VSZ     RSS   %MEM  Command
04:20:12        0     46383      0.00      0.00 1570056  123628   0.79  cartographer_no

04:20:12      UID       PID    %usr %system  %guest   %wait    %CPU   CPU  Command
04:20:13        0     46383   15.00    0.00    0.00    0.00   15.00     0  cartographer_no

04:20:12      UID       PID  minflt/s  majflt/s     VSZ     RSS   %MEM  Command
04:20:13        0     46383      0.00      0.00 1570056  123628   0.79  cartographer_no

04:20:13      UID       PID    %usr %system  %guest   %wait    %CPU   CPU  Command
04:20:14        0     46383   14.85    0.00    0.00    0.00   14.85     1  cartographer_no

04:20:13      UID       PID  minflt/s  majflt/s     VSZ     RSS   %MEM  Command
04:20:14        0     46383      0.00      0.00 1570056  123628   0.79  cartographer_no

04:20:14      UID       PID    %usr %system  %guest   %wait    %CPU   CPU  Command
04:20:15        0     46383   14.00    0.00    0.00    0.00   14.00     7  cartographer_no

04:20:14      UID       PID  minflt/s  majflt/s     VSZ     RSS   %MEM  Command
04:20:15        0     46383      0.00      0.00 1570056  123628   0.79  cartographer_no

04:20:15      UID       PID    %usr %system  %guest   %wait    %CPU   CPU  Command
04:20:16        0     46383   14.00    1.00    0.00    0.00   15.00     7  cartographer_no

04:20:15      UID       PID  minflt/s  majflt/s     VSZ     RSS   %MEM  Command
04:20:16        0     46383      0.00      0.00 1570056  123628   0.79  cartographer_no

04:20:16      UID       PID    %usr %system  %guest   %wait    %CPU   CPU  Command
04:20:17        0     46383   15.00    0.00    0.00    0.00   15.00     6  cartographer_no

04:20:16      UID       PID  minflt/s  majflt/s     VSZ     RSS   %MEM  Command
04:20:17        0     46383      0.00      0.00 1570056  123628   0.79  cartographer_no

04:20:17      UID       PID    %usr %system  %guest   %wait    %CPU   CPU  Command
04:20:18        0     46383   14.00    1.00    0.00    0.00   15.00     0  cartographer_no

04:20:17      UID       PID  minflt/s  majflt/s     VSZ     RSS   %MEM  Command
04:20:18        0     46383      0.00      0.00 1570056  123628   0.79  cartographer_no

04:20:18      UID       PID    %usr %system  %guest   %wait    %CPU   CPU  Command
04:20:19        0     46383   13.00    0.00    0.00    0.00   13.00     4  cartographer_no

04:20:18      UID       PID  minflt/s  majflt/s     VSZ     RSS   %MEM  Command
04:20:19        0     46383      0.00      0.00 1570056  123628   0.79  cartographer_no

04:20:19      UID       PID    %usr %system  %guest   %wait    %CPU   CPU  Command
04:20:20        0     46383   15.00    1.00    0.00    0.00   16.00     3  cartographer_no

04:20:19      UID       PID  minflt/s  majflt/s     VSZ     RSS   %MEM  Command
04:20:20        0     46383      0.00      0.00 1570056  123628   0.79  cartographer_no

04:20:20      UID       PID    %usr %system  %guest   %wait    %CPU   CPU  Command
04:20:21        0     46383   14.00    0.00    0.00    0.00   14.00     3  cartographer_no

04:20:20      UID       PID  minflt/s  majflt/s     VSZ     RSS   %MEM  Command
04:20:21        0     46383      0.00      0.00 1570056  123628   0.79  cartographer_no

04:20:21      UID       PID    %usr %system  %guest   %wait    %CPU   CPU  Command
04:20:22        0     46383   15.00    1.00    0.00    0.00   16.00    10  cartographer_no

04:20:21      UID       PID  minflt/s  majflt/s     VSZ     RSS   %MEM  Command
04:20:22        0     46383      0.00      0.00 1570056  123628   0.79  cartographer_no

04:20:22      UID       PID    %usr %system  %guest   %wait    %CPU   CPU  Command
04:20:23        0     46383   15.00    1.00    0.00    0.00   16.00     8  cartographer_no

04:20:22      UID       PID  minflt/s  majflt/s     VSZ     RSS   %MEM  Command
04:20:23        0     46383      0.00      0.00 1570056  123628   0.79  cartographer_no

04:20:23      UID       PID    %usr %system  %guest   %wait    %CPU   CPU  Command
04:20:24        0     46383   16.00    1.00    0.00    0.00   17.00     0  cartographer_no

04:20:23      UID       PID  minflt/s  majflt/s     VSZ     RSS   %MEM  Command
04:20:24        0     46383      0.00      0.00 1570056  123628   0.79  cartographer_no

04:20:24      UID       PID    %usr %system  %guest   %wait    %CPU   CPU  Command
04:20:25        0     46383   15.00    1.00    0.00    0.00   16.00     3  cartographer_no

04:20:24      UID       PID  minflt/s  majflt/s     VSZ     RSS   %MEM  Command
04:20:25        0     46383      0.00      0.00 1570056  123628   0.79  cartographer_no

04:20:25      UID       PID    %usr %system  %guest   %wait    %CPU   CPU  Command
04:20:26        0     46383   15.00    0.00    0.00    0.00   15.00     6  cartographer_no

04:20:25      UID       PID  minflt/s  majflt/s     VSZ     RSS   %MEM  Command
04:20:26        0     46383      0.00      0.00 1570056  123628   0.79  cartographer_no

04:20:26      UID       PID    %usr %system  %guest   %wait    %CPU   CPU  Command
04:20:27        0     46383   15.00    1.00    0.00    0.00   16.00     8  cartographer_no

04:20:26      UID       PID  minflt/s  majflt/s     VSZ     RSS   %MEM  Command
04:20:27        0     46383      0.00      0.00 1570056  123628   0.79  cartographer_no

04:20:27      UID       PID    %usr %system  %guest   %wait    %CPU   CPU  Command
04:20:28        0     46383   16.00    1.00    0.00    0.00   17.00     6  cartographer_no

04:20:27      UID       PID  minflt/s  majflt/s     VSZ     RSS   %MEM  Command
04:20:28        0     46383      0.00      0.00 1570056  123628   0.79  cartographer_no

04:20:28      UID       PID    %usr %system  %guest   %wait    %CPU   CPU  Command
04:20:29        0     46383   16.00    0.00    0.00    0.00   16.00     6  cartographer_no

04:20:28      UID       PID  minflt/s  majflt/s     VSZ     RSS   %MEM  Command
04:20:29        0     46383      0.00      0.00 1570056  123628   0.79  cartographer_no

04:20:29      UID       PID    %usr %system  %guest   %wait    %CPU   CPU  Command
04:20:30        0     46383  107.00    1.00    0.00    0.00  108.00     3  cartographer_no

04:20:29      UID       PID  minflt/s  majflt/s     VSZ     RSS   %MEM  Command
04:20:30        0     46383     84.00      0.00 1570432  123756   0.79  cartographer_no

04:20:30      UID       PID    %usr %system  %guest   %wait    %CPU   CPU  Command
04:20:31        0     46383   16.00    0.00    0.00    0.00   16.00     3  cartographer_no

04:20:30      UID       PID  minflt/s  majflt/s     VSZ     RSS   %MEM  Command
04:20:31        0     46383      0.00      0.00 1570432  123756   0.79  cartographer_no

04:20:31      UID       PID    %usr %system  %guest   %wait    %CPU   CPU  Command
04:20:32        0     46383   16.00    1.00    0.00    0.00   17.00     7  cartographer_no

04:20:31      UID       PID  minflt/s  majflt/s     VSZ     RSS   %MEM  Command
04:20:32        0     46383      0.00      0.00 1570432  123756   0.79  cartographer_no

04:20:32      UID       PID    %usr %system  %guest   %wait    %CPU   CPU  Command
04:20:33        0     46383   20.00    1.00    0.00    0.00   21.00     1  cartographer_no

04:20:32      UID       PID  minflt/s  majflt/s     VSZ     RSS   %MEM  Command
04:20:33        0     46383      0.00      0.00 1570432  123756   0.79  cartographer_no

04:20:33      UID       PID    %usr %system  %guest   %wait    %CPU   CPU  Command
04:20:34        0     46383   17.00    0.00    0.00    0.00   17.00     3  cartographer_no

04:20:33      UID       PID  minflt/s  majflt/s     VSZ     RSS   %MEM  Command
04:20:34        0     46383      0.00      0.00 1570432  123756   0.79  cartographer_no

04:20:34      UID       PID    %usr %system  %guest   %wait    %CPU   CPU  Command
04:20:35        0     46383   16.00    0.00    0.00    0.00   16.00     8  cartographer_no

04:20:34      UID       PID  minflt/s  majflt/s     VSZ     RSS   %MEM  Command
04:20:35        0     46383      0.00      0.00 1570432  123756   0.79  cartographer_no

04:20:35      UID       PID    %usr %system  %guest   %wait    %CPU   CPU  Command
04:20:36        0     46383   18.00    1.00    0.00    0.00   19.00    12  cartographer_no

04:20:35      UID       PID  minflt/s  majflt/s     VSZ     RSS   %MEM  Command
04:20:36        0     46383      0.00      0.00 1570432  123756   0.79  cartographer_no

04:20:36      UID       PID    %usr %system  %guest   %wait    %CPU   CPU  Command
04:20:37        0     46383   14.00    1.00    0.00    0.00   15.00     6  cartographer_no

04:20:36      UID       PID  minflt/s  majflt/s     VSZ     RSS   %MEM  Command
04:20:37        0     46383   2500.00      0.00 1580432  133740   0.86  cartographer_no

04:20:37      UID       PID    %usr %system  %guest   %wait    %CPU   CPU  Command
04:20:38        0     46383   18.00    1.00    0.00    0.00   19.00     0  cartographer_no

04:20:37      UID       PID  minflt/s  majflt/s     VSZ     RSS   %MEM  Command
04:20:38        0     46383      0.00      0.00 1580432  133740   0.86  cartographer_no

04:20:38      UID       PID    %usr %system  %guest   %wait    %CPU   CPU  Command
04:20:39        0     46383   26.00    1.00    0.00    0.00   27.00     6  cartographer_no

04:20:38      UID       PID  minflt/s  majflt/s     VSZ     RSS   %MEM  Command
04:20:39        0     46383    261.00      0.00 1580432  134764   0.86  cartographer_no

04:20:39      UID       PID    %usr %system  %guest   %wait    %CPU   CPU  Command
04:20:40        0     46383   17.00    1.00    0.00    0.00   18.00     2  cartographer_no

04:20:39      UID       PID  minflt/s  majflt/s     VSZ     RSS   %MEM  Command
04:20:40        0     46383      0.00      0.00 1580432  134764   0.86  cartographer_no

04:20:40      UID       PID    %usr %system  %guest   %wait    %CPU   CPU  Command
04:20:41        0     46383   16.00    0.00    0.00    0.00   16.00     3  cartographer_no

04:20:40      UID       PID  minflt/s  majflt/s     VSZ     RSS   %MEM  Command
04:20:41        0     46383      0.00      0.00 1580432  134764   0.86  cartographer_no

04:20:41      UID       PID    %usr %system  %guest   %wait    %CPU   CPU  Command
04:20:42        0     46383   20.00    1.00    0.00    0.00   21.00     2  cartographer_no

04:20:41      UID       PID  minflt/s  majflt/s     VSZ     RSS   %MEM  Command
04:20:42        0     46383      0.00      0.00 1580432  134764   0.86  cartographer_no

04:20:42      UID       PID    %usr %system  %guest   %wait    %CPU   CPU  Command
04:20:43        0     46383   17.00    0.00    0.00    0.00   17.00     2  cartographer_no

04:20:42      UID       PID  minflt/s  majflt/s     VSZ     RSS   %MEM  Command
04:20:43        0     46383      0.00      0.00 1580432  134764   0.86  cartographer_no

04:20:43      UID       PID    %usr %system  %guest   %wait    %CPU   CPU  Command
04:20:44        0     46383   18.00    1.00    0.00    0.00   19.00     5  cartographer_no

04:20:43      UID       PID  minflt/s  majflt/s     VSZ     RSS   %MEM  Command
04:20:44        0     46383      0.00      0.00 1580432  134764   0.86  cartographer_no

04:20:44      UID       PID    %usr %system  %guest   %wait    %CPU   CPU  Command
04:20:45        0     46383   18.00    0.00    0.00    0.00   18.00     3  cartographer_no

04:20:44      UID       PID  minflt/s  majflt/s     VSZ     RSS   %MEM  Command
04:20:45        0     46383      0.00      0.00 1580432  134764   0.86  cartographer_no

04:20:45      UID       PID    %usr %system  %guest   %wait    %CPU   CPU  Command
04:20:46        0     46383   18.00    1.00    0.00    0.00   19.00     6  cartographer_no

04:20:45      UID       PID  minflt/s  majflt/s     VSZ     RSS   %MEM  Command
04:20:46        0     46383      0.00      0.00 1580432  134764   0.86  cartographer_no

04:20:46      UID       PID    %usr %system  %guest   %wait    %CPU   CPU  Command
04:20:47        0     46383   19.00    1.00    0.00    0.00   20.00     0  cartographer_no

04:20:46      UID       PID  minflt/s  majflt/s     VSZ     RSS   %MEM  Command
04:20:47        0     46383      0.00      0.00 1580432  134764   0.86  cartographer_no

04:20:47      UID       PID    %usr %system  %guest   %wait    %CPU   CPU  Command
04:20:48        0     46383   13.00    0.00    0.00    0.00   13.00     2  cartographer_no

04:20:47      UID       PID  minflt/s  majflt/s     VSZ     RSS   %MEM  Command
04:20:48        0     46383      0.00      0.00 1580432  134764   0.86  cartographer_no

04:20:48      UID       PID    %usr %system  %guest   %wait    %CPU   CPU  Command
04:20:49        0     46383   12.00    1.00    0.00    0.00   13.00     4  cartographer_no

04:20:48      UID       PID  minflt/s  majflt/s     VSZ     RSS   %MEM  Command
04:20:49        0     46383      0.00      0.00 1580432  134764   0.86  cartographer_no

04:20:49      UID       PID    %usr %system  %guest   %wait    %CPU   CPU  Command
04:20:50        0     46383   13.00    0.00    0.00    0.00   13.00     6  cartographer_no

04:20:49      UID       PID  minflt/s  majflt/s     VSZ     RSS   %MEM  Command
04:20:50        0     46383      0.00      0.00 1580432  134764   0.86  cartographer_no

04:20:50      UID       PID    %usr %system  %guest   %wait    %CPU   CPU  Command
04:20:51        0     46383   12.00    1.00    0.00    0.00   13.00     6  cartographer_no

04:20:50      UID       PID  minflt/s  majflt/s     VSZ     RSS   %MEM  Command
04:20:51        0     46383      0.00      0.00 1580432  134764   0.86  cartographer_no

04:20:51      UID       PID    %usr %system  %guest   %wait    %CPU   CPU  Command
04:20:52        0     46383   12.00    0.00    0.00    0.00   12.00     2  cartographer_no

04:20:51      UID       PID  minflt/s  majflt/s     VSZ     RSS   %MEM  Command
04:20:52        0     46383      0.00      0.00 1580432  134764   0.86  cartographer_no

04:20:52      UID       PID    %usr %system  %guest   %wait    %CPU   CPU  Command
04:20:53        0     46383   14.00    1.00    0.00    0.00   15.00     3  cartographer_no

04:20:52      UID       PID  minflt/s  majflt/s     VSZ     RSS   %MEM  Command
04:20:53        0     46383      0.00      0.00 1580432  134764   0.86  cartographer_no

04:20:53      UID       PID    %usr %system  %guest   %wait    %CPU   CPU  Command
04:20:54        0     46383   12.00    0.00    0.00    0.00   12.00     2  cartographer_no

04:20:53      UID       PID  minflt/s  majflt/s     VSZ     RSS   %MEM  Command
04:20:54        0     46383      0.00      0.00 1580432  134764   0.86  cartographer_no

04:20:54      UID       PID    %usr %system  %guest   %wait    %CPU   CPU  Command
04:20:55        0     46383   12.00    1.00    0.00    0.00   13.00    12  cartographer_no

04:20:54      UID       PID  minflt/s  majflt/s     VSZ     RSS   %MEM  Command
04:20:55        0     46383      0.00      0.00 1580432  134764   0.86  cartographer_no

04:20:55      UID       PID    %usr %system  %guest   %wait    %CPU   CPU  Command
04:20:56        0     46383   12.00    1.00    0.00    0.00   13.00     2  cartographer_no

04:20:55      UID       PID  minflt/s  majflt/s     VSZ     RSS   %MEM  Command
04:20:56        0     46383      0.00      0.00 1580432  134764   0.86  cartographer_no

04:20:56      UID       PID    %usr %system  %guest   %wait    %CPU   CPU  Command
04:20:57        0     46383   15.00    0.00    0.00    0.00   15.00     7  cartographer_no

04:20:56      UID       PID  minflt/s  majflt/s     VSZ     RSS   %MEM  Command
04:20:57        0     46383      0.00      0.00 1580432  134764   0.86  cartographer_no

04:20:57      UID       PID    %usr %system  %guest   %wait    %CPU   CPU  Command
04:20:58        0     46383   25.00    1.00    0.00    0.00   26.00     3  cartographer_no

04:20:57      UID       PID  minflt/s  majflt/s     VSZ     RSS   %MEM  Command
04:20:58        0     46383      0.00      0.00 1580432  134764   0.86  cartographer_no

04:20:58      UID       PID    %usr %system  %guest   %wait    %CPU   CPU  Command
04:20:59        0     46383   15.00    1.00    0.00    0.00   16.00     8  cartographer_no

04:20:58      UID       PID  minflt/s  majflt/s     VSZ     RSS   %MEM  Command
04:20:59        0     46383      0.00      0.00 1580432  134764   0.86  cartographer_no

04:20:59      UID       PID    %usr %system  %guest   %wait    %CPU   CPU  Command
04:21:00        0     46383   18.00    0.00    0.00    0.00   18.00     3  cartographer_no

04:20:59      UID       PID  minflt/s  majflt/s     VSZ     RSS   %MEM  Command
04:21:00        0     46383      0.00      0.00 1580432  134764   0.86  cartographer_no

04:21:00      UID       PID    %usr %system  %guest   %wait    %CPU   CPU  Command
04:21:01        0     46383   14.00    1.00    0.00    0.00   15.00     6  cartographer_no

04:21:00      UID       PID  minflt/s  majflt/s     VSZ     RSS   %MEM  Command
04:21:01        0     46383      0.00      0.00 1580432  134764   0.86  cartographer_no

04:21:01      UID       PID    %usr %system  %guest   %wait    %CPU   CPU  Command
04:21:02        0     46383   18.00    1.00    0.00    0.00   19.00     8  cartographer_no

04:21:01      UID       PID  minflt/s  majflt/s     VSZ     RSS   %MEM  Command
04:21:02        0     46383      0.00      0.00 1580432  134764   0.86  cartographer_no

04:21:02      UID       PID    %usr %system  %guest   %wait    %CPU   CPU  Command
04:21:03        0     46383   16.00    0.00    0.00    0.00   16.00     0  cartographer_no

04:21:02      UID       PID  minflt/s  majflt/s     VSZ     RSS   %MEM  Command
04:21:03        0     46383      0.00      0.00 1580432  134764   0.86  cartographer_no

04:21:03      UID       PID    %usr %system  %guest   %wait    %CPU   CPU  Command
04:21:04        0     46383   13.00    0.00    0.00    0.00   13.00     8  cartographer_no

04:21:03      UID       PID  minflt/s  majflt/s     VSZ     RSS   %MEM  Command
04:21:04        0     46383      0.00      0.00 1580432  134764   0.86  cartographer_no

04:21:04      UID       PID    %usr %system  %guest   %wait    %CPU   CPU  Command
04:21:05        0     46383   11.00    1.00    0.00    0.00   12.00     8  cartographer_no

04:21:04      UID       PID  minflt/s  majflt/s     VSZ     RSS   %MEM  Command
04:21:05        0     46383      0.00      0.00 1580432  134764   0.86  cartographer_no

04:21:05      UID       PID    %usr %system  %guest   %wait    %CPU   CPU  Command
04:21:06        0     46383   10.00    0.00    0.00    0.00   10.00     2  cartographer_no

04:21:05      UID       PID  minflt/s  majflt/s     VSZ     RSS   %MEM  Command
04:21:06        0     46383      0.00      0.00 1580432  134764   0.86  cartographer_no

04:21:06      UID       PID    %usr %system  %guest   %wait    %CPU   CPU  Command
04:21:07        0     46383   11.00    1.00    0.00    1.00   12.00     8  cartographer_no

04:21:06      UID       PID  minflt/s  majflt/s     VSZ     RSS   %MEM  Command
04:21:07        0     46383      0.00      0.00 1580432  134764   0.86  cartographer_no

04:21:07      UID       PID    %usr %system  %guest   %wait    %CPU   CPU  Command
04:21:08        0     46383    8.00    0.00    0.00    0.00    8.00     8  cartographer_no

04:21:07      UID       PID  minflt/s  majflt/s     VSZ     RSS   %MEM  Command
04:21:08        0     46383      0.00      0.00 1580432  134764   0.86  cartographer_no

04:21:08      UID       PID    %usr %system  %guest   %wait    %CPU   CPU  Command
04:21:09        0     46383    6.00    0.00    0.00    0.00    6.00    10  cartographer_no

04:21:08      UID       PID  minflt/s  majflt/s     VSZ     RSS   %MEM  Command
04:21:09        0     46383      0.00      0.00 1580432  134764   0.86  cartographer_no

04:21:09      UID       PID    %usr %system  %guest   %wait    %CPU   CPU  Command
04:21:10        0     46383    9.00    1.00    0.00    0.00   10.00     2  cartographer_no

04:21:09      UID       PID  minflt/s  majflt/s     VSZ     RSS   %MEM  Command
04:21:10        0     46383      0.00      0.00 1580432  134764   0.86  cartographer_no

04:21:10      UID       PID    %usr %system  %guest   %wait    %CPU   CPU  Command
04:21:11        0     46383   13.00    0.00    0.00    0.00   13.00     6  cartographer_no

04:21:10      UID       PID  minflt/s  majflt/s     VSZ     RSS   %MEM  Command
04:21:11        0     46383      0.00      0.00 1580432  134764   0.86  cartographer_no

04:21:11      UID       PID    %usr %system  %guest   %wait    %CPU   CPU  Command
04:21:12        0     46383   11.00    1.00    0.00    0.00   12.00     0  cartographer_no

04:21:11      UID       PID  minflt/s  majflt/s     VSZ     RSS   %MEM  Command
04:21:12        0     46383      0.00      0.00 1580432  134764   0.86  cartographer_no

04:21:12      UID       PID    %usr %system  %guest   %wait    %CPU   CPU  Command
04:21:13        0     46383   10.00    0.00    0.00    0.00   10.00    10  cartographer_no

04:21:12      UID       PID  minflt/s  majflt/s     VSZ     RSS   %MEM  Command
04:21:13        0     46383      0.00      0.00 1580432  134764   0.86  cartographer_no

04:21:13      UID       PID    %usr %system  %guest   %wait    %CPU   CPU  Command
04:21:14        0     46383   11.00    0.00    0.00    0.00   11.00    10  cartographer_no

04:21:13      UID       PID  minflt/s  majflt/s     VSZ     RSS   %MEM  Command
04:21:14        0     46383      0.00      0.00 1580432  134764   0.86  cartographer_no

04:21:14      UID       PID    %usr %system  %guest   %wait    %CPU   CPU  Command
04:21:15        0     46383   11.00    1.00    0.00    0.00   12.00     8  cartographer_no

04:21:14      UID       PID  minflt/s  majflt/s     VSZ     RSS   %MEM  Command
04:21:15        0     46383      0.00      0.00 1580432  134764   0.86  cartographer_no

04:21:15      UID       PID    %usr %system  %guest   %wait    %CPU   CPU  Command
04:21:16        0     46383    9.00    0.00    0.00    0.00    9.00     6  cartographer_no

04:21:15      UID       PID  minflt/s  majflt/s     VSZ     RSS   %MEM  Command
04:21:16        0     46383      0.00      0.00 1580432  134764   0.86  cartographer_no

04:21:16      UID       PID    %usr %system  %guest   %wait    %CPU   CPU  Command
04:21:17        0     46383   11.00    0.00    0.00    0.00   11.00     6  cartographer_no

04:21:16      UID       PID  minflt/s  majflt/s     VSZ     RSS   %MEM  Command
04:21:17        0     46383      0.00      0.00 1580432  134764   0.86  cartographer_no

04:21:17      UID       PID    %usr %system  %guest   %wait    %CPU   CPU  Command
04:21:18        0     46383    9.00    0.00    0.00    0.00    9.00     8  cartographer_no

04:21:17      UID       PID  minflt/s  majflt/s     VSZ     RSS   %MEM  Command
04:21:18        0     46383      0.00      0.00 1580432  134764   0.86  cartographer_no

04:21:18      UID       PID    %usr %system  %guest   %wait    %CPU   CPU  Command
04:21:19        0     46383    6.00    0.00    0.00    0.00    6.00     0  cartographer_no

04:21:18      UID       PID  minflt/s  majflt/s     VSZ     RSS   %MEM  Command
04:21:19        0     46383      0.00      0.00 1580432  134764   0.86  cartographer_no

04:21:19      UID       PID    %usr %system  %guest   %wait    %CPU   CPU  Command
04:21:20        0     46383    7.00    1.00    0.00    0.00    8.00     7  cartographer_no

04:21:19      UID       PID  minflt/s  majflt/s     VSZ     RSS   %MEM  Command
04:21:20        0     46383      0.00      0.00 1580432  134764   0.86  cartographer_no

04:21:20      UID       PID    %usr %system  %guest   %wait    %CPU   CPU  Command
04:21:21        0     46383   10.00    0.00    0.00    0.00   10.00     7  cartographer_no

04:21:20      UID       PID  minflt/s  majflt/s     VSZ     RSS   %MEM  Command
04:21:21        0     46383      0.00      0.00 1580432  134764   0.86  cartographer_no

04:21:21      UID       PID    %usr %system  %guest   %wait    %CPU   CPU  Command
04:21:22        0     46383   10.00    1.00    0.00    0.00   11.00    10  cartographer_no

04:21:21      UID       PID  minflt/s  majflt/s     VSZ     RSS   %MEM  Command
04:21:22        0     46383      0.00      0.00 1580432  134764   0.86  cartographer_no

04:21:22      UID       PID    %usr %system  %guest   %wait    %CPU   CPU  Command
04:21:23        0     46383   15.00    0.00    0.00    0.00   15.00     6  cartographer_no

04:21:22      UID       PID  minflt/s  majflt/s     VSZ     RSS   %MEM  Command
04:21:23        0     46383      0.00      0.00 1580432  134764   0.86  cartographer_no

04:21:23      UID       PID    %usr %system  %guest   %wait    %CPU   CPU  Command
04:21:24        0     46383   15.00    0.00    0.00    0.00   15.00     1  cartographer_no

04:21:23      UID       PID  minflt/s  majflt/s     VSZ     RSS   %MEM  Command
04:21:24        0     46383      0.00      0.00 1580432  134764   0.86  cartographer_no

04:21:24      UID       PID    %usr %system  %guest   %wait    %CPU   CPU  Command
04:21:25        0     46383   14.00    0.00    0.00    0.00   14.00    14  cartographer_no

04:21:24      UID       PID  minflt/s  majflt/s     VSZ     RSS   %MEM  Command
04:21:25        0     46383      0.00      0.00 1580432  134764   0.86  cartographer_no

04:21:25      UID       PID    %usr %system  %guest   %wait    %CPU   CPU  Command
04:21:26        0     46383    9.00    1.00    0.00    0.00   10.00     0  cartographer_no

04:21:25      UID       PID  minflt/s  majflt/s     VSZ     RSS   %MEM  Command
04:21:26        0     46383      0.00      0.00 1580432  134764   0.86  cartographer_no

04:21:26      UID       PID    %usr %system  %guest   %wait    %CPU   CPU  Command
04:21:27        0     46383    9.00    1.00    0.00    0.00   10.00     8  cartographer_no

04:21:26      UID       PID  minflt/s  majflt/s     VSZ     RSS   %MEM  Command
04:21:27        0     46383      0.00      0.00 1580432  134764   0.86  cartographer_no

04:21:27      UID       PID    %usr %system  %guest   %wait    %CPU   CPU  Command
04:21:28        0     46383    9.00    0.00    0.00    0.00    9.00     0  cartographer_no

04:21:27      UID       PID  minflt/s  majflt/s     VSZ     RSS   %MEM  Command
04:21:28        0     46383      0.00      0.00 1580432  134764   0.86  cartographer_no

04:21:28      UID       PID    %usr %system  %guest   %wait    %CPU   CPU  Command
04:21:29        0     46383   10.00    0.00    0.00    0.00   10.00     7  cartographer_no

04:21:28      UID       PID  minflt/s  majflt/s     VSZ     RSS   %MEM  Command
04:21:29        0     46383      0.00      0.00 1580432  134764   0.86  cartographer_no

04:21:29      UID       PID    %usr %system  %guest   %wait    %CPU   CPU  Command
04:21:30        0     46383   10.00    1.00    0.00    0.00   11.00     0  cartographer_no

04:21:29      UID       PID  minflt/s  majflt/s     VSZ     RSS   %MEM  Command
04:21:30        0     46383      0.00      0.00 1580432  134764   0.86  cartographer_no

04:21:30      UID       PID    %usr %system  %guest   %wait    %CPU   CPU  Command
04:21:31        0     46383    8.00    0.00    0.00    0.00    8.00    12  cartographer_no

04:21:30      UID       PID  minflt/s  majflt/s     VSZ     RSS   %MEM  Command
04:21:31        0     46383      0.00      0.00 1580432  134764   0.86  cartographer_no

04:21:31      UID       PID    %usr %system  %guest   %wait    %CPU   CPU  Command
04:21:32        0     46383   10.00    1.00    0.00    0.00   11.00     4  cartographer_no

04:21:31      UID       PID  minflt/s  majflt/s     VSZ     RSS   %MEM  Command
04:21:32        0     46383      0.00      0.00 1580432  134764   0.86  cartographer_no

04:21:32      UID       PID    %usr %system  %guest   %wait    %CPU   CPU  Command
04:21:33        0     46383    9.00    0.00    0.00    0.00    9.00     4  cartographer_no

04:21:32      UID       PID  minflt/s  majflt/s     VSZ     RSS   %MEM  Command
04:21:33        0     46383      0.00      0.00 1580432  134764   0.86  cartographer_no

04:21:33      UID       PID    %usr %system  %guest   %wait    %CPU   CPU  Command
04:21:34        0     46383  157.00    0.00    0.00    0.00  157.00    14  cartographer_no

04:21:33      UID       PID  minflt/s  majflt/s     VSZ     RSS   %MEM  Command
04:21:34        0     46383     12.00      0.00 1570432  124924   0.80  cartographer_no

04:21:34      UID       PID    %usr %system  %guest   %wait    %CPU   CPU  Command
04:21:35        0     46383    7.00    0.00    0.00    0.00    7.00     2  cartographer_no

04:21:34      UID       PID  minflt/s  majflt/s     VSZ     RSS   %MEM  Command
04:21:35        0     46383      0.00      0.00 1570432  124924   0.80  cartographer_no

04:21:35      UID       PID    %usr %system  %guest   %wait    %CPU   CPU  Command
04:21:36        0     46383   10.00    1.00    0.00    0.00   11.00     4  cartographer_no

04:21:35      UID       PID  minflt/s  majflt/s     VSZ     RSS   %MEM  Command
04:21:36        0     46383      0.00      0.00 1570432  124924   0.80  cartographer_no

04:21:36      UID       PID    %usr %system  %guest   %wait    %CPU   CPU  Command
04:21:37        0     46383    9.00    0.00    0.00    0.00    9.00     2  cartographer_no

04:21:36      UID       PID  minflt/s  majflt/s     VSZ     RSS   %MEM  Command
04:21:37        0     46383      0.00      0.00 1570432  124924   0.80  cartographer_no

04:21:37      UID       PID    %usr %system  %guest   %wait    %CPU   CPU  Command
04:21:38        0     46383    7.00    0.00    0.00    0.00    7.00     9  cartographer_no

04:21:37      UID       PID  minflt/s  majflt/s     VSZ     RSS   %MEM  Command
04:21:38        0     46383      0.00      0.00 1570432  124924   0.80  cartographer_no

04:21:38      UID       PID    %usr %system  %guest   %wait    %CPU   CPU  Command
04:21:39        0     46383   10.00    0.00    0.00    0.00   10.00     4  cartographer_no

04:21:38      UID       PID  minflt/s  majflt/s     VSZ     RSS   %MEM  Command
04:21:39        0     46383      0.00      0.00 1570432  124924   0.80  cartographer_no

04:21:39      UID       PID    %usr %system  %guest   %wait    %CPU   CPU  Command
04:21:40        0     46383   11.00    0.00    0.00    0.00   11.00     6  cartographer_no

04:21:39      UID       PID  minflt/s  majflt/s     VSZ     RSS   %MEM  Command
04:21:40        0     46383    280.00      0.00 1571680  126076   0.81  cartographer_no

04:21:40      UID       PID    %usr %system  %guest   %wait    %CPU   CPU  Command
04:21:41        0     46383   14.00    1.00    0.00    0.00   15.00     6  cartographer_no

04:21:40      UID       PID  minflt/s  majflt/s     VSZ     RSS   %MEM  Command
04:21:41        0     46383      0.00      0.00 1571680  126076   0.81  cartographer_no

04:21:41      UID       PID    %usr %system  %guest   %wait    %CPU   CPU  Command
04:21:42        0     46383   18.00    0.00    0.00    0.00   18.00    14  cartographer_no

04:21:41      UID       PID  minflt/s  majflt/s     VSZ     RSS   %MEM  Command
04:21:42        0     46383      0.00      0.00 1571680  126076   0.81  cartographer_no

04:21:42      UID       PID    %usr %system  %guest   %wait    %CPU   CPU  Command
04:21:43        0     46383   23.00    1.00    0.00    0.00   24.00     6  cartographer_no

04:21:42      UID       PID  minflt/s  majflt/s     VSZ     RSS   %MEM  Command
04:21:43        0     46383      0.00      0.00 1571680  126076   0.81  cartographer_no

04:21:43      UID       PID    %usr %system  %guest   %wait    %CPU   CPU  Command
04:21:44        0     46383   16.00    0.00    0.00    0.00   16.00    12  cartographer_no

04:21:43      UID       PID  minflt/s  majflt/s     VSZ     RSS   %MEM  Command
04:21:44        0     46383      0.00      0.00 1571680  126076   0.81  cartographer_no

04:21:44      UID       PID    %usr %system  %guest   %wait    %CPU   CPU  Command
04:21:45        0     46383   20.00    0.00    0.00    0.00   20.00     6  cartographer_no

04:21:44      UID       PID  minflt/s  majflt/s     VSZ     RSS   %MEM  Command
04:21:45        0     46383      0.00      0.00 1571680  126076   0.81  cartographer_no

04:21:45      UID       PID    %usr %system  %guest   %wait    %CPU   CPU  Command
04:21:46        0     46383   13.00    1.00    0.00    0.00   14.00     2  cartographer_no

04:21:45      UID       PID  minflt/s  majflt/s     VSZ     RSS   %MEM  Command
04:21:46        0     46383      0.00      0.00 1571680  126076   0.81  cartographer_no

04:21:46      UID       PID    %usr %system  %guest   %wait    %CPU   CPU  Command
04:21:47        0     46383   29.00    1.00    0.00    0.00   30.00     2  cartographer_no

04:21:46      UID       PID  minflt/s  majflt/s     VSZ     RSS   %MEM  Command
04:21:47        0     46383    943.00      0.00 1571680  129788   0.83  cartographer_no

04:21:47      UID       PID    %usr %system  %guest   %wait    %CPU   CPU  Command
04:21:48        0     46383   17.00    1.00    0.00    0.00   18.00     2  cartographer_no

04:21:47      UID       PID  minflt/s  majflt/s     VSZ     RSS   %MEM  Command
04:21:48        0     46383      0.00      0.00 1571680  129788   0.83  cartographer_no

04:21:48      UID       PID    %usr %system  %guest   %wait    %CPU   CPU  Command
04:21:49        0     46383   18.00    0.00    0.00    0.00   18.00     6  cartographer_no

04:21:48      UID       PID  minflt/s  majflt/s     VSZ     RSS   %MEM  Command
04:21:49        0     46383      0.00      0.00 1571680  129788   0.83  cartographer_no

04:21:49      UID       PID    %usr %system  %guest   %wait    %CPU   CPU  Command
04:21:50        0     46383   17.00    1.00    0.00    0.00   18.00     8  cartographer_no

04:21:49      UID       PID  minflt/s  majflt/s     VSZ     RSS   %MEM  Command
04:21:50        0     46383      0.00      0.00 1571680  129788   0.83  cartographer_no

04:21:50      UID       PID    %usr %system  %guest   %wait    %CPU   CPU  Command
04:21:51        0     46383   19.00    1.00    0.00    0.00   20.00    10  cartographer_no

04:21:50      UID       PID  minflt/s  majflt/s     VSZ     RSS   %MEM  Command
04:21:51        0     46383      0.00      0.00 1571680  129788   0.83  cartographer_no

04:21:51      UID       PID    %usr %system  %guest   %wait    %CPU   CPU  Command
04:21:52        0     46383   25.00    1.00    0.00    0.00   26.00     7  cartographer_no

04:21:51      UID       PID  minflt/s  majflt/s     VSZ     RSS   %MEM  Command
04:21:52        0     46383      0.00      0.00 1571680  129788   0.83  cartographer_no

04:21:52      UID       PID    %usr %system  %guest   %wait    %CPU   CPU  Command
04:21:53        0     46383   18.00    0.00    0.00    0.00   18.00     0  cartographer_no

04:21:52      UID       PID  minflt/s  majflt/s     VSZ     RSS   %MEM  Command
04:21:53        0     46383      0.00      0.00 1571680  129788   0.83  cartographer_no

04:21:53      UID       PID    %usr %system  %guest   %wait    %CPU   CPU  Command
04:21:54        0     46383   16.00    1.00    0.00    0.00   17.00     7  cartographer_no

04:21:53      UID       PID  minflt/s  majflt/s     VSZ     RSS   %MEM  Command
04:21:54        0     46383      0.00      0.00 1571680  129788   0.83  cartographer_no

04:21:54      UID       PID    %usr %system  %guest   %wait    %CPU   CPU  Command
04:21:55        0     46383   21.00    0.00    0.00    0.00   21.00     4  cartographer_no

04:21:54      UID       PID  minflt/s  majflt/s     VSZ     RSS   %MEM  Command
04:21:55        0     46383      0.00      0.00 1571680  129788   0.83  cartographer_no

04:21:55      UID       PID    %usr %system  %guest   %wait    %CPU   CPU  Command
04:21:56        0     46383   17.00    1.00    0.00    0.00   18.00     0  cartographer_no

04:21:55      UID       PID  minflt/s  majflt/s     VSZ     RSS   %MEM  Command
04:21:56        0     46383      0.00      0.00 1571680  129788   0.83  cartographer_no

04:21:56      UID       PID    %usr %system  %guest   %wait    %CPU   CPU  Command
04:21:57        0     46383   17.00    1.00    0.00    0.00   18.00     8  cartographer_no

04:21:56      UID       PID  minflt/s  majflt/s     VSZ     RSS   %MEM  Command
04:21:57        0     46383      0.00      0.00 1571680  129788   0.83  cartographer_no

04:21:57      UID       PID    %usr %system  %guest   %wait    %CPU   CPU  Command
04:21:58        0     46383   17.00    1.00    0.00    0.00   18.00     8  cartographer_no

04:21:57      UID       PID  minflt/s  majflt/s     VSZ     RSS   %MEM  Command
04:21:58        0     46383      0.00      0.00 1571680  129788   0.83  cartographer_no

04:21:58      UID       PID    %usr %system  %guest   %wait    %CPU   CPU  Command
04:21:59        0     46383   17.00    1.00    0.00    0.00   18.00     6  cartographer_no

04:21:58      UID       PID  minflt/s  majflt/s     VSZ     RSS   %MEM  Command
04:21:59        0     46383      0.00      0.00 1571680  129788   0.83  cartographer_no

04:21:59      UID       PID    %usr %system  %guest   %wait    %CPU   CPU  Command
04:22:00        0     46383   17.00    0.00    0.00    0.00   17.00     2  cartographer_no

04:21:59      UID       PID  minflt/s  majflt/s     VSZ     RSS   %MEM  Command
04:22:00        0     46383      0.00      0.00 1571680  129788   0.83  cartographer_no

04:22:00      UID       PID    %usr %system  %guest   %wait    %CPU   CPU  Command
04:22:01        0     46383   18.00    1.00    0.00    0.00   19.00     3  cartographer_no

04:22:00      UID       PID  minflt/s  majflt/s     VSZ     RSS   %MEM  Command
04:22:01        0     46383      0.00      0.00 1571680  129788   0.83  cartographer_no

04:22:01      UID       PID    %usr %system  %guest   %wait    %CPU   CPU  Command
04:22:02        0     46383   15.00    0.00    0.00    0.00   15.00     2  cartographer_no

04:22:01      UID       PID  minflt/s  majflt/s     VSZ     RSS   %MEM  Command
04:22:02        0     46383      0.00      0.00 1571680  129788   0.83  cartographer_no

04:22:02      UID       PID    %usr %system  %guest   %wait    %CPU   CPU  Command
04:22:03        0     46383   17.00    1.00    0.00    0.00   18.00     2  cartographer_no

04:22:02      UID       PID  minflt/s  majflt/s     VSZ     RSS   %MEM  Command
04:22:03        0     46383      0.00      0.00 1571680  129788   0.83  cartographer_no

04:22:03      UID       PID    %usr %system  %guest   %wait    %CPU   CPU  Command
04:22:04        0     46383   20.00    0.00    0.00    0.00   20.00     4  cartographer_no

04:22:03      UID       PID  minflt/s  majflt/s     VSZ     RSS   %MEM  Command
04:22:04        0     46383      0.00      0.00 1571680  129788   0.83  cartographer_no

04:22:04      UID       PID    %usr %system  %guest   %wait    %CPU   CPU  Command
04:22:05        0     46383   18.00    1.00    0.00    0.00   19.00     8  cartographer_no

04:22:04      UID       PID  minflt/s  majflt/s     VSZ     RSS   %MEM  Command
04:22:05        0     46383      0.00      0.00 1571680  129788   0.83  cartographer_no

04:22:05      UID       PID    %usr %system  %guest   %wait    %CPU   CPU  Command
04:22:06        0     46383   16.00    0.00    0.00    0.00   16.00    10  cartographer_no

04:22:05      UID       PID  minflt/s  majflt/s     VSZ     RSS   %MEM  Command
04:22:06        0     46383      0.00      0.00 1571680  129788   0.83  cartographer_no

04:22:06      UID       PID    %usr %system  %guest   %wait    %CPU   CPU  Command
04:22:07        0     46383   17.00    1.00    0.00    0.00   18.00     4  cartographer_no

04:22:06      UID       PID  minflt/s  majflt/s     VSZ     RSS   %MEM  Command
04:22:07        0     46383      0.00      0.00 1571680  129788   0.83  cartographer_no

04:22:07      UID       PID    %usr %system  %guest   %wait    %CPU   CPU  Command
04:22:08        0     46383   18.00    1.00    0.00    0.00   19.00     2  cartographer_no

04:22:07      UID       PID  minflt/s  majflt/s     VSZ     RSS   %MEM  Command
04:22:08        0     46383      0.00      0.00 1571680  129788   0.83  cartographer_no

04:22:08      UID       PID    %usr %system  %guest   %wait    %CPU   CPU  Command
04:22:09        0     46383   16.00    1.00    0.00    0.00   17.00     2  cartographer_no

04:22:08      UID       PID  minflt/s  majflt/s     VSZ     RSS   %MEM  Command
04:22:09        0     46383      0.00      0.00 1571680  129788   0.83  cartographer_no

04:22:09      UID       PID    %usr %system  %guest   %wait    %CPU   CPU  Command
04:22:10        0     46383   16.00    0.00    0.00    1.00   16.00     8  cartographer_no

04:22:09      UID       PID  minflt/s  majflt/s     VSZ     RSS   %MEM  Command
04:22:10        0     46383      0.00      0.00 1571680  129788   0.83  cartographer_no

04:22:10      UID       PID    %usr %system  %guest   %wait    %CPU   CPU  Command
04:22:11        0     46383   17.00    1.00    0.00    0.00   18.00     0  cartographer_no

04:22:10      UID       PID  minflt/s  majflt/s     VSZ     RSS   %MEM  Command
04:22:11        0     46383      1.00      0.00 1571680  129920   0.83  cartographer_no

04:22:11      UID       PID    %usr %system  %guest   %wait    %CPU   CPU  Command
04:22:12        0     46383   16.00    0.00    0.00    0.00   16.00     2  cartographer_no

04:22:11      UID       PID  minflt/s  majflt/s     VSZ     RSS   %MEM  Command
04:22:12        0     46383      0.00      0.00 1571680  129920   0.83  cartographer_no

04:22:12      UID       PID    %usr %system  %guest   %wait    %CPU   CPU  Command
04:22:13        0     46383   17.82    0.99    0.00    0.00   18.81     6  cartographer_no

04:22:12      UID       PID  minflt/s  majflt/s     VSZ     RSS   %MEM  Command
04:22:13        0     46383      0.00      0.00 1571680  129920   0.83  cartographer_no

04:22:13      UID       PID    %usr %system  %guest   %wait    %CPU   CPU  Command
04:22:14        0     46383   16.00    0.00    0.00    0.00   16.00     4  cartographer_no

04:22:13      UID       PID  minflt/s  majflt/s     VSZ     RSS   %MEM  Command
04:22:14        0     46383      0.00      0.00 1571680  129920   0.83  cartographer_no

04:22:14      UID       PID    %usr %system  %guest   %wait    %CPU   CPU  Command
04:22:15        0     46383   15.00    1.00    0.00    0.00   16.00     6  cartographer_no

04:22:14      UID       PID  minflt/s  majflt/s     VSZ     RSS   %MEM  Command
04:22:15        0     46383      0.00      0.00 1571680  129920   0.83  cartographer_no

04:22:15      UID       PID    %usr %system  %guest   %wait    %CPU   CPU  Command
04:22:16        0     46383  154.00    0.00    0.00    0.00  154.00     2  cartographer_no

04:22:15      UID       PID  minflt/s  majflt/s     VSZ     RSS   %MEM  Command
04:22:16        0     46383    328.00      0.00 1572932  131072   0.84  cartographer_no

04:22:16      UID       PID    %usr %system  %guest   %wait    %CPU   CPU  Command
04:22:17        0     46383   13.00    0.00    0.00    0.00   13.00     0  cartographer_no

04:22:16      UID       PID  minflt/s  majflt/s     VSZ     RSS   %MEM  Command
04:22:17        0     46383      0.00      0.00 1572932  131072   0.84  cartographer_no

04:22:17      UID       PID    %usr %system  %guest   %wait    %CPU   CPU  Command
04:22:18        0     46383   14.00    1.00    0.00    0.00   15.00     2  cartographer_no

04:22:17      UID       PID  minflt/s  majflt/s     VSZ     RSS   %MEM  Command
04:22:18        0     46383      0.00      0.00 1572932  131072   0.84  cartographer_no

04:22:18      UID       PID    %usr %system  %guest   %wait    %CPU   CPU  Command
04:22:19        0     46383   16.00    0.00    0.00    0.00   16.00     8  cartographer_no

04:22:18      UID       PID  minflt/s  majflt/s     VSZ     RSS   %MEM  Command
04:22:19        0     46383      0.00      0.00 1572932  131072   0.84  cartographer_no

04:22:19      UID       PID    %usr %system  %guest   %wait    %CPU   CPU  Command
04:22:20        0     46383   12.00    1.00    0.00    0.00   13.00     8  cartographer_no

04:22:19      UID       PID  minflt/s  majflt/s     VSZ     RSS   %MEM  Command
04:22:20        0     46383      0.00      0.00 1572932  131072   0.84  cartographer_no

04:22:20      UID       PID    %usr %system  %guest   %wait    %CPU   CPU  Command
04:22:21        0     46383   12.00    1.00    0.00    0.00   13.00     0  cartographer_no

04:22:20      UID       PID  minflt/s  majflt/s     VSZ     RSS   %MEM  Command
04:22:21        0     46383      0.00      0.00 1572932  131072   0.84  cartographer_no

04:22:21      UID       PID    %usr %system  %guest   %wait    %CPU   CPU  Command
04:22:22        0     46383   12.00    0.00    0.00    0.00   12.00     4  cartographer_no

04:22:21      UID       PID  minflt/s  majflt/s     VSZ     RSS   %MEM  Command
04:22:22        0     46383      0.00      0.00 1572932  131072   0.84  cartographer_no

04:22:22      UID       PID    %usr %system  %guest   %wait    %CPU   CPU  Command
04:22:23        0     46383   12.00    1.00    0.00    0.00   13.00    12  cartographer_no

04:22:22      UID       PID  minflt/s  majflt/s     VSZ     RSS   %MEM  Command
04:22:23        0     46383      0.00      0.00 1572932  131072   0.84  cartographer_no

04:22:23      UID       PID    %usr %system  %guest   %wait    %CPU   CPU  Command
04:22:24        0     46383   13.00    1.00    0.00    0.00   14.00    10  cartographer_no

04:22:23      UID       PID  minflt/s  majflt/s     VSZ     RSS   %MEM  Command
04:22:24        0     46383      0.00      0.00 1572932  131072   0.84  cartographer_no

04:22:24      UID       PID    %usr %system  %guest   %wait    %CPU   CPU  Command
04:22:25        0     46383   11.00    0.00    0.00    0.00   11.00     6  cartographer_no

04:22:24      UID       PID  minflt/s  majflt/s     VSZ     RSS   %MEM  Command
04:22:25        0     46383      0.00      0.00 1572932  131072   0.84  cartographer_no

04:22:25      UID       PID    %usr %system  %guest   %wait    %CPU   CPU  Command
04:22:26        0     46383   12.00    1.00    0.00    0.00   13.00     7  cartographer_no

04:22:25      UID       PID  minflt/s  majflt/s     VSZ     RSS   %MEM  Command
04:22:26        0     46383      0.00      0.00 1572932  131072   0.84  cartographer_no

04:22:26      UID       PID    %usr %system  %guest   %wait    %CPU   CPU  Command
04:22:27        0     46383   13.00    1.00    0.00    0.00   14.00     2  cartographer_no

04:22:26      UID       PID  minflt/s  majflt/s     VSZ     RSS   %MEM  Command
04:22:27        0     46383      0.00      0.00 1572932  131072   0.84  cartographer_no

04:22:27      UID       PID    %usr %system  %guest   %wait    %CPU   CPU  Command
04:22:28        0     46383   15.00    0.00    0.00    0.00   15.00     6  cartographer_no

04:22:27      UID       PID  minflt/s  majflt/s     VSZ     RSS   %MEM  Command
04:22:28        0     46383      0.00      0.00 1572932  131072   0.84  cartographer_no

04:22:28      UID       PID    %usr %system  %guest   %wait    %CPU   CPU  Command
04:22:29        0     46383   15.00    1.00    0.00    0.00   16.00     2  cartographer_no

04:22:28      UID       PID  minflt/s  majflt/s     VSZ     RSS   %MEM  Command
04:22:29        0     46383      0.00      0.00 1572932  131072   0.84  cartographer_no

04:22:29      UID       PID    %usr %system  %guest   %wait    %CPU   CPU  Command
04:22:30        0     46383   13.00    1.00    0.00    0.00   14.00     8  cartographer_no

04:22:29      UID       PID  minflt/s  majflt/s     VSZ     RSS   %MEM  Command
04:22:30        0     46383      0.00      0.00 1572932  131072   0.84  cartographer_no

04:22:30      UID       PID    %usr %system  %guest   %wait    %CPU   CPU  Command
04:22:31        0     46383   14.00    1.00    0.00    0.00   15.00    10  cartographer_no

04:22:30      UID       PID  minflt/s  majflt/s     VSZ     RSS   %MEM  Command
04:22:31        0     46383      0.00      0.00 1572932  131072   0.84  cartographer_no

04:22:31      UID       PID    %usr %system  %guest   %wait    %CPU   CPU  Command
04:22:32        0     46383   14.00    1.00    0.00    0.00   15.00     8  cartographer_no

04:22:31      UID       PID  minflt/s  majflt/s     VSZ     RSS   %MEM  Command
04:22:32        0     46383      0.00      0.00 1572932  131072   0.84  cartographer_no

04:22:32      UID       PID    %usr %system  %guest   %wait    %CPU   CPU  Command
04:22:33        0     46383   23.00    1.00    0.00    0.00   24.00    12  cartographer_no

04:22:32      UID       PID  minflt/s  majflt/s     VSZ     RSS   %MEM  Command
04:22:33        0     46383   2074.00      0.00 1572932  139392   0.89  cartographer_no

04:22:33      UID       PID    %usr %system  %guest   %wait    %CPU   CPU  Command
04:22:34        0     46383   13.00    0.00    0.00    0.00   13.00     6  cartographer_no

04:22:33      UID       PID  minflt/s  majflt/s     VSZ     RSS   %MEM  Command
04:22:34        0     46383      0.00      0.00 1572932  139392   0.89  cartographer_no

04:22:34      UID       PID    %usr %system  %guest   %wait    %CPU   CPU  Command
04:22:35        0     46383   11.00    1.00    0.00    0.00   12.00     2  cartographer_no

04:22:34      UID       PID  minflt/s  majflt/s     VSZ     RSS   %MEM  Command
04:22:35        0     46383      0.00      0.00 1572932  139392   0.89  cartographer_no

04:22:35      UID       PID    %usr %system  %guest   %wait    %CPU   CPU  Command
04:22:36        0     46383   11.00    0.00    0.00    0.00   11.00     3  cartographer_no

04:22:35      UID       PID  minflt/s  majflt/s     VSZ     RSS   %MEM  Command
04:22:36        0     46383      0.00      0.00 1572932  139392   0.89  cartographer_no

04:22:36      UID       PID    %usr %system  %guest   %wait    %CPU   CPU  Command
04:22:37        0     46383   14.00    1.00    0.00    0.00   15.00     2  cartographer_no

04:22:36      UID       PID  minflt/s  majflt/s     VSZ     RSS   %MEM  Command
04:22:37        0     46383      0.00      0.00 1572932  139392   0.89  cartographer_no

04:22:37      UID       PID    %usr %system  %guest   %wait    %CPU   CPU  Command
04:22:38        0     46383   10.00    1.00    0.00    0.00   11.00     6  cartographer_no

04:22:37      UID       PID  minflt/s  majflt/s     VSZ     RSS   %MEM  Command
04:22:38        0     46383      0.00      0.00 1572932  139392   0.89  cartographer_no

04:22:38      UID       PID    %usr %system  %guest   %wait    %CPU   CPU  Command
04:22:39        0     46383   15.00    0.00    0.00    0.00   15.00     2  cartographer_no

04:22:38      UID       PID  minflt/s  majflt/s     VSZ     RSS   %MEM  Command
04:22:39        0     46383      0.00      0.00 1572932  139392   0.89  cartographer_no

04:22:39      UID       PID    %usr %system  %guest   %wait    %CPU   CPU  Command
04:22:40        0     46383   15.00    1.00    0.00    0.00   16.00    10  cartographer_no

04:22:39      UID       PID  minflt/s  majflt/s     VSZ     RSS   %MEM  Command
04:22:40        0     46383      0.00      0.00 1572932  139392   0.89  cartographer_no

04:22:40      UID       PID    %usr %system  %guest   %wait    %CPU   CPU  Command
04:22:41        0     46383   15.00    1.00    0.00    0.00   16.00    10  cartographer_no

04:22:40      UID       PID  minflt/s  majflt/s     VSZ     RSS   %MEM  Command
04:22:41        0     46383      0.00      0.00 1572932  139392   0.89  cartographer_no

04:22:41      UID       PID    %usr %system  %guest   %wait    %CPU   CPU  Command
04:22:42        0     46383   13.00    0.00    0.00    0.00   13.00     3  cartographer_no

04:22:41      UID       PID  minflt/s  majflt/s     VSZ     RSS   %MEM  Command
04:22:42        0     46383      0.00      0.00 1572932  139392   0.89  cartographer_no

04:22:42      UID       PID    %usr %system  %guest   %wait    %CPU   CPU  Command
04:22:43        0     46383   15.00    1.00    0.00    0.00   16.00     6  cartographer_no

04:22:42      UID       PID  minflt/s  majflt/s     VSZ     RSS   %MEM  Command
04:22:43        0     46383      0.00      0.00 1572932  139392   0.89  cartographer_no

04:22:43      UID       PID    %usr %system  %guest   %wait    %CPU   CPU  Command
04:22:44        0     46383   12.00    1.00    0.00    0.00   13.00     0  cartographer_no

04:22:43      UID       PID  minflt/s  majflt/s     VSZ     RSS   %MEM  Command
04:22:44        0     46383      0.00      0.00 1572932  139392   0.89  cartographer_no

04:22:44      UID       PID    %usr %system  %guest   %wait    %CPU   CPU  Command
04:22:45        0     46383   13.00    1.00    0.00    0.00   14.00     2  cartographer_no

04:22:44      UID       PID  minflt/s  majflt/s     VSZ     RSS   %MEM  Command
04:22:45        0     46383      0.00      0.00 1572932  139392   0.89  cartographer_no

04:22:45      UID       PID    %usr %system  %guest   %wait    %CPU   CPU  Command
04:22:46        0     46383   15.00    0.00    0.00    0.00   15.00    10  cartographer_no

04:22:45      UID       PID  minflt/s  majflt/s     VSZ     RSS   %MEM  Command
04:22:46        0     46383      0.00      0.00 1572932  139392   0.89  cartographer_no

04:22:46      UID       PID    %usr %system  %guest   %wait    %CPU   CPU  Command
04:22:47        0     46383   14.00    1.00    0.00    0.00   15.00    10  cartographer_no

04:22:46      UID       PID  minflt/s  majflt/s     VSZ     RSS   %MEM  Command
04:22:47        0     46383      0.00      0.00 1572932  139392   0.89  cartographer_no

04:22:47      UID       PID    %usr %system  %guest   %wait    %CPU   CPU  Command
04:22:48        0     46383   15.00    1.00    0.00    1.00   16.00     2  cartographer_no

04:22:47      UID       PID  minflt/s  majflt/s     VSZ     RSS   %MEM  Command
04:22:48        0     46383      0.00      0.00 1572932  139392   0.89  cartographer_no

04:22:48      UID       PID    %usr %system  %guest   %wait    %CPU   CPU  Command
04:22:49        0     46383   18.00    0.00    0.00    0.00   18.00    14  cartographer_no

04:22:48      UID       PID  minflt/s  majflt/s     VSZ     RSS   %MEM  Command
04:22:49        0     46383      0.00      0.00 1572932  139392   0.89  cartographer_no

04:22:49      UID       PID    %usr %system  %guest   %wait    %CPU   CPU  Command
04:22:50        0     46383   17.00    1.00    0.00    0.00   18.00    12  cartographer_no

04:22:49      UID       PID  minflt/s  majflt/s     VSZ     RSS   %MEM  Command
04:22:50        0     46383      0.00      0.00 1572932  139392   0.89  cartographer_no

04:22:50      UID       PID    %usr %system  %guest   %wait    %CPU   CPU  Command
04:22:51        0     46383   16.00    1.00    0.00    0.00   17.00     7  cartographer_no

04:22:50      UID       PID  minflt/s  majflt/s     VSZ     RSS   %MEM  Command
04:22:51        0     46383      0.00      0.00 1572932  139392   0.89  cartographer_no

04:22:51      UID       PID    %usr %system  %guest   %wait    %CPU   CPU  Command
04:22:52        0     46383   13.00    0.00    0.00    0.00   13.00     7  cartographer_no

04:22:51      UID       PID  minflt/s  majflt/s     VSZ     RSS   %MEM  Command
04:22:52        0     46383      0.00      0.00 1572932  139392   0.89  cartographer_no

04:22:52      UID       PID    %usr %system  %guest   %wait    %CPU   CPU  Command
04:22:53        0     46383   12.00    2.00    0.00    0.00   14.00     2  cartographer_no

04:22:52      UID       PID  minflt/s  majflt/s     VSZ     RSS   %MEM  Command
04:22:53        0     46383      0.00      0.00 1572932  139392   0.89  cartographer_no

04:22:53      UID       PID    %usr %system  %guest   %wait    %CPU   CPU  Command
04:22:54        0     46383   12.00    0.00    0.00    0.00   12.00    14  cartographer_no

04:22:53      UID       PID  minflt/s  majflt/s     VSZ     RSS   %MEM  Command
04:22:54        0     46383      0.00      0.00 1572932  139392   0.89  cartographer_no

04:22:54      UID       PID    %usr %system  %guest   %wait    %CPU   CPU  Command
04:22:55        0     46383   12.00    1.00    0.00    0.00   13.00     0  cartographer_no

04:22:54      UID       PID  minflt/s  majflt/s     VSZ     RSS   %MEM  Command
04:22:55        0     46383      0.00      0.00 1572932  139392   0.89  cartographer_no

04:22:55      UID       PID    %usr %system  %guest   %wait    %CPU   CPU  Command
04:22:56        0     46383   12.00    1.00    0.00    0.00   13.00    14  cartographer_no

04:22:55      UID       PID  minflt/s  majflt/s     VSZ     RSS   %MEM  Command
04:22:56        0     46383      0.00      0.00 1572932  139392   0.89  cartographer_no

04:22:56      UID       PID    %usr %system  %guest   %wait    %CPU   CPU  Command
04:22:57        0     46383   15.00    0.00    0.00    0.00   15.00     7  cartographer_no

04:22:56      UID       PID  minflt/s  majflt/s     VSZ     RSS   %MEM  Command
04:22:57        0     46383      0.00      0.00 1572932  139392   0.89  cartographer_no

04:22:57      UID       PID    %usr %system  %guest   %wait    %CPU   CPU  Command
04:22:58        0     46383   12.00    0.00    0.00    0.00   12.00     7  cartographer_no

04:22:57      UID       PID  minflt/s  majflt/s     VSZ     RSS   %MEM  Command
04:22:58        0     46383      0.00      0.00 1572932  139392   0.89  cartographer_no

04:22:58      UID       PID    %usr %system  %guest   %wait    %CPU   CPU  Command
04:22:59        0     46383   12.00    1.00    0.00    0.00   13.00     2  cartographer_no

04:22:58      UID       PID  minflt/s  majflt/s     VSZ     RSS   %MEM  Command
04:22:59        0     46383      0.00      0.00 1572932  139392   0.89  cartographer_no

04:22:59      UID       PID    %usr %system  %guest   %wait    %CPU   CPU  Command
04:23:00        0     46383   12.00    1.00    0.00    0.00   13.00    12  cartographer_no

04:22:59      UID       PID  minflt/s  majflt/s     VSZ     RSS   %MEM  Command
04:23:00        0     46383      0.00      0.00 1572932  139392   0.89  cartographer_no

04:23:00      UID       PID    %usr %system  %guest   %wait    %CPU   CPU  Command
04:23:01        0     46383   14.00    1.00    0.00    0.00   15.00     6  cartographer_no

04:23:00      UID       PID  minflt/s  majflt/s     VSZ     RSS   %MEM  Command
04:23:01        0     46383      0.00      0.00 1572932  139392   0.89  cartographer_no

04:23:01      UID       PID    %usr %system  %guest   %wait    %CPU   CPU  Command
04:23:02        0     46383   16.00    0.00    0.00    0.00   16.00     2  cartographer_no

04:23:01      UID       PID  minflt/s  majflt/s     VSZ     RSS   %MEM  Command
04:23:02        0     46383      0.00      0.00 1572932  139392   0.89  cartographer_no

04:23:02      UID       PID    %usr %system  %guest   %wait    %CPU   CPU  Command
04:23:03        0     46383   14.00    1.00    0.00    0.00   15.00    14  cartographer_no

04:23:02      UID       PID  minflt/s  majflt/s     VSZ     RSS   %MEM  Command
04:23:03        0     46383      0.00      0.00 1572932  139392   0.89  cartographer_no

04:23:03      UID       PID    %usr %system  %guest   %wait    %CPU   CPU  Command
04:23:04        0     46383   21.00    1.00    0.00    0.00   22.00     6  cartographer_no

04:23:03      UID       PID  minflt/s  majflt/s     VSZ     RSS   %MEM  Command
04:23:04        0     46383      0.00      0.00 1572932  139392   0.89  cartographer_no

04:23:04      UID       PID    %usr %system  %guest   %wait    %CPU   CPU  Command
04:23:05        0     46383   16.00    1.00    0.00    0.00   17.00     3  cartographer_no

04:23:04      UID       PID  minflt/s  majflt/s     VSZ     RSS   %MEM  Command
04:23:05        0     46383      0.00      0.00 1572932  139392   0.89  cartographer_no

04:23:05      UID       PID    %usr %system  %guest   %wait    %CPU   CPU  Command
04:23:06        0     46383   17.00    0.00    0.00    0.00   17.00     8  cartographer_no

04:23:05      UID       PID  minflt/s  majflt/s     VSZ     RSS   %MEM  Command
04:23:06        0     46383      0.00      0.00 1572932  139392   0.89  cartographer_no

04:23:06      UID       PID    %usr %system  %guest   %wait    %CPU   CPU  Command
04:23:07        0     46383   18.00    1.00    0.00    0.00   19.00     6  cartographer_no

04:23:06      UID       PID  minflt/s  majflt/s     VSZ     RSS   %MEM  Command
04:23:07        0     46383      0.00      0.00 1572932  139392   0.89  cartographer_no

04:23:07      UID       PID    %usr %system  %guest   %wait    %CPU   CPU  Command
04:23:08        0     46383  141.00    0.00    0.00    0.00  141.00     7  cartographer_no

04:23:07      UID       PID  minflt/s  majflt/s     VSZ     RSS   %MEM  Command
04:23:08        0     46383      0.00      0.00 1572932  139392   0.89  cartographer_no

04:23:08      UID       PID    %usr %system  %guest   %wait    %CPU   CPU  Command
04:23:09        0     46383   16.00    0.00    0.00    0.00   16.00     7  cartographer_no

04:23:08      UID       PID  minflt/s  majflt/s     VSZ     RSS   %MEM  Command
04:23:09        0     46383      0.00      0.00 1572932  139392   0.89  cartographer_no

04:23:09      UID       PID    %usr %system  %guest   %wait    %CPU   CPU  Command
04:23:10        0     46383   15.00    1.00    0.00    0.00   16.00     0  cartographer_no

04:23:09      UID       PID  minflt/s  majflt/s     VSZ     RSS   %MEM  Command
04:23:10        0     46383      0.00      0.00 1572932  139392   0.89  cartographer_no

04:23:10      UID       PID    %usr %system  %guest   %wait    %CPU   CPU  Command
04:23:11        0     46383   16.00    1.00    0.00    0.00   17.00     2  cartographer_no

04:23:10      UID       PID  minflt/s  majflt/s     VSZ     RSS   %MEM  Command
04:23:11        0     46383      0.00      0.00 1572932  139392   0.89  cartographer_no

04:23:11      UID       PID    %usr %system  %guest   %wait    %CPU   CPU  Command
04:23:12        0     46383   16.00    1.00    0.00    0.00   17.00     9  cartographer_no

04:23:11      UID       PID  minflt/s  majflt/s     VSZ     RSS   %MEM  Command
04:23:12        0     46383      0.00      0.00 1572932  139392   0.89  cartographer_no

04:23:12      UID       PID    %usr %system  %guest   %wait    %CPU   CPU  Command
04:23:13        0     46383   15.00    1.00    0.00    0.00   16.00     0  cartographer_no

04:23:12      UID       PID  minflt/s  majflt/s     VSZ     RSS   %MEM  Command
04:23:13        0     46383      0.00      0.00 1572932  139392   0.89  cartographer_no

04:23:13      UID       PID    %usr %system  %guest   %wait    %CPU   CPU  Command
04:23:14        0     46383   15.00    0.00    0.00    0.00   15.00    10  cartographer_no

04:23:13      UID       PID  minflt/s  majflt/s     VSZ     RSS   %MEM  Command
04:23:14        0     46383      0.00      0.00 1572932  139392   0.89  cartographer_no

04:23:14      UID       PID    %usr %system  %guest   %wait    %CPU   CPU  Command
04:23:15        0     46383   16.00    1.00    0.00    0.00   17.00     8  cartographer_no

04:23:14      UID       PID  minflt/s  majflt/s     VSZ     RSS   %MEM  Command
04:23:15        0     46383      0.00      0.00 1572932  139392   0.89  cartographer_no

04:23:15      UID       PID    %usr %system  %guest   %wait    %CPU   CPU  Command
04:23:16        0     46383   14.00    1.00    0.00    0.00   15.00     8  cartographer_no

04:23:15      UID       PID  minflt/s  majflt/s     VSZ     RSS   %MEM  Command
04:23:16        0     46383      0.00      0.00 1572932  139392   0.89  cartographer_no

04:23:16      UID       PID    %usr %system  %guest   %wait    %CPU   CPU  Command
04:23:17        0     46383   17.00    0.00    0.00    0.00   17.00     6  cartographer_no

04:23:16      UID       PID  minflt/s  majflt/s     VSZ     RSS   %MEM  Command
04:23:17        0     46383      0.00      0.00 1572932  139392   0.89  cartographer_no

04:23:17      UID       PID    %usr %system  %guest   %wait    %CPU   CPU  Command
04:23:18        0     46383   15.00    1.00    0.00    0.00   16.00     2  cartographer_no

04:23:17      UID       PID  minflt/s  majflt/s     VSZ     RSS   %MEM  Command
04:23:18        0     46383      0.00      0.00 1572932  139392   0.89  cartographer_no

04:23:18      UID       PID    %usr %system  %guest   %wait    %CPU   CPU  Command
04:23:19        0     46383   23.00    1.00    0.00    0.00   24.00     2  cartographer_no

04:23:18      UID       PID  minflt/s  majflt/s     VSZ     RSS   %MEM  Command
04:23:19        0     46383    855.00      0.00 1572932  142848   0.92  cartographer_no

04:23:19      UID       PID    %usr %system  %guest   %wait    %CPU   CPU  Command
04:23:20        0     46383   16.00    1.00    0.00    0.00   17.00     6  cartographer_no

04:23:19      UID       PID  minflt/s  majflt/s     VSZ     RSS   %MEM  Command
04:23:20        0     46383      1.00      0.00 1572932  142848   0.92  cartographer_no

04:23:20      UID       PID    %usr %system  %guest   %wait    %CPU   CPU  Command
04:23:21        0     46383   14.00    0.00    0.00    1.00   14.00     5  cartographer_no

04:23:20      UID       PID  minflt/s  majflt/s     VSZ     RSS   %MEM  Command
04:23:21        0     46383      0.00      0.00 1572932  142848   0.92  cartographer_no

04:23:21      UID       PID    %usr %system  %guest   %wait    %CPU   CPU  Command
04:23:22        0     46383   17.00    0.00    0.00    0.00   17.00     7  cartographer_no

04:23:21      UID       PID  minflt/s  majflt/s     VSZ     RSS   %MEM  Command
04:23:22        0     46383      0.00      0.00 1572932  142848   0.92  cartographer_no

04:23:22      UID       PID    %usr %system  %guest   %wait    %CPU   CPU  Command
04:23:23        0     46383   15.00    1.00    0.00    0.00   16.00    10  cartographer_no

04:23:22      UID       PID  minflt/s  majflt/s     VSZ     RSS   %MEM  Command
04:23:23        0     46383      0.00      0.00 1572932  142848   0.92  cartographer_no

04:23:23      UID       PID    %usr %system  %guest   %wait    %CPU   CPU  Command
04:23:24        0     46383   14.00    1.00    0.00    0.00   15.00     8  cartographer_no

04:23:23      UID       PID  minflt/s  majflt/s     VSZ     RSS   %MEM  Command
04:23:24        0     46383      0.00      0.00 1572932  142848   0.92  cartographer_no

04:23:24      UID       PID    %usr %system  %guest   %wait    %CPU   CPU  Command
04:23:25        0     46383   14.00    0.00    0.00    0.00   14.00     0  cartographer_no

04:23:24      UID       PID  minflt/s  majflt/s     VSZ     RSS   %MEM  Command
04:23:25        0     46383      0.00      0.00 1572932  142848   0.92  cartographer_no

04:23:25      UID       PID    %usr %system  %guest   %wait    %CPU   CPU  Command
04:23:26        0     46383   16.00    1.00    0.00    0.00   17.00     2  cartographer_no

04:23:25      UID       PID  minflt/s  majflt/s     VSZ     RSS   %MEM  Command
04:23:26        0     46383      0.00      0.00 1572932  142848   0.92  cartographer_no

04:23:26      UID       PID    %usr %system  %guest   %wait    %CPU   CPU  Command
04:23:27        0     46383   15.00    0.00    0.00    0.00   15.00    12  cartographer_no

04:23:26      UID       PID  minflt/s  majflt/s     VSZ     RSS   %MEM  Command
04:23:27        0     46383      0.00      0.00 1572932  142848   0.92  cartographer_no

04:23:27      UID       PID    %usr %system  %guest   %wait    %CPU   CPU  Command
04:23:28        0     46383   15.00    1.00    0.00    0.00   16.00     8  cartographer_no

04:23:27      UID       PID  minflt/s  majflt/s     VSZ     RSS   %MEM  Command
04:23:28        0     46383      0.00      0.00 1572932  142848   0.92  cartographer_no

04:23:28      UID       PID    %usr %system  %guest   %wait    %CPU   CPU  Command
04:23:29        0     46383   16.00    0.00    0.00    0.00   16.00     8  cartographer_no

04:23:28      UID       PID  minflt/s  majflt/s     VSZ     RSS   %MEM  Command
04:23:29        0     46383      0.00      0.00 1572932  142848   0.92  cartographer_no

04:23:29      UID       PID    %usr %system  %guest   %wait    %CPU   CPU  Command
04:23:30        0     46383   16.00    1.00    0.00    0.00   17.00     6  cartographer_no

04:23:29      UID       PID  minflt/s  majflt/s     VSZ     RSS   %MEM  Command
04:23:30        0     46383      0.00      0.00 1572932  142848   0.92  cartographer_no

04:23:30      UID       PID    %usr %system  %guest   %wait    %CPU   CPU  Command
04:23:31        0     46383   17.00    0.00    0.00    0.00   17.00     6  cartographer_no

04:23:30      UID       PID  minflt/s  majflt/s     VSZ     RSS   %MEM  Command
04:23:31        0     46383      0.00      0.00 1572932  142848   0.92  cartographer_no

04:23:31      UID       PID    %usr %system  %guest   %wait    %CPU   CPU  Command
04:23:32        0     46383   14.00    1.00    0.00    0.00   15.00     6  cartographer_no

04:23:31      UID       PID  minflt/s  majflt/s     VSZ     RSS   %MEM  Command
04:23:32        0     46383      0.00      0.00 1572932  142848   0.92  cartographer_no

04:23:32      UID       PID    %usr %system  %guest   %wait    %CPU   CPU  Command
04:23:33        0     46383   15.00    0.00    0.00    0.00   15.00     4  cartographer_no

04:23:32      UID       PID  minflt/s  majflt/s     VSZ     RSS   %MEM  Command
04:23:33        0     46383      0.00      0.00 1572932  142848   0.92  cartographer_no

04:23:33      UID       PID    %usr %system  %guest   %wait    %CPU   CPU  Command
04:23:34        0     46383   15.00    1.00    0.00    0.00   16.00     2  cartographer_no

04:23:33      UID       PID  minflt/s  majflt/s     VSZ     RSS   %MEM  Command
04:23:34        0     46383      0.00      0.00 1572932  142848   0.92  cartographer_no

04:23:34      UID       PID    %usr %system  %guest   %wait    %CPU   CPU  Command
04:23:35        0     46383   15.00    0.00    0.00    0.00   15.00     2  cartographer_no

04:23:34      UID       PID  minflt/s  majflt/s     VSZ     RSS   %MEM  Command
04:23:35        0     46383      0.00      0.00 1572932  142848   0.92  cartographer_no

04:23:35      UID       PID    %usr %system  %guest   %wait    %CPU   CPU  Command
04:23:36        0     46383   15.00    1.00    0.00    0.00   16.00     4  cartographer_no

04:23:35      UID       PID  minflt/s  majflt/s     VSZ     RSS   %MEM  Command
04:23:36        0     46383      0.00      0.00 1572932  142848   0.92  cartographer_no

04:23:36      UID       PID    %usr %system  %guest   %wait    %CPU   CPU  Command
04:23:37        0     46383   15.00    1.00    0.00    0.00   16.00     0  cartographer_no

04:23:36      UID       PID  minflt/s  majflt/s     VSZ     RSS   %MEM  Command
04:23:37        0     46383      0.00      0.00 1572932  142848   0.92  cartographer_no

04:23:37      UID       PID    %usr %system  %guest   %wait    %CPU   CPU  Command
04:23:38        0     46383   15.00    1.00    0.00    0.00   16.00     6  cartographer_no

04:23:37      UID       PID  minflt/s  majflt/s     VSZ     RSS   %MEM  Command
04:23:38        0     46383      0.00      0.00 1572932  142848   0.92  cartographer_no

04:23:38      UID       PID    %usr %system  %guest   %wait    %CPU   CPU  Command
04:23:39        0     46383   15.00    1.00    0.00    0.00   16.00     3  cartographer_no

04:23:38      UID       PID  minflt/s  majflt/s     VSZ     RSS   %MEM  Command
04:23:39        0     46383      0.00      0.00 1572932  142848   0.92  cartographer_no

04:23:39      UID       PID    %usr %system  %guest   %wait    %CPU   CPU  Command
04:23:40        0     46383   15.00    0.00    0.00    0.00   15.00     3  cartographer_no

04:23:39      UID       PID  minflt/s  majflt/s     VSZ     RSS   %MEM  Command
04:23:40        0     46383      0.00      0.00 1572932  142848   0.92  cartographer_no

04:23:40      UID       PID    %usr %system  %guest   %wait    %CPU   CPU  Command
04:23:41        0     46383   15.00    1.00    0.00    0.00   16.00     6  cartographer_no

04:23:40      UID       PID  minflt/s  majflt/s     VSZ     RSS   %MEM  Command
04:23:41        0     46383      0.00      0.00 1572932  142848   0.92  cartographer_no

04:23:41      UID       PID    %usr %system  %guest   %wait    %CPU   CPU  Command
04:23:42        0     46383   16.00    0.00    0.00    0.00   16.00     6  cartographer_no

04:23:41      UID       PID  minflt/s  majflt/s     VSZ     RSS   %MEM  Command
04:23:42        0     46383      0.00      0.00 1572932  142848   0.92  cartographer_no

04:23:42      UID       PID    %usr %system  %guest   %wait    %CPU   CPU  Command
04:23:43        0     46383   14.00    1.00    0.00    0.00   15.00    10  cartographer_no

04:23:42      UID       PID  minflt/s  majflt/s     VSZ     RSS   %MEM  Command
04:23:43        0     46383      0.00      0.00 1572932  142848   0.92  cartographer_no

04:23:43      UID       PID    %usr %system  %guest   %wait    %CPU   CPU  Command
04:23:44        0     46383   16.00    0.00    0.00    0.00   16.00     2  cartographer_no

04:23:43      UID       PID  minflt/s  majflt/s     VSZ     RSS   %MEM  Command
04:23:44        0     46383      0.00      0.00 1572932  142848   0.92  cartographer_no

04:23:44      UID       PID    %usr %system  %guest   %wait    %CPU   CPU  Command
04:23:45        0     46383   14.00    1.00    0.00    0.00   15.00     6  cartographer_no

04:23:44      UID       PID  minflt/s  majflt/s     VSZ     RSS   %MEM  Command
04:23:45        0     46383      0.00      0.00 1572932  142848   0.92  cartographer_no

04:23:45      UID       PID    %usr %system  %guest   %wait    %CPU   CPU  Command
04:23:46        0     46383   13.00    0.00    0.00    0.00   13.00     3  cartographer_no

04:23:45      UID       PID  minflt/s  majflt/s     VSZ     RSS   %MEM  Command
04:23:46        0     46383      0.00      0.00 1572932  142848   0.92  cartographer_no

04:23:46      UID       PID    %usr %system  %guest   %wait    %CPU   CPU  Command
04:23:47        0     46383   13.00    1.00    0.00    0.00   14.00     6  cartographer_no

04:23:46      UID       PID  minflt/s  majflt/s     VSZ     RSS   %MEM  Command
04:23:47        0     46383      0.00      0.00 1572932  142848   0.92  cartographer_no

04:23:47      UID       PID    %usr %system  %guest   %wait    %CPU   CPU  Command
04:23:48        0     46383   14.00    1.00    0.00    0.00   15.00     2  cartographer_no

04:23:47      UID       PID  minflt/s  majflt/s     VSZ     RSS   %MEM  Command
04:23:48        0     46383      0.00      0.00 1572932  142848   0.92  cartographer_no

04:23:48      UID       PID    %usr %system  %guest   %wait    %CPU   CPU  Command
04:23:49        0     46383   15.00    1.00    0.00    0.00   16.00     6  cartographer_no

04:23:48      UID       PID  minflt/s  majflt/s     VSZ     RSS   %MEM  Command
04:23:49        0     46383      0.00      0.00 1572932  142848   0.92  cartographer_no

04:23:49      UID       PID    %usr %system  %guest   %wait    %CPU   CPU  Command
04:23:50        0     46383   15.00    1.00    0.00    0.00   16.00     6  cartographer_no

04:23:49      UID       PID  minflt/s  majflt/s     VSZ     RSS   %MEM  Command
04:23:50        0     46383      0.00      0.00 1572932  142848   0.92  cartographer_no

04:23:50      UID       PID    %usr %system  %guest   %wait    %CPU   CPU  Command
04:23:51        0     46383   14.00    1.00    0.00    0.00   15.00     2  cartographer_no

04:23:50      UID       PID  minflt/s  majflt/s     VSZ     RSS   %MEM  Command
04:23:51        0     46383      0.00      0.00 1572932  142848   0.92  cartographer_no

04:23:51      UID       PID    %usr %system  %guest   %wait    %CPU   CPU  Command
04:23:52        0     46383   15.00    0.00    0.00    0.00   15.00     3  cartographer_no

04:23:51      UID       PID  minflt/s  majflt/s     VSZ     RSS   %MEM  Command
04:23:52        0     46383      0.00      0.00 1572932  142848   0.92  cartographer_no

04:23:52      UID       PID    %usr %system  %guest   %wait    %CPU   CPU  Command
04:23:53        0     46383  106.00    1.00    0.00    0.00  107.00     8  cartographer_no

04:23:52      UID       PID  minflt/s  majflt/s     VSZ     RSS   %MEM  Command
04:23:53        0     46383    250.00      0.00 1573932  143872   0.92  cartographer_no

04:23:53      UID       PID    %usr %system  %guest   %wait    %CPU   CPU  Command
04:23:54        0     46383   15.00    1.00    0.00    0.00   16.00     8  cartographer_no

04:23:53      UID       PID  minflt/s  majflt/s     VSZ     RSS   %MEM  Command
04:23:54        0     46383      0.00      0.00 1573932  143872   0.92  cartographer_no

04:23:54      UID       PID    %usr %system  %guest   %wait    %CPU   CPU  Command
04:23:55        0     46383   17.00    1.00    0.00    0.00   18.00     6  cartographer_no

04:23:54      UID       PID  minflt/s  majflt/s     VSZ     RSS   %MEM  Command
04:23:55        0     46383      0.00      0.00 1573932  143872   0.92  cartographer_no

04:23:55      UID       PID    %usr %system  %guest   %wait    %CPU   CPU  Command
04:23:56        0     46383   14.00    1.00    0.00    1.00   15.00     8  cartographer_no

04:23:55      UID       PID  minflt/s  majflt/s     VSZ     RSS   %MEM  Command
04:23:56        0     46383      0.00      0.00 1573932  143872   0.92  cartographer_no

04:23:56      UID       PID    %usr %system  %guest   %wait    %CPU   CPU  Command
04:23:57        0     46383   13.00    2.00    0.00    0.00   15.00     3  cartographer_no

04:23:56      UID       PID  minflt/s  majflt/s     VSZ     RSS   %MEM  Command
04:23:57        0     46383      0.00      0.00 1573932  143872   0.92  cartographer_no

04:23:57      UID       PID    %usr %system  %guest   %wait    %CPU   CPU  Command
04:23:58        0     46383   16.00    2.00    0.00    0.00   18.00     2  cartographer_no

04:23:57      UID       PID  minflt/s  majflt/s     VSZ     RSS   %MEM  Command
04:23:58        0     46383      0.00      0.00 1573932  143872   0.92  cartographer_no

04:23:58      UID       PID    %usr %system  %guest   %wait    %CPU   CPU  Command
04:23:59        0     46383   13.00    2.00    0.00    0.00   15.00     2  cartographer_no

04:23:58      UID       PID  minflt/s  majflt/s     VSZ     RSS   %MEM  Command
04:23:59        0     46383      0.00      0.00 1573932  143872   0.92  cartographer_no

04:23:59      UID       PID    %usr %system  %guest   %wait    %CPU   CPU  Command
04:24:00        0     46383   15.00    1.00    0.00    0.00   16.00     4  cartographer_no

04:23:59      UID       PID  minflt/s  majflt/s     VSZ     RSS   %MEM  Command
04:24:00        0     46383      0.00      0.00 1573932  143872   0.92  cartographer_no

04:24:00      UID       PID    %usr %system  %guest   %wait    %CPU   CPU  Command
04:24:01        0     46383   16.00    0.00    0.00    0.00   16.00     2  cartographer_no

04:24:00      UID       PID  minflt/s  majflt/s     VSZ     RSS   %MEM  Command
04:24:01        0     46383      0.00      0.00 1573932  143872   0.92  cartographer_no

04:24:01      UID       PID    %usr %system  %guest   %wait    %CPU   CPU  Command
04:24:02        0     46383   15.00    0.00    0.00    0.00   15.00     3  cartographer_no

04:24:01      UID       PID  minflt/s  majflt/s     VSZ     RSS   %MEM  Command
04:24:02        0     46383      0.00      0.00 1573932  143872   0.92  cartographer_no

04:24:02      UID       PID    %usr %system  %guest   %wait    %CPU   CPU  Command
04:24:03        0     46383   24.00    2.00    0.00    0.00   26.00     8  cartographer_no

04:24:02      UID       PID  minflt/s  majflt/s     VSZ     RSS   %MEM  Command
04:24:03        0     46383   1686.00      0.00 1573932  150528   0.97  cartographer_no

04:24:03      UID       PID    %usr %system  %guest   %wait    %CPU   CPU  Command
04:24:04        0     46383   17.00    0.00    0.00    0.00   17.00     2  cartographer_no

04:24:03      UID       PID  minflt/s  majflt/s     VSZ     RSS   %MEM  Command
04:24:04        0     46383      0.00      0.00 1573932  150528   0.97  cartographer_no

04:24:04      UID       PID    %usr %system  %guest   %wait    %CPU   CPU  Command
04:24:05        0     46383   17.00    0.00    0.00    0.00   17.00     7  cartographer_no

04:24:04      UID       PID  minflt/s  majflt/s     VSZ     RSS   %MEM  Command
04:24:05        0     46383      0.00      0.00 1573932  150528   0.97  cartographer_no

04:24:05      UID       PID    %usr %system  %guest   %wait    %CPU   CPU  Command
04:24:06        0     46383   16.00    0.00    0.00    0.00   16.00     8  cartographer_no

04:24:05      UID       PID  minflt/s  majflt/s     VSZ     RSS   %MEM  Command
04:24:06        0     46383      0.00      0.00 1573932  150528   0.97  cartographer_no

04:24:06      UID       PID    %usr %system  %guest   %wait    %CPU   CPU  Command
04:24:07        0     46383   18.00    1.00    0.00    0.00   19.00     6  cartographer_no

04:24:06      UID       PID  minflt/s  majflt/s     VSZ     RSS   %MEM  Command
04:24:07        0     46383      0.00      0.00 1573932  150528   0.97  cartographer_no

04:24:07      UID       PID    %usr %system  %guest   %wait    %CPU   CPU  Command
04:24:08        0     46383   15.00    0.00    0.00    0.00   15.00     3  cartographer_no

04:24:07      UID       PID  minflt/s  majflt/s     VSZ     RSS   %MEM  Command
04:24:08        0     46383      0.00      0.00 1573932  150528   0.97  cartographer_no

04:24:08      UID       PID    %usr %system  %guest   %wait    %CPU   CPU  Command
04:24:09        0     46383   15.00    1.00    0.00    0.00   16.00     3  cartographer_no

04:24:08      UID       PID  minflt/s  majflt/s     VSZ     RSS   %MEM  Command
04:24:09        0     46383      0.00      0.00 1573932  150528   0.97  cartographer_no

04:24:09      UID       PID    %usr %system  %guest   %wait    %CPU   CPU  Command
04:24:10        0     46383   14.00    0.00    0.00    0.00   14.00     3  cartographer_no

04:24:09      UID       PID  minflt/s  majflt/s     VSZ     RSS   %MEM  Command
04:24:10        0     46383      0.00      0.00 1573932  150528   0.97  cartographer_no

04:24:10      UID       PID    %usr %system  %guest   %wait    %CPU   CPU  Command
04:24:11        0     46383   12.87    0.00    0.00    0.00   12.87     6  cartographer_no

04:24:10      UID       PID  minflt/s  majflt/s     VSZ     RSS   %MEM  Command
04:24:11        0     46383      0.00      0.00 1573932  150528   0.97  cartographer_no

04:24:11      UID       PID    %usr %system  %guest   %wait    %CPU   CPU  Command
04:24:12        0     46383   18.00    1.00    0.00    0.00   19.00     2  cartographer_no

04:24:11      UID       PID  minflt/s  majflt/s     VSZ     RSS   %MEM  Command
04:24:12        0     46383      0.00      0.00 1573932  150528   0.97  cartographer_no

04:24:12      UID       PID    %usr %system  %guest   %wait    %CPU   CPU  Command
04:24:13        0     46383   17.00    0.00    0.00    0.00   17.00     7  cartographer_no

04:24:12      UID       PID  minflt/s  majflt/s     VSZ     RSS   %MEM  Command
04:24:13        0     46383      0.00      0.00 1573932  150528   0.97  cartographer_no

04:24:13      UID       PID    %usr %system  %guest   %wait    %CPU   CPU  Command
04:24:14        0     46383   15.00    1.00    0.00    0.00   16.00     8  cartographer_no

04:24:13      UID       PID  minflt/s  majflt/s     VSZ     RSS   %MEM  Command
04:24:14        0     46383      0.00      0.00 1573932  150528   0.97  cartographer_no

04:24:14      UID       PID    %usr %system  %guest   %wait    %CPU   CPU  Command
04:24:15        0     46383   17.00    0.00    0.00    0.00   17.00     6  cartographer_no

04:24:14      UID       PID  minflt/s  majflt/s     VSZ     RSS   %MEM  Command
04:24:15        0     46383      0.00      0.00 1573932  150528   0.97  cartographer_no

04:24:15      UID       PID    %usr %system  %guest   %wait    %CPU   CPU  Command
04:24:16        0     46383   18.00    0.00    0.00    0.00   18.00     6  cartographer_no

04:24:15      UID       PID  minflt/s  majflt/s     VSZ     RSS   %MEM  Command
04:24:16        0     46383      0.00      0.00 1573932  150528   0.97  cartographer_no

04:24:16      UID       PID    %usr %system  %guest   %wait    %CPU   CPU  Command
04:24:17        0     46383   19.00    0.00    0.00    0.00   19.00     8  cartographer_no

04:24:16      UID       PID  minflt/s  majflt/s     VSZ     RSS   %MEM  Command
04:24:17        0     46383      0.00      0.00 1573932  150528   0.97  cartographer_no

04:24:17      UID       PID    %usr %system  %guest   %wait    %CPU   CPU  Command
04:24:18        0     46383   16.00    0.00    0.00    0.00   16.00     2  cartographer_no

04:24:17      UID       PID  minflt/s  majflt/s     VSZ     RSS   %MEM  Command
04:24:18        0     46383      0.00      0.00 1573932  150528   0.97  cartographer_no

04:24:18      UID       PID    %usr %system  %guest   %wait    %CPU   CPU  Command
04:24:19        0     46383   17.00    0.00    0.00    0.00   17.00     2  cartographer_no

04:24:18      UID       PID  minflt/s  majflt/s     VSZ     RSS   %MEM  Command
04:24:19        0     46383      0.00      0.00 1573932  150528   0.97  cartographer_no

04:24:19      UID       PID    %usr %system  %guest   %wait    %CPU   CPU  Command
04:24:20        0     46383   16.00    0.00    0.00    0.00   16.00     6  cartographer_no

04:24:19      UID       PID  minflt/s  majflt/s     VSZ     RSS   %MEM  Command
04:24:20        0     46383      0.00      0.00 1573932  150528   0.97  cartographer_no

04:24:20      UID       PID    %usr %system  %guest   %wait    %CPU   CPU  Command
04:24:21        0     46383   16.00    0.00    0.00    0.00   16.00     7  cartographer_no

04:24:20      UID       PID  minflt/s  majflt/s     VSZ     RSS   %MEM  Command
04:24:21        0     46383      0.00      0.00 1573932  150528   0.97  cartographer_no

04:24:21      UID       PID    %usr %system  %guest   %wait    %CPU   CPU  Command
04:24:22        0     46383   15.00    0.00    0.00    0.00   15.00     7  cartographer_no

04:24:21      UID       PID  minflt/s  majflt/s     VSZ     RSS   %MEM  Command
04:24:22        0     46383      0.00      0.00 1573932  150528   0.97  cartographer_no

04:24:22      UID       PID    %usr %system  %guest   %wait    %CPU   CPU  Command
04:24:23        0     46383   15.00    0.00    0.00    0.00   15.00     6  cartographer_no

04:24:22      UID       PID  minflt/s  majflt/s     VSZ     RSS   %MEM  Command
04:24:23        0     46383      0.00      0.00 1573932  150528   0.97  cartographer_no

04:24:23      UID       PID    %usr %system  %guest   %wait    %CPU   CPU  Command
04:24:24        0     46383   16.00    0.00    0.00    0.00   16.00     6  cartographer_no

04:24:23      UID       PID  minflt/s  majflt/s     VSZ     RSS   %MEM  Command
04:24:24        0     46383      0.00      0.00 1573932  150528   0.97  cartographer_no

04:24:24      UID       PID    %usr %system  %guest   %wait    %CPU   CPU  Command
04:24:25        0     46383   15.00    0.00    0.00    0.00   15.00     0  cartographer_no

04:24:24      UID       PID  minflt/s  majflt/s     VSZ     RSS   %MEM  Command
04:24:25        0     46383      0.00      0.00 1573932  150528   0.97  cartographer_no

04:24:25      UID       PID    %usr %system  %guest   %wait    %CPU   CPU  Command
04:24:26        0     46383   17.00    0.00    0.00    0.00   17.00     8  cartographer_no

04:24:25      UID       PID  minflt/s  majflt/s     VSZ     RSS   %MEM  Command
04:24:26        0     46383      0.00      0.00 1573932  150528   0.97  cartographer_no

04:24:26      UID       PID    %usr %system  %guest   %wait    %CPU   CPU  Command
04:24:27        0     46383   17.00    0.00    0.00    0.00   17.00     0  cartographer_no

04:24:26      UID       PID  minflt/s  majflt/s     VSZ     RSS   %MEM  Command
04:24:27        0     46383      0.00      0.00 1573932  150528   0.97  cartographer_no

04:24:27      UID       PID    %usr %system  %guest   %wait    %CPU   CPU  Command
04:24:28        0     46383   14.00    1.00    0.00    0.00   15.00     8  cartographer_no

04:24:27      UID       PID  minflt/s  majflt/s     VSZ     RSS   %MEM  Command
04:24:28        0     46383      0.00      0.00 1573932  150528   0.97  cartographer_no

04:24:28      UID       PID    %usr %system  %guest   %wait    %CPU   CPU  Command
04:24:29        0     46383   14.00    1.00    0.00    0.00   15.00     6  cartographer_no

04:24:28      UID       PID  minflt/s  majflt/s     VSZ     RSS   %MEM  Command
04:24:29        0     46383      0.00      0.00 1573932  150528   0.97  cartographer_no

04:24:29      UID       PID    %usr %system  %guest   %wait    %CPU   CPU  Command
04:24:30        0     46383   16.00    0.00    0.00    0.00   16.00     6  cartographer_no

04:24:29      UID       PID  minflt/s  majflt/s     VSZ     RSS   %MEM  Command
04:24:30        0     46383      0.00      0.00 1573932  150528   0.97  cartographer_no

04:24:30      UID       PID    %usr %system  %guest   %wait    %CPU   CPU  Command
04:24:31        0     46383   16.00    1.00    0.00    0.00   17.00     6  cartographer_no

04:24:30      UID       PID  minflt/s  majflt/s     VSZ     RSS   %MEM  Command
04:24:31        0     46383      0.00      0.00 1573932  150528   0.97  cartographer_no

04:24:31      UID       PID    %usr %system  %guest   %wait    %CPU   CPU  Command
04:24:32        0     46383  128.00    0.00    0.00    0.00  128.00     6  cartographer_no

04:24:31      UID       PID  minflt/s  majflt/s     VSZ     RSS   %MEM  Command
04:24:32        0     46383      0.00      0.00 1573932  150528   0.97  cartographer_no

04:24:32      UID       PID    %usr %system  %guest   %wait    %CPU   CPU  Command
04:24:33        0     46383   13.00    0.00    0.00    0.00   13.00     6  cartographer_no

04:24:32      UID       PID  minflt/s  majflt/s     VSZ     RSS   %MEM  Command
04:24:33        0     46383      0.00      0.00 1573932  150528   0.97  cartographer_no

04:24:33      UID       PID    %usr %system  %guest   %wait    %CPU   CPU  Command
04:24:34        0     46383   12.00    0.00    0.00    1.00   12.00     8  cartographer_no

04:24:33      UID       PID  minflt/s  majflt/s     VSZ     RSS   %MEM  Command
04:24:34        0     46383      0.00      0.00 1573932  150528   0.97  cartographer_no

04:24:34      UID       PID    %usr %system  %guest   %wait    %CPU   CPU  Command
04:24:35        0     46383   12.00    0.00    0.00    0.00   12.00     2  cartographer_no

04:24:34      UID       PID  minflt/s  majflt/s     VSZ     RSS   %MEM  Command
04:24:35        0     46383      0.00      0.00 1573932  150528   0.97  cartographer_no

04:24:35      UID       PID    %usr %system  %guest   %wait    %CPU   CPU  Command
04:24:36        0     46383   13.00    0.00    0.00    0.00   13.00     4  cartographer_no

04:24:35      UID       PID  minflt/s  majflt/s     VSZ     RSS   %MEM  Command
04:24:36        0     46383      0.00      0.00 1573932  150528   0.97  cartographer_no

04:24:36      UID       PID    %usr %system  %guest   %wait    %CPU   CPU  Command
04:24:37        0     46383   15.00    1.00    0.00    0.00   16.00    14  cartographer_no

04:24:36      UID       PID  minflt/s  majflt/s     VSZ     RSS   %MEM  Command
04:24:37        0     46383      0.00      0.00 1573932  150528   0.97  cartographer_no

04:24:37      UID       PID    %usr %system  %guest   %wait    %CPU   CPU  Command
04:24:38        0     46383   16.00    0.00    0.00    0.00   16.00     7  cartographer_no

04:24:37      UID       PID  minflt/s  majflt/s     VSZ     RSS   %MEM  Command
04:24:38        0     46383      0.00      0.00 1573932  150528   0.97  cartographer_no

04:24:38      UID       PID    %usr %system  %guest   %wait    %CPU   CPU  Command
04:24:39        0     46383   15.00    0.00    0.00    0.00   15.00     2  cartographer_no

04:24:38      UID       PID  minflt/s  majflt/s     VSZ     RSS   %MEM  Command
04:24:39        0     46383      0.00      0.00 1573932  150528   0.97  cartographer_no

04:24:39      UID       PID    %usr %system  %guest   %wait    %CPU   CPU  Command
04:24:40        0     46383   16.00    1.00    0.00    0.00   17.00     6  cartographer_no

04:24:39      UID       PID  minflt/s  majflt/s     VSZ     RSS   %MEM  Command
04:24:40        0     46383      0.00      0.00 1573932  150528   0.97  cartographer_no

04:24:40      UID       PID    %usr %system  %guest   %wait    %CPU   CPU  Command
04:24:41        0     46383   12.00    0.00    0.00    0.00   12.00     2  cartographer_no

04:24:40      UID       PID  minflt/s  majflt/s     VSZ     RSS   %MEM  Command
04:24:41        0     46383      0.00      0.00 1573932  150528   0.97  cartographer_no

04:24:41      UID       PID    %usr %system  %guest   %wait    %CPU   CPU  Command
04:24:42        0     46383   11.00    1.00    0.00    0.00   12.00     2  cartographer_no

04:24:41      UID       PID  minflt/s  majflt/s     VSZ     RSS   %MEM  Command
04:24:42        0     46383      0.00      0.00 1573932  150528   0.97  cartographer_no

04:24:42      UID       PID    %usr %system  %guest   %wait    %CPU   CPU  Command
04:24:43        0     46383   15.00    1.00    0.00    0.00   16.00     4  cartographer_no

04:24:42      UID       PID  minflt/s  majflt/s     VSZ     RSS   %MEM  Command
04:24:43        0     46383      0.00      0.00 1573932  150528   0.97  cartographer_no

04:24:43      UID       PID    %usr %system  %guest   %wait    %CPU   CPU  Command
04:24:44        0     46383   17.00    1.00    0.00    0.00   18.00     6  cartographer_no

04:24:43      UID       PID  minflt/s  majflt/s     VSZ     RSS   %MEM  Command
04:24:44        0     46383      0.00      0.00 1573932  150528   0.97  cartographer_no

04:24:44      UID       PID    %usr %system  %guest   %wait    %CPU   CPU  Command
04:24:45        0     46383   15.00    1.00    0.00    0.00   16.00     7  cartographer_no

04:24:44      UID       PID  minflt/s  majflt/s     VSZ     RSS   %MEM  Command
04:24:45        0     46383      0.00      0.00 1573932  150528   0.97  cartographer_no

04:24:45      UID       PID    %usr %system  %guest   %wait    %CPU   CPU  Command
04:24:46        0     46383   15.00    0.00    0.00    0.00   15.00     6  cartographer_no

04:24:45      UID       PID  minflt/s  majflt/s     VSZ     RSS   %MEM  Command
04:24:46        0     46383      0.00      0.00 1573932  150528   0.97  cartographer_no

04:24:46      UID       PID    %usr %system  %guest   %wait    %CPU   CPU  Command
04:24:47        0     46383   15.00    1.00    0.00    0.00   16.00     7  cartographer_no

04:24:46      UID       PID  minflt/s  majflt/s     VSZ     RSS   %MEM  Command
04:24:47        0     46383      0.00      0.00 1573932  150528   0.97  cartographer_no

04:24:47      UID       PID    %usr %system  %guest   %wait    %CPU   CPU  Command
04:24:48        0     46383   12.00    1.00    0.00    0.00   13.00     7  cartographer_no

04:24:47      UID       PID  minflt/s  majflt/s     VSZ     RSS   %MEM  Command
04:24:48        0     46383      0.00      0.00 1573932  150528   0.97  cartographer_no

04:24:48      UID       PID    %usr %system  %guest   %wait    %CPU   CPU  Command
04:24:49        0     46383   15.00    1.00    0.00    0.00   16.00     8  cartographer_no

04:24:48      UID       PID  minflt/s  majflt/s     VSZ     RSS   %MEM  Command
04:24:49        0     46383      0.00      0.00 1573932  150528   0.97  cartographer_no

04:24:49      UID       PID    %usr %system  %guest   %wait    %CPU   CPU  Command
04:24:50        0     46383   14.00    0.00    0.00    0.00   14.00    12  cartographer_no

04:24:49      UID       PID  minflt/s  majflt/s     VSZ     RSS   %MEM  Command
04:24:50        0     46383      0.00      0.00 1573932  150528   0.97  cartographer_no

04:24:50      UID       PID    %usr %system  %guest   %wait    %CPU   CPU  Command
04:24:51        0     46383   23.00    1.00    0.00    0.00   24.00    10  cartographer_no

04:24:50      UID       PID  minflt/s  majflt/s     VSZ     RSS   %MEM  Command
04:24:51        0     46383    326.00      0.00 1573932  151680   0.97  cartographer_no

04:24:51      UID       PID    %usr %system  %guest   %wait    %CPU   CPU  Command
04:24:52        0     46383   14.00    0.00    0.00    0.00   14.00     2  cartographer_no

04:24:51      UID       PID  minflt/s  majflt/s     VSZ     RSS   %MEM  Command
04:24:52        0     46383      0.00      0.00 1573932  151680   0.97  cartographer_no

04:24:52      UID       PID    %usr %system  %guest   %wait    %CPU   CPU  Command
04:24:53        0     46383   17.00    1.00    0.00    0.00   18.00     6  cartographer_no

04:24:52      UID       PID  minflt/s  majflt/s     VSZ     RSS   %MEM  Command
04:24:53        0     46383      0.00      0.00 1573932  151680   0.97  cartographer_no

04:24:53      UID       PID    %usr %system  %guest   %wait    %CPU   CPU  Command
04:24:54        0     46383   14.00    0.00    0.00    0.00   14.00     6  cartographer_no

04:24:53      UID       PID  minflt/s  majflt/s     VSZ     RSS   %MEM  Command
04:24:54        0     46383      0.00      0.00 1573932  151680   0.97  cartographer_no

04:24:54      UID       PID    %usr %system  %guest   %wait    %CPU   CPU  Command
04:24:55        0     46383   15.00    0.00    0.00    0.00   15.00    12  cartographer_no

04:24:54      UID       PID  minflt/s  majflt/s     VSZ     RSS   %MEM  Command
04:24:55        0     46383      0.00      0.00 1573932  151680   0.97  cartographer_no

04:24:55      UID       PID    %usr %system  %guest   %wait    %CPU   CPU  Command
04:24:56        0     46383   14.00    1.00    0.00    0.00   15.00    14  cartographer_no

04:24:55      UID       PID  minflt/s  majflt/s     VSZ     RSS   %MEM  Command
04:24:56        0     46383      0.00      0.00 1573932  151680   0.97  cartographer_no

04:24:56      UID       PID    %usr %system  %guest   %wait    %CPU   CPU  Command
04:24:57        0     46383   16.00    1.00    0.00    1.00   17.00     6  cartographer_no

04:24:56      UID       PID  minflt/s  majflt/s     VSZ     RSS   %MEM  Command
04:24:57        0     46383      0.00      0.00 1573932  151680   0.97  cartographer_no

04:24:57      UID       PID    %usr %system  %guest   %wait    %CPU   CPU  Command
04:24:58        0     46383   14.00    0.00    0.00    0.00   14.00     6  cartographer_no

04:24:57      UID       PID  minflt/s  majflt/s     VSZ     RSS   %MEM  Command
04:24:58        0     46383      0.00      0.00 1573932  151680   0.97  cartographer_no

04:24:58      UID       PID    %usr %system  %guest   %wait    %CPU   CPU  Command
04:24:59        0     46383   15.00    1.00    0.00    0.00   16.00     2  cartographer_no

04:24:58      UID       PID  minflt/s  majflt/s     VSZ     RSS   %MEM  Command
04:24:59        0     46383      0.00      0.00 1573932  151680   0.97  cartographer_no

04:24:59      UID       PID    %usr %system  %guest   %wait    %CPU   CPU  Command
04:25:00        0     46383   15.00    0.00    0.00    0.00   15.00     8  cartographer_no

04:24:59      UID       PID  minflt/s  majflt/s     VSZ     RSS   %MEM  Command
04:25:00        0     46383      0.00      0.00 1573932  151680   0.97  cartographer_no

04:25:00      UID       PID    %usr %system  %guest   %wait    %CPU   CPU  Command
04:25:01        0     46383   13.00    1.00    0.00    0.00   14.00    12  cartographer_no

04:25:00      UID       PID  minflt/s  majflt/s     VSZ     RSS   %MEM  Command
04:25:01        0     46383      0.00      0.00 1573932  151680   0.97  cartographer_no

04:25:01      UID       PID    %usr %system  %guest   %wait    %CPU   CPU  Command
04:25:02        0     46383   13.00    0.00    0.00    0.00   13.00     8  cartographer_no

04:25:01      UID       PID  minflt/s  majflt/s     VSZ     RSS   %MEM  Command
04:25:02        0     46383      0.00      0.00 1573932  151680   0.97  cartographer_no

04:25:02      UID       PID    %usr %system  %guest   %wait    %CPU   CPU  Command
04:25:03        0     46383   12.00    1.00    0.00    0.00   13.00     8  cartographer_no

04:25:02      UID       PID  minflt/s  majflt/s     VSZ     RSS   %MEM  Command
04:25:03        0     46383      0.00      0.00 1573932  151680   0.97  cartographer_no

04:25:03      UID       PID    %usr %system  %guest   %wait    %CPU   CPU  Command
04:25:04        0     46383    9.00    0.00    0.00    0.00    9.00     8  cartographer_no

04:25:03      UID       PID  minflt/s  majflt/s     VSZ     RSS   %MEM  Command
04:25:04        0     46383      0.00      0.00 1573932  151680   0.97  cartographer_no

04:25:04      UID       PID    %usr %system  %guest   %wait    %CPU   CPU  Command
04:25:05        0     46383   19.00    1.00    0.00    0.00   20.00     0  cartographer_no

04:25:04      UID       PID  minflt/s  majflt/s     VSZ     RSS   %MEM  Command
04:25:05        0     46383      0.00      0.00 1573932  151680   0.97  cartographer_no

04:25:05      UID       PID    %usr %system  %guest   %wait    %CPU   CPU  Command
04:25:06        0     46383    8.00    0.00    0.00    0.00    8.00    10  cartographer_no

04:25:05      UID       PID  minflt/s  majflt/s     VSZ     RSS   %MEM  Command
04:25:06        0     46383      0.00      0.00 1573932  151680   0.97  cartographer_no

04:25:06      UID       PID    %usr %system  %guest   %wait    %CPU   CPU  Command
04:25:07        0     46383   15.00    1.00    0.00    0.00   16.00     6  cartographer_no

04:25:06      UID       PID  minflt/s  majflt/s     VSZ     RSS   %MEM  Command
04:25:07        0     46383      0.00      0.00 1573932  151680   0.97  cartographer_no

04:25:07      UID       PID    %usr %system  %guest   %wait    %CPU   CPU  Command
04:25:08        0     46383   12.00    0.00    0.00    0.00   12.00     8  cartographer_no

04:25:07      UID       PID  minflt/s  majflt/s     VSZ     RSS   %MEM  Command
04:25:08        0     46383      0.00      0.00 1573932  151680   0.97  cartographer_no

04:25:08      UID       PID    %usr %system  %guest   %wait    %CPU   CPU  Command
04:25:09        0     46383   13.00    1.00    0.00    0.00   14.00     6  cartographer_no

04:25:08      UID       PID  minflt/s  majflt/s     VSZ     RSS   %MEM  Command
04:25:09        0     46383      0.00      0.00 1573932  151680   0.97  cartographer_no

04:25:09      UID       PID    %usr %system  %guest   %wait    %CPU   CPU  Command
04:25:10        0     46383   18.00    0.00    0.00    0.00   18.00    14  cartographer_no

04:25:09      UID       PID  minflt/s  majflt/s     VSZ     RSS   %MEM  Command
04:25:10        0     46383      0.00      0.00 1573932  151680   0.97  cartographer_no

04:25:10      UID       PID    %usr %system  %guest   %wait    %CPU   CPU  Command
04:25:11        0     46383    8.00    1.00    0.00    0.00    9.00     7  cartographer_no

04:25:10      UID       PID  minflt/s  majflt/s     VSZ     RSS   %MEM  Command
04:25:11        0     46383      0.00      0.00 1573932  151680   0.97  cartographer_no

04:25:11      UID       PID    %usr %system  %guest   %wait    %CPU   CPU  Command
04:25:12        0     46383   13.00    0.00    0.00    0.00   13.00     6  cartographer_no

04:25:11      UID       PID  minflt/s  majflt/s     VSZ     RSS   %MEM  Command
04:25:12        0     46383      0.00      0.00 1573932  151680   0.97  cartographer_no

04:25:12      UID       PID    %usr %system  %guest   %wait    %CPU   CPU  Command
04:25:13        0     46383   10.00    0.00    0.00    0.00   10.00     4  cartographer_no

04:25:12      UID       PID  minflt/s  majflt/s     VSZ     RSS   %MEM  Command
04:25:13        0     46383      0.00      0.00 1573932  151680   0.97  cartographer_no

04:25:13      UID       PID    %usr %system  %guest   %wait    %CPU   CPU  Command
04:25:14        0     46383   16.00    1.00    0.00    0.00   17.00     7  cartographer_no

04:25:13      UID       PID  minflt/s  majflt/s     VSZ     RSS   %MEM  Command
04:25:14        0     46383      0.00      0.00 1573932  151680   0.97  cartographer_no

04:25:14      UID       PID    %usr %system  %guest   %wait    %CPU   CPU  Command
04:25:15        0     46383   14.00    0.00    0.00    0.00   14.00     2  cartographer_no

04:25:14      UID       PID  minflt/s  majflt/s     VSZ     RSS   %MEM  Command
04:25:15        0     46383      0.00      0.00 1573932  151680   0.97  cartographer_no

04:25:15      UID       PID    %usr %system  %guest   %wait    %CPU   CPU  Command
04:25:16        0     46383   14.00    0.00    0.00    0.00   14.00     0  cartographer_no

04:25:15      UID       PID  minflt/s  majflt/s     VSZ     RSS   %MEM  Command
04:25:16        0     46383      0.00      0.00 1573932  151680   0.97  cartographer_no

04:25:16      UID       PID    %usr %system  %guest   %wait    %CPU   CPU  Command
04:25:17        0     46383   13.00    1.00    0.00    0.00   14.00     6  cartographer_no

04:25:16      UID       PID  minflt/s  majflt/s     VSZ     RSS   %MEM  Command
04:25:17        0     46383      0.00      0.00 1573932  151680   0.97  cartographer_no

04:25:17      UID       PID    %usr %system  %guest   %wait    %CPU   CPU  Command
04:25:18        0     46383   12.00    0.00    0.00    0.00   12.00     9  cartographer_no

04:25:17      UID       PID  minflt/s  majflt/s     VSZ     RSS   %MEM  Command
04:25:18        0     46383      0.00      0.00 1573932  151680   0.97  cartographer_no

04:25:18      UID       PID    %usr %system  %guest   %wait    %CPU   CPU  Command
04:25:19        0     46383   17.00    0.00    0.00    0.00   17.00     0  cartographer_no

04:25:18      UID       PID  minflt/s  majflt/s     VSZ     RSS   %MEM  Command
04:25:19        0     46383      0.00      0.00 1573932  151680   0.97  cartographer_no

04:25:19      UID       PID    %usr %system  %guest   %wait    %CPU   CPU  Command
04:25:20        0     46383   12.00    1.00    0.00    0.00   13.00     2  cartographer_no

04:25:19      UID       PID  minflt/s  majflt/s     VSZ     RSS   %MEM  Command
04:25:20        0     46383      0.00      0.00 1573932  151680   0.97  cartographer_no

04:25:20      UID       PID    %usr %system  %guest   %wait    %CPU   CPU  Command
04:25:21        0     46383    9.00    0.00    0.00    0.00    9.00     6  cartographer_no

04:25:20      UID       PID  minflt/s  majflt/s     VSZ     RSS   %MEM  Command
04:25:21        0     46383      0.00      0.00 1573932  151680   0.97  cartographer_no

04:25:21      UID       PID    %usr %system  %guest   %wait    %CPU   CPU  Command
04:25:22        0     46383   18.00    0.00    0.00    0.00   18.00     3  cartographer_no

04:25:21      UID       PID  minflt/s  majflt/s     VSZ     RSS   %MEM  Command
04:25:22        0     46383      0.00      0.00 1573932  151680   0.97  cartographer_no

04:25:22      UID       PID    %usr %system  %guest   %wait    %CPU   CPU  Command
04:25:23        0     46383    9.00    1.00    0.00    0.00   10.00     3  cartographer_no

04:25:22      UID       PID  minflt/s  majflt/s     VSZ     RSS   %MEM  Command
04:25:23        0     46383      0.00      0.00 1573932  151680   0.97  cartographer_no

04:25:23      UID       PID    %usr %system  %guest   %wait    %CPU   CPU  Command
04:25:24        0     46383   15.00    0.00    0.00    0.00   15.00     3  cartographer_no

04:25:23      UID       PID  minflt/s  majflt/s     VSZ     RSS   %MEM  Command
04:25:24        0     46383      0.00      0.00 1573932  151680   0.97  cartographer_no

04:25:24      UID       PID    %usr %system  %guest   %wait    %CPU   CPU  Command
04:25:25        0     46383   15.00    1.00    0.00    0.00   16.00     9  cartographer_no

04:25:24      UID       PID  minflt/s  majflt/s     VSZ     RSS   %MEM  Command
04:25:25        0     46383      0.00      0.00 1573932  151680   0.97  cartographer_no

04:25:25      UID       PID    %usr %system  %guest   %wait    %CPU   CPU  Command
04:25:26        0     46383   16.00    1.00    0.00    0.00   17.00     8  cartographer_no

04:25:25      UID       PID  minflt/s  majflt/s     VSZ     RSS   %MEM  Command
04:25:26        0     46383      0.00      0.00 1573932  151680   0.97  cartographer_no

04:25:26      UID       PID    %usr %system  %guest   %wait    %CPU   CPU  Command
04:25:27        0     46383   21.00    0.00    0.00    0.00   21.00     7  cartographer_no

04:25:26      UID       PID  minflt/s  majflt/s     VSZ     RSS   %MEM  Command
04:25:27        0     46383      0.00      0.00 1573932  151680   0.97  cartographer_no

04:25:27      UID       PID    %usr %system  %guest   %wait    %CPU   CPU  Command
04:25:28        0     46383   65.00    1.00    0.00    1.00   66.00    15  cartographer_no

04:25:27      UID       PID  minflt/s  majflt/s     VSZ     RSS   %MEM  Command
04:25:28        0     46383      0.00      0.00 1573932  151680   0.97  cartographer_no

04:25:28      UID       PID    %usr %system  %guest   %wait    %CPU   CPU  Command
04:25:29        0     46383   15.00    0.00    0.00    0.00   15.00     8  cartographer_no

04:25:28      UID       PID  minflt/s  majflt/s     VSZ     RSS   %MEM  Command
04:25:29        0     46383      0.00      0.00 1573932  151680   0.97  cartographer_no

04:25:29      UID       PID    %usr %system  %guest   %wait    %CPU   CPU  Command
04:25:30        0     46383   20.00    1.00    0.00    0.00   21.00     8  cartographer_no

04:25:29      UID       PID  minflt/s  majflt/s     VSZ     RSS   %MEM  Command
04:25:30        0     46383      0.00      0.00 1573932  151680   0.97  cartographer_no

04:25:30      UID       PID    %usr %system  %guest   %wait    %CPU   CPU  Command
04:25:31        0     46383   15.00    0.00    0.00    0.00   15.00     8  cartographer_no

04:25:30      UID       PID  minflt/s  majflt/s     VSZ     RSS   %MEM  Command
04:25:31        0     46383      0.00      0.00 1573932  151680   0.97  cartographer_no

04:25:31      UID       PID    %usr %system  %guest   %wait    %CPU   CPU  Command
04:25:32        0     46383   16.00    1.00    0.00    0.00   17.00     2  cartographer_no

04:25:31      UID       PID  minflt/s  majflt/s     VSZ     RSS   %MEM  Command
04:25:32        0     46383      0.00      0.00 1573932  151680   0.97  cartographer_no

04:25:32      UID       PID    %usr %system  %guest   %wait    %CPU   CPU  Command
04:25:33        0     46383   14.00    0.00    0.00    0.00   14.00     6  cartographer_no

04:25:32      UID       PID  minflt/s  majflt/s     VSZ     RSS   %MEM  Command
04:25:33        0     46383      0.00      0.00 1573932  151680   0.97  cartographer_no

04:25:33      UID       PID    %usr %system  %guest   %wait    %CPU   CPU  Command
04:25:34        0     46383   19.00    1.00    0.00    0.00   20.00     8  cartographer_no

04:25:33      UID       PID  minflt/s  majflt/s     VSZ     RSS   %MEM  Command
04:25:34        0     46383      0.00      0.00 1573932  151680   0.97  cartographer_no

04:25:34      UID       PID    %usr %system  %guest   %wait    %CPU   CPU  Command
04:25:35        0     46383   15.00    0.00    0.00    0.00   15.00     6  cartographer_no

04:25:34      UID       PID  minflt/s  majflt/s     VSZ     RSS   %MEM  Command
04:25:35        0     46383      0.00      0.00 1573932  151680   0.97  cartographer_no

04:25:35      UID       PID    %usr %system  %guest   %wait    %CPU   CPU  Command
04:25:36        0     46383   16.00    0.00    0.00    0.00   16.00     0  cartographer_no

04:25:35      UID       PID  minflt/s  majflt/s     VSZ     RSS   %MEM  Command
04:25:36        0     46383      0.00      0.00 1573932  151680   0.97  cartographer_no

04:25:36      UID       PID    %usr %system  %guest   %wait    %CPU   CPU  Command
04:25:37        0     46383   18.00    1.00    0.00    0.00   19.00     3  cartographer_no

04:25:36      UID       PID  minflt/s  majflt/s     VSZ     RSS   %MEM  Command
04:25:37        0     46383      0.00      0.00 1573932  151680   0.97  cartographer_no

04:25:37      UID       PID    %usr %system  %guest   %wait    %CPU   CPU  Command
04:25:38        0     46383   19.00    1.00    0.00    0.00   20.00     8  cartographer_no

04:25:37      UID       PID  minflt/s  majflt/s     VSZ     RSS   %MEM  Command
04:25:38        0     46383      0.00      0.00 1573932  151680   0.97  cartographer_no

04:25:38      UID       PID    %usr %system  %guest   %wait    %CPU   CPU  Command
04:25:39        0     46383   26.00    0.00    0.00    0.00   26.00    10  cartographer_no

04:25:38      UID       PID  minflt/s  majflt/s     VSZ     RSS   %MEM  Command
04:25:39        0     46383   1100.00      0.00 1573932  155724   1.00  cartographer_no

04:25:39      UID       PID    %usr %system  %guest   %wait    %CPU   CPU  Command
04:25:40        0     46383   16.00    1.00    0.00    0.00   17.00     7  cartographer_no

04:25:39      UID       PID  minflt/s  majflt/s     VSZ     RSS   %MEM  Command
04:25:40        0     46383      0.00      0.00 1573932  155724   1.00  cartographer_no

04:25:40      UID       PID    %usr %system  %guest   %wait    %CPU   CPU  Command
04:25:41        0     46383   19.00    0.00    0.00    0.00   19.00     8  cartographer_no

04:25:40      UID       PID  minflt/s  majflt/s     VSZ     RSS   %MEM  Command
04:25:41        0     46383      0.00      0.00 1573932  155724   1.00  cartographer_no

04:25:41      UID       PID    %usr %system  %guest   %wait    %CPU   CPU  Command
04:25:42        0     46383   20.00    0.00    0.00    0.00   20.00     2  cartographer_no

04:25:41      UID       PID  minflt/s  majflt/s     VSZ     RSS   %MEM  Command
04:25:42        0     46383      0.00      0.00 1573932  155724   1.00  cartographer_no

04:25:42      UID       PID    %usr %system  %guest   %wait    %CPU   CPU  Command
04:25:43        0     46383   18.00    1.00    0.00    0.00   19.00     8  cartographer_no

04:25:42      UID       PID  minflt/s  majflt/s     VSZ     RSS   %MEM  Command
04:25:43        0     46383      0.00      0.00 1573932  155724   1.00  cartographer_no

04:25:43      UID       PID    %usr %system  %guest   %wait    %CPU   CPU  Command
04:25:44        0     46383   18.00    1.00    0.00    0.00   19.00     2  cartographer_no

04:25:43      UID       PID  minflt/s  majflt/s     VSZ     RSS   %MEM  Command
04:25:44        0     46383      0.00      0.00 1573932  155724   1.00  cartographer_no

04:25:44      UID       PID    %usr %system  %guest   %wait    %CPU   CPU  Command
04:25:45        0     46383   20.00    0.00    0.00    0.00   20.00     8  cartographer_no

04:25:44      UID       PID  minflt/s  majflt/s     VSZ     RSS   %MEM  Command
04:25:45        0     46383      0.00      0.00 1573932  155724   1.00  cartographer_no

04:25:45      UID       PID    %usr %system  %guest   %wait    %CPU   CPU  Command
04:25:46        0     46383   16.00    0.00    0.00    0.00   16.00     6  cartographer_no

04:25:45      UID       PID  minflt/s  majflt/s     VSZ     RSS   %MEM  Command
04:25:46        0     46383      0.00      0.00 1573932  155724   1.00  cartographer_no

04:25:46      UID       PID    %usr %system  %guest   %wait    %CPU   CPU  Command
04:25:47        0     46383   30.00    1.00    0.00    0.00   31.00    12  cartographer_no

04:25:46      UID       PID  minflt/s  majflt/s     VSZ     RSS   %MEM  Command
04:25:47        0     46383      0.00      0.00 1573932  155724   1.00  cartographer_no

04:25:47      UID       PID    %usr %system  %guest   %wait    %CPU   CPU  Command
04:25:48        0     46383   26.00    0.00    0.00    0.00   26.00     0  cartographer_no

04:25:47      UID       PID  minflt/s  majflt/s     VSZ     RSS   %MEM  Command
04:25:48        0     46383      0.00      0.00 1573932  155724   1.00  cartographer_no

04:25:48      UID       PID    %usr %system  %guest   %wait    %CPU   CPU  Command
04:25:49        0     46383   30.00    1.00    0.00    0.00   31.00     6  cartographer_no

04:25:48      UID       PID  minflt/s  majflt/s     VSZ     RSS   %MEM  Command
04:25:49        0     46383      0.00      0.00 1573932  155724   1.00  cartographer_no

04:25:49      UID       PID    %usr %system  %guest   %wait    %CPU   CPU  Command
04:25:50        0     46383   19.00    0.00    0.00    0.00   19.00     8  cartographer_no

04:25:49      UID       PID  minflt/s  majflt/s     VSZ     RSS   %MEM  Command
04:25:50        0     46383      0.00      0.00 1573932  155724   1.00  cartographer_no

04:25:50      UID       PID    %usr %system  %guest   %wait    %CPU   CPU  Command
04:25:51        0     46383   20.00    1.00    0.00    0.00   21.00     0  cartographer_no

04:25:50      UID       PID  minflt/s  majflt/s     VSZ     RSS   %MEM  Command
04:25:51        0     46383      0.00      0.00 1573932  155724   1.00  cartographer_no

04:25:51      UID       PID    %usr %system  %guest   %wait    %CPU   CPU  Command
04:25:52        0     46383   18.00    0.00    0.00    0.00   18.00     2  cartographer_no

04:25:51      UID       PID  minflt/s  majflt/s     VSZ     RSS   %MEM  Command
04:25:52        0     46383      0.00      0.00 1573932  155724   1.00  cartographer_no

04:25:52      UID       PID    %usr %system  %guest   %wait    %CPU   CPU  Command
04:25:53        0     46383   19.00    1.00    0.00    0.00   20.00     3  cartographer_no

04:25:52      UID       PID  minflt/s  majflt/s     VSZ     RSS   %MEM  Command
04:25:53        0     46383      0.00      0.00 1573932  155724   1.00  cartographer_no

04:25:53      UID       PID    %usr %system  %guest   %wait    %CPU   CPU  Command
04:25:54        0     46383   17.00    0.00    0.00    0.00   17.00     6  cartographer_no

04:25:53      UID       PID  minflt/s  majflt/s     VSZ     RSS   %MEM  Command
04:25:54        0     46383      0.00      0.00 1573932  155724   1.00  cartographer_no

04:25:54      UID       PID    %usr %system  %guest   %wait    %CPU   CPU  Command
04:25:55        0     46383   17.00    0.00    0.00    0.00   17.00     2  cartographer_no

04:25:54      UID       PID  minflt/s  majflt/s     VSZ     RSS   %MEM  Command
04:25:55        0     46383      0.00      0.00 1573932  155724   1.00  cartographer_no

04:25:55      UID       PID    %usr %system  %guest   %wait    %CPU   CPU  Command
04:25:56        0     46383   18.00    1.00    0.00    0.00   19.00     6  cartographer_no

04:25:55      UID       PID  minflt/s  majflt/s     VSZ     RSS   %MEM  Command
04:25:56        0     46383      0.00      0.00 1573932  155724   1.00  cartographer_no

04:25:56      UID       PID    %usr %system  %guest   %wait    %CPU   CPU  Command
04:25:57        0     46383   16.00    0.00    0.00    0.00   16.00    14  cartographer_no

04:25:56      UID       PID  minflt/s  majflt/s     VSZ     RSS   %MEM  Command
04:25:57        0     46383      0.00      0.00 1573932  155724   1.00  cartographer_no

04:25:57      UID       PID    %usr %system  %guest   %wait    %CPU   CPU  Command
04:25:58        0     46383   16.00    1.00    0.00    0.00   17.00     2  cartographer_no

04:25:57      UID       PID  minflt/s  majflt/s     VSZ     RSS   %MEM  Command
04:25:58        0     46383      0.00      0.00 1573932  155724   1.00  cartographer_no

04:25:58      UID       PID    %usr %system  %guest   %wait    %CPU   CPU  Command
04:25:59        0     46383   16.00    0.00    0.00    0.00   16.00     2  cartographer_no

04:25:58      UID       PID  minflt/s  majflt/s     VSZ     RSS   %MEM  Command
04:25:59        0     46383      0.00      0.00 1573932  155724   1.00  cartographer_no

04:25:59      UID       PID    %usr %system  %guest   %wait    %CPU   CPU  Command
04:26:00        0     46383   17.00    1.00    0.00    0.00   18.00     7  cartographer_no

04:25:59      UID       PID  minflt/s  majflt/s     VSZ     RSS   %MEM  Command
04:26:00        0     46383      0.00      0.00 1573932  155724   1.00  cartographer_no

04:26:00      UID       PID    %usr %system  %guest   %wait    %CPU   CPU  Command
04:26:01        0     46383   14.00    0.00    0.00    0.00   14.00     6  cartographer_no

04:26:00      UID       PID  minflt/s  majflt/s     VSZ     RSS   %MEM  Command
04:26:01        0     46383      0.00      0.00 1573932  155724   1.00  cartographer_no

04:26:01      UID       PID    %usr %system  %guest   %wait    %CPU   CPU  Command
04:26:02        0     46383   13.00    1.00    0.00    0.00   14.00     7  cartographer_no

04:26:01      UID       PID  minflt/s  majflt/s     VSZ     RSS   %MEM  Command
04:26:02        0     46383      0.00      0.00 1573932  155724   1.00  cartographer_no

04:26:02      UID       PID    %usr %system  %guest   %wait    %CPU   CPU  Command
04:26:03        0     46383   14.00    1.00    0.00    0.00   15.00     7  cartographer_no

04:26:02      UID       PID  minflt/s  majflt/s     VSZ     RSS   %MEM  Command
04:26:03        0     46383      0.00      0.00 1573932  155724   1.00  cartographer_no

04:26:03      UID       PID    %usr %system  %guest   %wait    %CPU   CPU  Command
04:26:04        0     46383   88.00    0.00    0.00    0.00   88.00    12  cartographer_no

04:26:03      UID       PID  minflt/s  majflt/s     VSZ     RSS   %MEM  Command
04:26:04        0     46383      0.00      0.00 1573932  155724   1.00  cartographer_no

04:26:04      UID       PID    %usr %system  %guest   %wait    %CPU   CPU  Command
04:26:05        0     46383   16.00    0.00    0.00    0.00   16.00     8  cartographer_no

04:26:04      UID       PID  minflt/s  majflt/s     VSZ     RSS   %MEM  Command
04:26:05        0     46383      0.00      0.00 1573932  155724   1.00  cartographer_no

04:26:05      UID       PID    %usr %system  %guest   %wait    %CPU   CPU  Command
04:26:06        0     46383   13.00    1.00    0.00    1.00   14.00     6  cartographer_no

04:26:05      UID       PID  minflt/s  majflt/s     VSZ     RSS   %MEM  Command
04:26:06        0     46383      0.00      0.00 1573932  155724   1.00  cartographer_no

04:26:06      UID       PID    %usr %system  %guest   %wait    %CPU   CPU  Command
04:26:07        0     46383   15.00    1.00    0.00    0.00   16.00     3  cartographer_no

04:26:06      UID       PID  minflt/s  majflt/s     VSZ     RSS   %MEM  Command
04:26:07        0     46383      0.00      0.00 1573932  155724   1.00  cartographer_no

04:26:07      UID       PID    %usr %system  %guest   %wait    %CPU   CPU  Command
04:26:08        0     46383   13.86    0.00    0.00    0.00   13.86     3  cartographer_no

04:26:07      UID       PID  minflt/s  majflt/s     VSZ     RSS   %MEM  Command
04:26:08        0     46383      0.00      0.00 1573932  155724   1.00  cartographer_no

04:26:08      UID       PID    %usr %system  %guest   %wait    %CPU   CPU  Command
04:26:09        0     46383   14.00    1.00    0.00    0.00   15.00     8  cartographer_no

04:26:08      UID       PID  minflt/s  majflt/s     VSZ     RSS   %MEM  Command
04:26:09        0     46383      0.00      0.00 1573932  155724   1.00  cartographer_no

04:26:09      UID       PID    %usr %system  %guest   %wait    %CPU   CPU  Command
04:26:10        0     46383   18.00    0.00    0.00    0.00   18.00     6  cartographer_no

04:26:09      UID       PID  minflt/s  majflt/s     VSZ     RSS   %MEM  Command
04:26:10        0     46383      0.00      0.00 1573932  155724   1.00  cartographer_no

04:26:10      UID       PID    %usr %system  %guest   %wait    %CPU   CPU  Command
04:26:11        0     46383   17.00    1.00    0.00    0.00   18.00     7  cartographer_no

04:26:10      UID       PID  minflt/s  majflt/s     VSZ     RSS   %MEM  Command
04:26:11        0     46383      0.00      0.00 1573932  155724   1.00  cartographer_no

04:26:11      UID       PID    %usr %system  %guest   %wait    %CPU   CPU  Command
04:26:12        0     46383   13.00    1.00    0.00    0.00   14.00     8  cartographer_no

04:26:11      UID       PID  minflt/s  majflt/s     VSZ     RSS   %MEM  Command
04:26:12        0     46383      0.00      0.00 1573932  155724   1.00  cartographer_no

04:26:12      UID       PID    %usr %system  %guest   %wait    %CPU   CPU  Command
04:26:13        0     46383   17.00    0.00    0.00    0.00   17.00     6  cartographer_no

04:26:12      UID       PID  minflt/s  majflt/s     VSZ     RSS   %MEM  Command
04:26:13        0     46383      0.00      0.00 1573932  155724   1.00  cartographer_no

04:26:13      UID       PID    %usr %system  %guest   %wait    %CPU   CPU  Command
04:26:14        0     46383   15.00    1.00    0.00    0.00   16.00    14  cartographer_no

04:26:13      UID       PID  minflt/s  majflt/s     VSZ     RSS   %MEM  Command
04:26:14        0     46383    268.00      0.00 1575004  156620   1.00  cartographer_no

04:26:14      UID       PID    %usr %system  %guest   %wait    %CPU   CPU  Command
04:26:15        0     46383   16.00    0.00    0.00    0.00   16.00     0  cartographer_no

04:26:14      UID       PID  minflt/s  majflt/s     VSZ     RSS   %MEM  Command
04:26:15        0     46383      0.00      0.00 1575004  156620   1.00  cartographer_no

04:26:15      UID       PID    %usr %system  %guest   %wait    %CPU   CPU  Command
04:26:16        0     46383   19.00    0.00    0.00    0.00   19.00     6  cartographer_no

04:26:15      UID       PID  minflt/s  majflt/s     VSZ     RSS   %MEM  Command
04:26:16        0     46383    312.00      0.00 1576252  157900   1.01  cartographer_no

04:26:16      UID       PID    %usr %system  %guest   %wait    %CPU   CPU  Command
04:26:17        0     46383   25.00    1.00    0.00    0.00   26.00     1  cartographer_no

04:26:16      UID       PID  minflt/s  majflt/s     VSZ     RSS   %MEM  Command
04:26:17        0     46383    939.00      0.00 1576252  161740   1.04  cartographer_no

04:26:17      UID       PID    %usr %system  %guest   %wait    %CPU   CPU  Command
04:26:18        0     46383   17.00    1.00    0.00    0.00   18.00     2  cartographer_no

04:26:17      UID       PID  minflt/s  majflt/s     VSZ     RSS   %MEM  Command
04:26:18        0     46383      0.00      0.00 1576252  161740   1.04  cartographer_no

04:26:18      UID       PID    %usr %system  %guest   %wait    %CPU   CPU  Command
04:26:19        0     46383   17.00    0.00    0.00    0.00   17.00     7  cartographer_no

04:26:18      UID       PID  minflt/s  majflt/s     VSZ     RSS   %MEM  Command
04:26:19        0     46383      0.00      0.00 1576252  161740   1.04  cartographer_no

04:26:19      UID       PID    %usr %system  %guest   %wait    %CPU   CPU  Command
04:26:20        0     46383   14.00    1.00    0.00    0.00   15.00     7  cartographer_no

04:26:19      UID       PID  minflt/s  majflt/s     VSZ     RSS   %MEM  Command
04:26:20        0     46383      0.00      0.00 1576252  161740   1.04  cartographer_no

04:26:20      UID       PID    %usr %system  %guest   %wait    %CPU   CPU  Command
04:26:21        0     46383   16.00    1.00    0.00    0.00   17.00     2  cartographer_no

04:26:20      UID       PID  minflt/s  majflt/s     VSZ     RSS   %MEM  Command
04:26:21        0     46383      0.00      0.00 1576252  161740   1.04  cartographer_no

04:26:21      UID       PID    %usr %system  %guest   %wait    %CPU   CPU  Command
04:26:22        0     46383   16.00    1.00    0.00    0.00   17.00     2  cartographer_no

04:26:21      UID       PID  minflt/s  majflt/s     VSZ     RSS   %MEM  Command
04:26:22        0     46383      0.00      0.00 1576252  161740   1.04  cartographer_no

04:26:22      UID       PID    %usr %system  %guest   %wait    %CPU   CPU  Command
04:26:23        0     46383   14.00    0.00    0.00    0.00   14.00     8  cartographer_no

04:26:22      UID       PID  minflt/s  majflt/s     VSZ     RSS   %MEM  Command
04:26:23        0     46383      0.00      0.00 1576252  161740   1.04  cartographer_no

04:26:23      UID       PID    %usr %system  %guest   %wait    %CPU   CPU  Command
04:26:24        0     46383   17.00    1.00    0.00    0.00   18.00     6  cartographer_no

04:26:23      UID       PID  minflt/s  majflt/s     VSZ     RSS   %MEM  Command
04:26:24        0     46383      0.00      0.00 1576252  161740   1.04  cartographer_no

04:26:24      UID       PID    %usr %system  %guest   %wait    %CPU   CPU  Command
04:26:25        0     46383   15.00    0.00    0.00    0.00   15.00     6  cartographer_no

04:26:24      UID       PID  minflt/s  majflt/s     VSZ     RSS   %MEM  Command
04:26:25        0     46383      0.00      0.00 1576252  161740   1.04  cartographer_no

04:26:25      UID       PID    %usr %system  %guest   %wait    %CPU   CPU  Command
04:26:26        0     46383   15.00    1.00    0.00    0.00   16.00     7  cartographer_no

04:26:25      UID       PID  minflt/s  majflt/s     VSZ     RSS   %MEM  Command
04:26:26        0     46383      0.00      0.00 1576252  161740   1.04  cartographer_no

04:26:26      UID       PID    %usr %system  %guest   %wait    %CPU   CPU  Command
04:26:27        0     46383   15.00    1.00    0.00    0.00   16.00     6  cartographer_no

04:26:26      UID       PID  minflt/s  majflt/s     VSZ     RSS   %MEM  Command
04:26:27        0     46383      0.00      0.00 1576252  161740   1.04  cartographer_no

04:26:27      UID       PID    %usr %system  %guest   %wait    %CPU   CPU  Command
04:26:28        0     46383   13.00    0.00    0.00    0.00   13.00     7  cartographer_no

04:26:27      UID       PID  minflt/s  majflt/s     VSZ     RSS   %MEM  Command
04:26:28        0     46383      0.00      0.00 1576252  161740   1.04  cartographer_no

04:26:28      UID       PID    %usr %system  %guest   %wait    %CPU   CPU  Command
04:26:29        0     46383   11.00    1.00    0.00    0.00   12.00     4  cartographer_no

04:26:28      UID       PID  minflt/s  majflt/s     VSZ     RSS   %MEM  Command
04:26:29        0     46383      0.00      0.00 1576252  161740   1.04  cartographer_no

04:26:29      UID       PID    %usr %system  %guest   %wait    %CPU   CPU  Command
04:26:30        0     46383   13.00    0.00    0.00    0.00   13.00    10  cartographer_no

04:26:29      UID       PID  minflt/s  majflt/s     VSZ     RSS   %MEM  Command
04:26:30        0     46383      0.00      0.00 1576252  161740   1.04  cartographer_no

04:26:30      UID       PID    %usr %system  %guest   %wait    %CPU   CPU  Command
04:26:31        0     46383   12.00    1.00    0.00    0.00   13.00     6  cartographer_no

04:26:30      UID       PID  minflt/s  majflt/s     VSZ     RSS   %MEM  Command
04:26:31        0     46383      0.00      0.00 1576252  161740   1.04  cartographer_no

04:26:31      UID       PID    %usr %system  %guest   %wait    %CPU   CPU  Command
04:26:32        0     46383   14.00    1.00    0.00    0.00   15.00     0  cartographer_no

04:26:31      UID       PID  minflt/s  majflt/s     VSZ     RSS   %MEM  Command
04:26:32        0     46383      0.00      0.00 1576252  161740   1.04  cartographer_no

04:26:32      UID       PID    %usr %system  %guest   %wait    %CPU   CPU  Command
04:26:33        0     46383   12.00    1.00    0.00    0.00   13.00     2  cartographer_no

04:26:32      UID       PID  minflt/s  majflt/s     VSZ     RSS   %MEM  Command
04:26:33        0     46383      0.00      0.00 1576252  161740   1.04  cartographer_no

04:26:33      UID       PID    %usr %system  %guest   %wait    %CPU   CPU  Command
04:26:34        0     46383   12.00    0.00    0.00    0.00   12.00     8  cartographer_no

04:26:33      UID       PID  minflt/s  majflt/s     VSZ     RSS   %MEM  Command
04:26:34        0     46383      0.00      0.00 1576252  161740   1.04  cartographer_no

04:26:34      UID       PID    %usr %system  %guest   %wait    %CPU   CPU  Command
04:26:35        0     46383   13.00    1.00    0.00    0.00   14.00     2  cartographer_no

04:26:34      UID       PID  minflt/s  majflt/s     VSZ     RSS   %MEM  Command
04:26:35        0     46383      0.00      0.00 1576252  161740   1.04  cartographer_no

04:26:35      UID       PID    %usr %system  %guest   %wait    %CPU   CPU  Command
04:26:36        0     46383   12.00    0.00    0.00    0.00   12.00     6  cartographer_no

04:26:35      UID       PID  minflt/s  majflt/s     VSZ     RSS   %MEM  Command
04:26:36        0     46383      0.00      0.00 1576252  161740   1.04  cartographer_no

04:26:36      UID       PID    %usr %system  %guest   %wait    %CPU   CPU  Command
04:26:37        0     46383   15.00    1.00    0.00    0.00   16.00     2  cartographer_no

04:26:36      UID       PID  minflt/s  majflt/s     VSZ     RSS   %MEM  Command
04:26:37        0     46383      0.00      0.00 1576252  161740   1.04  cartographer_no

04:26:37      UID       PID    %usr %system  %guest   %wait    %CPU   CPU  Command
04:26:38        0     46383   12.00    0.00    0.00    0.00   12.00     0  cartographer_no

04:26:37      UID       PID  minflt/s  majflt/s     VSZ     RSS   %MEM  Command
04:26:38        0     46383      0.00      0.00 1576252  161740   1.04  cartographer_no

04:26:38      UID       PID    %usr %system  %guest   %wait    %CPU   CPU  Command
04:26:39        0     46383   12.00    1.00    0.00    0.00   13.00     8  cartographer_no

04:26:38      UID       PID  minflt/s  majflt/s     VSZ     RSS   %MEM  Command
04:26:39        0     46383      0.00      0.00 1576252  161740   1.04  cartographer_no

04:26:39      UID       PID    %usr %system  %guest   %wait    %CPU   CPU  Command
04:26:40        0     46383   12.00    1.00    0.00    0.00   13.00     3  cartographer_no

04:26:39      UID       PID  minflt/s  majflt/s     VSZ     RSS   %MEM  Command
04:26:40        0     46383      0.00      0.00 1576252  161740   1.04  cartographer_no

04:26:40      UID       PID    %usr %system  %guest   %wait    %CPU   CPU  Command
04:26:41        0     46383   16.00    0.00    0.00    0.00   16.00     2  cartographer_no

04:26:40      UID       PID  minflt/s  majflt/s     VSZ     RSS   %MEM  Command
04:26:41        0     46383      0.00      0.00 1576252  161740   1.04  cartographer_no

04:26:41      UID       PID    %usr %system  %guest   %wait    %CPU   CPU  Command
04:26:42        0     46383   15.00    1.00    0.00    0.00   16.00     6  cartographer_no

04:26:41      UID       PID  minflt/s  majflt/s     VSZ     RSS   %MEM  Command
04:26:42        0     46383      0.00      0.00 1576252  161740   1.04  cartographer_no

04:26:42      UID       PID    %usr %system  %guest   %wait    %CPU   CPU  Command
04:26:43        0     46383   17.00    1.00    0.00    0.00   18.00     2  cartographer_no

04:26:42      UID       PID  minflt/s  majflt/s     VSZ     RSS   %MEM  Command
04:26:43        0     46383      0.00      0.00 1576252  161740   1.04  cartographer_no

04:26:43      UID       PID    %usr %system  %guest   %wait    %CPU   CPU  Command
04:26:44        0     46383   16.00    0.00    0.00    0.00   16.00     2  cartographer_no

04:26:43      UID       PID  minflt/s  majflt/s     VSZ     RSS   %MEM  Command
04:26:44        0     46383      0.00      0.00 1576252  161740   1.04  cartographer_no

04:26:44      UID       PID    %usr %system  %guest   %wait    %CPU   CPU  Command
04:26:45        0     46383   16.00    1.00    0.00    0.00   17.00     8  cartographer_no

04:26:44      UID       PID  minflt/s  majflt/s     VSZ     RSS   %MEM  Command
04:26:45        0     46383      0.00      0.00 1576252  161740   1.04  cartographer_no

04:26:45      UID       PID    %usr %system  %guest   %wait    %CPU   CPU  Command
04:26:46        0     46383   16.00    0.00    0.00    0.00   16.00     3  cartographer_no

04:26:45      UID       PID  minflt/s  majflt/s     VSZ     RSS   %MEM  Command
04:26:46        0     46383      0.00      0.00 1576252  161740   1.04  cartographer_no

04:26:46      UID       PID    %usr %system  %guest   %wait    %CPU   CPU  Command
04:26:47        0     46383   15.00    1.00    0.00    0.00   16.00     3  cartographer_no

04:26:46      UID       PID  minflt/s  majflt/s     VSZ     RSS   %MEM  Command
04:26:47        0     46383      0.00      0.00 1576252  161740   1.04  cartographer_no

04:26:47      UID       PID    %usr %system  %guest   %wait    %CPU   CPU  Command
04:26:48        0     46383   17.00    0.00    0.00    0.00   17.00     2  cartographer_no

04:26:47      UID       PID  minflt/s  majflt/s     VSZ     RSS   %MEM  Command
04:26:48        0     46383      0.00      0.00 1576252  161740   1.04  cartographer_no

04:26:48      UID       PID    %usr %system  %guest   %wait    %CPU   CPU  Command
04:26:49        0     46383   15.00    1.00    0.00    0.00   16.00     6  cartographer_no

04:26:48      UID       PID  minflt/s  majflt/s     VSZ     RSS   %MEM  Command
04:26:49        0     46383      0.00      0.00 1576252  161740   1.04  cartographer_no

04:26:49      UID       PID    %usr %system  %guest   %wait    %CPU   CPU  Command
04:26:50        0     46383   17.00    0.00    0.00    0.00   17.00     2  cartographer_no

04:26:49      UID       PID  minflt/s  majflt/s     VSZ     RSS   %MEM  Command
04:26:50        0     46383      0.00      0.00 1576252  161740   1.04  cartographer_no

04:26:50      UID       PID    %usr %system  %guest   %wait    %CPU   CPU  Command
04:26:51        0     46383   12.00    1.00    0.00    0.00   13.00     0  cartographer_no

04:26:50      UID       PID  minflt/s  majflt/s     VSZ     RSS   %MEM  Command
04:26:51        0     46383      0.00      0.00 1576252  161740   1.04  cartographer_no

04:26:51      UID       PID    %usr %system  %guest   %wait    %CPU   CPU  Command
04:26:52        0     46383   12.00    0.00    0.00    0.00   12.00     0  cartographer_no

04:26:51      UID       PID  minflt/s  majflt/s     VSZ     RSS   %MEM  Command
04:26:52        0     46383      0.00      0.00 1576252  161740   1.04  cartographer_no

04:26:52      UID       PID    %usr %system  %guest   %wait    %CPU   CPU  Command
04:26:53        0     46383   12.00    1.00    0.00    0.00   13.00     8  cartographer_no

04:26:52      UID       PID  minflt/s  majflt/s     VSZ     RSS   %MEM  Command
04:26:53        0     46383      0.00      0.00 1576252  161740   1.04  cartographer_no

04:26:53      UID       PID    %usr %system  %guest   %wait    %CPU   CPU  Command
04:26:54        0     46383   11.00    1.00    0.00    0.00   12.00    12  cartographer_no

04:26:53      UID       PID  minflt/s  majflt/s     VSZ     RSS   %MEM  Command
04:26:54        0     46383      0.00      0.00 1576252  161740   1.04  cartographer_no

04:26:54      UID       PID    %usr %system  %guest   %wait    %CPU   CPU  Command
04:26:55        0     46383   12.00    0.00    0.00    0.00   12.00     6  cartographer_no

04:26:54      UID       PID  minflt/s  majflt/s     VSZ     RSS   %MEM  Command
04:26:55        0     46383      0.00      0.00 1576252  161740   1.04  cartographer_no

04:26:55      UID       PID    %usr %system  %guest   %wait    %CPU   CPU  Command
04:26:56        0     46383   15.00    1.00    0.00    0.00   16.00     4  cartographer_no

04:26:55      UID       PID  minflt/s  majflt/s     VSZ     RSS   %MEM  Command
04:26:56        0     46383      0.00      0.00 1576252  161740   1.04  cartographer_no

04:26:56      UID       PID    %usr %system  %guest   %wait    %CPU   CPU  Command
04:26:57        0     46383   12.00    0.00    0.00    0.00   12.00    14  cartographer_no

04:26:56      UID       PID  minflt/s  majflt/s     VSZ     RSS   %MEM  Command
04:26:57        0     46383      0.00      0.00 1576252  161740   1.04  cartographer_no

04:26:57      UID       PID    %usr %system  %guest   %wait    %CPU   CPU  Command
04:26:58        0     46383   12.00    1.00    0.00    1.00   13.00     4  cartographer_no

04:26:57      UID       PID  minflt/s  majflt/s     VSZ     RSS   %MEM  Command
04:26:58        0     46383      0.00      0.00 1576252  161740   1.04  cartographer_no

04:26:58      UID       PID    %usr %system  %guest   %wait    %CPU   CPU  Command
04:26:59        0     46383   12.00    0.00    0.00    0.00   12.00     4  cartographer_no

04:26:58      UID       PID  minflt/s  majflt/s     VSZ     RSS   %MEM  Command
04:26:59        0     46383      0.00      0.00 1576252  161740   1.04  cartographer_no

04:26:59      UID       PID    %usr %system  %guest   %wait    %CPU   CPU  Command
04:27:00        0     46383   18.00    1.00    0.00    0.00   19.00     3  cartographer_no

04:26:59      UID       PID  minflt/s  majflt/s     VSZ     RSS   %MEM  Command
04:27:00        0     46383      0.00      0.00 1576252  161740   1.04  cartographer_no

04:27:00      UID       PID    %usr %system  %guest   %wait    %CPU   CPU  Command
04:27:01        0     46383   16.00    0.00    0.00    0.00   16.00     2  cartographer_no

04:27:00      UID       PID  minflt/s  majflt/s     VSZ     RSS   %MEM  Command
04:27:01        0     46383      0.00      0.00 1576252  161740   1.04  cartographer_no

04:27:01      UID       PID    %usr %system  %guest   %wait    %CPU   CPU  Command
04:27:02        0     46383   17.00    0.00    0.00    0.00   17.00     2  cartographer_no

04:27:01      UID       PID  minflt/s  majflt/s     VSZ     RSS   %MEM  Command
04:27:02        0     46383      0.00      0.00 1576252  161740   1.04  cartographer_no

04:27:02      UID       PID    %usr %system  %guest   %wait    %CPU   CPU  Command
04:27:03        0     46383   16.00    1.00    0.00    0.00   17.00     6  cartographer_no

04:27:02      UID       PID  minflt/s  majflt/s     VSZ     RSS   %MEM  Command
04:27:03        0     46383      0.00      0.00 1576252  161740   1.04  cartographer_no

04:27:03      UID       PID    %usr %system  %guest   %wait    %CPU   CPU  Command
04:27:04        0     46383   18.00    0.00    0.00    0.00   18.00     6  cartographer_no

04:27:03      UID       PID  minflt/s  majflt/s     VSZ     RSS   %MEM  Command
04:27:04        0     46383      0.00      0.00 1576252  161740   1.04  cartographer_no

04:27:04      UID       PID    %usr %system  %guest   %wait    %CPU   CPU  Command
04:27:05        0     46383   17.00    1.00    0.00    0.00   18.00     6  cartographer_no

04:27:04      UID       PID  minflt/s  majflt/s     VSZ     RSS   %MEM  Command
04:27:05        0     46383      0.00      0.00 1576252  161740   1.04  cartographer_no

04:27:05      UID       PID    %usr %system  %guest   %wait    %CPU   CPU  Command
04:27:06        0     46383  126.00    0.00    0.00    0.00  126.00     3  cartographer_no

04:27:05      UID       PID  minflt/s  majflt/s     VSZ     RSS   %MEM  Command
04:27:06        0     46383      0.00      0.00 1576252  161740   1.04  cartographer_no

04:27:06      UID       PID    %usr %system  %guest   %wait    %CPU   CPU  Command
04:27:07        0     46383   13.00    1.00    0.00    0.00   14.00     3  cartographer_no

04:27:06      UID       PID  minflt/s  majflt/s     VSZ     RSS   %MEM  Command
04:27:07        0     46383      0.00      0.00 1576252  161740   1.04  cartographer_no

04:27:07      UID       PID    %usr %system  %guest   %wait    %CPU   CPU  Command
04:27:08        0     46383   16.00    1.00    0.00    0.00   17.00     3  cartographer_no

04:27:07      UID       PID  minflt/s  majflt/s     VSZ     RSS   %MEM  Command
04:27:08        0     46383      0.00      0.00 1576252  161740   1.04  cartographer_no

04:27:08      UID       PID    %usr %system  %guest   %wait    %CPU   CPU  Command
04:27:09        0     46383   15.00    1.00    0.00    0.00   16.00     7  cartographer_no

04:27:08      UID       PID  minflt/s  majflt/s     VSZ     RSS   %MEM  Command
04:27:09        0     46383      0.00      0.00 1576252  161740   1.04  cartographer_no

04:27:09      UID       PID    %usr %system  %guest   %wait    %CPU   CPU  Command
04:27:10        0     46383   17.00    0.00    0.00    0.00   17.00    10  cartographer_no

04:27:09      UID       PID  minflt/s  majflt/s     VSZ     RSS   %MEM  Command
04:27:10        0     46383      0.00      0.00 1576252  161740   1.04  cartographer_no

04:27:10      UID       PID    %usr %system  %guest   %wait    %CPU   CPU  Command
04:27:11        0     46383   15.00    1.00    0.00    0.00   16.00     8  cartographer_no

04:27:10      UID       PID  minflt/s  majflt/s     VSZ     RSS   %MEM  Command
04:27:11        0     46383      0.00      0.00 1576252  161740   1.04  cartographer_no

04:27:11      UID       PID    %usr %system  %guest   %wait    %CPU   CPU  Command
04:27:12        0     46383   15.00    1.00    0.00    0.00   16.00    14  cartographer_no

04:27:11      UID       PID  minflt/s  majflt/s     VSZ     RSS   %MEM  Command
04:27:12        0     46383      0.00      0.00 1576252  161740   1.04  cartographer_no

04:27:12      UID       PID    %usr %system  %guest   %wait    %CPU   CPU  Command
04:27:13        0     46383   17.00    1.00    0.00    0.00   18.00     8  cartographer_no

04:27:12      UID       PID  minflt/s  majflt/s     VSZ     RSS   %MEM  Command
04:27:13        0     46383      0.00      0.00 1576252  161740   1.04  cartographer_no

04:27:13      UID       PID    %usr %system  %guest   %wait    %CPU   CPU  Command
04:27:14        0     46383   18.00    0.00    0.00    0.00   18.00     6  cartographer_no

04:27:13      UID       PID  minflt/s  majflt/s     VSZ     RSS   %MEM  Command
04:27:14        0     46383      0.00      0.00 1576252  161740   1.04  cartographer_no

04:27:14      UID       PID    %usr %system  %guest   %wait    %CPU   CPU  Command
04:27:15        0     46383   14.00    1.00    0.00    0.00   15.00     2  cartographer_no

04:27:14      UID       PID  minflt/s  majflt/s     VSZ     RSS   %MEM  Command
04:27:15        0     46383      0.00      0.00 1576252  161740   1.04  cartographer_no

04:27:15      UID       PID    %usr %system  %guest   %wait    %CPU   CPU  Command
04:27:16        0     46383   17.00    1.00    0.00    0.00   18.00     2  cartographer_no

04:27:15      UID       PID  minflt/s  majflt/s     VSZ     RSS   %MEM  Command
04:27:16        0     46383      0.00      0.00 1576252  161740   1.04  cartographer_no

04:27:16      UID       PID    %usr %system  %guest   %wait    %CPU   CPU  Command
04:27:17        0     46383   13.00    1.00    0.00    0.00   14.00     2  cartographer_no

04:27:16      UID       PID  minflt/s  majflt/s     VSZ     RSS   %MEM  Command
04:27:17        0     46383      0.00      0.00 1576252  161740   1.04  cartographer_no

04:27:17      UID       PID    %usr %system  %guest   %wait    %CPU   CPU  Command
04:27:18        0     46383   15.00    1.00    0.00    0.00   16.00     7  cartographer_no

04:27:17      UID       PID  minflt/s  majflt/s     VSZ     RSS   %MEM  Command
04:27:18        0     46383      0.00      0.00 1576252  161740   1.04  cartographer_no

04:27:18      UID       PID    %usr %system  %guest   %wait    %CPU   CPU  Command
04:27:19        0     46383   15.00    0.00    0.00    0.00   15.00     8  cartographer_no

04:27:18      UID       PID  minflt/s  majflt/s     VSZ     RSS   %MEM  Command
04:27:19        0     46383      0.00      0.00 1576252  161740   1.04  cartographer_no

04:27:19      UID       PID    %usr %system  %guest   %wait    %CPU   CPU  Command
04:27:20        0     46383   28.00    1.00    0.00    0.00   29.00     2  cartographer_no

04:27:19      UID       PID  minflt/s  majflt/s     VSZ     RSS   %MEM  Command
04:27:20        0     46383   1018.00      0.00 1576252  165708   1.06  cartographer_no

04:27:20      UID       PID    %usr %system  %guest   %wait    %CPU   CPU  Command
04:27:21        0     46383   14.00    1.00    0.00    0.00   15.00     6  cartographer_no

04:27:20      UID       PID  minflt/s  majflt/s     VSZ     RSS   %MEM  Command
04:27:21        0     46383      0.00      0.00 1576252  165708   1.06  cartographer_no

04:27:21      UID       PID    %usr %system  %guest   %wait    %CPU   CPU  Command
04:27:22        0     46383   18.00    0.00    0.00    0.00   18.00     2  cartographer_no

04:27:21      UID       PID  minflt/s  majflt/s     VSZ     RSS   %MEM  Command
04:27:22        0     46383      0.00      0.00 1576252  165708   1.06  cartographer_no

04:27:22      UID       PID    %usr %system  %guest   %wait    %CPU   CPU  Command
04:27:23        0     46383   16.00    0.00    0.00    0.00   16.00     6  cartographer_no

04:27:22      UID       PID  minflt/s  majflt/s     VSZ     RSS   %MEM  Command
04:27:23        0     46383      0.00      0.00 1576252  165708   1.06  cartographer_no

04:27:23      UID       PID    %usr %system  %guest   %wait    %CPU   CPU  Command
04:27:24        0     46383   17.00    1.00    0.00    0.00   18.00     3  cartographer_no

04:27:23      UID       PID  minflt/s  majflt/s     VSZ     RSS   %MEM  Command
04:27:24        0     46383      0.00      0.00 1576252  165708   1.06  cartographer_no

04:27:24      UID       PID    %usr %system  %guest   %wait    %CPU   CPU  Command
04:27:25        0     46383   19.00    0.00    0.00    0.00   19.00     2  cartographer_no

04:27:24      UID       PID  minflt/s  majflt/s     VSZ     RSS   %MEM  Command
04:27:25        0     46383      0.00      0.00 1576252  165708   1.06  cartographer_no

04:27:25      UID       PID    %usr %system  %guest   %wait    %CPU   CPU  Command
04:27:26        0     46383   18.00    1.00    0.00    0.00   19.00     8  cartographer_no

04:27:25      UID       PID  minflt/s  majflt/s     VSZ     RSS   %MEM  Command
04:27:26        0     46383      0.00      0.00 1576252  165708   1.06  cartographer_no

04:27:26      UID       PID    %usr %system  %guest   %wait    %CPU   CPU  Command
04:27:27        0     46383   18.00    0.00    0.00    0.00   18.00     2  cartographer_no

04:27:26      UID       PID  minflt/s  majflt/s     VSZ     RSS   %MEM  Command
04:27:27        0     46383      0.00      0.00 1576252  165708   1.06  cartographer_no

04:27:27      UID       PID    %usr %system  %guest   %wait    %CPU   CPU  Command
04:27:28        0     46383   17.00    1.00    0.00    0.00   18.00     3  cartographer_no

04:27:27      UID       PID  minflt/s  majflt/s     VSZ     RSS   %MEM  Command
04:27:28        0     46383      0.00      0.00 1576252  165708   1.06  cartographer_no

04:27:28      UID       PID    %usr %system  %guest   %wait    %CPU   CPU  Command
04:27:29        0     46383   15.00    0.00    0.00    0.00   15.00     3  cartographer_no

04:27:28      UID       PID  minflt/s  majflt/s     VSZ     RSS   %MEM  Command
04:27:29        0     46383      0.00      0.00 1576252  165708   1.06  cartographer_no

04:27:29      UID       PID    %usr %system  %guest   %wait    %CPU   CPU  Command
04:27:30        0     46383   16.00    1.00    0.00    0.00   17.00    10  cartographer_no

04:27:29      UID       PID  minflt/s  majflt/s     VSZ     RSS   %MEM  Command
04:27:30        0     46383      0.00      0.00 1576252  165708   1.06  cartographer_no

04:27:30      UID       PID    %usr %system  %guest   %wait    %CPU   CPU  Command
04:27:31        0     46383   16.00    1.00    0.00    0.00   17.00     0  cartographer_no

04:27:30      UID       PID  minflt/s  majflt/s     VSZ     RSS   %MEM  Command
04:27:31        0     46383      0.00      0.00 1576252  165708   1.06  cartographer_no

04:27:31      UID       PID    %usr %system  %guest   %wait    %CPU   CPU  Command
04:27:32        0     46383   17.00    0.00    0.00    0.00   17.00    14  cartographer_no

04:27:31      UID       PID  minflt/s  majflt/s     VSZ     RSS   %MEM  Command
04:27:32        0     46383      0.00      0.00 1576252  165708   1.06  cartographer_no

04:27:32      UID       PID    %usr %system  %guest   %wait    %CPU   CPU  Command
04:27:33        0     46383   16.00    0.00    0.00    0.00   16.00     4  cartographer_no

04:27:32      UID       PID  minflt/s  majflt/s     VSZ     RSS   %MEM  Command
04:27:33        0     46383      0.00      0.00 1576252  165708   1.06  cartographer_no

04:27:33      UID       PID    %usr %system  %guest   %wait    %CPU   CPU  Command
04:27:34        0     46383   17.00    1.00    0.00    0.00   18.00    12  cartographer_no

04:27:33      UID       PID  minflt/s  majflt/s     VSZ     RSS   %MEM  Command
04:27:34        0     46383      0.00      0.00 1576252  165708   1.06  cartographer_no

04:27:34      UID       PID    %usr %system  %guest   %wait    %CPU   CPU  Command
04:27:35        0     46383   17.00    0.00    0.00    0.00   17.00     2  cartographer_no

04:27:34      UID       PID  minflt/s  majflt/s     VSZ     RSS   %MEM  Command
04:27:35        0     46383      0.00      0.00 1576252  165708   1.06  cartographer_no

04:27:35      UID       PID    %usr %system  %guest   %wait    %CPU   CPU  Command
04:27:36        0     46383   12.00    1.00    0.00    0.00   13.00    14  cartographer_no

04:27:35      UID       PID  minflt/s  majflt/s     VSZ     RSS   %MEM  Command
04:27:36        0     46383      0.00      0.00 1576252  165708   1.06  cartographer_no

04:27:36      UID       PID    %usr %system  %guest   %wait    %CPU   CPU  Command
04:27:37        0     46383   17.00    0.00    0.00    0.00   17.00     2  cartographer_no

04:27:36      UID       PID  minflt/s  majflt/s     VSZ     RSS   %MEM  Command
04:27:37        0     46383      0.00      0.00 1576252  165708   1.06  cartographer_no

04:27:37      UID       PID    %usr %system  %guest   %wait    %CPU   CPU  Command
04:27:38        0     46383   16.00    1.00    0.00    0.00   17.00     2  cartographer_no

04:27:37      UID       PID  minflt/s  majflt/s     VSZ     RSS   %MEM  Command
04:27:38        0     46383      0.00      0.00 1576252  165708   1.06  cartographer_no

04:27:38      UID       PID    %usr %system  %guest   %wait    %CPU   CPU  Command
04:27:39        0     46383   15.00    0.00    0.00    0.00   15.00     2  cartographer_no

04:27:38      UID       PID  minflt/s  majflt/s     VSZ     RSS   %MEM  Command
04:27:39        0     46383      0.00      0.00 1576252  165708   1.06  cartographer_no

04:27:39      UID       PID    %usr %system  %guest   %wait    %CPU   CPU  Command
04:27:40        0     46383   16.00    1.00    0.00    0.00   17.00     8  cartographer_no

04:27:39      UID       PID  minflt/s  majflt/s     VSZ     RSS   %MEM  Command
04:27:40        0     46383      0.00      0.00 1576252  165708   1.06  cartographer_no

04:27:40      UID       PID    %usr %system  %guest   %wait    %CPU   CPU  Command
04:27:41        0     46383   15.00    1.00    0.00    0.00   16.00     6  cartographer_no

04:27:40      UID       PID  minflt/s  majflt/s     VSZ     RSS   %MEM  Command
04:27:41        0     46383      0.00      0.00 1576252  165708   1.06  cartographer_no

04:27:41      UID       PID    %usr %system  %guest   %wait    %CPU   CPU  Command
04:27:42        0     46383   15.00    0.00    0.00    0.00   15.00     2  cartographer_no

04:27:41      UID       PID  minflt/s  majflt/s     VSZ     RSS   %MEM  Command
04:27:42        0     46383      0.00      0.00 1576252  165708   1.06  cartographer_no

04:27:42      UID       PID    %usr %system  %guest   %wait    %CPU   CPU  Command
04:27:43        0     46383   17.00    1.00    0.00    0.00   18.00     2  cartographer_no

04:27:42      UID       PID  minflt/s  majflt/s     VSZ     RSS   %MEM  Command
04:27:43        0     46383      0.00      0.00 1576252  165708   1.06  cartographer_no

04:27:43      UID       PID    %usr %system  %guest   %wait    %CPU   CPU  Command
04:27:44        0     46383   14.00    1.00    0.00    0.00   15.00     2  cartographer_no

04:27:43      UID       PID  minflt/s  majflt/s     VSZ     RSS   %MEM  Command
04:27:44        0     46383      0.00      0.00 1576252  165708   1.06  cartographer_no

04:27:44      UID       PID    %usr %system  %guest   %wait    %CPU   CPU  Command
04:27:45        0     46383   16.00    0.00    0.00    0.00   16.00     7  cartographer_no

04:27:44      UID       PID  minflt/s  majflt/s     VSZ     RSS   %MEM  Command
04:27:45        0     46383      0.00      0.00 1576252  165708   1.06  cartographer_no

04:27:45      UID       PID    %usr %system  %guest   %wait    %CPU   CPU  Command
04:27:46        0     46383   15.00    1.00    0.00    0.00   16.00     7  cartographer_no

04:27:45      UID       PID  minflt/s  majflt/s     VSZ     RSS   %MEM  Command
04:27:46        0     46383      0.00      0.00 1576252  165708   1.06  cartographer_no

04:27:46      UID       PID    %usr %system  %guest   %wait    %CPU   CPU  Command
04:27:47        0     46383  137.00    0.00    0.00    0.00  137.00    15  cartographer_no

04:27:46      UID       PID  minflt/s  majflt/s     VSZ     RSS   %MEM  Command
04:27:47        0     46383      0.00      0.00 1576252  165708   1.06  cartographer_no

04:27:47      UID       PID    %usr %system  %guest   %wait    %CPU   CPU  Command
04:27:48        0     46383   17.00    1.00    0.00    0.00   18.00     2  cartographer_no

04:27:47      UID       PID  minflt/s  majflt/s     VSZ     RSS   %MEM  Command
04:27:48        0     46383      0.00      0.00 1576252  165708   1.06  cartographer_no

04:27:48      UID       PID    %usr %system  %guest   %wait    %CPU   CPU  Command
04:27:49        0     46383   14.00    0.00    0.00    0.00   14.00     2  cartographer_no

04:27:48      UID       PID  minflt/s  majflt/s     VSZ     RSS   %MEM  Command
04:27:49        0     46383      0.00      0.00 1576252  165708   1.06  cartographer_no

04:27:49      UID       PID    %usr %system  %guest   %wait    %CPU   CPU  Command
04:27:50        0     46383   17.00    0.00    0.00    0.00   17.00     4  cartographer_no

04:27:49      UID       PID  minflt/s  majflt/s     VSZ     RSS   %MEM  Command
04:27:50        0     46383      0.00      0.00 1576252  165708   1.06  cartographer_no

04:27:50      UID       PID    %usr %system  %guest   %wait    %CPU   CPU  Command
04:27:51        0     46383   14.00    1.00    0.00    1.00   15.00     4  cartographer_no

04:27:50      UID       PID  minflt/s  majflt/s     VSZ     RSS   %MEM  Command
04:27:51        0     46383      0.00      0.00 1576252  165708   1.06  cartographer_no

04:27:51      UID       PID    %usr %system  %guest   %wait    %CPU   CPU  Command
04:27:52        0     46383   15.00    1.00    0.00    0.00   16.00    12  cartographer_no

04:27:51      UID       PID  minflt/s  majflt/s     VSZ     RSS   %MEM  Command
04:27:52        0     46383      0.00      0.00 1576252  165708   1.06  cartographer_no

04:27:52      UID       PID    %usr %system  %guest   %wait    %CPU   CPU  Command
04:27:53        0     46383   15.00    0.00    0.00    0.00   15.00     0  cartographer_no

04:27:52      UID       PID  minflt/s  majflt/s     VSZ     RSS   %MEM  Command
04:27:53        0     46383      0.00      0.00 1576252  165708   1.06  cartographer_no

04:27:53      UID       PID    %usr %system  %guest   %wait    %CPU   CPU  Command
04:27:54        0     46383   12.00    1.00    0.00    0.00   13.00     4  cartographer_no

04:27:53      UID       PID  minflt/s  majflt/s     VSZ     RSS   %MEM  Command
04:27:54        0     46383      0.00      0.00 1576252  165708   1.06  cartographer_no

04:27:54      UID       PID    %usr %system  %guest   %wait    %CPU   CPU  Command
04:27:55        0     46383   15.00    1.00    0.00    0.00   16.00     8  cartographer_no

04:27:54      UID       PID  minflt/s  majflt/s     VSZ     RSS   %MEM  Command
04:27:55        0     46383      0.00      0.00 1576252  165708   1.06  cartographer_no

04:27:55      UID       PID    %usr %system  %guest   %wait    %CPU   CPU  Command
04:27:56        0     46383   14.00    0.00    0.00    0.00   14.00     8  cartographer_no

04:27:55      UID       PID  minflt/s  majflt/s     VSZ     RSS   %MEM  Command
04:27:56        0     46383      0.00      0.00 1576252  165708   1.06  cartographer_no

04:27:56      UID       PID    %usr %system  %guest   %wait    %CPU   CPU  Command
04:27:57        0     46383   13.00    1.00    0.00    0.00   14.00     4  cartographer_no

04:27:56      UID       PID  minflt/s  majflt/s     VSZ     RSS   %MEM  Command
04:27:57        0     46383      0.00      0.00 1576252  165708   1.06  cartographer_no

04:27:57      UID       PID    %usr %system  %guest   %wait    %CPU   CPU  Command
04:27:58        0     46383   14.00    0.00    0.00    0.00   14.00     0  cartographer_no

04:27:57      UID       PID  minflt/s  majflt/s     VSZ     RSS   %MEM  Command
04:27:58        0     46383      0.00      0.00 1576252  165708   1.06  cartographer_no

04:27:58      UID       PID    %usr %system  %guest   %wait    %CPU   CPU  Command
04:27:59        0     46383   13.00    2.00    0.00    0.00   15.00     7  cartographer_no

04:27:58      UID       PID  minflt/s  majflt/s     VSZ     RSS   %MEM  Command
04:27:59        0     46383      0.00      0.00 1576252  165708   1.06  cartographer_no

04:27:59      UID       PID    %usr %system  %guest   %wait    %CPU   CPU  Command
04:28:00        0     46383   14.00    0.00    0.00    0.00   14.00     2  cartographer_no

04:27:59      UID       PID  minflt/s  majflt/s     VSZ     RSS   %MEM  Command
04:28:00        0     46383      0.00      0.00 1576252  165708   1.06  cartographer_no

04:28:00      UID       PID    %usr %system  %guest   %wait    %CPU   CPU  Command
04:28:01        0     46383   28.00    1.00    0.00    0.00   29.00     2  cartographer_no

04:28:00      UID       PID  minflt/s  majflt/s     VSZ     RSS   %MEM  Command
04:28:01        0     46383    573.00      0.00 1576252  167596   1.07  cartographer_no

04:28:01      UID       PID    %usr %system  %guest   %wait    %CPU   CPU  Command
04:28:02        0     46383   13.00    1.00    0.00    0.00   14.00     8  cartographer_no

04:28:01      UID       PID  minflt/s  majflt/s     VSZ     RSS   %MEM  Command
04:28:02        0     46383      0.00      0.00 1576252  167596   1.07  cartographer_no

04:28:02      UID       PID    %usr %system  %guest   %wait    %CPU   CPU  Command
04:28:03        0     46383   16.00    1.00    0.00    0.00   17.00     4  cartographer_no

04:28:02      UID       PID  minflt/s  majflt/s     VSZ     RSS   %MEM  Command
04:28:03        0     46383      0.00      0.00 1576252  167596   1.07  cartographer_no

04:28:03      UID       PID    %usr %system  %guest   %wait    %CPU   CPU  Command
04:28:04        0     46383   16.00    1.00    0.00    0.00   17.00    10  cartographer_no

04:28:03      UID       PID  minflt/s  majflt/s     VSZ     RSS   %MEM  Command
04:28:04        0     46383      0.00      0.00 1576252  167596   1.07  cartographer_no

04:28:04      UID       PID    %usr %system  %guest   %wait    %CPU   CPU  Command
04:28:05        0     46383   15.00    0.00    0.00    0.00   15.00     2  cartographer_no

04:28:04      UID       PID  minflt/s  majflt/s     VSZ     RSS   %MEM  Command
04:28:05        0     46383      0.00      0.00 1576252  167596   1.07  cartographer_no

04:28:05      UID       PID    %usr %system  %guest   %wait    %CPU   CPU  Command
04:28:06        0     46383   16.00    1.00    0.00    0.00   17.00     4  cartographer_no

04:28:05      UID       PID  minflt/s  majflt/s     VSZ     RSS   %MEM  Command
04:28:06        0     46383      0.00      0.00 1576252  167596   1.07  cartographer_no

04:28:06      UID       PID    %usr %system  %guest   %wait    %CPU   CPU  Command
04:28:07        0     46383   14.00    0.00    0.00    0.00   14.00    14  cartographer_no

04:28:06      UID       PID  minflt/s  majflt/s     VSZ     RSS   %MEM  Command
04:28:07        0     46383      0.00      0.00 1576252  167596   1.07  cartographer_no

04:28:07      UID       PID    %usr %system  %guest   %wait    %CPU   CPU  Command
04:28:08        0     46383   15.00    1.00    0.00    0.00   16.00     2  cartographer_no

04:28:07      UID       PID  minflt/s  majflt/s     VSZ     RSS   %MEM  Command
04:28:08        0     46383      0.00      0.00 1576252  167596   1.07  cartographer_no

04:28:08      UID       PID    %usr %system  %guest   %wait    %CPU   CPU  Command
04:28:09        0     46383   14.00    1.00    0.00    0.00   15.00    12  cartographer_no

04:28:08      UID       PID  minflt/s  majflt/s     VSZ     RSS   %MEM  Command
04:28:09        0     46383      0.00      0.00 1576252  167596   1.07  cartographer_no

04:28:09      UID       PID    %usr %system  %guest   %wait    %CPU   CPU  Command
04:28:10        0     46383   15.00    0.00    0.00    0.00   15.00    12  cartographer_no

04:28:09      UID       PID  minflt/s  majflt/s     VSZ     RSS   %MEM  Command
04:28:10        0     46383      0.00      0.00 1576252  167596   1.07  cartographer_no

04:28:10      UID       PID    %usr %system  %guest   %wait    %CPU   CPU  Command
04:28:11        0     46383   14.00    1.00    0.00    0.00   15.00     6  cartographer_no

04:28:10      UID       PID  minflt/s  majflt/s     VSZ     RSS   %MEM  Command
04:28:11        0     46383      0.00      0.00 1576252  167596   1.07  cartographer_no

04:28:11      UID       PID    %usr %system  %guest   %wait    %CPU   CPU  Command
04:28:12        0     46383   15.00    1.00    0.00    0.00   16.00     2  cartographer_no

04:28:11      UID       PID  minflt/s  majflt/s     VSZ     RSS   %MEM  Command
04:28:12        0     46383      0.00      0.00 1576252  167596   1.07  cartographer_no

04:28:12      UID       PID    %usr %system  %guest   %wait    %CPU   CPU  Command
04:28:13        0     46383   15.00    0.00    0.00    0.00   15.00     7  cartographer_no

04:28:12      UID       PID  minflt/s  majflt/s     VSZ     RSS   %MEM  Command
04:28:13        0     46383      0.00      0.00 1576252  167596   1.07  cartographer_no

04:28:13      UID       PID    %usr %system  %guest   %wait    %CPU   CPU  Command
04:28:14        0     46383   15.00    1.00    0.00    0.00   16.00     3  cartographer_no

04:28:13      UID       PID  minflt/s  majflt/s     VSZ     RSS   %MEM  Command
04:28:14        0     46383      0.00      0.00 1576252  167596   1.07  cartographer_no

04:28:14      UID       PID    %usr %system  %guest   %wait    %CPU   CPU  Command
04:28:15        0     46383   14.00    2.00    0.00    0.00   16.00     2  cartographer_no

04:28:14      UID       PID  minflt/s  majflt/s     VSZ     RSS   %MEM  Command
04:28:15        0     46383      0.00      0.00 1576252  167596   1.07  cartographer_no

04:28:15      UID       PID    %usr %system  %guest   %wait    %CPU   CPU  Command
04:28:16        0     46383   13.86    0.99    0.00    0.00   14.85     7  cartographer_no

04:28:15      UID       PID  minflt/s  majflt/s     VSZ     RSS   %MEM  Command
04:28:16        0     46383      0.00      0.00 1576252  167596   1.07  cartographer_no

04:28:16      UID       PID    %usr %system  %guest   %wait    %CPU   CPU  Command
04:28:17        0     46383   12.00    3.00    0.00    0.00   15.00     7  cartographer_no

04:28:16      UID       PID  minflt/s  majflt/s     VSZ     RSS   %MEM  Command
04:28:17        0     46383      0.00      0.00 1576252  167596   1.07  cartographer_no

04:28:17      UID       PID    %usr %system  %guest   %wait    %CPU   CPU  Command
04:28:18        0     46383   14.00    1.00    0.00    0.00   15.00     8  cartographer_no

04:28:17      UID       PID  minflt/s  majflt/s     VSZ     RSS   %MEM  Command
04:28:18        0     46383      0.00      0.00 1576252  167596   1.07  cartographer_no

04:28:18      UID       PID    %usr %system  %guest   %wait    %CPU   CPU  Command
04:28:19        0     46383   14.00    1.00    0.00    0.00   15.00     2  cartographer_no

04:28:18      UID       PID  minflt/s  majflt/s     VSZ     RSS   %MEM  Command
04:28:19        0     46383      0.00      0.00 1576252  167596   1.07  cartographer_no

04:28:19      UID       PID    %usr %system  %guest   %wait    %CPU   CPU  Command
04:28:20        0     46383   14.00    1.00    0.00    0.00   15.00     6  cartographer_no

04:28:19      UID       PID  minflt/s  majflt/s     VSZ     RSS   %MEM  Command
04:28:20        0     46383      0.00      0.00 1576252  167596   1.07  cartographer_no

04:28:20      UID       PID    %usr %system  %guest   %wait    %CPU   CPU  Command
04:28:21        0     46383   15.00    0.00    0.00    0.00   15.00     8  cartographer_no

04:28:20      UID       PID  minflt/s  majflt/s     VSZ     RSS   %MEM  Command
04:28:21        0     46383      0.00      0.00 1576252  167596   1.07  cartographer_no

04:28:21      UID       PID    %usr %system  %guest   %wait    %CPU   CPU  Command
04:28:22        0     46383   15.00    0.00    0.00    0.00   15.00     6  cartographer_no

04:28:21      UID       PID  minflt/s  majflt/s     VSZ     RSS   %MEM  Command
04:28:22        0     46383      0.00      0.00 1576252  167596   1.07  cartographer_no

04:28:22      UID       PID    %usr %system  %guest   %wait    %CPU   CPU  Command
04:28:23        0     46383   14.00    1.00    0.00    0.00   15.00     4  cartographer_no

04:28:22      UID       PID  minflt/s  majflt/s     VSZ     RSS   %MEM  Command
04:28:23        0     46383      0.00      0.00 1576252  167596   1.07  cartographer_no

04:28:23      UID       PID    %usr %system  %guest   %wait    %CPU   CPU  Command
04:28:24        0     46383   15.00    0.00    0.00    0.00   15.00     8  cartographer_no

04:28:23      UID       PID  minflt/s  majflt/s     VSZ     RSS   %MEM  Command
04:28:24        0     46383      0.00      0.00 1576252  167596   1.07  cartographer_no

04:28:24      UID       PID    %usr %system  %guest   %wait    %CPU   CPU  Command
04:28:25        0     46383   15.00    0.00    0.00    0.00   15.00     8  cartographer_no

04:28:24      UID       PID  minflt/s  majflt/s     VSZ     RSS   %MEM  Command
04:28:25        0     46383      0.00      0.00 1576252  167596   1.07  cartographer_no

04:28:25      UID       PID    %usr %system  %guest   %wait    %CPU   CPU  Command
04:28:26        0     46383   15.00    0.00    0.00    0.00   15.00     8  cartographer_no

04:28:25      UID       PID  minflt/s  majflt/s     VSZ     RSS   %MEM  Command
04:28:26        0     46383      0.00      0.00 1576252  167596   1.07  cartographer_no

04:28:26      UID       PID    %usr %system  %guest   %wait    %CPU   CPU  Command
04:28:27        0     46383   15.00    1.00    0.00    0.00   16.00    12  cartographer_no

04:28:26      UID       PID  minflt/s  majflt/s     VSZ     RSS   %MEM  Command
04:28:27        0     46383      0.00      0.00 1576252  167596   1.07  cartographer_no

04:28:27      UID       PID    %usr %system  %guest   %wait    %CPU   CPU  Command
04:28:28        0     46383   75.00    0.00    0.00    0.00   75.00     0  cartographer_no

04:28:27      UID       PID  minflt/s  majflt/s     VSZ     RSS   %MEM  Command
04:28:28        0     46383      0.00      0.00 1576252  167596   1.07  cartographer_no

04:28:28      UID       PID    %usr %system  %guest   %wait    %CPU   CPU  Command
04:28:29        0     46383   16.00    0.00    0.00    0.00   16.00     7  cartographer_no

04:28:28      UID       PID  minflt/s  majflt/s     VSZ     RSS   %MEM  Command
04:28:29        0     46383    307.00      0.00 1577480  168748   1.08  cartographer_no

04:28:29      UID       PID    %usr %system  %guest   %wait    %CPU   CPU  Command
04:28:30        0     46383   16.00    0.00    0.00    0.00   16.00     2  cartographer_no

04:28:29      UID       PID  minflt/s  majflt/s     VSZ     RSS   %MEM  Command
04:28:30        0     46383      0.00      0.00 1577480  168748   1.08  cartographer_no

04:28:30      UID       PID    %usr %system  %guest   %wait    %CPU   CPU  Command
04:28:31        0     46383   16.00    1.00    0.00    0.00   17.00     2  cartographer_no

04:28:30      UID       PID  minflt/s  majflt/s     VSZ     RSS   %MEM  Command
04:28:31        0     46383      0.00      0.00 1577480  168748   1.08  cartographer_no

04:28:31      UID       PID    %usr %system  %guest   %wait    %CPU   CPU  Command
04:28:32        0     46383   15.00    0.00    0.00    0.00   15.00     6  cartographer_no

04:28:31      UID       PID  minflt/s  majflt/s     VSZ     RSS   %MEM  Command
04:28:32        0     46383      0.00      0.00 1577480  168748   1.08  cartographer_no

04:28:32      UID       PID    %usr %system  %guest   %wait    %CPU   CPU  Command
04:28:33        0     46383   16.00    0.00    0.00    0.00   16.00     2  cartographer_no

04:28:32      UID       PID  minflt/s  majflt/s     VSZ     RSS   %MEM  Command
04:28:33        0     46383      0.00      0.00 1577480  168748   1.08  cartographer_no

04:28:33      UID       PID    %usr %system  %guest   %wait    %CPU   CPU  Command
04:28:34        0     46383   15.00    0.00    0.00    0.00   15.00     3  cartographer_no

04:28:33      UID       PID  minflt/s  majflt/s     VSZ     RSS   %MEM  Command
04:28:34        0     46383      0.00      0.00 1577480  168748   1.08  cartographer_no

04:28:34      UID       PID    %usr %system  %guest   %wait    %CPU   CPU  Command
04:28:35        0     46383   14.00    0.00    0.00    0.00   14.00    10  cartographer_no

04:28:34      UID       PID  minflt/s  majflt/s     VSZ     RSS   %MEM  Command
04:28:35        0     46383      0.00      0.00 1577480  168748   1.08  cartographer_no

04:28:35      UID       PID    %usr %system  %guest   %wait    %CPU   CPU  Command
04:28:36        0     46383   14.00    1.00    0.00    0.00   15.00     8  cartographer_no

04:28:35      UID       PID  minflt/s  majflt/s     VSZ     RSS   %MEM  Command
04:28:36        0     46383      0.00      0.00 1577480  168748   1.08  cartographer_no

04:28:36      UID       PID    %usr %system  %guest   %wait    %CPU   CPU  Command
04:28:37        0     46383   15.00    0.00    0.00    0.00   15.00     7  cartographer_no

04:28:36      UID       PID  minflt/s  majflt/s     VSZ     RSS   %MEM  Command
04:28:37        0     46383      0.00      0.00 1577480  168748   1.08  cartographer_no

04:28:37      UID       PID    %usr %system  %guest   %wait    %CPU   CPU  Command
04:28:38        0     46383   24.00    1.00    0.00    1.00   25.00     2  cartographer_no

04:28:37      UID       PID  minflt/s  majflt/s     VSZ     RSS   %MEM  Command
04:28:38        0     46383   1192.00      0.00 1577480  173612   1.11  cartographer_no

04:28:38      UID       PID    %usr %system  %guest   %wait    %CPU   CPU  Command
04:28:39        0     46383   13.00    0.00    0.00    0.00   13.00     6  cartographer_no

04:28:38      UID       PID  minflt/s  majflt/s     VSZ     RSS   %MEM  Command
04:28:39        0     46383      0.00      0.00 1577480  173612   1.11  cartographer_no

04:28:39      UID       PID    %usr %system  %guest   %wait    %CPU   CPU  Command
04:28:40        0     46383   15.00    0.00    0.00    0.00   15.00     7  cartographer_no

04:28:39      UID       PID  minflt/s  majflt/s     VSZ     RSS   %MEM  Command
04:28:40        0     46383      0.00      0.00 1577480  173612   1.11  cartographer_no

04:28:40      UID       PID    %usr %system  %guest   %wait    %CPU   CPU  Command
04:28:41        0     46383   15.00    1.00    0.00    0.00   16.00     7  cartographer_no

04:28:40      UID       PID  minflt/s  majflt/s     VSZ     RSS   %MEM  Command
04:28:41        0     46383      0.00      0.00 1577480  173612   1.11  cartographer_no

04:28:41      UID       PID    %usr %system  %guest   %wait    %CPU   CPU  Command
04:28:42        0     46383   15.00    0.00    0.00    0.00   15.00     4  cartographer_no

04:28:41      UID       PID  minflt/s  majflt/s     VSZ     RSS   %MEM  Command
04:28:42        0     46383      0.00      0.00 1577480  173612   1.11  cartographer_no

04:28:42      UID       PID    %usr %system  %guest   %wait    %CPU   CPU  Command
04:28:43        0     46383   14.00    0.00    0.00    0.00   14.00     7  cartographer_no

04:28:42      UID       PID  minflt/s  majflt/s     VSZ     RSS   %MEM  Command
04:28:43        0     46383      0.00      0.00 1577480  173612   1.11  cartographer_no

04:28:43      UID       PID    %usr %system  %guest   %wait    %CPU   CPU  Command
04:28:44        0     46383   12.00    1.00    0.00    0.00   13.00     6  cartographer_no

04:28:43      UID       PID  minflt/s  majflt/s     VSZ     RSS   %MEM  Command
04:28:44        0     46383      0.00      0.00 1577480  173612   1.11  cartographer_no

04:28:44      UID       PID    %usr %system  %guest   %wait    %CPU   CPU  Command
04:28:45        0     46383   14.00    2.00    0.00    0.00   16.00     2  cartographer_no

04:28:44      UID       PID  minflt/s  majflt/s     VSZ     RSS   %MEM  Command
04:28:45        0     46383      0.00      0.00 1577480  173612   1.11  cartographer_no

04:28:45      UID       PID    %usr %system  %guest   %wait    %CPU   CPU  Command
04:28:46        0     46383   15.00    0.00    0.00    0.00   15.00     6  cartographer_no

04:28:45      UID       PID  minflt/s  majflt/s     VSZ     RSS   %MEM  Command
04:28:46        0     46383      0.00      0.00 1577480  173612   1.11  cartographer_no

04:28:46      UID       PID    %usr %system  %guest   %wait    %CPU   CPU  Command
04:28:47        0     46383   15.00    0.00    0.00    0.00   15.00     3  cartographer_no

04:28:46      UID       PID  minflt/s  majflt/s     VSZ     RSS   %MEM  Command
04:28:47        0     46383      0.00      0.00 1577480  173612   1.11  cartographer_no

04:28:47      UID       PID    %usr %system  %guest   %wait    %CPU   CPU  Command
04:28:48        0     46383   15.00    0.00    0.00    0.00   15.00     2  cartographer_no

04:28:47      UID       PID  minflt/s  majflt/s     VSZ     RSS   %MEM  Command
04:28:48        0     46383      0.00      0.00 1577480  173612   1.11  cartographer_no

04:28:48      UID       PID    %usr %system  %guest   %wait    %CPU   CPU  Command
04:28:49        0     46383   14.00    1.00    0.00    0.00   15.00     2  cartographer_no

04:28:48      UID       PID  minflt/s  majflt/s     VSZ     RSS   %MEM  Command
04:28:49        0     46383      0.00      0.00 1577480  173612   1.11  cartographer_no

04:28:49      UID       PID    %usr %system  %guest   %wait    %CPU   CPU  Command
04:28:50        0     46383   15.00    0.00    0.00    0.00   15.00     8  cartographer_no

04:28:49      UID       PID  minflt/s  majflt/s     VSZ     RSS   %MEM  Command
04:28:50        0     46383      0.00      0.00 1577480  173612   1.11  cartographer_no

04:28:50      UID       PID    %usr %system  %guest   %wait    %CPU   CPU  Command
04:28:51        0     46383   13.00    3.00    0.00    0.00   16.00     8  cartographer_no

04:28:50      UID       PID  minflt/s  majflt/s     VSZ     RSS   %MEM  Command
04:28:51        0     46383      0.00      0.00 1577480  173612   1.11  cartographer_no

04:28:51      UID       PID    %usr %system  %guest   %wait    %CPU   CPU  Command
04:28:52        0     46383   14.00    2.00    0.00    0.00   16.00     8  cartographer_no

04:28:51      UID       PID  minflt/s  majflt/s     VSZ     RSS   %MEM  Command
04:28:52        0     46383      0.00      0.00 1577480  173612   1.11  cartographer_no

04:28:52      UID       PID    %usr %system  %guest   %wait    %CPU   CPU  Command
04:28:53        0     46383   15.00    0.00    0.00    0.00   15.00     2  cartographer_no

04:28:52      UID       PID  minflt/s  majflt/s     VSZ     RSS   %MEM  Command
04:28:53        0     46383      0.00      0.00 1577480  173612   1.11  cartographer_no

04:28:53      UID       PID    %usr %system  %guest   %wait    %CPU   CPU  Command
04:28:54        0     46383   14.00    1.00    0.00    0.00   15.00     3  cartographer_no

04:28:53      UID       PID  minflt/s  majflt/s     VSZ     RSS   %MEM  Command
04:28:54        0     46383      0.00      0.00 1577480  173612   1.11  cartographer_no

04:28:54      UID       PID    %usr %system  %guest   %wait    %CPU   CPU  Command
04:28:55        0     46383   14.00    0.00    0.00    0.00   14.00     2  cartographer_no

04:28:54      UID       PID  minflt/s  majflt/s     VSZ     RSS   %MEM  Command
04:28:55        0     46383      0.00      0.00 1577480  173612   1.11  cartographer_no

04:28:55      UID       PID    %usr %system  %guest   %wait    %CPU   CPU  Command
04:28:56        0     46383   15.00    1.00    0.00    0.00   16.00     2  cartographer_no

04:28:55      UID       PID  minflt/s  majflt/s     VSZ     RSS   %MEM  Command
04:28:56        0     46383      0.00      0.00 1577480  173612   1.11  cartographer_no

04:28:56      UID       PID    %usr %system  %guest   %wait    %CPU   CPU  Command
04:28:57        0     46383   14.00    0.00    0.00    0.00   14.00    10  cartographer_no

04:28:56      UID       PID  minflt/s  majflt/s     VSZ     RSS   %MEM  Command
04:28:57        0     46383      0.00      0.00 1577480  173612   1.11  cartographer_no

04:28:57      UID       PID    %usr %system  %guest   %wait    %CPU   CPU  Command
04:28:58        0     46383   15.00    1.00    0.00    0.00   16.00     2  cartographer_no

04:28:57      UID       PID  minflt/s  majflt/s     VSZ     RSS   %MEM  Command
04:28:58        0     46383      0.00      0.00 1577480  173612   1.11  cartographer_no

04:28:58      UID       PID    %usr %system  %guest   %wait    %CPU   CPU  Command
04:28:59        0     46383   14.00    1.00    0.00    0.00   15.00     2  cartographer_no

04:28:58      UID       PID  minflt/s  majflt/s     VSZ     RSS   %MEM  Command
04:28:59        0     46383      0.00      0.00 1577480  173612   1.11  cartographer_no

04:28:59      UID       PID    %usr %system  %guest   %wait    %CPU   CPU  Command
04:29:00        0     46383   15.00    1.00    0.00    0.00   16.00     3  cartographer_no

04:28:59      UID       PID  minflt/s  majflt/s     VSZ     RSS   %MEM  Command
04:29:00        0     46383      0.00      0.00 1577480  173612   1.11  cartographer_no

04:29:00      UID       PID    %usr %system  %guest   %wait    %CPU   CPU  Command
04:29:01        0     46383   15.00    1.00    0.00    0.00   16.00     8  cartographer_no

04:29:00      UID       PID  minflt/s  majflt/s     VSZ     RSS   %MEM  Command
04:29:01        0     46383      0.00      0.00 1577480  173612   1.11  cartographer_no

04:29:01      UID       PID    %usr %system  %guest   %wait    %CPU   CPU  Command
04:29:02        0     46383   14.00    1.00    0.00    0.00   15.00     6  cartographer_no

04:29:01      UID       PID  minflt/s  majflt/s     VSZ     RSS   %MEM  Command
04:29:02        0     46383      0.00      0.00 1577480  173612   1.11  cartographer_no

04:29:02      UID       PID    %usr %system  %guest   %wait    %CPU   CPU  Command
04:29:03        0     46383   16.00    1.00    0.00    0.00   17.00     6  cartographer_no

04:29:02      UID       PID  minflt/s  majflt/s     VSZ     RSS   %MEM  Command
04:29:03        0     46383      0.00      0.00 1577480  173612   1.11  cartographer_no

04:29:03      UID       PID    %usr %system  %guest   %wait    %CPU   CPU  Command
04:29:04        0     46383   14.00    0.00    0.00    0.00   14.00     8  cartographer_no

04:29:03      UID       PID  minflt/s  majflt/s     VSZ     RSS   %MEM  Command
04:29:04        0     46383      0.00      0.00 1577480  173612   1.11  cartographer_no

04:29:04      UID       PID    %usr %system  %guest   %wait    %CPU   CPU  Command
04:29:05        0     46383   15.00    0.00    0.00    1.00   15.00     6  cartographer_no

04:29:04      UID       PID  minflt/s  majflt/s     VSZ     RSS   %MEM  Command
04:29:05        0     46383      0.00      0.00 1577480  173612   1.11  cartographer_no

04:29:05      UID       PID    %usr %system  %guest   %wait    %CPU   CPU  Command
04:29:06        0     46383   15.00    1.00    0.00    0.00   16.00     2  cartographer_no

04:29:05      UID       PID  minflt/s  majflt/s     VSZ     RSS   %MEM  Command
04:29:06        0     46383      0.00      0.00 1577480  173612   1.11  cartographer_no

04:29:06      UID       PID    %usr %system  %guest   %wait    %CPU   CPU  Command
04:29:07        0     46383   16.00    1.00    0.00    0.00   17.00     0  cartographer_no

04:29:06      UID       PID  minflt/s  majflt/s     VSZ     RSS   %MEM  Command
04:29:07        0     46383      0.00      0.00 1577480  173612   1.11  cartographer_no

04:29:07      UID       PID    %usr %system  %guest   %wait    %CPU   CPU  Command
04:29:08        0     46383   46.00    0.00    0.00    0.00   46.00     4  cartographer_no

04:29:07      UID       PID  minflt/s  majflt/s     VSZ     RSS   %MEM  Command
04:29:08        0     46383      0.00      0.00 1577480  173612   1.11  cartographer_no

04:29:08      UID       PID    %usr %system  %guest   %wait    %CPU   CPU  Command
04:29:09        0     46383   30.00    1.00    0.00    0.00   31.00     6  cartographer_no

04:29:08      UID       PID  minflt/s  majflt/s     VSZ     RSS   %MEM  Command
04:29:09        0     46383      0.00      0.00 1577480  173612   1.11  cartographer_no

04:29:09      UID       PID    %usr %system  %guest   %wait    %CPU   CPU  Command
04:29:10        0     46383   14.00    1.00    0.00    0.00   15.00     0  cartographer_no

04:29:09      UID       PID  minflt/s  majflt/s     VSZ     RSS   %MEM  Command
04:29:10        0     46383      0.00      0.00 1577480  173612   1.11  cartographer_no

04:29:10      UID       PID    %usr %system  %guest   %wait    %CPU   CPU  Command
04:29:11        0     46383   14.00    1.00    0.00    0.00   15.00     4  cartographer_no

04:29:10      UID       PID  minflt/s  majflt/s     VSZ     RSS   %MEM  Command
04:29:11        0     46383      0.00      0.00 1577480  173612   1.11  cartographer_no

04:29:11      UID       PID    %usr %system  %guest   %wait    %CPU   CPU  Command
04:29:12        0     46383   15.00    0.00    0.00    0.00   15.00     3  cartographer_no

04:29:11      UID       PID  minflt/s  majflt/s     VSZ     RSS   %MEM  Command
04:29:12        0     46383      0.00      0.00 1577480  173612   1.11  cartographer_no

04:29:12      UID       PID    %usr %system  %guest   %wait    %CPU   CPU  Command
04:29:13        0     46383   16.00    0.00    0.00    0.00   16.00     7  cartographer_no

04:29:12      UID       PID  minflt/s  majflt/s     VSZ     RSS   %MEM  Command
04:29:13        0     46383      0.00      0.00 1577480  173612   1.11  cartographer_no

04:29:13      UID       PID    %usr %system  %guest   %wait    %CPU   CPU  Command
04:29:14        0     46383   16.00    1.00    0.00    0.00   17.00     7  cartographer_no

04:29:13      UID       PID  minflt/s  majflt/s     VSZ     RSS   %MEM  Command
04:29:14        0     46383      0.00      0.00 1577480  173612   1.11  cartographer_no

04:29:14      UID       PID    %usr %system  %guest   %wait    %CPU   CPU  Command
04:29:15        0     46383   17.00    1.00    0.00    0.00   18.00     7  cartographer_no

04:29:14      UID       PID  minflt/s  majflt/s     VSZ     RSS   %MEM  Command
04:29:15        0     46383      0.00      0.00 1577480  173612   1.11  cartographer_no

04:29:15      UID       PID    %usr %system  %guest   %wait    %CPU   CPU  Command
04:29:16        0     46383   16.00    0.00    0.00    0.00   16.00     7  cartographer_no

04:29:15      UID       PID  minflt/s  majflt/s     VSZ     RSS   %MEM  Command
04:29:16        0     46383      0.00      0.00 1577480  173612   1.11  cartographer_no

04:29:16      UID       PID    %usr %system  %guest   %wait    %CPU   CPU  Command
04:29:17        0     46383   16.00    0.00    0.00    0.00   16.00     7  cartographer_no

04:29:16      UID       PID  minflt/s  majflt/s     VSZ     RSS   %MEM  Command
04:29:17        0     46383      0.00      0.00 1577480  173612   1.11  cartographer_no

04:29:17      UID       PID    %usr %system  %guest   %wait    %CPU   CPU  Command
04:29:18        0     46383   16.00    1.00    0.00    0.00   17.00     6  cartographer_no

04:29:17      UID       PID  minflt/s  majflt/s     VSZ     RSS   %MEM  Command
04:29:18        0     46383      0.00      0.00 1577480  173612   1.11  cartographer_no

04:29:18      UID       PID    %usr %system  %guest   %wait    %CPU   CPU  Command
04:29:19        0     46383   13.00    1.00    0.00    0.00   14.00     6  cartographer_no

04:29:18      UID       PID  minflt/s  majflt/s     VSZ     RSS   %MEM  Command
04:29:19        0     46383      0.00      0.00 1577480  173612   1.11  cartographer_no

04:29:19      UID       PID    %usr %system  %guest   %wait    %CPU   CPU  Command
04:29:20        0     46383   17.00    0.00    0.00    0.00   17.00     2  cartographer_no

04:29:19      UID       PID  minflt/s  majflt/s     VSZ     RSS   %MEM  Command
04:29:20        0     46383      0.00      0.00 1577480  173612   1.11  cartographer_no

04:29:20      UID       PID    %usr %system  %guest   %wait    %CPU   CPU  Command
04:29:21        0     46383   16.00    1.00    0.00    0.00   17.00    10  cartographer_no

04:29:20      UID       PID  minflt/s  majflt/s     VSZ     RSS   %MEM  Command
04:29:21        0     46383      0.00      0.00 1577480  173612   1.11  cartographer_no

04:29:21      UID       PID    %usr %system  %guest   %wait    %CPU   CPU  Command
04:29:22        0     46383   24.00    1.00    0.00    0.00   25.00    10  cartographer_no

04:29:21      UID       PID  minflt/s  majflt/s     VSZ     RSS   %MEM  Command
04:29:22        0     46383    312.00      0.00 1577480  174508   1.12  cartographer_no

04:29:22      UID       PID    %usr %system  %guest   %wait    %CPU   CPU  Command
04:29:23        0     46383   16.00    1.00    0.00    0.00   17.00     8  cartographer_no

04:29:22      UID       PID  minflt/s  majflt/s     VSZ     RSS   %MEM  Command
04:29:23        0     46383      0.00      0.00 1577480  174508   1.12  cartographer_no

04:29:23      UID       PID    %usr %system  %guest   %wait    %CPU   CPU  Command
04:29:24        0     46383   15.00    1.00    0.00    0.00   16.00    12  cartographer_no

04:29:23      UID       PID  minflt/s  majflt/s     VSZ     RSS   %MEM  Command
04:29:24        0     46383      0.00      0.00 1577480  174508   1.12  cartographer_no

04:29:24      UID       PID    %usr %system  %guest   %wait    %CPU   CPU  Command
04:29:25        0     46383   15.00    0.00    0.00    0.00   15.00    12  cartographer_no

04:29:24      UID       PID  minflt/s  majflt/s     VSZ     RSS   %MEM  Command
04:29:25        0     46383      0.00      0.00 1577480  174508   1.12  cartographer_no

04:29:25      UID       PID    %usr %system  %guest   %wait    %CPU   CPU  Command
04:29:26        0     46383   16.00    0.00    0.00    0.00   16.00     3  cartographer_no

04:29:25      UID       PID  minflt/s  majflt/s     VSZ     RSS   %MEM  Command
04:29:26        0     46383      0.00      0.00 1577480  174508   1.12  cartographer_no

04:29:26      UID       PID    %usr %system  %guest   %wait    %CPU   CPU  Command
04:29:27        0     46383   14.00    1.00    0.00    0.00   15.00     2  cartographer_no

04:29:26      UID       PID  minflt/s  majflt/s     VSZ     RSS   %MEM  Command
04:29:27        0     46383      0.00      0.00 1577480  174508   1.12  cartographer_no

04:29:27      UID       PID    %usr %system  %guest   %wait    %CPU   CPU  Command
04:29:28        0     46383   15.00    0.00    0.00    0.00   15.00     8  cartographer_no

04:29:27      UID       PID  minflt/s  majflt/s     VSZ     RSS   %MEM  Command
04:29:28        0     46383      0.00      0.00 1577480  174508   1.12  cartographer_no

04:29:28      UID       PID    %usr %system  %guest   %wait    %CPU   CPU  Command
04:29:29        0     46383   15.00    1.00    0.00    0.00   16.00    10  cartographer_no

04:29:28      UID       PID  minflt/s  majflt/s     VSZ     RSS   %MEM  Command
04:29:29        0     46383      0.00      0.00 1577480  174508   1.12  cartographer_no

04:29:29      UID       PID    %usr %system  %guest   %wait    %CPU   CPU  Command
04:29:30        0     46383   15.00    0.00    0.00    0.00   15.00     4  cartographer_no

04:29:29      UID       PID  minflt/s  majflt/s     VSZ     RSS   %MEM  Command
04:29:30        0     46383      0.00      0.00 1577480  174508   1.12  cartographer_no

04:29:30      UID       PID    %usr %system  %guest   %wait    %CPU   CPU  Command
04:29:31        0     46383   17.00    1.00    0.00    0.00   18.00    12  cartographer_no

04:29:30      UID       PID  minflt/s  majflt/s     VSZ     RSS   %MEM  Command
04:29:31        0     46383      0.00      0.00 1577480  174508   1.12  cartographer_no

04:29:31      UID       PID    %usr %system  %guest   %wait    %CPU   CPU  Command
04:29:32        0     46383   12.00    0.00    0.00    0.00   12.00     7  cartographer_no

04:29:31      UID       PID  minflt/s  majflt/s     VSZ     RSS   %MEM  Command
04:29:32        0     46383      0.00      0.00 1577480  174508   1.12  cartographer_no

04:29:32      UID       PID    %usr %system  %guest   %wait    %CPU   CPU  Command
04:29:33        0     46383   17.00    1.00    0.00    0.00   18.00     7  cartographer_no

04:29:32      UID       PID  minflt/s  majflt/s     VSZ     RSS   %MEM  Command
04:29:33        0     46383      0.00      0.00 1577480  174508   1.12  cartographer_no

04:29:33      UID       PID    %usr %system  %guest   %wait    %CPU   CPU  Command
04:29:34        0     46383   16.00    1.00    0.00    0.00   17.00    10  cartographer_no

04:29:33      UID       PID  minflt/s  majflt/s     VSZ     RSS   %MEM  Command
04:29:34        0     46383      0.00      0.00 1577480  174508   1.12  cartographer_no

04:29:34      UID       PID    %usr %system  %guest   %wait    %CPU   CPU  Command
04:29:35        0     46383   15.00    0.00    0.00    0.00   15.00     0  cartographer_no

04:29:34      UID       PID  minflt/s  majflt/s     VSZ     RSS   %MEM  Command
04:29:35        0     46383      0.00      0.00 1577480  174508   1.12  cartographer_no

04:29:35      UID       PID    %usr %system  %guest   %wait    %CPU   CPU  Command
04:29:36        0     46383   15.00    1.00    0.00    0.00   16.00     6  cartographer_no

04:29:35      UID       PID  minflt/s  majflt/s     VSZ     RSS   %MEM  Command
04:29:36        0     46383      0.00      0.00 1577480  174508   1.12  cartographer_no

04:29:36      UID       PID    %usr %system  %guest   %wait    %CPU   CPU  Command
04:29:37        0     46383   17.00    1.00    0.00    0.00   18.00     2  cartographer_no

04:29:36      UID       PID  minflt/s  majflt/s     VSZ     RSS   %MEM  Command
04:29:37        0     46383      0.00      0.00 1577480  174508   1.12  cartographer_no

04:29:37      UID       PID    %usr %system  %guest   %wait    %CPU   CPU  Command
04:29:38        0     46383   16.00    1.00    0.00    0.00   17.00     6  cartographer_no

04:29:37      UID       PID  minflt/s  majflt/s     VSZ     RSS   %MEM  Command
04:29:38        0     46383      0.00      0.00 1577480  174508   1.12  cartographer_no

04:29:38      UID       PID    %usr %system  %guest   %wait    %CPU   CPU  Command
04:29:39        0     46383   16.00    0.00    0.00    0.00   16.00     8  cartographer_no

04:29:38      UID       PID  minflt/s  majflt/s     VSZ     RSS   %MEM  Command
04:29:39        0     46383      0.00      0.00 1577480  174508   1.12  cartographer_no

04:29:39      UID       PID    %usr %system  %guest   %wait    %CPU   CPU  Command
04:29:40        0     46383   16.00    1.00    0.00    0.00   17.00     3  cartographer_no

04:29:39      UID       PID  minflt/s  majflt/s     VSZ     RSS   %MEM  Command
04:29:40        0     46383      0.00      0.00 1577480  174508   1.12  cartographer_no

04:29:40      UID       PID    %usr %system  %guest   %wait    %CPU   CPU  Command
04:29:41        0     46383   16.00    1.00    0.00    0.00   17.00     2  cartographer_no

04:29:40      UID       PID  minflt/s  majflt/s     VSZ     RSS   %MEM  Command
04:29:41        0     46383      0.00      0.00 1577480  174508   1.12  cartographer_no

04:29:41      UID       PID    %usr %system  %guest   %wait    %CPU   CPU  Command
04:29:42        0     46383   14.00    1.00    0.00    0.00   15.00     2  cartographer_no

04:29:41      UID       PID  minflt/s  majflt/s     VSZ     RSS   %MEM  Command
04:29:42        0     46383      0.00      0.00 1577480  174508   1.12  cartographer_no

04:29:42      UID       PID    %usr %system  %guest   %wait    %CPU   CPU  Command
04:29:43        0     46383   15.00    0.00    0.00    0.00   15.00     2  cartographer_no

04:29:42      UID       PID  minflt/s  majflt/s     VSZ     RSS   %MEM  Command
04:29:43        0     46383      0.00      0.00 1577480  174508   1.12  cartographer_no

04:29:43      UID       PID    %usr %system  %guest   %wait    %CPU   CPU  Command
04:29:44        0     46383   13.00    0.00    0.00    0.00   13.00    11  cartographer_no

04:29:43      UID       PID  minflt/s  majflt/s     VSZ     RSS   %MEM  Command
04:29:44        0     46383      0.00      0.00 1577480  174508   1.12  cartographer_no

04:29:44      UID       PID    %usr %system  %guest   %wait    %CPU   CPU  Command
04:29:45        0     46383   11.00    1.00    0.00    1.00   12.00     6  cartographer_no

04:29:44      UID       PID  minflt/s  majflt/s     VSZ     RSS   %MEM  Command
04:29:45        0     46383      0.00      0.00 1577480  174508   1.12  cartographer_no

04:29:45      UID       PID    %usr %system  %guest   %wait    %CPU   CPU  Command
04:29:46        0     46383   12.00    1.00    0.00    0.00   13.00     6  cartographer_no

04:29:45      UID       PID  minflt/s  majflt/s     VSZ     RSS   %MEM  Command
04:29:46        0     46383      0.00      0.00 1577480  174508   1.12  cartographer_no

04:29:46      UID       PID    %usr %system  %guest   %wait    %CPU   CPU  Command
04:29:47        0     46383   12.00    0.00    0.00    0.00   12.00    14  cartographer_no

04:29:46      UID       PID  minflt/s  majflt/s     VSZ     RSS   %MEM  Command
04:29:47        0     46383      0.00      0.00 1577480  174508   1.12  cartographer_no

04:29:47      UID       PID    %usr %system  %guest   %wait    %CPU   CPU  Command
04:29:48        0     46383   12.00    1.00    0.00    0.00   13.00     2  cartographer_no

04:29:47      UID       PID  minflt/s  majflt/s     VSZ     RSS   %MEM  Command
04:29:48        0     46383      0.00      0.00 1577480  174508   1.12  cartographer_no

04:29:48      UID       PID    %usr %system  %guest   %wait    %CPU   CPU  Command
04:29:49        0     46383   12.00    1.00    0.00    0.00   13.00     8  cartographer_no

04:29:48      UID       PID  minflt/s  majflt/s     VSZ     RSS   %MEM  Command
04:29:49        0     46383      0.00      0.00 1577480  174508   1.12  cartographer_no

04:29:49      UID       PID    %usr %system  %guest   %wait    %CPU   CPU  Command
04:29:50        0     46383   12.00    0.00    0.00    0.00   12.00     0  cartographer_no

04:29:49      UID       PID  minflt/s  majflt/s     VSZ     RSS   %MEM  Command
04:29:50        0     46383      0.00      0.00 1577480  174508   1.12  cartographer_no

04:29:50      UID       PID    %usr %system  %guest   %wait    %CPU   CPU  Command
04:29:51        0     46383   15.00    1.00    0.00    0.00   16.00     6  cartographer_no

04:29:50      UID       PID  minflt/s  majflt/s     VSZ     RSS   %MEM  Command
04:29:51        0     46383      0.00      0.00 1577480  174508   1.12  cartographer_no

04:29:51      UID       PID    %usr %system  %guest   %wait    %CPU   CPU  Command
04:29:52        0     46383   18.00    1.00    0.00    0.00   19.00     1  cartographer_no

04:29:51      UID       PID  minflt/s  majflt/s     VSZ     RSS   %MEM  Command
04:29:52        0     46383      0.00      0.00 1577480  174508   1.12  cartographer_no

04:29:52      UID       PID    %usr %system  %guest   %wait    %CPU   CPU  Command
04:29:53        0     46383   14.00    0.00    0.00    0.00   14.00     8  cartographer_no

04:29:52      UID       PID  minflt/s  majflt/s     VSZ     RSS   %MEM  Command
04:29:53        0     46383      0.00      0.00 1577480  174508   1.12  cartographer_no

04:29:53      UID       PID    %usr %system  %guest   %wait    %CPU   CPU  Command
04:29:54        0     46383   15.00    1.00    0.00    0.00   16.00     7  cartographer_no

04:29:53      UID       PID  minflt/s  majflt/s     VSZ     RSS   %MEM  Command
04:29:54        0     46383      0.00      0.00 1577480  174508   1.12  cartographer_no

04:29:54      UID       PID    %usr %system  %guest   %wait    %CPU   CPU  Command
04:29:55        0     46383   76.00    0.00    0.00    0.00   76.00     0  cartographer_no

04:29:54      UID       PID  minflt/s  majflt/s     VSZ     RSS   %MEM  Command
04:29:55        0     46383      0.00      0.00 1577480  174508   1.12  cartographer_no

04:29:55      UID       PID    %usr %system  %guest   %wait    %CPU   CPU  Command
04:29:56        0     46383   12.00    1.00    0.00    0.00   13.00     0  cartographer_no

04:29:55      UID       PID  minflt/s  majflt/s     VSZ     RSS   %MEM  Command
04:29:56        0     46383      0.00      0.00 1577480  174508   1.12  cartographer_no

04:29:56      UID       PID    %usr %system  %guest   %wait    %CPU   CPU  Command
04:29:57        0     46383   14.00    1.00    0.00    0.00   15.00     8  cartographer_no

04:29:56      UID       PID  minflt/s  majflt/s     VSZ     RSS   %MEM  Command
04:29:57        0     46383      0.00      0.00 1577480  174508   1.12  cartographer_no

04:29:57      UID       PID    %usr %system  %guest   %wait    %CPU   CPU  Command
04:29:58        0     46383   14.00    1.00    0.00    0.00   15.00     8  cartographer_no

04:29:57      UID       PID  minflt/s  majflt/s     VSZ     RSS   %MEM  Command
04:29:58        0     46383      0.00      0.00 1577480  174508   1.12  cartographer_no

04:29:58      UID       PID    %usr %system  %guest   %wait    %CPU   CPU  Command
04:29:59        0     46383   14.00    1.00    0.00    0.00   15.00     2  cartographer_no

04:29:58      UID       PID  minflt/s  majflt/s     VSZ     RSS   %MEM  Command
04:29:59        0     46383      0.00      0.00 1577480  174508   1.12  cartographer_no

04:29:59      UID       PID    %usr %system  %guest   %wait    %CPU   CPU  Command
04:30:00        0     46383   14.00    0.00    0.00    0.00   14.00     7  cartographer_no

04:29:59      UID       PID  minflt/s  majflt/s     VSZ     RSS   %MEM  Command
04:30:00        0     46383      0.00      0.00 1577480  174508   1.12  cartographer_no

04:30:00      UID       PID    %usr %system  %guest   %wait    %CPU   CPU  Command
04:30:01        0     46383   15.00    0.00    0.00    0.00   15.00    12  cartographer_no

04:30:00      UID       PID  minflt/s  majflt/s     VSZ     RSS   %MEM  Command
04:30:01        0     46383      0.00      0.00 1577480  174508   1.12  cartographer_no

04:30:01      UID       PID    %usr %system  %guest   %wait    %CPU   CPU  Command
04:30:02        0     46383   13.00    1.00    0.00    0.00   14.00     6  cartographer_no

04:30:01      UID       PID  minflt/s  majflt/s     VSZ     RSS   %MEM  Command
04:30:02        0     46383      0.00      0.00 1577480  174508   1.12  cartographer_no

04:30:02      UID       PID    %usr %system  %guest   %wait    %CPU   CPU  Command
04:30:03        0     46383   11.00    0.00    0.00    0.00   11.00     2  cartographer_no

04:30:02      UID       PID  minflt/s  majflt/s     VSZ     RSS   %MEM  Command
04:30:03        0     46383      0.00      0.00 1577480  174508   1.12  cartographer_no

04:30:03      UID       PID    %usr %system  %guest   %wait    %CPU   CPU  Command
04:30:04        0     46383   12.00    0.00    0.00    0.00   12.00    12  cartographer_no

04:30:03      UID       PID  minflt/s  majflt/s     VSZ     RSS   %MEM  Command
04:30:04        0     46383      0.00      0.00 1577480  174508   1.12  cartographer_no

04:30:04      UID       PID    %usr %system  %guest   %wait    %CPU   CPU  Command
04:30:05        0     46383   12.00    1.00    0.00    0.00   13.00    12  cartographer_no

04:30:04      UID       PID  minflt/s  majflt/s     VSZ     RSS   %MEM  Command
04:30:05        0     46383      0.00      0.00 1577480  174508   1.12  cartographer_no

04:30:05      UID       PID    %usr %system  %guest   %wait    %CPU   CPU  Command
04:30:06        0     46383   13.00    1.00    0.00    0.00   14.00    14  cartographer_no

04:30:05      UID       PID  minflt/s  majflt/s     VSZ     RSS   %MEM  Command
04:30:06        0     46383      0.00      0.00 1577480  174508   1.12  cartographer_no

04:30:06      UID       PID    %usr %system  %guest   %wait    %CPU   CPU  Command
04:30:07        0     46383   14.00    0.00    0.00    0.00   14.00     4  cartographer_no

04:30:06      UID       PID  minflt/s  majflt/s     VSZ     RSS   %MEM  Command
04:30:07        0     46383      0.00      0.00 1577480  174508   1.12  cartographer_no

04:30:07      UID       PID    %usr %system  %guest   %wait    %CPU   CPU  Command
04:30:08        0     46383   14.00    1.00    0.00    0.00   15.00     7  cartographer_no

04:30:07      UID       PID  minflt/s  majflt/s     VSZ     RSS   %MEM  Command
04:30:08        0     46383      0.00      0.00 1577480  174508   1.12  cartographer_no

04:30:08      UID       PID    %usr %system  %guest   %wait    %CPU   CPU  Command
04:30:09        0     46383   23.00    1.00    0.00    0.00   24.00     6  cartographer_no

04:30:08      UID       PID  minflt/s  majflt/s     VSZ     RSS   %MEM  Command
04:30:09        0     46383    196.00      0.00 1577480  175276   1.12  cartographer_no

04:30:09      UID       PID    %usr %system  %guest   %wait    %CPU   CPU  Command
04:30:10        0     46383   15.00    0.00    0.00    0.00   15.00     2  cartographer_no

04:30:09      UID       PID  minflt/s  majflt/s     VSZ     RSS   %MEM  Command
04:30:10        0     46383      0.00      0.00 1577480  175276   1.12  cartographer_no

04:30:10      UID       PID    %usr %system  %guest   %wait    %CPU   CPU  Command
04:30:11        0     46383   14.00    0.00    0.00    0.00   14.00    14  cartographer_no

04:30:10      UID       PID  minflt/s  majflt/s     VSZ     RSS   %MEM  Command
04:30:11        0     46383      0.00      0.00 1577480  175276   1.12  cartographer_no

04:30:11      UID       PID    %usr %system  %guest   %wait    %CPU   CPU  Command
04:30:12        0     46383   14.00    1.00    0.00    0.00   15.00     2  cartographer_no

04:30:11      UID       PID  minflt/s  majflt/s     VSZ     RSS   %MEM  Command
04:30:12        0     46383      0.00      0.00 1577480  175276   1.12  cartographer_no

04:30:12      UID       PID    %usr %system  %guest   %wait    %CPU   CPU  Command
04:30:13        0     46383   14.00    1.00    0.00    0.00   15.00     2  cartographer_no

04:30:12      UID       PID  minflt/s  majflt/s     VSZ     RSS   %MEM  Command
04:30:13        0     46383      0.00      0.00 1577480  175276   1.12  cartographer_no

04:30:13      UID       PID    %usr %system  %guest   %wait    %CPU   CPU  Command
04:30:14        0     46383   13.00    0.00    0.00    0.00   13.00     0  cartographer_no

04:30:13      UID       PID  minflt/s  majflt/s     VSZ     RSS   %MEM  Command
04:30:14        0     46383      0.00      0.00 1577480  175276   1.12  cartographer_no

04:30:14      UID       PID    %usr %system  %guest   %wait    %CPU   CPU  Command
04:30:15        0     46383   13.00    1.00    0.00    0.00   14.00     7  cartographer_no

04:30:14      UID       PID  minflt/s  majflt/s     VSZ     RSS   %MEM  Command
04:30:15        0     46383      0.00      0.00 1577480  175276   1.12  cartographer_no

04:30:15      UID       PID    %usr %system  %guest   %wait    %CPU   CPU  Command
04:30:16        0     46383   14.00    1.00    0.00    0.00   15.00     7  cartographer_no

04:30:15      UID       PID  minflt/s  majflt/s     VSZ     RSS   %MEM  Command
04:30:16        0     46383      0.00      0.00 1577480  175276   1.12  cartographer_no

04:30:16      UID       PID    %usr %system  %guest   %wait    %CPU   CPU  Command
04:30:17        0     46383   14.00    0.00    0.00    0.00   14.00     6  cartographer_no

04:30:16      UID       PID  minflt/s  majflt/s     VSZ     RSS   %MEM  Command
04:30:17        0     46383      0.00      0.00 1577480  175276   1.12  cartographer_no

04:30:17      UID       PID    %usr %system  %guest   %wait    %CPU   CPU  Command
04:30:18        0     46383   13.00    0.00    0.00    0.00   13.00     3  cartographer_no

04:30:17      UID       PID  minflt/s  majflt/s     VSZ     RSS   %MEM  Command
04:30:18        0     46383      0.00      0.00 1577480  175276   1.12  cartographer_no

04:30:18      UID       PID    %usr %system  %guest   %wait    %CPU   CPU  Command
04:30:19        0     46383   13.00    1.00    0.00    0.00   14.00     2  cartographer_no

04:30:18      UID       PID  minflt/s  majflt/s     VSZ     RSS   %MEM  Command
04:30:19        0     46383      0.00      0.00 1577480  175276   1.12  cartographer_no

04:30:19      UID       PID    %usr %system  %guest   %wait    %CPU   CPU  Command
04:30:20        0     46383   12.00    1.00    0.00    0.00   13.00     6  cartographer_no

04:30:19      UID       PID  minflt/s  majflt/s     VSZ     RSS   %MEM  Command
04:30:20        0     46383      0.00      0.00 1577480  175276   1.12  cartographer_no

04:30:20      UID       PID    %usr %system  %guest   %wait    %CPU   CPU  Command
04:30:21        0     46383   12.00    0.00    0.00    0.00   12.00     2  cartographer_no

04:30:20      UID       PID  minflt/s  majflt/s     VSZ     RSS   %MEM  Command
04:30:21        0     46383      0.00      0.00 1577480  175276   1.12  cartographer_no

04:30:21      UID       PID    %usr %system  %guest   %wait    %CPU   CPU  Command
04:30:22        0     46383   12.87    0.99    0.00    0.00   13.86     4  cartographer_no

04:30:21      UID       PID  minflt/s  majflt/s     VSZ     RSS   %MEM  Command
04:30:22        0     46383      0.00      0.00 1577480  175276   1.12  cartographer_no

04:30:22      UID       PID    %usr %system  %guest   %wait    %CPU   CPU  Command
04:30:23        0     46383   12.00    0.00    0.00    0.00   12.00     3  cartographer_no

04:30:22      UID       PID  minflt/s  majflt/s     VSZ     RSS   %MEM  Command
04:30:23        0     46383      0.00      0.00 1577480  175276   1.12  cartographer_no

04:30:23      UID       PID    %usr %system  %guest   %wait    %CPU   CPU  Command
04:30:24        0     46383   14.00    1.00    0.00    0.00   15.00     3  cartographer_no

04:30:23      UID       PID  minflt/s  majflt/s     VSZ     RSS   %MEM  Command
04:30:24        0     46383      0.00      0.00 1577480  175276   1.12  cartographer_no

04:30:24      UID       PID    %usr %system  %guest   %wait    %CPU   CPU  Command
04:30:25        0     46383   14.00    1.00    0.00    0.00   15.00     4  cartographer_no

04:30:24      UID       PID  minflt/s  majflt/s     VSZ     RSS   %MEM  Command
04:30:25        0     46383      0.00      0.00 1577480  175276   1.12  cartographer_no

04:30:25      UID       PID    %usr %system  %guest   %wait    %CPU   CPU  Command
04:30:26        0     46383   13.00    0.00    0.00    0.00   13.00     7  cartographer_no

04:30:25      UID       PID  minflt/s  majflt/s     VSZ     RSS   %MEM  Command
04:30:26        0     46383      0.00      0.00 1577480  175276   1.12  cartographer_no

04:30:26      UID       PID    %usr %system  %guest   %wait    %CPU   CPU  Command
04:30:27        0     46383   15.00    1.00    0.00    0.00   16.00     6  cartographer_no

04:30:26      UID       PID  minflt/s  majflt/s     VSZ     RSS   %MEM  Command
04:30:27        0     46383      0.00      0.00 1577480  175276   1.12  cartographer_no

04:30:27      UID       PID    %usr %system  %guest   %wait    %CPU   CPU  Command
04:30:28        0     46383   14.00    0.00    0.00    0.00   14.00     0  cartographer_no

04:30:27      UID       PID  minflt/s  majflt/s     VSZ     RSS   %MEM  Command
04:30:28        0     46383      0.00      0.00 1577480  175276   1.12  cartographer_no

04:30:28      UID       PID    %usr %system  %guest   %wait    %CPU   CPU  Command
04:30:29        0     46383   15.00    1.00    0.00    0.00   16.00     2  cartographer_no

04:30:28      UID       PID  minflt/s  majflt/s     VSZ     RSS   %MEM  Command
04:30:29        0     46383      1.00      0.00 1577480  175276   1.12  cartographer_no

04:30:29      UID       PID    %usr %system  %guest   %wait    %CPU   CPU  Command
04:30:30        0     46383   13.00    1.00    0.00    0.00   14.00     8  cartographer_no

04:30:29      UID       PID  minflt/s  majflt/s     VSZ     RSS   %MEM  Command
04:30:30        0     46383      0.00      0.00 1577480  175276   1.12  cartographer_no

04:30:30      UID       PID    %usr %system  %guest   %wait    %CPU   CPU  Command
04:30:31        0     46383   13.00    0.00    0.00    0.00   13.00     2  cartographer_no

04:30:30      UID       PID  minflt/s  majflt/s     VSZ     RSS   %MEM  Command
04:30:31        0     46383      0.00      0.00 1577480  175276   1.12  cartographer_no

04:30:31      UID       PID    %usr %system  %guest   %wait    %CPU   CPU  Command
04:30:32        0     46383   12.00    0.00    0.00    0.00   12.00     0  cartographer_no

04:30:31      UID       PID  minflt/s  majflt/s     VSZ     RSS   %MEM  Command
04:30:32        0     46383      0.00      0.00 1577480  175276   1.12  cartographer_no

04:30:32      UID       PID    %usr %system  %guest   %wait    %CPU   CPU  Command
04:30:33        0     46383   13.00    1.00    0.00    0.00   14.00    14  cartographer_no

04:30:32      UID       PID  minflt/s  majflt/s     VSZ     RSS   %MEM  Command
04:30:33        0     46383      0.00      0.00 1577480  175276   1.12  cartographer_no

04:30:33      UID       PID    %usr %system  %guest   %wait    %CPU   CPU  Command
04:30:34        0     46383   15.00    0.00    0.00    0.00   15.00     6  cartographer_no

04:30:33      UID       PID  minflt/s  majflt/s     VSZ     RSS   %MEM  Command
04:30:34        0     46383      0.00      0.00 1577480  175276   1.12  cartographer_no

04:30:34      UID       PID    %usr %system  %guest   %wait    %CPU   CPU  Command
04:30:35        0     46383   14.00    1.00    0.00    0.00   15.00     2  cartographer_no

04:30:34      UID       PID  minflt/s  majflt/s     VSZ     RSS   %MEM  Command
04:30:35        0     46383      0.00      0.00 1577480  175276   1.12  cartographer_no

04:30:35      UID       PID    %usr %system  %guest   %wait    %CPU   CPU  Command
04:30:36        0     46383   14.00    1.00    0.00    0.00   15.00     6  cartographer_no

04:30:35      UID       PID  minflt/s  majflt/s     VSZ     RSS   %MEM  Command
04:30:36        0     46383      0.00      0.00 1577480  175276   1.12  cartographer_no

04:30:36      UID       PID    %usr %system  %guest   %wait    %CPU   CPU  Command
04:30:37        0     46383   56.00    0.00    0.00    1.00   56.00     2  cartographer_no

04:30:36      UID       PID  minflt/s  majflt/s     VSZ     RSS   %MEM  Command
04:30:37        0     46383    156.00      0.00 1578104  175788   1.13  cartographer_no

04:30:37      UID       PID    %usr %system  %guest   %wait    %CPU   CPU  Command
04:30:38        0     46383   12.00    1.00    0.00    0.00   13.00     6  cartographer_no

04:30:37      UID       PID  minflt/s  majflt/s     VSZ     RSS   %MEM  Command
04:30:38        0     46383      0.00      0.00 1578104  175788   1.13  cartographer_no

04:30:38      UID       PID    %usr %system  %guest   %wait    %CPU   CPU  Command
04:30:39        0     46383   13.00    1.00    0.00    0.00   14.00     6  cartographer_no

04:30:38      UID       PID  minflt/s  majflt/s     VSZ     RSS   %MEM  Command
04:30:39        0     46383      0.00      0.00 1578104  175788   1.13  cartographer_no

04:30:39      UID       PID    %usr %system  %guest   %wait    %CPU   CPU  Command
04:30:40        0     46383   14.00    0.00    0.00    0.00   14.00     6  cartographer_no

04:30:39      UID       PID  minflt/s  majflt/s     VSZ     RSS   %MEM  Command
04:30:40        0     46383      0.00      0.00 1578104  175788   1.13  cartographer_no

04:30:40      UID       PID    %usr %system  %guest   %wait    %CPU   CPU  Command
04:30:41        0     46383   14.00    1.00    0.00    0.00   15.00     2  cartographer_no

04:30:40      UID       PID  minflt/s  majflt/s     VSZ     RSS   %MEM  Command
04:30:41        0     46383      0.00      0.00 1578104  175788   1.13  cartographer_no

04:30:41      UID       PID    %usr %system  %guest   %wait    %CPU   CPU  Command
04:30:42        0     46383   14.00    1.00    0.00    0.00   15.00     7  cartographer_no

04:30:41      UID       PID  minflt/s  majflt/s     VSZ     RSS   %MEM  Command
04:30:42        0     46383      0.00      0.00 1578104  175788   1.13  cartographer_no

04:30:42      UID       PID    %usr %system  %guest   %wait    %CPU   CPU  Command
04:30:43        0     46383   16.00    1.00    0.00    0.00   17.00     7  cartographer_no

04:30:42      UID       PID  minflt/s  majflt/s     VSZ     RSS   %MEM  Command
04:30:43        0     46383      0.00      0.00 1578104  175788   1.13  cartographer_no

04:30:43      UID       PID    %usr %system  %guest   %wait    %CPU   CPU  Command
04:30:44        0     46383   14.00    0.00    0.00    0.00   14.00     2  cartographer_no

04:30:43      UID       PID  minflt/s  majflt/s     VSZ     RSS   %MEM  Command
04:30:44        0     46383      0.00      0.00 1578104  175788   1.13  cartographer_no

04:30:44      UID       PID    %usr %system  %guest   %wait    %CPU   CPU  Command
04:30:45        0     46383   14.00    1.00    0.00    0.00   15.00     6  cartographer_no

04:30:44      UID       PID  minflt/s  majflt/s     VSZ     RSS   %MEM  Command
04:30:45        0     46383      0.00      0.00 1578104  175788   1.13  cartographer_no

04:30:45      UID       PID    %usr %system  %guest   %wait    %CPU   CPU  Command
04:30:46        0     46383   14.00    1.00    0.00    0.00   15.00     6  cartographer_no

04:30:45      UID       PID  minflt/s  majflt/s     VSZ     RSS   %MEM  Command
04:30:46        0     46383      0.00      0.00 1578104  175788   1.13  cartographer_no

04:30:46      UID       PID    %usr %system  %guest   %wait    %CPU   CPU  Command
04:30:47        0     46383   14.00    1.00    0.00    0.00   15.00     6  cartographer_no

04:30:46      UID       PID  minflt/s  majflt/s     VSZ     RSS   %MEM  Command
04:30:47        0     46383      0.00      0.00 1578104  175788   1.13  cartographer_no

04:30:47      UID       PID    %usr %system  %guest   %wait    %CPU   CPU  Command
04:30:48        0     46383   15.00    0.00    0.00    0.00   15.00     0  cartographer_no

04:30:47      UID       PID  minflt/s  majflt/s     VSZ     RSS   %MEM  Command
04:30:48        0     46383      0.00      0.00 1578104  175788   1.13  cartographer_no

04:30:48      UID       PID    %usr %system  %guest   %wait    %CPU   CPU  Command
04:30:49        0     46383   14.00    1.00    0.00    0.00   15.00    12  cartographer_no

04:30:48      UID       PID  minflt/s  majflt/s     VSZ     RSS   %MEM  Command
04:30:49        0     46383      0.00      0.00 1578104  175788   1.13  cartographer_no

04:30:49      UID       PID    %usr %system  %guest   %wait    %CPU   CPU  Command
04:30:50        0     46383   15.00    0.00    0.00    0.00   15.00     2  cartographer_no

04:30:49      UID       PID  minflt/s  majflt/s     VSZ     RSS   %MEM  Command
04:30:50        0     46383      0.00      0.00 1578104  175788   1.13  cartographer_no

04:30:50      UID       PID    %usr %system  %guest   %wait    %CPU   CPU  Command
04:30:51        0     46383   14.00    1.00    0.00    0.00   15.00     3  cartographer_no

04:30:50      UID       PID  minflt/s  majflt/s     VSZ     RSS   %MEM  Command
04:30:51        0     46383      0.00      0.00 1578104  175788   1.13  cartographer_no

04:30:51      UID       PID    %usr %system  %guest   %wait    %CPU   CPU  Command
04:30:52        0     46383   15.00    0.00    0.00    0.00   15.00    10  cartographer_no

04:30:51      UID       PID  minflt/s  majflt/s     VSZ     RSS   %MEM  Command
04:30:52        0     46383      0.00      0.00 1578104  175788   1.13  cartographer_no

04:30:52      UID       PID    %usr %system  %guest   %wait    %CPU   CPU  Command
04:30:53        0     46383   12.00    1.00    0.00    0.00   13.00     8  cartographer_no

04:30:52      UID       PID  minflt/s  majflt/s     VSZ     RSS   %MEM  Command
04:30:53        0     46383      0.00      0.00 1578104  175788   1.13  cartographer_no

04:30:53      UID       PID    %usr %system  %guest   %wait    %CPU   CPU  Command
04:30:54        0     46383   13.00    0.00    0.00    0.00   13.00    12  cartographer_no

04:30:53      UID       PID  minflt/s  majflt/s     VSZ     RSS   %MEM  Command
04:30:54        0     46383      0.00      0.00 1578104  175788   1.13  cartographer_no

04:30:54      UID       PID    %usr %system  %guest   %wait    %CPU   CPU  Command
04:30:55        0     46383   12.00    1.00    0.00    0.00   13.00     0  cartographer_no

04:30:54      UID       PID  minflt/s  majflt/s     VSZ     RSS   %MEM  Command
04:30:55        0     46383      0.00      0.00 1578104  175788   1.13  cartographer_no

04:30:55      UID       PID    %usr %system  %guest   %wait    %CPU   CPU  Command
04:30:56        0     46383   12.00    1.00    0.00    0.00   13.00    14  cartographer_no

04:30:55      UID       PID  minflt/s  majflt/s     VSZ     RSS   %MEM  Command
04:30:56        0     46383      0.00      0.00 1578104  175788   1.13  cartographer_no

04:30:56      UID       PID    %usr %system  %guest   %wait    %CPU   CPU  Command
04:30:57        0     46383   12.00    0.00    0.00    0.00   12.00     6  cartographer_no

04:30:56      UID       PID  minflt/s  majflt/s     VSZ     RSS   %MEM  Command
04:30:57        0     46383      0.00      0.00 1578104  175788   1.13  cartographer_no

04:30:57      UID       PID    %usr %system  %guest   %wait    %CPU   CPU  Command
04:30:58        0     46383   15.00    1.00    0.00    0.00   16.00     6  cartographer_no

04:30:57      UID       PID  minflt/s  majflt/s     VSZ     RSS   %MEM  Command
04:30:58        0     46383      0.00      0.00 1578104  175788   1.13  cartographer_no

04:30:58      UID       PID    %usr %system  %guest   %wait    %CPU   CPU  Command
04:30:59        0     46383   11.00    0.00    0.00    0.00   11.00     2  cartographer_no

04:30:58      UID       PID  minflt/s  majflt/s     VSZ     RSS   %MEM  Command
04:30:59        0     46383      0.00      0.00 1578104  175788   1.13  cartographer_no

04:30:59      UID       PID    %usr %system  %guest   %wait    %CPU   CPU  Command
04:31:00        0     46383   12.00    1.00    0.00    0.00   13.00     8  cartographer_no

04:30:59      UID       PID  minflt/s  majflt/s     VSZ     RSS   %MEM  Command
04:31:00        0     46383      0.00      0.00 1578104  175788   1.13  cartographer_no

04:31:00      UID       PID    %usr %system  %guest   %wait    %CPU   CPU  Command
04:31:01        0     46383   12.00    1.00    0.00    0.00   13.00     7  cartographer_no

04:31:00      UID       PID  minflt/s  majflt/s     VSZ     RSS   %MEM  Command
04:31:01        0     46383      0.00      0.00 1578104  175788   1.13  cartographer_no

04:31:01      UID       PID    %usr %system  %guest   %wait    %CPU   CPU  Command
04:31:02        0     46383   12.00    1.00    0.00    0.00   13.00     6  cartographer_no

04:31:01      UID       PID  minflt/s  majflt/s     VSZ     RSS   %MEM  Command
04:31:02        0     46383      0.00      0.00 1578104  175788   1.13  cartographer_no

04:31:02      UID       PID    %usr %system  %guest   %wait    %CPU   CPU  Command
04:31:03        0     46383   29.00    2.00    0.00    0.00   31.00     0  cartographer_no

04:31:02      UID       PID  minflt/s  majflt/s     VSZ     RSS   %MEM  Command
04:31:03        0     46383   1913.00      0.00 1578104  183340   1.18  cartographer_no

04:31:03      UID       PID    %usr %system  %guest   %wait    %CPU   CPU  Command
04:31:04        0     46383   16.00    0.00    0.00    0.00   16.00     8  cartographer_no

04:31:03      UID       PID  minflt/s  majflt/s     VSZ     RSS   %MEM  Command
04:31:04        0     46383      0.00      0.00 1578104  183340   1.18  cartographer_no

04:31:04      UID       PID    %usr %system  %guest   %wait    %CPU   CPU  Command
04:31:05        0     46383   17.00    1.00    0.00    0.00   18.00    15  cartographer_no

04:31:04      UID       PID  minflt/s  majflt/s     VSZ     RSS   %MEM  Command
04:31:05        0     46383      0.00      0.00 1578104  183340   1.18  cartographer_no

04:31:05      UID       PID    %usr %system  %guest   %wait    %CPU   CPU  Command
04:31:06        0     46383   16.00    0.00    0.00    0.00   16.00     2  cartographer_no

04:31:05      UID       PID  minflt/s  majflt/s     VSZ     RSS   %MEM  Command
04:31:06        0     46383      0.00      0.00 1578104  183340   1.18  cartographer_no

04:31:06      UID       PID    %usr %system  %guest   %wait    %CPU   CPU  Command
04:31:07        0     46383   17.00    1.00    0.00    0.00   18.00     0  cartographer_no

04:31:06      UID       PID  minflt/s  majflt/s     VSZ     RSS   %MEM  Command
04:31:07        0     46383      0.00      0.00 1578104  183340   1.18  cartographer_no

04:31:07      UID       PID    %usr %system  %guest   %wait    %CPU   CPU  Command
04:31:08        0     46383   16.00    0.00    0.00    0.00   16.00     8  cartographer_no

04:31:07      UID       PID  minflt/s  majflt/s     VSZ     RSS   %MEM  Command
04:31:08        0     46383      0.00      0.00 1578104  183340   1.18  cartographer_no

04:31:08      UID       PID    %usr %system  %guest   %wait    %CPU   CPU  Command
04:31:09        0     46383   19.00    1.00    0.00    0.00   20.00    12  cartographer_no

04:31:08      UID       PID  minflt/s  majflt/s     VSZ     RSS   %MEM  Command
04:31:09        0     46383      0.00      0.00 1578104  183340   1.18  cartographer_no

04:31:09      UID       PID    %usr %system  %guest   %wait    %CPU   CPU  Command
04:31:10        0     46383   15.00    1.00    0.00    0.00   16.00     6  cartographer_no

04:31:09      UID       PID  minflt/s  majflt/s     VSZ     RSS   %MEM  Command
04:31:10        0     46383      0.00      0.00 1578104  183340   1.18  cartographer_no

04:31:10      UID       PID    %usr %system  %guest   %wait    %CPU   CPU  Command
04:31:11        0     46383   17.00    1.00    0.00    0.00   18.00     4  cartographer_no

04:31:10      UID       PID  minflt/s  majflt/s     VSZ     RSS   %MEM  Command
04:31:11        0     46383      0.00      0.00 1578104  183340   1.18  cartographer_no

04:31:11      UID       PID    %usr %system  %guest   %wait    %CPU   CPU  Command
04:31:12        0     46383   15.00    0.00    0.00    0.00   15.00     2  cartographer_no

04:31:11      UID       PID  minflt/s  majflt/s     VSZ     RSS   %MEM  Command
04:31:12        0     46383      0.00      0.00 1578104  183340   1.18  cartographer_no

04:31:12      UID       PID    %usr %system  %guest   %wait    %CPU   CPU  Command
04:31:13        0     46383   17.00    1.00    0.00    0.00   18.00    14  cartographer_no

04:31:12      UID       PID  minflt/s  majflt/s     VSZ     RSS   %MEM  Command
04:31:13        0     46383      0.00      0.00 1578104  183340   1.18  cartographer_no

04:31:13      UID       PID    %usr %system  %guest   %wait    %CPU   CPU  Command
04:31:14        0     46383   15.00    1.00    0.00    0.00   16.00    12  cartographer_no

04:31:13      UID       PID  minflt/s  majflt/s     VSZ     RSS   %MEM  Command
04:31:14        0     46383      0.00      0.00 1578104  183340   1.18  cartographer_no

04:31:14      UID       PID    %usr %system  %guest   %wait    %CPU   CPU  Command
04:31:15        0     46383   15.00    0.00    0.00    0.00   15.00     6  cartographer_no

04:31:14      UID       PID  minflt/s  majflt/s     VSZ     RSS   %MEM  Command
04:31:15        0     46383      0.00      0.00 1578104  183340   1.18  cartographer_no

04:31:15      UID       PID    %usr %system  %guest   %wait    %CPU   CPU  Command
04:31:16        0     46383   12.00    1.00    0.00    0.00   13.00     4  cartographer_no

04:31:15      UID       PID  minflt/s  majflt/s     VSZ     RSS   %MEM  Command
04:31:16        0     46383      0.00      0.00 1578104  183340   1.18  cartographer_no

04:31:16      UID       PID    %usr %system  %guest   %wait    %CPU   CPU  Command
04:31:17        0     46383   12.00    1.00    0.00    0.00   13.00     8  cartographer_no

04:31:16      UID       PID  minflt/s  majflt/s     VSZ     RSS   %MEM  Command
04:31:17        0     46383      0.00      0.00 1578104  183340   1.18  cartographer_no

04:31:17      UID       PID    %usr %system  %guest   %wait    %CPU   CPU  Command
04:31:18        0     46383   12.00    1.00    0.00    0.00   13.00     8  cartographer_no

04:31:17      UID       PID  minflt/s  majflt/s     VSZ     RSS   %MEM  Command
04:31:18        0     46383      0.00      0.00 1578104  183340   1.18  cartographer_no

04:31:18      UID       PID    %usr %system  %guest   %wait    %CPU   CPU  Command
04:31:19        0     46383   12.00    0.00    0.00    0.00   12.00    10  cartographer_no

04:31:18      UID       PID  minflt/s  majflt/s     VSZ     RSS   %MEM  Command
04:31:19        0     46383      0.00      0.00 1578104  183340   1.18  cartographer_no

04:31:19      UID       PID    %usr %system  %guest   %wait    %CPU   CPU  Command
04:31:20        0     46383   15.00    1.00    0.00    0.00   16.00     6  cartographer_no

04:31:19      UID       PID  minflt/s  majflt/s     VSZ     RSS   %MEM  Command
04:31:20        0     46383      0.00      0.00 1578104  183340   1.18  cartographer_no

04:31:20      UID       PID    %usr %system  %guest   %wait    %CPU   CPU  Command
04:31:21        0     46383   12.00    0.00    0.00    0.00   12.00     4  cartographer_no

04:31:20      UID       PID  minflt/s  majflt/s     VSZ     RSS   %MEM  Command
04:31:21        0     46383      0.00      0.00 1578104  183340   1.18  cartographer_no

04:31:21      UID       PID    %usr %system  %guest   %wait    %CPU   CPU  Command
04:31:22        0     46383   11.00    2.00    0.00    0.00   13.00     6  cartographer_no

04:31:21      UID       PID  minflt/s  majflt/s     VSZ     RSS   %MEM  Command
04:31:22        0     46383      0.00      0.00 1578104  183340   1.18  cartographer_no

04:31:22      UID       PID    %usr %system  %guest   %wait    %CPU   CPU  Command
04:31:23        0     46383   13.00    0.00    0.00    0.00   13.00    12  cartographer_no

04:31:22      UID       PID  minflt/s  majflt/s     VSZ     RSS   %MEM  Command
04:31:23        0     46383      0.00      0.00 1578104  183340   1.18  cartographer_no

04:31:23      UID       PID    %usr %system  %guest   %wait    %CPU   CPU  Command
04:31:24        0     46383   15.00    1.00    0.00    0.00   16.00     2  cartographer_no

04:31:23      UID       PID  minflt/s  majflt/s     VSZ     RSS   %MEM  Command
04:31:24        0     46383      0.00      0.00 1578104  183340   1.18  cartographer_no

04:31:24      UID       PID    %usr %system  %guest   %wait    %CPU   CPU  Command
04:31:25        0     46383   16.00    1.00    0.00    0.00   17.00     8  cartographer_no

04:31:24      UID       PID  minflt/s  majflt/s     VSZ     RSS   %MEM  Command
04:31:25        0     46383      0.00      0.00 1578104  183340   1.18  cartographer_no

04:31:25      UID       PID    %usr %system  %guest   %wait    %CPU   CPU  Command
04:31:26        0     46383   15.00    0.00    0.00    0.00   15.00     2  cartographer_no

04:31:25      UID       PID  minflt/s  majflt/s     VSZ     RSS   %MEM  Command
04:31:26        0     46383      0.00      0.00 1578104  183340   1.18  cartographer_no

04:31:26      UID       PID    %usr %system  %guest   %wait    %CPU   CPU  Command
04:31:27        0     46383   16.00    0.00    0.00    1.00   16.00     3  cartographer_no

04:31:26      UID       PID  minflt/s  majflt/s     VSZ     RSS   %MEM  Command
04:31:27        0     46383      0.00      0.00 1578104  183340   1.18  cartographer_no

04:31:27      UID       PID    %usr %system  %guest   %wait    %CPU   CPU  Command
04:31:28        0     46383   15.00    1.00    0.00    0.00   16.00     2  cartographer_no

04:31:27      UID       PID  minflt/s  majflt/s     VSZ     RSS   %MEM  Command
04:31:28        0     46383      0.00      0.00 1578104  183340   1.18  cartographer_no

04:31:28      UID       PID    %usr %system  %guest   %wait    %CPU   CPU  Command
04:31:29        0     46383   17.00    0.00    0.00    0.00   17.00     2  cartographer_no

04:31:28      UID       PID  minflt/s  majflt/s     VSZ     RSS   %MEM  Command
04:31:29        0     46383      0.00      0.00 1578104  183340   1.18  cartographer_no

04:31:29      UID       PID    %usr %system  %guest   %wait    %CPU   CPU  Command
04:31:30        0     46383   17.00    1.00    0.00    0.00   18.00     7  cartographer_no

04:31:29      UID       PID  minflt/s  majflt/s     VSZ     RSS   %MEM  Command
04:31:30        0     46383      0.00      0.00 1578104  183340   1.18  cartographer_no

04:31:30      UID       PID    %usr %system  %guest   %wait    %CPU   CPU  Command
04:31:31        0     46383   14.00    0.00    0.00    0.00   14.00     6  cartographer_no

04:31:30      UID       PID  minflt/s  majflt/s     VSZ     RSS   %MEM  Command
04:31:31        0     46383      0.00      0.00 1578104  183340   1.18  cartographer_no

04:31:31      UID       PID    %usr %system  %guest   %wait    %CPU   CPU  Command
04:31:32        0     46383   14.00    1.00    0.00    0.00   15.00     6  cartographer_no

04:31:31      UID       PID  minflt/s  majflt/s     VSZ     RSS   %MEM  Command
04:31:32        0     46383      0.00      0.00 1578104  183340   1.18  cartographer_no

04:31:32      UID       PID    %usr %system  %guest   %wait    %CPU   CPU  Command
04:31:33        0     46383   15.00    1.00    0.00    0.00   16.00     4  cartographer_no

04:31:32      UID       PID  minflt/s  majflt/s     VSZ     RSS   %MEM  Command
04:31:33        0     46383      0.00      0.00 1578104  183340   1.18  cartographer_no

04:31:33      UID       PID    %usr %system  %guest   %wait    %CPU   CPU  Command
04:31:34        0     46383   14.00    1.00    0.00    0.00   15.00     2  cartographer_no

04:31:33      UID       PID  minflt/s  majflt/s     VSZ     RSS   %MEM  Command
04:31:34        0     46383      0.00      0.00 1578104  183340   1.18  cartographer_no

04:31:34      UID       PID    %usr %system  %guest   %wait    %CPU   CPU  Command
04:31:35        0     46383   17.00    0.00    0.00    0.00   17.00     4  cartographer_no

04:31:34      UID       PID  minflt/s  majflt/s     VSZ     RSS   %MEM  Command
04:31:35        0     46383      0.00      0.00 1578104  183340   1.18  cartographer_no

04:31:35      UID       PID    %usr %system  %guest   %wait    %CPU   CPU  Command
04:31:36        0     46383   74.00    1.00    0.00    0.00   75.00     7  cartographer_no

04:31:35      UID       PID  minflt/s  majflt/s     VSZ     RSS   %MEM  Command
04:31:36        0     46383      0.00      0.00 1578104  183340   1.18  cartographer_no

04:31:36      UID       PID    %usr %system  %guest   %wait    %CPU   CPU  Command
04:31:37        0     46383   16.00    0.00    0.00    0.00   16.00     3  cartographer_no

04:31:36      UID       PID  minflt/s  majflt/s     VSZ     RSS   %MEM  Command
04:31:37        0     46383      0.00      0.00 1578104  183340   1.18  cartographer_no

04:31:37      UID       PID    %usr %system  %guest   %wait    %CPU   CPU  Command
04:31:38        0     46383   15.00    1.00    0.00    0.00   16.00     0  cartographer_no

04:31:37      UID       PID  minflt/s  majflt/s     VSZ     RSS   %MEM  Command
04:31:38        0     46383      0.00      0.00 1578104  183340   1.18  cartographer_no

04:31:38      UID       PID    %usr %system  %guest   %wait    %CPU   CPU  Command
04:31:39        0     46383   12.00    1.00    0.00    0.00   13.00     6  cartographer_no

04:31:38      UID       PID  minflt/s  majflt/s     VSZ     RSS   %MEM  Command
04:31:39        0     46383      0.00      0.00 1578104  183340   1.18  cartographer_no

04:31:39      UID       PID    %usr %system  %guest   %wait    %CPU   CPU  Command
04:31:40        0     46383   15.00    0.00    0.00    0.00   15.00     7  cartographer_no

04:31:39      UID       PID  minflt/s  majflt/s     VSZ     RSS   %MEM  Command
04:31:40        0     46383      0.00      0.00 1578104  183340   1.18  cartographer_no

04:31:40      UID       PID    %usr %system  %guest   %wait    %CPU   CPU  Command
04:31:41        0     46383   13.00    1.00    0.00    0.00   14.00     7  cartographer_no

04:31:40      UID       PID  minflt/s  majflt/s     VSZ     RSS   %MEM  Command
04:31:41        0     46383      0.00      0.00 1578104  183340   1.18  cartographer_no

04:31:41      UID       PID    %usr %system  %guest   %wait    %CPU   CPU  Command
04:31:42        0     46383   12.00    1.00    0.00    0.00   13.00     4  cartographer_no

04:31:41      UID       PID  minflt/s  majflt/s     VSZ     RSS   %MEM  Command
04:31:42        0     46383      0.00      0.00 1578104  183340   1.18  cartographer_no

04:31:42      UID       PID    %usr %system  %guest   %wait    %CPU   CPU  Command
04:31:43        0     46383   17.00    0.00    0.00    0.00   17.00     6  cartographer_no

04:31:42      UID       PID  minflt/s  majflt/s     VSZ     RSS   %MEM  Command
04:31:43        0     46383      0.00      0.00 1578104  183340   1.18  cartographer_no

04:31:43      UID       PID    %usr %system  %guest   %wait    %CPU   CPU  Command
04:31:44        0     46383   14.00    1.00    0.00    0.00   15.00    10  cartographer_no

04:31:43      UID       PID  minflt/s  majflt/s     VSZ     RSS   %MEM  Command
04:31:44        0     46383      0.00      0.00 1578104  183340   1.18  cartographer_no

04:31:44      UID       PID    %usr %system  %guest   %wait    %CPU   CPU  Command
04:31:45        0     46383   15.00    1.00    0.00    0.00   16.00     8  cartographer_no

04:31:44      UID       PID  minflt/s  majflt/s     VSZ     RSS   %MEM  Command
04:31:45        0     46383      0.00      0.00 1578104  183340   1.18  cartographer_no

04:31:45      UID       PID    %usr %system  %guest   %wait    %CPU   CPU  Command
04:31:46        0     46383   15.00    2.00    0.00    0.00   17.00     4  cartographer_no

04:31:45      UID       PID  minflt/s  majflt/s     VSZ     RSS   %MEM  Command
04:31:46        0     46383      0.00      0.00 1578104  183340   1.18  cartographer_no

04:31:46      UID       PID    %usr %system  %guest   %wait    %CPU   CPU  Command
04:31:47        0     46383   15.00    1.00    0.00    0.00   16.00     2  cartographer_no

04:31:46      UID       PID  minflt/s  majflt/s     VSZ     RSS   %MEM  Command
04:31:47        0     46383      0.00      0.00 1578104  183340   1.18  cartographer_no

04:31:47      UID       PID    %usr %system  %guest   %wait    %CPU   CPU  Command
04:31:48        0     46383   16.00    1.00    0.00    0.00   17.00     3  cartographer_no

04:31:47      UID       PID  minflt/s  majflt/s     VSZ     RSS   %MEM  Command
04:31:48        0     46383      0.00      0.00 1578104  183340   1.18  cartographer_no

04:31:48      UID       PID    %usr %system  %guest   %wait    %CPU   CPU  Command
04:31:49        0     46383   15.00    1.00    0.00    0.00   16.00     3  cartographer_no

04:31:48      UID       PID  minflt/s  majflt/s     VSZ     RSS   %MEM  Command
04:31:49        0     46383    313.00      0.00 1579356  184492   1.18  cartographer_no

04:31:49      UID       PID    %usr %system  %guest   %wait    %CPU   CPU  Command
04:31:50        0     46383   19.00    0.00    0.00    0.00   19.00    14  cartographer_no

04:31:49      UID       PID  minflt/s  majflt/s     VSZ     RSS   %MEM  Command
04:31:50        0     46383      0.00      0.00 1579356  184492   1.18  cartographer_no

04:31:50      UID       PID    %usr %system  %guest   %wait    %CPU   CPU  Command
04:31:51        0     46383   20.00    1.00    0.00    0.00   21.00     0  cartographer_no

04:31:50      UID       PID  minflt/s  majflt/s     VSZ     RSS   %MEM  Command
04:31:51        0     46383      0.00      0.00 1579356  184492   1.18  cartographer_no

04:31:51      UID       PID    %usr %system  %guest   %wait    %CPU   CPU  Command
04:31:52        0     46383   16.00    0.00    0.00    0.00   16.00     3  cartographer_no

04:31:51      UID       PID  minflt/s  majflt/s     VSZ     RSS   %MEM  Command
04:31:52        0     46383      0.00      0.00 1579356  184492   1.18  cartographer_no

04:31:52      UID       PID    %usr %system  %guest   %wait    %CPU   CPU  Command
04:31:53        0     46383   30.00    0.00    0.00    0.00   30.00     3  cartographer_no

04:31:52      UID       PID  minflt/s  majflt/s     VSZ     RSS   %MEM  Command
04:31:53        0     46383    693.00      0.00 1579356  187308   1.20  cartographer_no

04:31:53      UID       PID    %usr %system  %guest   %wait    %CPU   CPU  Command
04:31:54        0     46383   15.00    0.00    0.00    0.00   15.00     8  cartographer_no

04:31:53      UID       PID  minflt/s  majflt/s     VSZ     RSS   %MEM  Command
04:31:54        0     46383      0.00      0.00 1579356  187308   1.20  cartographer_no

04:31:54      UID       PID    %usr %system  %guest   %wait    %CPU   CPU  Command
04:31:55        0     46383   14.00    0.00    0.00    0.00   14.00     2  cartographer_no

04:31:54      UID       PID  minflt/s  majflt/s     VSZ     RSS   %MEM  Command
04:31:55        0     46383      0.00      0.00 1579356  187308   1.20  cartographer_no

04:31:55      UID       PID    %usr %system  %guest   %wait    %CPU   CPU  Command
04:31:56        0     46383   16.00    0.00    0.00    0.00   16.00     6  cartographer_no

04:31:55      UID       PID  minflt/s  majflt/s     VSZ     RSS   %MEM  Command
04:31:56        0     46383      0.00      0.00 1579356  187308   1.20  cartographer_no

04:31:56      UID       PID    %usr %system  %guest   %wait    %CPU   CPU  Command
04:31:57        0     46383   14.00    1.00    0.00    0.00   15.00     2  cartographer_no

04:31:56      UID       PID  minflt/s  majflt/s     VSZ     RSS   %MEM  Command
04:31:57        0     46383      0.00      0.00 1579356  187308   1.20  cartographer_no

04:31:57      UID       PID    %usr %system  %guest   %wait    %CPU   CPU  Command
04:31:58        0     46383   15.00    0.00    0.00    0.00   15.00     0  cartographer_no

04:31:57      UID       PID  minflt/s  majflt/s     VSZ     RSS   %MEM  Command
04:31:58        0     46383      0.00      0.00 1579356  187308   1.20  cartographer_no

04:31:58      UID       PID    %usr %system  %guest   %wait    %CPU   CPU  Command
04:31:59        0     46383   13.00    0.00    0.00    0.00   13.00     6  cartographer_no

04:31:58      UID       PID  minflt/s  majflt/s     VSZ     RSS   %MEM  Command
04:31:59        0     46383      0.00      0.00 1579356  187308   1.20  cartographer_no

04:31:59      UID       PID    %usr %system  %guest   %wait    %CPU   CPU  Command
04:32:00        0     46383   15.00    1.00    0.00    0.00   16.00     7  cartographer_no

04:31:59      UID       PID  minflt/s  majflt/s     VSZ     RSS   %MEM  Command
04:32:00        0     46383      0.00      0.00 1579356  187308   1.20  cartographer_no

04:32:00      UID       PID    %usr %system  %guest   %wait    %CPU   CPU  Command
04:32:01        0     46383   16.00    0.00    0.00    0.00   16.00     2  cartographer_no

04:32:00      UID       PID  minflt/s  majflt/s     VSZ     RSS   %MEM  Command
04:32:01        0     46383      0.00      0.00 1579356  187308   1.20  cartographer_no

04:32:01      UID       PID    %usr %system  %guest   %wait    %CPU   CPU  Command
04:32:02        0     46383   14.00    0.00    0.00    0.00   14.00     6  cartographer_no

04:32:01      UID       PID  minflt/s  majflt/s     VSZ     RSS   %MEM  Command
04:32:02        0     46383      0.00      0.00 1579356  187308   1.20  cartographer_no

04:32:02      UID       PID    %usr %system  %guest   %wait    %CPU   CPU  Command
04:32:03        0     46383   16.00    1.00    0.00    0.00   17.00     0  cartographer_no

04:32:02      UID       PID  minflt/s  majflt/s     VSZ     RSS   %MEM  Command
04:32:03        0     46383      0.00      0.00 1579356  187308   1.20  cartographer_no

04:32:03      UID       PID    %usr %system  %guest   %wait    %CPU   CPU  Command
04:32:04        0     46383   15.00    0.00    0.00    0.00   15.00     6  cartographer_no

04:32:03      UID       PID  minflt/s  majflt/s     VSZ     RSS   %MEM  Command
04:32:04        0     46383      0.00      0.00 1579356  187308   1.20  cartographer_no

04:32:04      UID       PID    %usr %system  %guest   %wait    %CPU   CPU  Command
04:32:05        0     46383   14.00    1.00    0.00    0.00   15.00     2  cartographer_no

04:32:04      UID       PID  minflt/s  majflt/s     VSZ     RSS   %MEM  Command
04:32:05        0     46383      0.00      0.00 1579356  187308   1.20  cartographer_no

04:32:05      UID       PID    %usr %system  %guest   %wait    %CPU   CPU  Command
04:32:06        0     46383   13.00    0.00    0.00    0.00   13.00     4  cartographer_no

04:32:05      UID       PID  minflt/s  majflt/s     VSZ     RSS   %MEM  Command
04:32:06        0     46383      0.00      0.00 1579356  187308   1.20  cartographer_no

04:32:06      UID       PID    %usr %system  %guest   %wait    %CPU   CPU  Command
04:32:07        0     46383   11.00    0.00    0.00    0.00   11.00     0  cartographer_no

04:32:06      UID       PID  minflt/s  majflt/s     VSZ     RSS   %MEM  Command
04:32:07        0     46383      0.00      0.00 1579356  187308   1.20  cartographer_no

04:32:07      UID       PID    %usr %system  %guest   %wait    %CPU   CPU  Command
04:32:08        0     46383   10.00    0.00    0.00    0.00   10.00     6  cartographer_no

04:32:07      UID       PID  minflt/s  majflt/s     VSZ     RSS   %MEM  Command
04:32:08        0     46383      0.00      0.00 1579356  187308   1.20  cartographer_no

04:32:08      UID       PID    %usr %system  %guest   %wait    %CPU   CPU  Command
04:32:09        0     46383    9.00    0.00    0.00    0.00    9.00     2  cartographer_no

04:32:08      UID       PID  minflt/s  majflt/s     VSZ     RSS   %MEM  Command
04:32:09        0     46383      0.00      0.00 1579356  187308   1.20  cartographer_no

04:32:09      UID       PID    %usr %system  %guest   %wait    %CPU   CPU  Command
04:32:10        0     46383    9.00    0.00    0.00    0.00    9.00     6  cartographer_no

04:32:09      UID       PID  minflt/s  majflt/s     VSZ     RSS   %MEM  Command
04:32:10        0     46383      0.00      0.00 1579356  187308   1.20  cartographer_no

04:32:10      UID       PID    %usr %system  %guest   %wait    %CPU   CPU  Command
04:32:11        0     46383    9.00    1.00    0.00    0.00   10.00     6  cartographer_no

04:32:10      UID       PID  minflt/s  majflt/s     VSZ     RSS   %MEM  Command
04:32:11        0     46383      0.00      0.00 1579356  187308   1.20  cartographer_no

04:32:11      UID       PID    %usr %system  %guest   %wait    %CPU   CPU  Command
04:32:12        0     46383   10.00    0.00    0.00    1.00   10.00     2  cartographer_no

04:32:11      UID       PID  minflt/s  majflt/s     VSZ     RSS   %MEM  Command
04:32:12        0     46383      0.00      0.00 1579356  187308   1.20  cartographer_no

04:32:12      UID       PID    %usr %system  %guest   %wait    %CPU   CPU  Command
04:32:13        0     46383    9.00    0.00    0.00    0.00    9.00     7  cartographer_no

04:32:12      UID       PID  minflt/s  majflt/s     VSZ     RSS   %MEM  Command
04:32:13        0     46383      0.00      0.00 1579356  187308   1.20  cartographer_no

04:32:13      UID       PID    %usr %system  %guest   %wait    %CPU   CPU  Command
04:32:14        0     46383   10.00    0.00    0.00    0.00   10.00     2  cartographer_no

04:32:13      UID       PID  minflt/s  majflt/s     VSZ     RSS   %MEM  Command
04:32:14        0     46383      0.00      0.00 1579356  187308   1.20  cartographer_no

04:32:14      UID       PID    %usr %system  %guest   %wait    %CPU   CPU  Command
04:32:15        0     46383   10.00    2.00    0.00    0.00   12.00     8  cartographer_no

04:32:14      UID       PID  minflt/s  majflt/s     VSZ     RSS   %MEM  Command
04:32:15        0     46383      0.00      0.00 1579356  187308   1.20  cartographer_no

04:32:15      UID       PID    %usr %system  %guest   %wait    %CPU   CPU  Command
04:32:16        0     46383   11.00    1.00    0.00    0.00   12.00     0  cartographer_no

04:32:15      UID       PID  minflt/s  majflt/s     VSZ     RSS   %MEM  Command
04:32:16        0     46383      0.00      0.00 1579356  187308   1.20  cartographer_no

04:32:16      UID       PID    %usr %system  %guest   %wait    %CPU   CPU  Command
04:32:17        0     46383   12.00    1.00    0.00    0.00   13.00     2  cartographer_no

04:32:16      UID       PID  minflt/s  majflt/s     VSZ     RSS   %MEM  Command
04:32:17        0     46383      0.00      0.00 1579356  187308   1.20  cartographer_no

04:32:17      UID       PID    %usr %system  %guest   %wait    %CPU   CPU  Command
04:32:18        0     46383   11.00    0.00    0.00    0.00   11.00    10  cartographer_no

04:32:17      UID       PID  minflt/s  majflt/s     VSZ     RSS   %MEM  Command
04:32:18        0     46383      0.00      0.00 1579356  187308   1.20  cartographer_no

04:32:18      UID       PID    %usr %system  %guest   %wait    %CPU   CPU  Command
04:32:19        0     46383    9.00    1.00    0.00    0.00   10.00     6  cartographer_no

04:32:18      UID       PID  minflt/s  majflt/s     VSZ     RSS   %MEM  Command
04:32:19        0     46383      0.00      0.00 1579356  187308   1.20  cartographer_no

04:32:19      UID       PID    %usr %system  %guest   %wait    %CPU   CPU  Command
04:32:20        0     46383   11.00    0.00    0.00    0.00   11.00     3  cartographer_no

04:32:19      UID       PID  minflt/s  majflt/s     VSZ     RSS   %MEM  Command
04:32:20        0     46383      0.00      0.00 1579356  187308   1.20  cartographer_no

04:32:20      UID       PID    %usr %system  %guest   %wait    %CPU   CPU  Command
04:32:21        0     46383   13.00    0.00    0.00    0.00   13.00     3  cartographer_no

04:32:20      UID       PID  minflt/s  majflt/s     VSZ     RSS   %MEM  Command
04:32:21        0     46383      0.00      0.00 1579356  187308   1.20  cartographer_no

04:32:21      UID       PID    %usr %system  %guest   %wait    %CPU   CPU  Command
04:32:22        0     46383    9.00    1.00    0.00    0.00   10.00     3  cartographer_no

04:32:21      UID       PID  minflt/s  majflt/s     VSZ     RSS   %MEM  Command
04:32:22        0     46383      0.00      0.00 1579356  187308   1.20  cartographer_no

04:32:22      UID       PID    %usr %system  %guest   %wait    %CPU   CPU  Command
04:32:23        0     46383   11.00    0.00    0.00    0.00   11.00     3  cartographer_no

04:32:22      UID       PID  minflt/s  majflt/s     VSZ     RSS   %MEM  Command
04:32:23        0     46383      0.00      0.00 1579356  187308   1.20  cartographer_no

04:32:23      UID       PID    %usr %system  %guest   %wait    %CPU   CPU  Command
04:32:24        0     46383   11.00    0.00    0.00    0.00   11.00     8  cartographer_no

04:32:23      UID       PID  minflt/s  majflt/s     VSZ     RSS   %MEM  Command
04:32:24        0     46383      0.00      0.00 1579356  187308   1.20  cartographer_no

04:32:24      UID       PID    %usr %system  %guest   %wait    %CPU   CPU  Command
04:32:25        0     46383    9.00    1.00    0.00    0.00   10.00     8  cartographer_no

04:32:24      UID       PID  minflt/s  majflt/s     VSZ     RSS   %MEM  Command
04:32:25        0     46383      0.00      0.00 1579356  187308   1.20  cartographer_no

04:32:25      UID       PID    %usr %system  %guest   %wait    %CPU   CPU  Command
04:32:26        0     46383    9.00    0.00    0.00    0.00    9.00     2  cartographer_no

04:32:25      UID       PID  minflt/s  majflt/s     VSZ     RSS   %MEM  Command
04:32:26        0     46383      0.00      0.00 1579356  187308   1.20  cartographer_no

04:32:26      UID       PID    %usr %system  %guest   %wait    %CPU   CPU  Command
04:32:27        0     46383   11.00    0.00    0.00    0.00   11.00     0  cartographer_no

04:32:26      UID       PID  minflt/s  majflt/s     VSZ     RSS   %MEM  Command
04:32:27        0     46383      0.00      0.00 1579356  187308   1.20  cartographer_no

04:32:27      UID       PID    %usr %system  %guest   %wait    %CPU   CPU  Command
04:32:28        0     46383   13.00    1.00    0.00    0.00   14.00     4  cartographer_no

04:32:27      UID       PID  minflt/s  majflt/s     VSZ     RSS   %MEM  Command
04:32:28        0     46383      0.00      0.00 1579356  187308   1.20  cartographer_no

04:32:28      UID       PID    %usr %system  %guest   %wait    %CPU   CPU  Command
04:32:29        0     46383   10.00    0.00    0.00    0.00   10.00     2  cartographer_no

04:32:28      UID       PID  minflt/s  majflt/s     VSZ     RSS   %MEM  Command
04:32:29        0     46383      0.00      0.00 1579356  187308   1.20  cartographer_no

04:32:29      UID       PID    %usr %system  %guest   %wait    %CPU   CPU  Command
04:32:30        0     46383   10.00    0.00    0.00    0.00   10.00     2  cartographer_no

04:32:29      UID       PID  minflt/s  majflt/s     VSZ     RSS   %MEM  Command
04:32:30        0     46383      0.00      0.00 1579356  187308   1.20  cartographer_no

04:32:30      UID       PID    %usr %system  %guest   %wait    %CPU   CPU  Command
04:32:31        0     46383   10.00    1.00    0.00    0.00   11.00    14  cartographer_no

04:32:30      UID       PID  minflt/s  majflt/s     VSZ     RSS   %MEM  Command
04:32:31        0     46383      0.00      0.00 1579356  187308   1.20  cartographer_no

04:32:31      UID       PID    %usr %system  %guest   %wait    %CPU   CPU  Command
04:32:32        0     46383   12.00    0.00    0.00    0.00   12.00    14  cartographer_no

04:32:31      UID       PID  minflt/s  majflt/s     VSZ     RSS   %MEM  Command
04:32:32        0     46383      0.00      0.00 1579356  187308   1.20  cartographer_no

04:32:32      UID       PID    %usr %system  %guest   %wait    %CPU   CPU  Command
04:32:33        0     46383    9.00    0.00    0.00    0.00    9.00     6  cartographer_no

04:32:32      UID       PID  minflt/s  majflt/s     VSZ     RSS   %MEM  Command
04:32:33        0     46383      0.00      0.00 1579356  187308   1.20  cartographer_no

04:32:33      UID       PID    %usr %system  %guest   %wait    %CPU   CPU  Command
04:32:34        0     46383    8.91    0.99    0.00    0.00    9.90     9  cartographer_no

04:32:33      UID       PID  minflt/s  majflt/s     VSZ     RSS   %MEM  Command
04:32:34        0     46383      0.00      0.00 1579356  187308   1.20  cartographer_no

04:32:34      UID       PID    %usr %system  %guest   %wait    %CPU   CPU  Command
04:32:35        0     46383    8.00    0.00    0.00    0.00    8.00     4  cartographer_no

04:32:34      UID       PID  minflt/s  majflt/s     VSZ     RSS   %MEM  Command
04:32:35        0     46383      0.00      0.00 1579356  187308   1.20  cartographer_no

04:32:35      UID       PID    %usr %system  %guest   %wait    %CPU   CPU  Command
04:32:36        0     46383    8.00    1.00    0.00    0.00    9.00     6  cartographer_no

04:32:35      UID       PID  minflt/s  majflt/s     VSZ     RSS   %MEM  Command
04:32:36        0     46383      0.00      0.00 1579356  187308   1.20  cartographer_no

04:32:36      UID       PID    %usr %system  %guest   %wait    %CPU   CPU  Command
04:32:37        0     46383   10.00    0.00    0.00    0.00   10.00     1  cartographer_no

04:32:36      UID       PID  minflt/s  majflt/s     VSZ     RSS   %MEM  Command
04:32:37        0     46383      0.00      0.00 1579356  187308   1.20  cartographer_no

04:32:37      UID       PID    %usr %system  %guest   %wait    %CPU   CPU  Command
04:32:38        0     46383   13.00    1.00    0.00    0.00   14.00     6  cartographer_no

04:32:37      UID       PID  minflt/s  majflt/s     VSZ     RSS   %MEM  Command
04:32:38        0     46383      0.00      0.00 1579356  187308   1.20  cartographer_no

04:32:38      UID       PID    %usr %system  %guest   %wait    %CPU   CPU  Command
04:32:39        0     46383   13.00    1.00    0.00    0.00   14.00    10  cartographer_no

04:32:38      UID       PID  minflt/s  majflt/s     VSZ     RSS   %MEM  Command
04:32:39        0     46383      0.00      0.00 1579356  187308   1.20  cartographer_no

04:32:39      UID       PID    %usr %system  %guest   %wait    %CPU   CPU  Command
04:32:40        0     46383   80.00    0.00    0.00    0.00   80.00     2  cartographer_no

04:32:39      UID       PID  minflt/s  majflt/s     VSZ     RSS   %MEM  Command
04:32:40        0     46383      0.00      0.00 1579356  187308   1.20  cartographer_no

04:32:40      UID       PID    %usr %system  %guest   %wait    %CPU   CPU  Command
04:32:41        0     46383   18.00    0.00    0.00    1.00   18.00     8  cartographer_no

04:32:40      UID       PID  minflt/s  majflt/s     VSZ     RSS   %MEM  Command
04:32:41        0     46383      0.00      0.00 1579356  187308   1.20  cartographer_no

04:32:41      UID       PID    %usr %system  %guest   %wait    %CPU   CPU  Command
04:32:42        0     46383   15.00    1.00    0.00    0.00   16.00     2  cartographer_no

04:32:41      UID       PID  minflt/s  majflt/s     VSZ     RSS   %MEM  Command
04:32:42        0     46383      0.00      0.00 1579356  187308   1.20  cartographer_no

04:32:42      UID       PID    %usr %system  %guest   %wait    %CPU   CPU  Command
04:32:43        0     46383   16.00    1.00    0.00    0.00   17.00     6  cartographer_no

04:32:42      UID       PID  minflt/s  majflt/s     VSZ     RSS   %MEM  Command
04:32:43        0     46383      0.00      0.00 1579356  187308   1.20  cartographer_no

04:32:43      UID       PID    %usr %system  %guest   %wait    %CPU   CPU  Command
04:32:44        0     46383   12.00    1.00    0.00    0.00   13.00     2  cartographer_no

04:32:43      UID       PID  minflt/s  majflt/s     VSZ     RSS   %MEM  Command
04:32:44        0     46383      0.00      0.00 1579356  187308   1.20  cartographer_no

04:32:44      UID       PID    %usr %system  %guest   %wait    %CPU   CPU  Command
04:32:45        0     46383   16.00    0.00    0.00    0.00   16.00     7  cartographer_no

04:32:44      UID       PID  minflt/s  majflt/s     VSZ     RSS   %MEM  Command
04:32:45        0     46383      0.00      0.00 1579356  187308   1.20  cartographer_no

04:32:45      UID       PID    %usr %system  %guest   %wait    %CPU   CPU  Command
04:32:46        0     46383   17.00    1.00    0.00    0.00   18.00    12  cartographer_no

04:32:45      UID       PID  minflt/s  majflt/s     VSZ     RSS   %MEM  Command
04:32:46        0     46383      0.00      0.00 1579356  187308   1.20  cartographer_no

04:32:46      UID       PID    %usr %system  %guest   %wait    %CPU   CPU  Command
04:32:47        0     46383   13.00    0.00    0.00    0.00   13.00     4  cartographer_no

04:32:46      UID       PID  minflt/s  majflt/s     VSZ     RSS   %MEM  Command
04:32:47        0     46383      0.00      0.00 1579356  187308   1.20  cartographer_no

04:32:47      UID       PID    %usr %system  %guest   %wait    %CPU   CPU  Command
04:32:48        0     46383   14.00    1.00    0.00    0.00   15.00     0  cartographer_no

04:32:47      UID       PID  minflt/s  majflt/s     VSZ     RSS   %MEM  Command
04:32:48        0     46383      0.00      0.00 1579356  187308   1.20  cartographer_no

04:32:48      UID       PID    %usr %system  %guest   %wait    %CPU   CPU  Command
04:32:49        0     46383   14.00    1.00    0.00    0.00   15.00     2  cartographer_no

04:32:48      UID       PID  minflt/s  majflt/s     VSZ     RSS   %MEM  Command
04:32:49        0     46383      0.00      0.00 1579356  187308   1.20  cartographer_no

04:32:49      UID       PID    %usr %system  %guest   %wait    %CPU   CPU  Command
04:32:50        0     46383   15.00    0.00    0.00    0.00   15.00     2  cartographer_no

04:32:49      UID       PID  minflt/s  majflt/s     VSZ     RSS   %MEM  Command
04:32:50        0     46383      0.00      0.00 1579356  187308   1.20  cartographer_no

04:32:50      UID       PID    %usr %system  %guest   %wait    %CPU   CPU  Command
04:32:51        0     46383   17.00    1.00    0.00    0.00   18.00     0  cartographer_no

04:32:50      UID       PID  minflt/s  majflt/s     VSZ     RSS   %MEM  Command
04:32:51        0     46383      0.00      0.00 1579356  187308   1.20  cartographer_no

04:32:51      UID       PID    %usr %system  %guest   %wait    %CPU   CPU  Command
04:32:52        0     46383   13.00    0.00    0.00    0.00   13.00     0  cartographer_no

04:32:51      UID       PID  minflt/s  majflt/s     VSZ     RSS   %MEM  Command
04:32:52        0     46383      0.00      0.00 1579356  187308   1.20  cartographer_no

04:32:52      UID       PID    %usr %system  %guest   %wait    %CPU   CPU  Command
04:32:53        0     46383   18.00    1.00    0.00    0.00   19.00     6  cartographer_no

04:32:52      UID       PID  minflt/s  majflt/s     VSZ     RSS   %MEM  Command
04:32:53        0     46383      0.00      0.00 1579356  187308   1.20  cartographer_no

04:32:53      UID       PID    %usr %system  %guest   %wait    %CPU   CPU  Command
04:32:54        0     46383   18.00    1.00    0.00    0.00   19.00     4  cartographer_no

04:32:53      UID       PID  minflt/s  majflt/s     VSZ     RSS   %MEM  Command
04:32:54        0     46383   1604.00      0.00 1595748  193836   1.24  cartographer_no

04:32:54      UID       PID    %usr %system  %guest   %wait    %CPU   CPU  Command
04:32:55        0     46383   23.00    1.00    0.00    0.00   24.00     7  cartographer_no

04:32:54      UID       PID  minflt/s  majflt/s     VSZ     RSS   %MEM  Command
04:32:55        0     46383    894.00      0.00 1579356  197292   1.27  cartographer_no

04:32:55      UID       PID    %usr %system  %guest   %wait    %CPU   CPU  Command
04:32:56        0     46383   14.00    1.00    0.00    0.00   15.00     6  cartographer_no

04:32:55      UID       PID  minflt/s  majflt/s     VSZ     RSS   %MEM  Command
04:32:56        0     46383      0.00      0.00 1579356  197292   1.27  cartographer_no

04:32:56      UID       PID    %usr %system  %guest   %wait    %CPU   CPU  Command
04:32:57        0     46383   14.00    1.00    0.00    0.00   15.00     8  cartographer_no

04:32:56      UID       PID  minflt/s  majflt/s     VSZ     RSS   %MEM  Command
04:32:57        0     46383      0.00      0.00 1579356  197292   1.27  cartographer_no

04:32:57      UID       PID    %usr %system  %guest   %wait    %CPU   CPU  Command
04:32:58        0     46383   15.00    0.00    0.00    0.00   15.00     2  cartographer_no

04:32:57      UID       PID  minflt/s  majflt/s     VSZ     RSS   %MEM  Command
04:32:58        0     46383      0.00      0.00 1579356  197292   1.27  cartographer_no

04:32:58      UID       PID    %usr %system  %guest   %wait    %CPU   CPU  Command
04:32:59        0     46383   12.00    1.00    0.00    0.00   13.00     2  cartographer_no

04:32:58      UID       PID  minflt/s  majflt/s     VSZ     RSS   %MEM  Command
04:32:59        0     46383      0.00      0.00 1579356  197292   1.27  cartographer_no

04:32:59      UID       PID    %usr %system  %guest   %wait    %CPU   CPU  Command
04:33:00        0     46383   14.00    1.00    0.00    0.00   15.00     6  cartographer_no

04:32:59      UID       PID  minflt/s  majflt/s     VSZ     RSS   %MEM  Command
04:33:00        0     46383      0.00      0.00 1579356  197292   1.27  cartographer_no

04:33:00      UID       PID    %usr %system  %guest   %wait    %CPU   CPU  Command
04:33:01        0     46383   18.00    1.00    0.00    0.00   19.00     2  cartographer_no

04:33:00      UID       PID  minflt/s  majflt/s     VSZ     RSS   %MEM  Command
04:33:01        0     46383      0.00      0.00 1579356  197292   1.27  cartographer_no

04:33:01      UID       PID    %usr %system  %guest   %wait    %CPU   CPU  Command
04:33:02        0     46383   18.00    0.00    0.00    0.00   18.00    14  cartographer_no

04:33:01      UID       PID  minflt/s  majflt/s     VSZ     RSS   %MEM  Command
04:33:02        0     46383      0.00      0.00 1579356  197292   1.27  cartographer_no

04:33:02      UID       PID    %usr %system  %guest   %wait    %CPU   CPU  Command
04:33:03        0     46383   16.00    1.00    0.00    0.00   17.00     6  cartographer_no

04:33:02      UID       PID  minflt/s  majflt/s     VSZ     RSS   %MEM  Command
04:33:03        0     46383      0.00      0.00 1579356  197292   1.27  cartographer_no

04:33:03      UID       PID    %usr %system  %guest   %wait    %CPU   CPU  Command
04:33:04        0     46383   14.00    1.00    0.00    0.00   15.00     8  cartographer_no

04:33:03      UID       PID  minflt/s  majflt/s     VSZ     RSS   %MEM  Command
04:33:04        0     46383      0.00      0.00 1579356  197292   1.27  cartographer_no

04:33:04      UID       PID    %usr %system  %guest   %wait    %CPU   CPU  Command
04:33:05        0     46383   14.00    1.00    0.00    0.00   15.00     2  cartographer_no

04:33:04      UID       PID  minflt/s  majflt/s     VSZ     RSS   %MEM  Command
04:33:05        0     46383      0.00      0.00 1579356  197292   1.27  cartographer_no

04:33:05      UID       PID    %usr %system  %guest   %wait    %CPU   CPU  Command
04:33:06        0     46383   15.00    0.00    0.00    0.00   15.00     2  cartographer_no

04:33:05      UID       PID  minflt/s  majflt/s     VSZ     RSS   %MEM  Command
04:33:06        0     46383      0.00      0.00 1579356  197292   1.27  cartographer_no

04:33:06      UID       PID    %usr %system  %guest   %wait    %CPU   CPU  Command
04:33:07        0     46383   13.00    1.00    0.00    0.00   14.00     2  cartographer_no

04:33:06      UID       PID  minflt/s  majflt/s     VSZ     RSS   %MEM  Command
04:33:07        0     46383      0.00      0.00 1579356  197292   1.27  cartographer_no

04:33:07      UID       PID    %usr %system  %guest   %wait    %CPU   CPU  Command
04:33:08        0     46383   16.00    0.00    0.00    1.00   16.00     3  cartographer_no

04:33:07      UID       PID  minflt/s  majflt/s     VSZ     RSS   %MEM  Command
04:33:08        0     46383      0.00      0.00 1579356  197292   1.27  cartographer_no

04:33:08      UID       PID    %usr %system  %guest   %wait    %CPU   CPU  Command
04:33:09        0     46383   14.00    0.00    0.00    0.00   14.00     3  cartographer_no

04:33:08      UID       PID  minflt/s  majflt/s     VSZ     RSS   %MEM  Command
04:33:09        0     46383      0.00      0.00 1579356  197292   1.27  cartographer_no

04:33:09      UID       PID    %usr %system  %guest   %wait    %CPU   CPU  Command
04:33:10        0     46383   17.00    0.00    0.00    0.00   17.00     2  cartographer_no

04:33:09      UID       PID  minflt/s  majflt/s     VSZ     RSS   %MEM  Command
04:33:10        0     46383      0.00      0.00 1579356  197292   1.27  cartographer_no

04:33:10      UID       PID    %usr %system  %guest   %wait    %CPU   CPU  Command
04:33:11        0     46383   16.00    1.00    0.00    0.00   17.00     3  cartographer_no

04:33:10      UID       PID  minflt/s  majflt/s     VSZ     RSS   %MEM  Command
04:33:11        0     46383      0.00      0.00 1579356  197292   1.27  cartographer_no

04:33:11      UID       PID    %usr %system  %guest   %wait    %CPU   CPU  Command
04:33:12        0     46383   15.00    0.00    0.00    0.00   15.00     0  cartographer_no

04:33:11      UID       PID  minflt/s  majflt/s     VSZ     RSS   %MEM  Command
04:33:12        0     46383      0.00      0.00 1579356  197292   1.27  cartographer_no

04:33:12      UID       PID    %usr %system  %guest   %wait    %CPU   CPU  Command
04:33:13        0     46383   15.00    0.00    0.00    0.00   15.00    10  cartographer_no

04:33:12      UID       PID  minflt/s  majflt/s     VSZ     RSS   %MEM  Command
04:33:13        0     46383      0.00      0.00 1579356  197292   1.27  cartographer_no

04:33:13      UID       PID    %usr %system  %guest   %wait    %CPU   CPU  Command
04:33:14        0     46383   15.00    1.00    0.00    0.00   16.00     2  cartographer_no

04:33:13      UID       PID  minflt/s  majflt/s     VSZ     RSS   %MEM  Command
04:33:14        0     46383      0.00      0.00 1579356  197292   1.27  cartographer_no

04:33:14      UID       PID    %usr %system  %guest   %wait    %CPU   CPU  Command
04:33:15        0     46383   15.00    1.00    0.00    0.00   16.00     2  cartographer_no

04:33:14      UID       PID  minflt/s  majflt/s     VSZ     RSS   %MEM  Command
04:33:15        0     46383      0.00      0.00 1579356  197292   1.27  cartographer_no

04:33:15      UID       PID    %usr %system  %guest   %wait    %CPU   CPU  Command
04:33:16        0     46383   15.00    0.00    0.00    0.00   15.00     2  cartographer_no

04:33:15      UID       PID  minflt/s  majflt/s     VSZ     RSS   %MEM  Command
04:33:16        0     46383      0.00      0.00 1579356  197292   1.27  cartographer_no

04:33:16      UID       PID    %usr %system  %guest   %wait    %CPU   CPU  Command
04:33:17        0     46383   54.00    1.00    0.00    0.00   55.00     2  cartographer_no

04:33:16      UID       PID  minflt/s  majflt/s     VSZ     RSS   %MEM  Command
04:33:17        0     46383      0.00      0.00 1579356  197292   1.27  cartographer_no

04:33:17      UID       PID    %usr %system  %guest   %wait    %CPU   CPU  Command
04:33:18        0     46383   13.00    0.00    0.00    0.00   13.00    14  cartographer_no

04:33:17      UID       PID  minflt/s  majflt/s     VSZ     RSS   %MEM  Command
04:33:18        0     46383      0.00      0.00 1579356  197292   1.27  cartographer_no

04:33:18      UID       PID    %usr %system  %guest   %wait    %CPU   CPU  Command
04:33:19        0     46383   15.00    0.00    0.00    0.00   15.00     6  cartographer_no

04:33:18      UID       PID  minflt/s  majflt/s     VSZ     RSS   %MEM  Command
04:33:19        0     46383      0.00      0.00 1579356  197292   1.27  cartographer_no

04:33:19      UID       PID    %usr %system  %guest   %wait    %CPU   CPU  Command
04:33:20        0     46383   16.00    0.00    0.00    0.00   16.00     8  cartographer_no

04:33:19      UID       PID  minflt/s  majflt/s     VSZ     RSS   %MEM  Command
04:33:20        0     46383      0.00      0.00 1579356  197292   1.27  cartographer_no

04:33:20      UID       PID    %usr %system  %guest   %wait    %CPU   CPU  Command
04:33:21        0     46383   13.00    1.00    0.00    0.00   14.00     2  cartographer_no

04:33:20      UID       PID  minflt/s  majflt/s     VSZ     RSS   %MEM  Command
04:33:21        0     46383      0.00      0.00 1579356  197292   1.27  cartographer_no

04:33:21      UID       PID    %usr %system  %guest   %wait    %CPU   CPU  Command
04:33:22        0     46383   15.00    0.00    0.00    0.00   15.00     6  cartographer_no

04:33:21      UID       PID  minflt/s  majflt/s     VSZ     RSS   %MEM  Command
04:33:22        0     46383      0.00      0.00 1579356  197292   1.27  cartographer_no

04:33:22      UID       PID    %usr %system  %guest   %wait    %CPU   CPU  Command
04:33:23        0     46383   14.00    1.00    0.00    0.00   15.00     6  cartographer_no

04:33:22      UID       PID  minflt/s  majflt/s     VSZ     RSS   %MEM  Command
04:33:23        0     46383      0.00      0.00 1579356  197292   1.27  cartographer_no

04:33:23      UID       PID    %usr %system  %guest   %wait    %CPU   CPU  Command
04:33:24        0     46383   14.00    0.00    0.00    0.00   14.00     7  cartographer_no

04:33:23      UID       PID  minflt/s  majflt/s     VSZ     RSS   %MEM  Command
04:33:24        0     46383      0.00      0.00 1579356  197292   1.27  cartographer_no

04:33:24      UID       PID    %usr %system  %guest   %wait    %CPU   CPU  Command
04:33:25        0     46383   14.00    1.00    0.00    0.00   15.00     8  cartographer_no

04:33:24      UID       PID  minflt/s  majflt/s     VSZ     RSS   %MEM  Command
04:33:25        0     46383    372.00      0.00 1580844  198572   1.27  cartographer_no

04:33:25      UID       PID    %usr %system  %guest   %wait    %CPU   CPU  Command
04:33:26        0     46383   13.00    1.00    0.00    0.00   14.00     2  cartographer_no

04:33:25      UID       PID  minflt/s  majflt/s     VSZ     RSS   %MEM  Command
04:33:26        0     46383      0.00      0.00 1580844  198572   1.27  cartographer_no

04:33:26      UID       PID    %usr %system  %guest   %wait    %CPU   CPU  Command
04:33:27        0     46383   13.00    0.00    0.00    0.00   13.00     8  cartographer_no

04:33:26      UID       PID  minflt/s  majflt/s     VSZ     RSS   %MEM  Command
04:33:27        0     46383      0.00      0.00 1580844  198572   1.27  cartographer_no

04:33:27      UID       PID    %usr %system  %guest   %wait    %CPU   CPU  Command
04:33:28        0     46383   14.00    2.00    0.00    0.00   16.00     2  cartographer_no

04:33:27      UID       PID  minflt/s  majflt/s     VSZ     RSS   %MEM  Command
04:33:28        0     46383      0.00      0.00 1580844  198572   1.27  cartographer_no

04:33:28      UID       PID    %usr %system  %guest   %wait    %CPU   CPU  Command
04:33:29        0     46383   14.00    1.00    0.00    0.00   15.00     6  cartographer_no

04:33:28      UID       PID  minflt/s  majflt/s     VSZ     RSS   %MEM  Command
04:33:29        0     46383      0.00      0.00 1580844  198572   1.27  cartographer_no

04:33:29      UID       PID    %usr %system  %guest   %wait    %CPU   CPU  Command
04:33:30        0     46383   15.00    1.00    0.00    0.00   16.00     2  cartographer_no

04:33:29      UID       PID  minflt/s  majflt/s     VSZ     RSS   %MEM  Command
04:33:30        0     46383      0.00      0.00 1580844  198572   1.27  cartographer_no

04:33:30      UID       PID    %usr %system  %guest   %wait    %CPU   CPU  Command
04:33:31        0     46383   16.00    1.00    0.00    0.00   17.00     8  cartographer_no

04:33:30      UID       PID  minflt/s  majflt/s     VSZ     RSS   %MEM  Command
04:33:31        0     46383      0.00      0.00 1580844  198572   1.27  cartographer_no

04:33:31      UID       PID    %usr %system  %guest   %wait    %CPU   CPU  Command
04:33:32        0     46383   16.00    0.00    0.00    0.00   16.00     2  cartographer_no

04:33:31      UID       PID  minflt/s  majflt/s     VSZ     RSS   %MEM  Command
04:33:32        0     46383      0.00      0.00 1580844  198572   1.27  cartographer_no

04:33:32      UID       PID    %usr %system  %guest   %wait    %CPU   CPU  Command
04:33:33        0     46383   18.00    1.00    0.00    0.00   19.00     7  cartographer_no

04:33:32      UID       PID  minflt/s  majflt/s     VSZ     RSS   %MEM  Command
04:33:33        0     46383      0.00      0.00 1580844  198572   1.27  cartographer_no

04:33:33      UID       PID    %usr %system  %guest   %wait    %CPU   CPU  Command
04:33:34        0     46383   16.00    1.00    0.00    0.00   17.00     6  cartographer_no

04:33:33      UID       PID  minflt/s  majflt/s     VSZ     RSS   %MEM  Command
04:33:34        0     46383      0.00      0.00 1580844  198572   1.27  cartographer_no

04:33:34      UID       PID    %usr %system  %guest   %wait    %CPU   CPU  Command
04:33:35        0     46383   29.00    0.00    0.00    0.00   29.00     6  cartographer_no

04:33:34      UID       PID  minflt/s  majflt/s     VSZ     RSS   %MEM  Command
04:33:35        0     46383    523.00      0.00 1580844  200492   1.29  cartographer_no

04:33:35      UID       PID    %usr %system  %guest   %wait    %CPU   CPU  Command
04:33:36        0     46383   14.00    1.00    0.00    0.00   15.00     2  cartographer_no

04:33:35      UID       PID  minflt/s  majflt/s     VSZ     RSS   %MEM  Command
04:33:36        0     46383      0.00      0.00 1580844  200492   1.29  cartographer_no

04:33:36      UID       PID    %usr %system  %guest   %wait    %CPU   CPU  Command
04:33:37        0     46383   22.00    0.00    0.00    0.00   22.00     4  cartographer_no

04:33:36      UID       PID  minflt/s  majflt/s     VSZ     RSS   %MEM  Command
04:33:37        0     46383      0.00      0.00 1580844  200492   1.29  cartographer_no

04:33:37      UID       PID    %usr %system  %guest   %wait    %CPU   CPU  Command
04:33:38        0     46383   16.00    1.00    0.00    0.00   17.00     7  cartographer_no

04:33:37      UID       PID  minflt/s  majflt/s     VSZ     RSS   %MEM  Command
04:33:38        0     46383      0.00      0.00 1580844  200492   1.29  cartographer_no

04:33:38      UID       PID    %usr %system  %guest   %wait    %CPU   CPU  Command
04:33:39        0     46383   16.00    1.00    0.00    0.00   17.00     2  cartographer_no

04:33:38      UID       PID  minflt/s  majflt/s     VSZ     RSS   %MEM  Command
04:33:39        0     46383      0.00      0.00 1580844  200492   1.29  cartographer_no

04:33:39      UID       PID    %usr %system  %guest   %wait    %CPU   CPU  Command
04:33:40        0     46383   16.00    1.00    0.00    0.00   17.00    12  cartographer_no

04:33:39      UID       PID  minflt/s  majflt/s     VSZ     RSS   %MEM  Command
04:33:40        0     46383      0.00      0.00 1580844  200492   1.29  cartographer_no

04:33:40      UID       PID    %usr %system  %guest   %wait    %CPU   CPU  Command
04:33:41        0     46383   17.00    0.00    0.00    0.00   17.00    12  cartographer_no

04:33:40      UID       PID  minflt/s  majflt/s     VSZ     RSS   %MEM  Command
04:33:41        0     46383      0.00      0.00 1580844  200492   1.29  cartographer_no

04:33:41      UID       PID    %usr %system  %guest   %wait    %CPU   CPU  Command
04:33:42        0     46383   16.00    1.00    0.00    0.00   17.00     2  cartographer_no

04:33:41      UID       PID  minflt/s  majflt/s     VSZ     RSS   %MEM  Command
04:33:42        0     46383      0.00      0.00 1580844  200492   1.29  cartographer_no

04:33:42      UID       PID    %usr %system  %guest   %wait    %CPU   CPU  Command
04:33:43        0     46383   22.00    1.00    0.00    0.00   23.00    10  cartographer_no

04:33:42      UID       PID  minflt/s  majflt/s     VSZ     RSS   %MEM  Command
04:33:43        0     46383      0.00      0.00 1580844  200492   1.29  cartographer_no

04:33:43      UID       PID    %usr %system  %guest   %wait    %CPU   CPU  Command
04:33:44        0     46383   17.00    0.00    0.00    0.00   17.00     4  cartographer_no

04:33:43      UID       PID  minflt/s  majflt/s     VSZ     RSS   %MEM  Command
04:33:44        0     46383      0.00      0.00 1580844  200492   1.29  cartographer_no

04:33:44      UID       PID    %usr %system  %guest   %wait    %CPU   CPU  Command
04:33:45        0     46383   16.00    1.00    0.00    0.00   17.00     8  cartographer_no

04:33:44      UID       PID  minflt/s  majflt/s     VSZ     RSS   %MEM  Command
04:33:45        0     46383      0.00      0.00 1580844  200492   1.29  cartographer_no

04:33:45      UID       PID    %usr %system  %guest   %wait    %CPU   CPU  Command
04:33:46        0     46383   19.00    1.00    0.00    0.00   20.00     3  cartographer_no

04:33:45      UID       PID  minflt/s  majflt/s     VSZ     RSS   %MEM  Command
04:33:46        0     46383      0.00      0.00 1580844  200492   1.29  cartographer_no

04:33:46      UID       PID    %usr %system  %guest   %wait    %CPU   CPU  Command
04:33:47        0     46383   17.00    0.00    0.00    0.00   17.00    14  cartographer_no

04:33:46      UID       PID  minflt/s  majflt/s     VSZ     RSS   %MEM  Command
04:33:47        0     46383      0.00      0.00 1580844  200492   1.29  cartographer_no

04:33:47      UID       PID    %usr %system  %guest   %wait    %CPU   CPU  Command
04:33:48        0     46383   17.00    1.00    0.00    0.00   18.00     0  cartographer_no

04:33:47      UID       PID  minflt/s  majflt/s     VSZ     RSS   %MEM  Command
04:33:48        0     46383      0.00      0.00 1580844  200492   1.29  cartographer_no

04:33:48      UID       PID    %usr %system  %guest   %wait    %CPU   CPU  Command
04:33:49        0     46383   19.00    1.00    0.00    0.00   20.00     3  cartographer_no

04:33:48      UID       PID  minflt/s  majflt/s     VSZ     RSS   %MEM  Command
04:33:49        0     46383      0.00      0.00 1580844  200492   1.29  cartographer_no

04:33:49      UID       PID    %usr %system  %guest   %wait    %CPU   CPU  Command
04:33:50        0     46383   17.00    1.00    0.00    0.00   18.00     3  cartographer_no

04:33:49      UID       PID  minflt/s  majflt/s     VSZ     RSS   %MEM  Command
04:33:50        0     46383      0.00      0.00 1580844  200492   1.29  cartographer_no

04:33:50      UID       PID    %usr %system  %guest   %wait    %CPU   CPU  Command
04:33:51        0     46383   20.00    0.00    0.00    0.00   20.00     3  cartographer_no

04:33:50      UID       PID  minflt/s  majflt/s     VSZ     RSS   %MEM  Command
04:33:51        0     46383      0.00      0.00 1580844  200492   1.29  cartographer_no

04:33:51      UID       PID    %usr %system  %guest   %wait    %CPU   CPU  Command
04:33:52        0     46383   20.00    0.00    0.00    0.00   20.00    13  cartographer_no

04:33:51      UID       PID  minflt/s  majflt/s     VSZ     RSS   %MEM  Command
04:33:52        0     46383      0.00      0.00 1580844  200492   1.29  cartographer_no

04:33:52      UID       PID    %usr %system  %guest   %wait    %CPU   CPU  Command
04:33:53        0     46383   18.00    1.00    0.00    0.00   19.00    10  cartographer_no

04:33:52      UID       PID  minflt/s  majflt/s     VSZ     RSS   %MEM  Command
04:33:53        0     46383      0.00      0.00 1580844  200492   1.29  cartographer_no

04:33:53      UID       PID    %usr %system  %guest   %wait    %CPU   CPU  Command
04:33:54        0     46383   19.00    1.00    0.00    0.00   20.00     0  cartographer_no

04:33:53      UID       PID  minflt/s  majflt/s     VSZ     RSS   %MEM  Command
04:33:54        0     46383      0.00      0.00 1580844  200492   1.29  cartographer_no

04:33:54      UID       PID    %usr %system  %guest   %wait    %CPU   CPU  Command
04:33:55        0     46383   19.00    0.00    0.00    0.00   19.00     6  cartographer_no

04:33:54      UID       PID  minflt/s  majflt/s     VSZ     RSS   %MEM  Command
04:33:55        0     46383      0.00      0.00 1580844  200492   1.29  cartographer_no

04:33:55      UID       PID    %usr %system  %guest   %wait    %CPU   CPU  Command
04:33:56        0     46383   20.00    1.00    0.00    0.00   21.00     2  cartographer_no

04:33:55      UID       PID  minflt/s  majflt/s     VSZ     RSS   %MEM  Command
04:33:56        0     46383      0.00      0.00 1580844  200492   1.29  cartographer_no

04:33:56      UID       PID    %usr %system  %guest   %wait    %CPU   CPU  Command
04:33:57        0     46383   19.00    0.00    0.00    0.00   19.00     0  cartographer_no

04:33:56      UID       PID  minflt/s  majflt/s     VSZ     RSS   %MEM  Command
04:33:57        0     46383      0.00      0.00 1580844  200492   1.29  cartographer_no

04:33:57      UID       PID    %usr %system  %guest   %wait    %CPU   CPU  Command
04:33:58        0     46383   72.00    1.00    0.00    1.00   73.00     5  cartographer_no

04:33:57      UID       PID  minflt/s  majflt/s     VSZ     RSS   %MEM  Command
04:33:58        0     46383      0.00      0.00 1580844  200492   1.29  cartographer_no

04:33:58      UID       PID    %usr %system  %guest   %wait    %CPU   CPU  Command
04:33:59        0     46383   62.00    1.00    0.00    0.00   63.00     8  cartographer_no

04:33:58      UID       PID  minflt/s  majflt/s     VSZ     RSS   %MEM  Command
04:33:59        0     46383      0.00      0.00 1580844  200492   1.29  cartographer_no

04:33:59      UID       PID    %usr %system  %guest   %wait    %CPU   CPU  Command
04:34:00        0     46383   16.00    1.00    0.00    0.00   17.00     6  cartographer_no

04:33:59      UID       PID  minflt/s  majflt/s     VSZ     RSS   %MEM  Command
04:34:00        0     46383      0.00      0.00 1580844  200492   1.29  cartographer_no

04:34:00      UID       PID    %usr %system  %guest   %wait    %CPU   CPU  Command
04:34:01        0     46383   22.00    0.00    0.00    0.00   22.00     2  cartographer_no

04:34:00      UID       PID  minflt/s  majflt/s     VSZ     RSS   %MEM  Command
04:34:01        0     46383      0.00      0.00 1580844  200492   1.29  cartographer_no

04:34:01      UID       PID    %usr %system  %guest   %wait    %CPU   CPU  Command
04:34:02        0     46383   17.00    1.00    0.00    0.00   18.00     2  cartographer_no

04:34:01      UID       PID  minflt/s  majflt/s     VSZ     RSS   %MEM  Command
04:34:02        0     46383      0.00      0.00 1580844  200492   1.29  cartographer_no

04:34:02      UID       PID    %usr %system  %guest   %wait    %CPU   CPU  Command
04:34:03        0     46383   20.00    1.00    0.00    0.00   21.00     3  cartographer_no

04:34:02      UID       PID  minflt/s  majflt/s     VSZ     RSS   %MEM  Command
04:34:03        0     46383      0.00      0.00 1580844  200492   1.29  cartographer_no

04:34:03      UID       PID    %usr %system  %guest   %wait    %CPU   CPU  Command
04:34:04        0     46383   17.00    0.00    0.00    0.00   17.00     6  cartographer_no

04:34:03      UID       PID  minflt/s  majflt/s     VSZ     RSS   %MEM  Command
04:34:04        0     46383      0.00      0.00 1580844  200492   1.29  cartographer_no

04:34:04      UID       PID    %usr %system  %guest   %wait    %CPU   CPU  Command
04:34:05        0     46383   20.00    1.00    0.00    0.00   21.00    12  cartographer_no

04:34:04      UID       PID  minflt/s  majflt/s     VSZ     RSS   %MEM  Command
04:34:05        0     46383      0.00      0.00 1580844  200492   1.29  cartographer_no

04:34:05      UID       PID    %usr %system  %guest   %wait    %CPU   CPU  Command
04:34:06        0     46383   24.00    0.00    0.00    0.00   24.00     2  cartographer_no

04:34:05      UID       PID  minflt/s  majflt/s     VSZ     RSS   %MEM  Command
04:34:06        0     46383      0.00      0.00 1580844  200492   1.29  cartographer_no

04:34:06      UID       PID    %usr %system  %guest   %wait    %CPU   CPU  Command
04:34:07        0     46383   21.00    1.00    0.00    0.00   22.00     2  cartographer_no

04:34:06      UID       PID  minflt/s  majflt/s     VSZ     RSS   %MEM  Command
04:34:07        0     46383      0.00      0.00 1580844  200492   1.29  cartographer_no

04:34:07      UID       PID    %usr %system  %guest   %wait    %CPU   CPU  Command
04:34:08        0     46383   22.00    1.00    0.00    0.00   23.00     6  cartographer_no

04:34:07      UID       PID  minflt/s  majflt/s     VSZ     RSS   %MEM  Command
04:34:08        0     46383      0.00      0.00 1580844  200492   1.29  cartographer_no

04:34:08      UID       PID    %usr %system  %guest   %wait    %CPU   CPU  Command
04:34:09        0     46383   27.00    0.00    0.00    0.00   27.00     0  cartographer_no

04:34:08      UID       PID  minflt/s  majflt/s     VSZ     RSS   %MEM  Command
04:34:09        0     46383      0.00      0.00 1580844  200492   1.29  cartographer_no

04:34:09      UID       PID    %usr %system  %guest   %wait    %CPU   CPU  Command
04:34:10        0     46383   21.00    1.00    0.00    0.00   22.00     3  cartographer_no

04:34:09      UID       PID  minflt/s  majflt/s     VSZ     RSS   %MEM  Command
04:34:10        0     46383      0.00      0.00 1580844  200492   1.29  cartographer_no

04:34:10      UID       PID    %usr %system  %guest   %wait    %CPU   CPU  Command
04:34:11        0     46383   18.00    1.00    0.00    0.00   19.00     2  cartographer_no

04:34:10      UID       PID  minflt/s  majflt/s     VSZ     RSS   %MEM  Command
04:34:11        0     46383      0.00      0.00 1580844  200492   1.29  cartographer_no

04:34:11      UID       PID    %usr %system  %guest   %wait    %CPU   CPU  Command
04:34:12        0     46383   20.00    0.00    0.00    0.00   20.00     6  cartographer_no

04:34:11      UID       PID  minflt/s  majflt/s     VSZ     RSS   %MEM  Command
04:34:12        0     46383      0.00      0.00 1580844  200492   1.29  cartographer_no

04:34:12      UID       PID    %usr %system  %guest   %wait    %CPU   CPU  Command
04:34:13        0     46383   23.00    1.00    0.00    0.00   24.00     2  cartographer_no

04:34:12      UID       PID  minflt/s  majflt/s     VSZ     RSS   %MEM  Command
04:34:13        0     46383      0.00      0.00 1580844  200492   1.29  cartographer_no

04:34:13      UID       PID    %usr %system  %guest   %wait    %CPU   CPU  Command
04:34:14        0     46383   12.00    0.00    0.00    0.00   12.00     7  cartographer_no

04:34:13      UID       PID  minflt/s  majflt/s     VSZ     RSS   %MEM  Command
04:34:14        0     46383      0.00      0.00 1580844  200492   1.29  cartographer_no

04:34:14      UID       PID    %usr %system  %guest   %wait    %CPU   CPU  Command
04:34:15        0     46383   12.00    1.00    0.00    0.00   13.00     7  cartographer_no

04:34:14      UID       PID  minflt/s  majflt/s     VSZ     RSS   %MEM  Command
04:34:15        0     46383      0.00      0.00 1580844  200492   1.29  cartographer_no

04:34:15      UID       PID    %usr %system  %guest   %wait    %CPU   CPU  Command
04:34:16        0     46383   12.00    0.00    0.00    0.00   12.00     7  cartographer_no

04:34:15      UID       PID  minflt/s  majflt/s     VSZ     RSS   %MEM  Command
04:34:16        0     46383      0.00      0.00 1580844  200492   1.29  cartographer_no

04:34:16      UID       PID    %usr %system  %guest   %wait    %CPU   CPU  Command
04:34:17        0     46383   12.00    1.00    0.00    0.00   13.00     2  cartographer_no

04:34:16      UID       PID  minflt/s  majflt/s     VSZ     RSS   %MEM  Command
04:34:17        0     46383      0.00      0.00 1580844  200492   1.29  cartographer_no

04:34:17      UID       PID    %usr %system  %guest   %wait    %CPU   CPU  Command
04:34:18        0     46383   16.00    0.00    0.00    0.00   16.00     4  cartographer_no

04:34:17      UID       PID  minflt/s  majflt/s     VSZ     RSS   %MEM  Command
04:34:18        0     46383      0.00      0.00 1580844  200492   1.29  cartographer_no

04:34:18      UID       PID    %usr %system  %guest   %wait    %CPU   CPU  Command
04:34:19        0     46383   13.00    1.00    0.00    0.00   14.00     6  cartographer_no

04:34:18      UID       PID  minflt/s  majflt/s     VSZ     RSS   %MEM  Command
04:34:19        0     46383      0.00      0.00 1580844  200492   1.29  cartographer_no

04:34:19      UID       PID    %usr %system  %guest   %wait    %CPU   CPU  Command
04:34:20        0     46383   13.00    0.00    0.00    0.00   13.00     3  cartographer_no

04:34:19      UID       PID  minflt/s  majflt/s     VSZ     RSS   %MEM  Command
04:34:20        0     46383      0.00      0.00 1580844  200492   1.29  cartographer_no

04:34:20      UID       PID    %usr %system  %guest   %wait    %CPU   CPU  Command
04:34:21        0     46383   29.00    1.00    0.00    0.00   30.00     6  cartographer_no

04:34:20      UID       PID  minflt/s  majflt/s     VSZ     RSS   %MEM  Command
04:34:21        0     46383    268.00      0.00 1580844  201644   1.29  cartographer_no

04:34:21      UID       PID    %usr %system  %guest   %wait    %CPU   CPU  Command
04:34:22        0     46383   21.00    0.00    0.00    0.00   21.00    10  cartographer_no

04:34:21      UID       PID  minflt/s  majflt/s     VSZ     RSS   %MEM  Command
04:34:22        0     46383      0.00      0.00 1580844  201644   1.29  cartographer_no

04:34:22      UID       PID    %usr %system  %guest   %wait    %CPU   CPU  Command
04:34:23        0     46383   17.00    1.00    0.00    0.00   18.00     2  cartographer_no

04:34:22      UID       PID  minflt/s  majflt/s     VSZ     RSS   %MEM  Command
04:34:23        0     46383      0.00      0.00 1580844  201644   1.29  cartographer_no

04:34:23      UID       PID    %usr %system  %guest   %wait    %CPU   CPU  Command
04:34:24        0     46383   13.00    1.00    0.00    0.00   14.00     2  cartographer_no

04:34:23      UID       PID  minflt/s  majflt/s     VSZ     RSS   %MEM  Command
04:34:24        0     46383      0.00      0.00 1580844  201644   1.29  cartographer_no

04:34:24      UID       PID    %usr %system  %guest   %wait    %CPU   CPU  Command
04:34:25        0     46383   19.00    0.00    0.00    0.00   19.00    14  cartographer_no

04:34:24      UID       PID  minflt/s  majflt/s     VSZ     RSS   %MEM  Command
04:34:25        0     46383      0.00      0.00 1580844  201644   1.29  cartographer_no

04:34:25      UID       PID    %usr %system  %guest   %wait    %CPU   CPU  Command
04:34:26        0     46383   16.00    1.00    0.00    0.00   17.00     6  cartographer_no

04:34:25      UID       PID  minflt/s  majflt/s     VSZ     RSS   %MEM  Command
04:34:26        0     46383      0.00      0.00 1580844  201644   1.29  cartographer_no

04:34:26      UID       PID    %usr %system  %guest   %wait    %CPU   CPU  Command
04:34:27        0     46383   16.00    0.00    0.00    0.00   16.00     9  cartographer_no

04:34:26      UID       PID  minflt/s  majflt/s     VSZ     RSS   %MEM  Command
04:34:27        0     46383      0.00      0.00 1580844  201644   1.29  cartographer_no

04:34:27      UID       PID    %usr %system  %guest   %wait    %CPU   CPU  Command
04:34:28        0     46383   18.00    1.00    0.00    0.00   19.00     2  cartographer_no

04:34:27      UID       PID  minflt/s  majflt/s     VSZ     RSS   %MEM  Command
04:34:28        0     46383      0.00      0.00 1580844  201644   1.29  cartographer_no

04:34:28      UID       PID    %usr %system  %guest   %wait    %CPU   CPU  Command
04:34:29        0     46383   16.00    0.00    0.00    0.00   16.00     6  cartographer_no

04:34:28      UID       PID  minflt/s  majflt/s     VSZ     RSS   %MEM  Command
04:34:29        0     46383      0.00      0.00 1580844  201644   1.29  cartographer_no

04:34:29      UID       PID    %usr %system  %guest   %wait    %CPU   CPU  Command
04:34:30        0     46383   17.00    1.00    0.00    0.00   18.00     6  cartographer_no

04:34:29      UID       PID  minflt/s  majflt/s     VSZ     RSS   %MEM  Command
04:34:30        0     46383      0.00      0.00 1580844  201644   1.29  cartographer_no

04:34:30      UID       PID    %usr %system  %guest   %wait    %CPU   CPU  Command
04:34:31        0     46383   16.00    0.00    0.00    0.00   16.00    10  cartographer_no

04:34:30      UID       PID  minflt/s  majflt/s     VSZ     RSS   %MEM  Command
04:34:31        0     46383      0.00      0.00 1580844  201644   1.29  cartographer_no

04:34:31      UID       PID    %usr %system  %guest   %wait    %CPU   CPU  Command
04:34:32        0     46383   16.00    1.00    0.00    0.00   17.00     2  cartographer_no

04:34:31      UID       PID  minflt/s  majflt/s     VSZ     RSS   %MEM  Command
04:34:32        0     46383      0.00      0.00 1580844  201644   1.29  cartographer_no

04:34:32      UID       PID    %usr %system  %guest   %wait    %CPU   CPU  Command
04:34:33        0     46383   21.00    1.00    0.00    0.00   22.00     2  cartographer_no

04:34:32      UID       PID  minflt/s  majflt/s     VSZ     RSS   %MEM  Command
04:34:33        0     46383      0.00      0.00 1580844  201644   1.29  cartographer_no

04:34:33      UID       PID    %usr %system  %guest   %wait    %CPU   CPU  Command
04:34:34        0     46383   14.00    0.00    0.00    0.00   14.00     7  cartographer_no

04:34:33      UID       PID  minflt/s  majflt/s     VSZ     RSS   %MEM  Command
04:34:34        0     46383      0.00      0.00 1580844  201644   1.29  cartographer_no

04:34:34      UID       PID    %usr %system  %guest   %wait    %CPU   CPU  Command
04:34:35        0     46383   12.00    1.00    0.00    0.00   13.00     7  cartographer_no

04:34:34      UID       PID  minflt/s  majflt/s     VSZ     RSS   %MEM  Command
04:34:35        0     46383      0.00      0.00 1580844  201644   1.29  cartographer_no

04:34:35      UID       PID    %usr %system  %guest   %wait    %CPU   CPU  Command
04:34:36        0     46383    9.00    0.00    0.00    0.00    9.00     7  cartographer_no

04:34:35      UID       PID  minflt/s  majflt/s     VSZ     RSS   %MEM  Command
04:34:36        0     46383      0.00      0.00 1580844  201644   1.29  cartographer_no

04:34:36      UID       PID    %usr %system  %guest   %wait    %CPU   CPU  Command
04:34:37        0     46383   10.00    1.00    0.00    0.00   11.00     8  cartographer_no

04:34:36      UID       PID  minflt/s  majflt/s     VSZ     RSS   %MEM  Command
04:34:37        0     46383      0.00      0.00 1580844  201644   1.29  cartographer_no

04:34:37      UID       PID    %usr %system  %guest   %wait    %CPU   CPU  Command
04:34:38        0     46383    9.00    0.00    0.00    0.00    9.00     2  cartographer_no

04:34:37      UID       PID  minflt/s  majflt/s     VSZ     RSS   %MEM  Command
04:34:38        0     46383      0.00      0.00 1580844  201644   1.29  cartographer_no

04:34:38      UID       PID    %usr %system  %guest   %wait    %CPU   CPU  Command
04:34:39        0     46383   11.00    1.00    0.00    0.00   12.00     2  cartographer_no

04:34:38      UID       PID  minflt/s  majflt/s     VSZ     RSS   %MEM  Command
04:34:39        0     46383      0.00      0.00 1580844  201644   1.29  cartographer_no

04:34:39      UID       PID    %usr %system  %guest   %wait    %CPU   CPU  Command
04:34:40        0     46383   12.00    1.00    0.00    0.00   13.00    12  cartographer_no

04:34:39      UID       PID  minflt/s  majflt/s     VSZ     RSS   %MEM  Command
04:34:40        0     46383      0.00      0.00 1580844  201644   1.29  cartographer_no

04:34:40      UID       PID    %usr %system  %guest   %wait    %CPU   CPU  Command
04:34:41        0     46383   18.00    0.00    0.00    0.00   18.00     4  cartographer_no

04:34:40      UID       PID  minflt/s  majflt/s     VSZ     RSS   %MEM  Command
04:34:41        0     46383      0.00      0.00 1580844  201644   1.29  cartographer_no

04:34:41      UID       PID    %usr %system  %guest   %wait    %CPU   CPU  Command
04:34:42        0     46383   15.00    1.00    0.00    0.00   16.00     2  cartographer_no

04:34:41      UID       PID  minflt/s  majflt/s     VSZ     RSS   %MEM  Command
04:34:42        0     46383      0.00      0.00 1580844  201644   1.29  cartographer_no

04:34:42      UID       PID    %usr %system  %guest   %wait    %CPU   CPU  Command
04:34:43        0     46383   15.00    1.00    0.00    0.00   16.00    10  cartographer_no

04:34:42      UID       PID  minflt/s  majflt/s     VSZ     RSS   %MEM  Command
04:34:43        0     46383      0.00      0.00 1580844  201644   1.29  cartographer_no

04:34:43      UID       PID    %usr %system  %guest   %wait    %CPU   CPU  Command
04:34:44        0     46383   14.00    1.00    0.00    0.00   15.00    10  cartographer_no

04:34:43      UID       PID  minflt/s  majflt/s     VSZ     RSS   %MEM  Command
04:34:44        0     46383      0.00      0.00 1580844  201644   1.29  cartographer_no

04:34:44      UID       PID    %usr %system  %guest   %wait    %CPU   CPU  Command
04:34:45        0     46383   13.00    0.00    0.00    0.00   13.00     2  cartographer_no

04:34:44      UID       PID  minflt/s  majflt/s     VSZ     RSS   %MEM  Command
04:34:45        0     46383      0.00      0.00 1580844  201644   1.29  cartographer_no

04:34:45      UID       PID    %usr %system  %guest   %wait    %CPU   CPU  Command
04:34:46        0     46383    9.00    1.00    0.00    0.00   10.00     6  cartographer_no

04:34:45      UID       PID  minflt/s  majflt/s     VSZ     RSS   %MEM  Command
04:34:46        0     46383      0.00      0.00 1580844  201644   1.29  cartographer_no

04:34:46      UID       PID    %usr %system  %guest   %wait    %CPU   CPU  Command
04:34:47        0     46383   12.00    0.00    0.00    0.00   12.00     2  cartographer_no

04:34:46      UID       PID  minflt/s  majflt/s     VSZ     RSS   %MEM  Command
04:34:47        0     46383      0.00      0.00 1580844  201644   1.29  cartographer_no

04:34:47      UID       PID    %usr %system  %guest   %wait    %CPU   CPU  Command
04:34:48        0     46383   13.00    1.00    0.00    0.00   14.00     2  cartographer_no

04:34:47      UID       PID  minflt/s  majflt/s     VSZ     RSS   %MEM  Command
04:34:48        0     46383      0.00      0.00 1580844  201644   1.29  cartographer_no

04:34:48      UID       PID    %usr %system  %guest   %wait    %CPU   CPU  Command
04:34:49        0     46383   17.00    1.00    0.00    0.00   18.00     0  cartographer_no

04:34:48      UID       PID  minflt/s  majflt/s     VSZ     RSS   %MEM  Command
04:34:49        0     46383      0.00      0.00 1580844  201644   1.29  cartographer_no

04:34:49      UID       PID    %usr %system  %guest   %wait    %CPU   CPU  Command
04:34:50        0     46383   18.00    0.00    0.00    0.00   18.00     2  cartographer_no

04:34:49      UID       PID  minflt/s  majflt/s     VSZ     RSS   %MEM  Command
04:34:50        0     46383      0.00      0.00 1580844  201644   1.29  cartographer_no

04:34:50      UID       PID    %usr %system  %guest   %wait    %CPU   CPU  Command
04:34:51        0     46383  173.00    1.00    0.00    0.00  174.00     1  cartographer_no

04:34:50      UID       PID  minflt/s  majflt/s     VSZ     RSS   %MEM  Command
04:34:51        0     46383      0.00      0.00 1580844  201644   1.29  cartographer_no

04:34:51      UID       PID    %usr %system  %guest   %wait    %CPU   CPU  Command
04:34:52        0     46383   18.00    0.00    0.00    0.00   18.00     7  cartographer_no

04:34:51      UID       PID  minflt/s  majflt/s     VSZ     RSS   %MEM  Command
04:34:52        0     46383      0.00      0.00 1580844  201644   1.29  cartographer_no

04:34:52      UID       PID    %usr %system  %guest   %wait    %CPU   CPU  Command
04:34:53        0     46383   16.00    1.00    0.00    0.00   17.00     7  cartographer_no

04:34:52      UID       PID  minflt/s  majflt/s     VSZ     RSS   %MEM  Command
04:34:53        0     46383      0.00      0.00 1580844  201644   1.29  cartographer_no

04:34:53      UID       PID    %usr %system  %guest   %wait    %CPU   CPU  Command
04:34:54        0     46383   14.00    1.00    0.00    0.00   15.00     6  cartographer_no

04:34:53      UID       PID  minflt/s  majflt/s     VSZ     RSS   %MEM  Command
04:34:54        0     46383      0.00      0.00 1580844  201644   1.29  cartographer_no

04:34:54      UID       PID    %usr %system  %guest   %wait    %CPU   CPU  Command
04:34:55        0     46383   15.00    1.00    0.00    0.00   16.00     0  cartographer_no

04:34:54      UID       PID  minflt/s  majflt/s     VSZ     RSS   %MEM  Command
04:34:55        0     46383      0.00      0.00 1580844  201644   1.29  cartographer_no

04:34:55      UID       PID    %usr %system  %guest   %wait    %CPU   CPU  Command
04:34:56        0     46383   15.00    0.00    0.00    0.00   15.00     2  cartographer_no

04:34:55      UID       PID  minflt/s  majflt/s     VSZ     RSS   %MEM  Command
04:34:56        0     46383      0.00      0.00 1580844  201644   1.29  cartographer_no

04:34:56      UID       PID    %usr %system  %guest   %wait    %CPU   CPU  Command
04:34:57        0     46383   11.00    1.00    0.00    1.00   12.00     8  cartographer_no

04:34:56      UID       PID  minflt/s  majflt/s     VSZ     RSS   %MEM  Command
04:34:57        0     46383      0.00      0.00 1580844  201644   1.29  cartographer_no

04:34:57      UID       PID    %usr %system  %guest   %wait    %CPU   CPU  Command
04:34:58        0     46383    9.90    0.00    0.00    0.00    9.90     6  cartographer_no

04:34:57      UID       PID  minflt/s  majflt/s     VSZ     RSS   %MEM  Command
04:34:58        0     46383      0.00      0.00 1580844  201644   1.29  cartographer_no

04:34:58      UID       PID    %usr %system  %guest   %wait    %CPU   CPU  Command
04:34:59        0     46383   10.00    1.00    0.00    0.00   11.00     7  cartographer_no

04:34:58      UID       PID  minflt/s  majflt/s     VSZ     RSS   %MEM  Command
04:34:59        0     46383      0.00      0.00 1580844  201644   1.29  cartographer_no

04:34:59      UID       PID    %usr %system  %guest   %wait    %CPU   CPU  Command
04:35:00        0     46383    9.00    0.00    0.00    0.00    9.00     2  cartographer_no

04:34:59      UID       PID  minflt/s  majflt/s     VSZ     RSS   %MEM  Command
04:35:00        0     46383      0.00      0.00 1580844  201644   1.29  cartographer_no

04:35:00      UID       PID    %usr %system  %guest   %wait    %CPU   CPU  Command
04:35:01        0     46383    9.00    1.00    0.00    0.00   10.00     6  cartographer_no

04:35:00      UID       PID  minflt/s  majflt/s     VSZ     RSS   %MEM  Command
04:35:01        0     46383      0.00      0.00 1580844  201644   1.29  cartographer_no

04:35:01      UID       PID    %usr %system  %guest   %wait    %CPU   CPU  Command
04:35:02        0     46383   11.00    0.00    0.00    0.00   11.00     4  cartographer_no

04:35:01      UID       PID  minflt/s  majflt/s     VSZ     RSS   %MEM  Command
04:35:02        0     46383      0.00      0.00 1580844  201644   1.29  cartographer_no

04:35:02      UID       PID    %usr %system  %guest   %wait    %CPU   CPU  Command
04:35:03        0     46383   17.00    1.00    0.00    0.00   18.00     6  cartographer_no

04:35:02      UID       PID  minflt/s  majflt/s     VSZ     RSS   %MEM  Command
04:35:03        0     46383      0.00      0.00 1580844  201644   1.29  cartographer_no

04:35:03      UID       PID    %usr %system  %guest   %wait    %CPU   CPU  Command
04:35:04        0     46383   17.00    1.00    0.00    0.00   18.00    12  cartographer_no

04:35:03      UID       PID  minflt/s  majflt/s     VSZ     RSS   %MEM  Command
04:35:04        0     46383      0.00      0.00 1580844  201644   1.29  cartographer_no

04:35:04      UID       PID    %usr %system  %guest   %wait    %CPU   CPU  Command
04:35:05        0     46383   16.00    0.00    0.00    0.00   16.00    10  cartographer_no

04:35:04      UID       PID  minflt/s  majflt/s     VSZ     RSS   %MEM  Command
04:35:05        0     46383      0.00      0.00 1580844  201644   1.29  cartographer_no

04:35:05      UID       PID    %usr %system  %guest   %wait    %CPU   CPU  Command
04:35:06        0     46383   18.00    1.00    0.00    0.00   19.00     0  cartographer_no

04:35:05      UID       PID  minflt/s  majflt/s     VSZ     RSS   %MEM  Command
04:35:06        0     46383      0.00      0.00 1580844  201644   1.29  cartographer_no

04:35:06      UID       PID    %usr %system  %guest   %wait    %CPU   CPU  Command
04:35:07        0     46383   19.00    0.00    0.00    0.00   19.00    10  cartographer_no

04:35:06      UID       PID  minflt/s  majflt/s     VSZ     RSS   %MEM  Command
04:35:07        0     46383      0.00      0.00 1580844  201644   1.29  cartographer_no

04:35:07      UID       PID    %usr %system  %guest   %wait    %CPU   CPU  Command
04:35:08        0     46383   18.00    1.00    0.00    0.00   19.00     7  cartographer_no

04:35:07      UID       PID  minflt/s  majflt/s     VSZ     RSS   %MEM  Command
04:35:08        0     46383      0.00      0.00 1580844  201644   1.29  cartographer_no

04:35:08      UID       PID    %usr %system  %guest   %wait    %CPU   CPU  Command
04:35:09        0     46383   16.00    0.00    0.00    0.00   16.00     6  cartographer_no

04:35:08      UID       PID  minflt/s  majflt/s     VSZ     RSS   %MEM  Command
04:35:09        0     46383      0.00      0.00 1580844  201644   1.29  cartographer_no

04:35:09      UID       PID    %usr %system  %guest   %wait    %CPU   CPU  Command
04:35:10        0     46383   27.00    1.00    0.00    0.00   28.00    14  cartographer_no

04:35:09      UID       PID  minflt/s  majflt/s     VSZ     RSS   %MEM  Command
04:35:10        0     46383   1182.00      0.00 1580844  206252   1.32  cartographer_no

04:35:10      UID       PID    %usr %system  %guest   %wait    %CPU   CPU  Command
04:35:11        0     46383   15.00    1.00    0.00    0.00   16.00     4  cartographer_no

04:35:10      UID       PID  minflt/s  majflt/s     VSZ     RSS   %MEM  Command
04:35:11        0     46383      0.00      0.00 1580844  206252   1.32  cartographer_no

04:35:11      UID       PID    %usr %system  %guest   %wait    %CPU   CPU  Command
04:35:12        0     46383   13.00    1.00    0.00    0.00   14.00     7  cartographer_no

04:35:11      UID       PID  minflt/s  majflt/s     VSZ     RSS   %MEM  Command
04:35:12        0     46383      0.00      0.00 1580844  206252   1.32  cartographer_no

04:35:12      UID       PID    %usr %system  %guest   %wait    %CPU   CPU  Command
04:35:13        0     46383   14.00    0.00    0.00    0.00   14.00     2  cartographer_no

04:35:12      UID       PID  minflt/s  majflt/s     VSZ     RSS   %MEM  Command
04:35:13        0     46383      0.00      0.00 1580844  206252   1.32  cartographer_no

04:35:13      UID       PID    %usr %system  %guest   %wait    %CPU   CPU  Command
04:35:14        0     46383   17.00    0.00    0.00    0.00   17.00     8  cartographer_no

04:35:13      UID       PID  minflt/s  majflt/s     VSZ     RSS   %MEM  Command
04:35:14        0     46383      0.00      0.00 1580844  206252   1.32  cartographer_no

04:35:14      UID       PID    %usr %system  %guest   %wait    %CPU   CPU  Command
04:35:15        0     46383   14.00    1.00    0.00    0.00   15.00     2  cartographer_no

04:35:14      UID       PID  minflt/s  majflt/s     VSZ     RSS   %MEM  Command
04:35:15        0     46383      0.00      0.00 1580844  206252   1.32  cartographer_no

04:35:15      UID       PID    %usr %system  %guest   %wait    %CPU   CPU  Command
04:35:16        0     46383   24.00    1.00    0.00    0.00   25.00     3  cartographer_no

04:35:15      UID       PID  minflt/s  majflt/s     VSZ     RSS   %MEM  Command
04:35:16        0     46383    312.00      0.00 1582092  207276   1.33  cartographer_no

04:35:16      UID       PID    %usr %system  %guest   %wait    %CPU   CPU  Command
04:35:17        0     46383   17.00    0.00    0.00    0.00   17.00     8  cartographer_no

04:35:16      UID       PID  minflt/s  majflt/s     VSZ     RSS   %MEM  Command
04:35:17        0     46383      0.00      0.00 1582092  207276   1.33  cartographer_no

04:35:17      UID       PID    %usr %system  %guest   %wait    %CPU   CPU  Command
04:35:18        0     46383   19.00    1.00    0.00    0.00   20.00     8  cartographer_no

04:35:17      UID       PID  minflt/s  majflt/s     VSZ     RSS   %MEM  Command
04:35:18        0     46383      0.00      0.00 1582092  207276   1.33  cartographer_no

04:35:18      UID       PID    %usr %system  %guest   %wait    %CPU   CPU  Command
04:35:19        0     46383   20.00    1.00    0.00    0.00   21.00     6  cartographer_no

04:35:18      UID       PID  minflt/s  majflt/s     VSZ     RSS   %MEM  Command
04:35:19        0     46383      0.00      0.00 1582092  207276   1.33  cartographer_no

04:35:19      UID       PID    %usr %system  %guest   %wait    %CPU   CPU  Command
04:35:20        0     46383   14.00    0.00    0.00    0.00   14.00     6  cartographer_no

04:35:19      UID       PID  minflt/s  majflt/s     VSZ     RSS   %MEM  Command
04:35:20        0     46383      0.00      0.00 1582092  207276   1.33  cartographer_no

04:35:20      UID       PID    %usr %system  %guest   %wait    %CPU   CPU  Command
04:35:21        0     46383   11.00    1.00    0.00    0.00   12.00    10  cartographer_no

04:35:20      UID       PID  minflt/s  majflt/s     VSZ     RSS   %MEM  Command
04:35:21        0     46383      0.00      0.00 1582092  207276   1.33  cartographer_no

04:35:21      UID       PID    %usr %system  %guest   %wait    %CPU   CPU  Command
04:35:22        0     46383   12.00    0.00    0.00    0.00   12.00     6  cartographer_no

04:35:21      UID       PID  minflt/s  majflt/s     VSZ     RSS   %MEM  Command
04:35:22        0     46383      0.00      0.00 1582092  207276   1.33  cartographer_no

04:35:22      UID       PID    %usr %system  %guest   %wait    %CPU   CPU  Command
04:35:23        0     46383   13.00    1.00    0.00    0.00   14.00     8  cartographer_no

04:35:22      UID       PID  minflt/s  majflt/s     VSZ     RSS   %MEM  Command
04:35:23        0     46383      0.00      0.00 1582092  207276   1.33  cartographer_no

04:35:23      UID       PID    %usr %system  %guest   %wait    %CPU   CPU  Command
04:35:24        0     46383   12.00    0.00    0.00    0.00   12.00     2  cartographer_no

04:35:23      UID       PID  minflt/s  majflt/s     VSZ     RSS   %MEM  Command
04:35:24        0     46383      0.00      0.00 1582092  207276   1.33  cartographer_no

04:35:24      UID       PID    %usr %system  %guest   %wait    %CPU   CPU  Command
04:35:25        0     46383   18.00    1.00    0.00    0.00   19.00    10  cartographer_no

04:35:24      UID       PID  minflt/s  majflt/s     VSZ     RSS   %MEM  Command
04:35:25        0     46383      0.00      0.00 1582092  207276   1.33  cartographer_no

04:35:25      UID       PID    %usr %system  %guest   %wait    %CPU   CPU  Command
04:35:26        0     46383   17.00    1.00    0.00    0.00   18.00    10  cartographer_no

04:35:25      UID       PID  minflt/s  majflt/s     VSZ     RSS   %MEM  Command
04:35:26        0     46383      0.00      0.00 1582092  207276   1.33  cartographer_no

04:35:26      UID       PID    %usr %system  %guest   %wait    %CPU   CPU  Command
04:35:27        0     46383   17.00    0.00    0.00    0.00   17.00    12  cartographer_no

04:35:26      UID       PID  minflt/s  majflt/s     VSZ     RSS   %MEM  Command
04:35:27        0     46383      0.00      0.00 1582092  207276   1.33  cartographer_no

04:35:27      UID       PID    %usr %system  %guest   %wait    %CPU   CPU  Command
04:35:28        0     46383   20.00    1.00    0.00    0.00   21.00     4  cartographer_no

04:35:27      UID       PID  minflt/s  majflt/s     VSZ     RSS   %MEM  Command
04:35:28        0     46383      0.00      0.00 1582092  207276   1.33  cartographer_no

04:35:28      UID       PID    %usr %system  %guest   %wait    %CPU   CPU  Command
04:35:29        0     46383   17.00    0.00    0.00    0.00   17.00     6  cartographer_no

04:35:28      UID       PID  minflt/s  majflt/s     VSZ     RSS   %MEM  Command
04:35:29        0     46383      0.00      0.00 1582092  207276   1.33  cartographer_no

04:35:29      UID       PID    %usr %system  %guest   %wait    %CPU   CPU  Command
04:35:30        0     46383   19.00    1.00    0.00    1.00   20.00     6  cartographer_no

04:35:29      UID       PID  minflt/s  majflt/s     VSZ     RSS   %MEM  Command
04:35:30        0     46383      0.00      0.00 1582092  207276   1.33  cartographer_no

04:35:30      UID       PID    %usr %system  %guest   %wait    %CPU   CPU  Command
04:35:31        0     46383   18.00    1.00    0.00    0.00   19.00     2  cartographer_no

04:35:30      UID       PID  minflt/s  majflt/s     VSZ     RSS   %MEM  Command
04:35:31        0     46383      0.00      0.00 1582092  207276   1.33  cartographer_no

04:35:31      UID       PID    %usr %system  %guest   %wait    %CPU   CPU  Command
04:35:32        0     46383   19.00    1.00    0.00    0.00   20.00     6  cartographer_no

04:35:31      UID       PID  minflt/s  majflt/s     VSZ     RSS   %MEM  Command
04:35:32        0     46383   2500.00      0.00 1592092  217388   1.39  cartographer_no

04:35:32      UID       PID    %usr %system  %guest   %wait    %CPU   CPU  Command
04:35:33        0     46383   19.00    1.00    0.00    0.00   20.00     2  cartographer_no

04:35:32      UID       PID  minflt/s  majflt/s     VSZ     RSS   %MEM  Command
04:35:33        0     46383      0.00      0.00 1592092  217388   1.39  cartographer_no

04:35:33      UID       PID    %usr %system  %guest   %wait    %CPU   CPU  Command
04:35:34        0     46383   22.00    0.00    0.00    0.00   22.00    14  cartographer_no

04:35:33      UID       PID  minflt/s  majflt/s     VSZ     RSS   %MEM  Command
04:35:34        0     46383      0.00      0.00 1592092  217388   1.39  cartographer_no

04:35:34      UID       PID    %usr %system  %guest   %wait    %CPU   CPU  Command
04:35:35        0     46383   19.00    1.00    0.00    0.00   20.00    12  cartographer_no

04:35:34      UID       PID  minflt/s  majflt/s     VSZ     RSS   %MEM  Command
04:35:35        0     46383      0.00      0.00 1592092  217388   1.39  cartographer_no

04:35:35      UID       PID    %usr %system  %guest   %wait    %CPU   CPU  Command
04:35:36        0     46383   20.00    1.00    0.00    0.00   21.00     6  cartographer_no

04:35:35      UID       PID  minflt/s  majflt/s     VSZ     RSS   %MEM  Command
04:35:36        0     46383      0.00      0.00 1592092  217388   1.39  cartographer_no

04:35:36      UID       PID    %usr %system  %guest   %wait    %CPU   CPU  Command
04:35:37        0     46383   18.00    0.00    0.00    0.00   18.00     2  cartographer_no

04:35:36      UID       PID  minflt/s  majflt/s     VSZ     RSS   %MEM  Command
04:35:37        0     46383      0.00      0.00 1592092  217388   1.39  cartographer_no

04:35:37      UID       PID    %usr %system  %guest   %wait    %CPU   CPU  Command
04:35:38        0     46383   21.00    1.00    0.00    0.00   22.00     0  cartographer_no

04:35:37      UID       PID  minflt/s  majflt/s     VSZ     RSS   %MEM  Command
04:35:38        0     46383      0.00      0.00 1592092  217388   1.39  cartographer_no

04:35:38      UID       PID    %usr %system  %guest   %wait    %CPU   CPU  Command
04:35:39        0     46383   18.00    0.00    0.00    0.00   18.00     8  cartographer_no

04:35:38      UID       PID  minflt/s  majflt/s     VSZ     RSS   %MEM  Command
04:35:39        0     46383      0.00      0.00 1592092  217388   1.39  cartographer_no

04:35:39      UID       PID    %usr %system  %guest   %wait    %CPU   CPU  Command
04:35:40        0     46383  182.00    1.00    0.00    0.00  183.00     6  cartographer_no

04:35:39      UID       PID  minflt/s  majflt/s     VSZ     RSS   %MEM  Command
04:35:40        0     46383     18.00      0.00 1592156  217388   1.39  cartographer_no

04:35:40      UID       PID    %usr %system  %guest   %wait    %CPU   CPU  Command
04:35:41        0     46383   14.00    0.00    0.00    0.00   14.00     4  cartographer_no

04:35:40      UID       PID  minflt/s  majflt/s     VSZ     RSS   %MEM  Command
04:35:41        0     46383      0.00      0.00 1592156  217388   1.39  cartographer_no

04:35:41      UID       PID    %usr %system  %guest   %wait    %CPU   CPU  Command
04:35:42        0     46383   19.00    1.00    0.00    0.00   20.00     6  cartographer_no

04:35:41      UID       PID  minflt/s  majflt/s     VSZ     RSS   %MEM  Command
04:35:42        0     46383      0.00      0.00 1592156  217388   1.39  cartographer_no

04:35:42      UID       PID    %usr %system  %guest   %wait    %CPU   CPU  Command
04:35:43        0     46383   28.00    1.00    0.00    0.00   29.00     0  cartographer_no

04:35:42      UID       PID  minflt/s  majflt/s     VSZ     RSS   %MEM  Command
04:35:43        0     46383      0.00      0.00 1592156  217388   1.39  cartographer_no

04:35:43      UID       PID    %usr %system  %guest   %wait    %CPU   CPU  Command
04:35:44        0     46383   26.00    0.00    0.00    0.00   26.00     9  cartographer_no

04:35:43      UID       PID  minflt/s  majflt/s     VSZ     RSS   %MEM  Command
04:35:44        0     46383      0.00      0.00 1592156  217388   1.39  cartographer_no

04:35:44      UID       PID    %usr %system  %guest   %wait    %CPU   CPU  Command
04:35:45        0     46383   20.00    1.00    0.00    0.00   21.00     8  cartographer_no

04:35:44      UID       PID  minflt/s  majflt/s     VSZ     RSS   %MEM  Command
04:35:45        0     46383      0.00      0.00 1592156  217388   1.39  cartographer_no

04:35:45      UID       PID    %usr %system  %guest   %wait    %CPU   CPU  Command
04:35:46        0     46383   12.00    1.00    0.00    0.00   13.00     2  cartographer_no

04:35:45      UID       PID  minflt/s  majflt/s     VSZ     RSS   %MEM  Command
04:35:46        0     46383      0.00      0.00 1592156  217388   1.39  cartographer_no

04:35:46      UID       PID    %usr %system  %guest   %wait    %CPU   CPU  Command
04:35:47        0     46383   13.00    0.00    0.00    0.00   13.00     3  cartographer_no

04:35:46      UID       PID  minflt/s  majflt/s     VSZ     RSS   %MEM  Command
04:35:47        0     46383      0.00      0.00 1592156  217388   1.39  cartographer_no

04:35:47      UID       PID    %usr %system  %guest   %wait    %CPU   CPU  Command
04:35:48        0     46383   12.00    1.00    0.00    0.00   13.00     6  cartographer_no

04:35:47      UID       PID  minflt/s  majflt/s     VSZ     RSS   %MEM  Command
04:35:48        0     46383      0.00      0.00 1592156  217388   1.39  cartographer_no

04:35:48      UID       PID    %usr %system  %guest   %wait    %CPU   CPU  Command
04:35:49        0     46383   13.00    0.00    0.00    0.00   13.00     2  cartographer_no

04:35:48      UID       PID  minflt/s  majflt/s     VSZ     RSS   %MEM  Command
04:35:49        0     46383      0.00      0.00 1592156  217388   1.39  cartographer_no

04:35:49      UID       PID    %usr %system  %guest   %wait    %CPU   CPU  Command
04:35:50        0     46383   17.00    0.00    0.00    0.00   17.00     8  cartographer_no

04:35:49      UID       PID  minflt/s  majflt/s     VSZ     RSS   %MEM  Command
04:35:50        0     46383      0.00      0.00 1592156  217388   1.39  cartographer_no

04:35:50      UID       PID    %usr %system  %guest   %wait    %CPU   CPU  Command
04:35:51        0     46383   13.00    1.00    0.00    0.00   14.00    12  cartographer_no

04:35:50      UID       PID  minflt/s  majflt/s     VSZ     RSS   %MEM  Command
04:35:51        0     46383      0.00      0.00 1592156  217388   1.39  cartographer_no

04:35:51      UID       PID    %usr %system  %guest   %wait    %CPU   CPU  Command
04:35:52        0     46383   16.00    0.00    0.00    0.00   16.00     3  cartographer_no

04:35:51      UID       PID  minflt/s  majflt/s     VSZ     RSS   %MEM  Command
04:35:52        0     46383      0.00      0.00 1592156  217388   1.39  cartographer_no

04:35:52      UID       PID    %usr %system  %guest   %wait    %CPU   CPU  Command
04:35:53        0     46383   21.00    1.00    0.00    0.00   22.00     3  cartographer_no

04:35:52      UID       PID  minflt/s  majflt/s     VSZ     RSS   %MEM  Command
04:35:53        0     46383      0.00      0.00 1592156  217388   1.39  cartographer_no

04:35:53      UID       PID    %usr %system  %guest   %wait    %CPU   CPU  Command
04:35:54        0     46383   19.00    1.00    0.00    0.00   20.00     6  cartographer_no

04:35:53      UID       PID  minflt/s  majflt/s     VSZ     RSS   %MEM  Command
04:35:54        0     46383      0.00      0.00 1592156  217388   1.39  cartographer_no

04:35:54      UID       PID    %usr %system  %guest   %wait    %CPU   CPU  Command
04:35:55        0     46383   23.00    0.00    0.00    0.00   23.00     0  cartographer_no

04:35:54      UID       PID  minflt/s  majflt/s     VSZ     RSS   %MEM  Command
04:35:55        0     46383      0.00      0.00 1592156  217388   1.39  cartographer_no

04:35:55      UID       PID    %usr %system  %guest   %wait    %CPU   CPU  Command
04:35:56        0     46383   21.00    0.00    0.00    0.00   21.00     6  cartographer_no

04:35:55      UID       PID  minflt/s  majflt/s     VSZ     RSS   %MEM  Command
04:35:56        0     46383      0.00      0.00 1592156  217388   1.39  cartographer_no

04:35:56      UID       PID    %usr %system  %guest   %wait    %CPU   CPU  Command
04:35:57        0     46383   20.00    1.00    0.00    0.00   21.00     4  cartographer_no

04:35:56      UID       PID  minflt/s  majflt/s     VSZ     RSS   %MEM  Command
04:35:57        0     46383      0.00      0.00 1592156  217388   1.39  cartographer_no

04:35:57      UID       PID    %usr %system  %guest   %wait    %CPU   CPU  Command
04:35:58        0     46383   20.00    0.00    0.00    0.00   20.00     4  cartographer_no

04:35:57      UID       PID  minflt/s  majflt/s     VSZ     RSS   %MEM  Command
04:35:58        0     46383      0.00      0.00 1592156  217388   1.39  cartographer_no

04:35:58      UID       PID    %usr %system  %guest   %wait    %CPU   CPU  Command
04:35:59        0     46383   20.00    1.00    0.00    0.00   21.00     6  cartographer_no

04:35:58      UID       PID  minflt/s  majflt/s     VSZ     RSS   %MEM  Command
04:35:59        0     46383      0.00      0.00 1592156  217388   1.39  cartographer_no

04:35:59      UID       PID    %usr %system  %guest   %wait    %CPU   CPU  Command
04:36:00        0     46383   12.00    0.00    0.00    0.00   12.00    10  cartographer_no

04:35:59      UID       PID  minflt/s  majflt/s     VSZ     RSS   %MEM  Command
04:36:00        0     46383      0.00      0.00 1592156  217388   1.39  cartographer_no

04:36:00      UID       PID    %usr %system  %guest   %wait    %CPU   CPU  Command
04:36:01        0     46383   12.00    1.00    0.00    1.00   13.00    10  cartographer_no

04:36:00      UID       PID  minflt/s  majflt/s     VSZ     RSS   %MEM  Command
04:36:01        0     46383      0.00      0.00 1592156  217388   1.39  cartographer_no

04:36:01      UID       PID    %usr %system  %guest   %wait    %CPU   CPU  Command
04:36:02        0     46383   12.00    0.00    0.00    0.00   12.00     6  cartographer_no

04:36:01      UID       PID  minflt/s  majflt/s     VSZ     RSS   %MEM  Command
04:36:02        0     46383      0.00      0.00 1592156  217388   1.39  cartographer_no

04:36:02      UID       PID    %usr %system  %guest   %wait    %CPU   CPU  Command
04:36:03        0     46383   11.00    0.00    0.00    0.00   11.00     2  cartographer_no

04:36:02      UID       PID  minflt/s  majflt/s     VSZ     RSS   %MEM  Command
04:36:03        0     46383      0.00      0.00 1592156  217388   1.39  cartographer_no

04:36:03      UID       PID    %usr %system  %guest   %wait    %CPU   CPU  Command
04:36:04        0     46383   18.00    1.00    0.00    0.00   19.00     8  cartographer_no

04:36:03      UID       PID  minflt/s  majflt/s     VSZ     RSS   %MEM  Command
04:36:04        0     46383      0.00      0.00 1592156  217388   1.39  cartographer_no

04:36:04      UID       PID    %usr %system  %guest   %wait    %CPU   CPU  Command
04:36:05        0     46383   11.00    0.00    0.00    0.00   11.00     2  cartographer_no

04:36:04      UID       PID  minflt/s  majflt/s     VSZ     RSS   %MEM  Command
04:36:05        0     46383      0.00      0.00 1592156  217388   1.39  cartographer_no

04:36:05      UID       PID    %usr %system  %guest   %wait    %CPU   CPU  Command
04:36:06        0     46383   11.00    1.00    0.00    0.00   12.00     6  cartographer_no

04:36:05      UID       PID  minflt/s  majflt/s     VSZ     RSS   %MEM  Command
04:36:06        0     46383      0.00      0.00 1592156  217388   1.39  cartographer_no

04:36:06      UID       PID    %usr %system  %guest   %wait    %CPU   CPU  Command
04:36:07        0     46383   12.00    1.00    0.00    0.00   13.00     2  cartographer_no

04:36:06      UID       PID  minflt/s  majflt/s     VSZ     RSS   %MEM  Command
04:36:07        0     46383      0.00      0.00 1592156  217388   1.39  cartographer_no

04:36:07      UID       PID    %usr %system  %guest   %wait    %CPU   CPU  Command
04:36:08        0     46383   11.00    1.00    0.00    0.00   12.00     2  cartographer_no

04:36:07      UID       PID  minflt/s  majflt/s     VSZ     RSS   %MEM  Command
04:36:08        0     46383      0.00      0.00 1592156  217388   1.39  cartographer_no

04:36:08      UID       PID    %usr %system  %guest   %wait    %CPU   CPU  Command
04:36:09        0     46383   13.00    0.00    0.00    0.00   13.00     2  cartographer_no

04:36:08      UID       PID  minflt/s  majflt/s     VSZ     RSS   %MEM  Command
04:36:09        0     46383      0.00      0.00 1592156  217388   1.39  cartographer_no

04:36:09      UID       PID    %usr %system  %guest   %wait    %CPU   CPU  Command
04:36:10        0     46383   15.00    0.00    0.00    0.00   15.00     6  cartographer_no

04:36:09      UID       PID  minflt/s  majflt/s     VSZ     RSS   %MEM  Command
04:36:10        0     46383      0.00      0.00 1592156  217388   1.39  cartographer_no

04:36:10      UID       PID    %usr %system  %guest   %wait    %CPU   CPU  Command
04:36:11        0     46383   11.00    1.00    0.00    0.00   12.00     8  cartographer_no

04:36:10      UID       PID  minflt/s  majflt/s     VSZ     RSS   %MEM  Command
04:36:11        0     46383      0.00      0.00 1592156  217388   1.39  cartographer_no

04:36:11      UID       PID    %usr %system  %guest   %wait    %CPU   CPU  Command
04:36:12        0     46383   12.00    0.00    0.00    0.00   12.00    14  cartographer_no

04:36:11      UID       PID  minflt/s  majflt/s     VSZ     RSS   %MEM  Command
04:36:12        0     46383      0.00      0.00 1592156  217388   1.39  cartographer_no

04:36:12      UID       PID    %usr %system  %guest   %wait    %CPU   CPU  Command
04:36:13        0     46383   18.00    1.00    0.00    0.00   19.00     8  cartographer_no

04:36:12      UID       PID  minflt/s  majflt/s     VSZ     RSS   %MEM  Command
04:36:13        0     46383      0.00      0.00 1592156  217388   1.39  cartographer_no

04:36:13      UID       PID    %usr %system  %guest   %wait    %CPU   CPU  Command
04:36:14        0     46383   44.00    1.00    0.00    0.00   45.00     2  cartographer_no

04:36:13      UID       PID  minflt/s  majflt/s     VSZ     RSS   %MEM  Command
04:36:14        0     46383    743.00      0.00 1592156  220332   1.41  cartographer_no

04:36:14      UID       PID    %usr %system  %guest   %wait    %CPU   CPU  Command
04:36:15        0     46383   22.00    0.00    0.00    0.00   22.00     6  cartographer_no

04:36:14      UID       PID  minflt/s  majflt/s     VSZ     RSS   %MEM  Command
04:36:15        0     46383      0.00      0.00 1592156  220332   1.41  cartographer_no

04:36:15      UID       PID    %usr %system  %guest   %wait    %CPU   CPU  Command
04:36:16        0     46383   14.00    0.00    0.00    0.00   14.00     6  cartographer_no

04:36:15      UID       PID  minflt/s  majflt/s     VSZ     RSS   %MEM  Command
04:36:16        0     46383      0.00      0.00 1592156  220332   1.41  cartographer_no

04:36:16      UID       PID    %usr %system  %guest   %wait    %CPU   CPU  Command
04:36:17        0     46383   12.00    1.00    0.00    0.00   13.00     8  cartographer_no

04:36:16      UID       PID  minflt/s  majflt/s     VSZ     RSS   %MEM  Command
04:36:17        0     46383      0.00      0.00 1592156  220332   1.41  cartographer_no

04:36:17      UID       PID    %usr %system  %guest   %wait    %CPU   CPU  Command
04:36:18        0     46383   24.00    0.00    0.00    0.00   24.00     6  cartographer_no

04:36:17      UID       PID  minflt/s  majflt/s     VSZ     RSS   %MEM  Command
04:36:18        0     46383      0.00      0.00 1592156  220332   1.41  cartographer_no

04:36:18      UID       PID    %usr %system  %guest   %wait    %CPU   CPU  Command
04:36:19        0     46383   11.00    1.00    0.00    0.00   12.00    12  cartographer_no

04:36:18      UID       PID  minflt/s  majflt/s     VSZ     RSS   %MEM  Command
04:36:19        0     46383      0.00      0.00 1592156  220332   1.41  cartographer_no

04:36:19      UID       PID    %usr %system  %guest   %wait    %CPU   CPU  Command
04:36:20        0     46383   15.00    0.00    0.00    0.00   15.00     8  cartographer_no

04:36:19      UID       PID  minflt/s  majflt/s     VSZ     RSS   %MEM  Command
04:36:20        0     46383      0.00      0.00 1592156  220332   1.41  cartographer_no

04:36:20      UID       PID    %usr %system  %guest   %wait    %CPU   CPU  Command
04:36:21        0     46383   16.00    0.00    0.00    1.00   16.00     2  cartographer_no

04:36:20      UID       PID  minflt/s  majflt/s     VSZ     RSS   %MEM  Command
04:36:21        0     46383      0.00      0.00 1592156  220332   1.41  cartographer_no

04:36:21      UID       PID    %usr %system  %guest   %wait    %CPU   CPU  Command
04:36:22        0     46383   23.00    1.00    0.00    0.00   24.00     6  cartographer_no

04:36:21      UID       PID  minflt/s  majflt/s     VSZ     RSS   %MEM  Command
04:36:22        0     46383      0.00      0.00 1592156  220332   1.41  cartographer_no

04:36:22      UID       PID    %usr %system  %guest   %wait    %CPU   CPU  Command
04:36:23        0     46383   27.00    0.00    0.00    0.00   27.00     6  cartographer_no

04:36:22      UID       PID  minflt/s  majflt/s     VSZ     RSS   %MEM  Command
04:36:23        0     46383      0.00      0.00 1592156  220332   1.41  cartographer_no

04:36:23      UID       PID    %usr %system  %guest   %wait    %CPU   CPU  Command
04:36:24        0     46383   20.00    1.00    0.00    0.00   21.00     6  cartographer_no

04:36:23      UID       PID  minflt/s  majflt/s     VSZ     RSS   %MEM  Command
04:36:24        0     46383      0.00      0.00 1592156  220332   1.41  cartographer_no

04:36:24      UID       PID    %usr %system  %guest   %wait    %CPU   CPU  Command
04:36:25        0     46383   25.00    0.00    0.00    0.00   25.00     2  cartographer_no

04:36:24      UID       PID  minflt/s  majflt/s     VSZ     RSS   %MEM  Command
04:36:25        0     46383      0.00      0.00 1592156  220332   1.41  cartographer_no

04:36:25      UID       PID    %usr %system  %guest   %wait    %CPU   CPU  Command
04:36:26        0     46383   22.00    0.00    0.00    0.00   22.00    14  cartographer_no

04:36:25      UID       PID  minflt/s  majflt/s     VSZ     RSS   %MEM  Command
04:36:26        0     46383      0.00      0.00 1592156  220332   1.41  cartographer_no

04:36:26      UID       PID    %usr %system  %guest   %wait    %CPU   CPU  Command
04:36:27        0     46383   13.00    0.00    0.00    0.00   13.00     4  cartographer_no

04:36:26      UID       PID  minflt/s  majflt/s     VSZ     RSS   %MEM  Command
04:36:27        0     46383      0.00      0.00 1592156  220332   1.41  cartographer_no

04:36:27      UID       PID    %usr %system  %guest   %wait    %CPU   CPU  Command
04:36:28        0     46383   15.00    1.00    0.00    0.00   16.00     6  cartographer_no

04:36:27      UID       PID  minflt/s  majflt/s     VSZ     RSS   %MEM  Command
04:36:28        0     46383      0.00      0.00 1592156  220332   1.41  cartographer_no

04:36:28      UID       PID    %usr %system  %guest   %wait    %CPU   CPU  Command
04:36:29        0     46383   14.00    0.00    0.00    0.00   14.00    10  cartographer_no

04:36:28      UID       PID  minflt/s  majflt/s     VSZ     RSS   %MEM  Command
04:36:29        0     46383      0.00      0.00 1592156  220332   1.41  cartographer_no

04:36:29      UID       PID    %usr %system  %guest   %wait    %CPU   CPU  Command
04:36:30        0     46383   12.00    0.00    0.00    0.00   12.00     2  cartographer_no

04:36:29      UID       PID  minflt/s  majflt/s     VSZ     RSS   %MEM  Command
04:36:30        0     46383      0.00      0.00 1592156  220332   1.41  cartographer_no

04:36:30      UID       PID    %usr %system  %guest   %wait    %CPU   CPU  Command
04:36:31        0     46383   15.00    1.00    0.00    0.00   16.00     2  cartographer_no

04:36:30      UID       PID  minflt/s  majflt/s     VSZ     RSS   %MEM  Command
04:36:31        0     46383      0.00      0.00 1592156  220332   1.41  cartographer_no

04:36:31      UID       PID    %usr %system  %guest   %wait    %CPU   CPU  Command
04:36:32        0     46383   13.00    1.00    0.00    0.00   14.00     4  cartographer_no

04:36:31      UID       PID  minflt/s  majflt/s     VSZ     RSS   %MEM  Command
04:36:32        0     46383      0.00      0.00 1592156  220332   1.41  cartographer_no

04:36:32      UID       PID    %usr %system  %guest   %wait    %CPU   CPU  Command
04:36:33        0     46383   18.00    1.00    0.00    0.00   19.00    13  cartographer_no

04:36:32      UID       PID  minflt/s  majflt/s     VSZ     RSS   %MEM  Command
04:36:33        0     46383      0.00      0.00 1592156  220332   1.41  cartographer_no

04:36:33      UID       PID    %usr %system  %guest   %wait    %CPU   CPU  Command
04:36:34        0     46383   13.00    0.00    0.00    0.00   13.00    12  cartographer_no

04:36:33      UID       PID  minflt/s  majflt/s     VSZ     RSS   %MEM  Command
04:36:34        0     46383      0.00      0.00 1592156  220332   1.41  cartographer_no

04:36:34      UID       PID    %usr %system  %guest   %wait    %CPU   CPU  Command
04:36:35        0     46383   15.00    1.00    0.00    1.00   16.00     9  cartographer_no

04:36:34      UID       PID  minflt/s  majflt/s     VSZ     RSS   %MEM  Command
04:36:35        0     46383      0.00      0.00 1592156  220332   1.41  cartographer_no

04:36:35      UID       PID    %usr %system  %guest   %wait    %CPU   CPU  Command
04:36:36        0     46383   17.00    0.00    0.00    0.00   17.00     6  cartographer_no

04:36:35      UID       PID  minflt/s  majflt/s     VSZ     RSS   %MEM  Command
04:36:36        0     46383      0.00      0.00 1592156  220332   1.41  cartographer_no

04:36:36      UID       PID    %usr %system  %guest   %wait    %CPU   CPU  Command
04:36:37        0     46383   12.00    0.00    0.00    0.00   12.00     8  cartographer_no

04:36:36      UID       PID  minflt/s  majflt/s     VSZ     RSS   %MEM  Command
04:36:37        0     46383      0.00      0.00 1592156  220332   1.41  cartographer_no

04:36:37      UID       PID    %usr %system  %guest   %wait    %CPU   CPU  Command
04:36:38        0     46383   15.00    0.00    0.00    0.00   15.00     0  cartographer_no

04:36:37      UID       PID  minflt/s  majflt/s     VSZ     RSS   %MEM  Command
04:36:38        0     46383      0.00      0.00 1592156  220332   1.41  cartographer_no

04:36:38      UID       PID    %usr %system  %guest   %wait    %CPU   CPU  Command
04:36:39        0     46383   22.00    0.00    0.00    0.00   22.00     8  cartographer_no

04:36:38      UID       PID  minflt/s  majflt/s     VSZ     RSS   %MEM  Command
04:36:39        0     46383      0.00      0.00 1592156  220332   1.41  cartographer_no

04:36:39      UID       PID    %usr %system  %guest   %wait    %CPU   CPU  Command
04:36:40        0     46383   15.00    1.00    0.00    0.00   16.00     2  cartographer_no

04:36:39      UID       PID  minflt/s  majflt/s     VSZ     RSS   %MEM  Command
04:36:40        0     46383      0.00      0.00 1592156  220332   1.41  cartographer_no

04:36:40      UID       PID    %usr %system  %guest   %wait    %CPU   CPU  Command
04:36:41        0     46383   37.00    1.00    0.00    0.00   38.00     4  cartographer_no

04:36:40      UID       PID  minflt/s  majflt/s     VSZ     RSS   %MEM  Command
04:36:41        0     46383      6.00      0.00 1581028  209216   1.34  cartographer_no

04:36:41      UID       PID    %usr %system  %guest   %wait    %CPU   CPU  Command
04:36:42        0     46383  172.00    0.00    0.00    0.00  172.00     9  cartographer_no

04:36:41      UID       PID  minflt/s  majflt/s     VSZ     RSS   %MEM  Command
04:36:42        0     46383    593.00      0.00 1583528  211648   1.36  cartographer_no

04:36:42      UID       PID    %usr %system  %guest   %wait    %CPU   CPU  Command
04:36:43        0     46383   15.00    1.00    0.00    0.00   16.00     2  cartographer_no

04:36:42      UID       PID  minflt/s  majflt/s     VSZ     RSS   %MEM  Command
04:36:43        0     46383      0.00      0.00 1583528  211648   1.36  cartographer_no

04:36:43      UID       PID    %usr %system  %guest   %wait    %CPU   CPU  Command
04:36:44        0     46383   16.00    0.00    0.00    0.00   16.00     2  cartographer_no

04:36:43      UID       PID  minflt/s  majflt/s     VSZ     RSS   %MEM  Command
04:36:44        0     46383      0.00      0.00 1583528  211648   1.36  cartographer_no

04:36:44      UID       PID    %usr %system  %guest   %wait    %CPU   CPU  Command
04:36:45        0     46383   18.00    1.00    0.00    0.00   19.00    14  cartographer_no

04:36:44      UID       PID  minflt/s  majflt/s     VSZ     RSS   %MEM  Command
04:36:45        0     46383      0.00      0.00 1583528  211648   1.36  cartographer_no

04:36:45      UID       PID    %usr %system  %guest   %wait    %CPU   CPU  Command
04:36:46        0     46383   22.00    1.00    0.00    0.00   23.00     6  cartographer_no

04:36:45      UID       PID  minflt/s  majflt/s     VSZ     RSS   %MEM  Command
04:36:46        0     46383      0.00      0.00 1583528  211648   1.36  cartographer_no

04:36:46      UID       PID    %usr %system  %guest   %wait    %CPU   CPU  Command
04:36:47        0     46383   17.00    1.00    0.00    0.00   18.00     6  cartographer_no

04:36:46      UID       PID  minflt/s  majflt/s     VSZ     RSS   %MEM  Command
04:36:47        0     46383      0.00      0.00 1583528  211648   1.36  cartographer_no

04:36:47      UID       PID    %usr %system  %guest   %wait    %CPU   CPU  Command
04:36:48        0     46383   18.00    2.00    0.00    0.00   20.00     6  cartographer_no

04:36:47      UID       PID  minflt/s  majflt/s     VSZ     RSS   %MEM  Command
04:36:48        0     46383      0.00      0.00 1583528  211648   1.36  cartographer_no

04:36:48      UID       PID    %usr %system  %guest   %wait    %CPU   CPU  Command
04:36:49        0     46383   18.00    1.00    0.00    0.00   19.00     4  cartographer_no

04:36:48      UID       PID  minflt/s  majflt/s     VSZ     RSS   %MEM  Command
04:36:49        0     46383      0.00      0.00 1583528  211648   1.36  cartographer_no

04:36:49      UID       PID    %usr %system  %guest   %wait    %CPU   CPU  Command
04:36:50        0     46383   17.00    1.00    0.00    0.00   18.00     7  cartographer_no

04:36:49      UID       PID  minflt/s  majflt/s     VSZ     RSS   %MEM  Command
04:36:50        0     46383      0.00      0.00 1583528  211648   1.36  cartographer_no

04:36:50      UID       PID    %usr %system  %guest   %wait    %CPU   CPU  Command
04:36:51        0     46383   19.00    0.00    0.00    0.00   19.00     7  cartographer_no

04:36:50      UID       PID  minflt/s  majflt/s     VSZ     RSS   %MEM  Command
04:36:51        0     46383      0.00      0.00 1583528  211648   1.36  cartographer_no

04:36:51      UID       PID    %usr %system  %guest   %wait    %CPU   CPU  Command
04:36:52        0     46383   16.00    1.00    0.00    0.00   17.00     2  cartographer_no

04:36:51      UID       PID  minflt/s  majflt/s     VSZ     RSS   %MEM  Command
04:36:52        0     46383      0.00      0.00 1583528  211648   1.36  cartographer_no

04:36:52      UID       PID    %usr %system  %guest   %wait    %CPU   CPU  Command
04:36:53        0     46383   19.00    0.00    0.00    0.00   19.00     8  cartographer_no

04:36:52      UID       PID  minflt/s  majflt/s     VSZ     RSS   %MEM  Command
04:36:53        0     46383      0.00      0.00 1583528  211648   1.36  cartographer_no

04:36:53      UID       PID    %usr %system  %guest   %wait    %CPU   CPU  Command
04:36:54        0     46383   25.00    0.00    0.00    0.00   25.00     2  cartographer_no

04:36:53      UID       PID  minflt/s  majflt/s     VSZ     RSS   %MEM  Command
04:36:54        0     46383      0.00      0.00 1583528  211648   1.36  cartographer_no

04:36:54      UID       PID    %usr %system  %guest   %wait    %CPU   CPU  Command
04:36:55        0     46383   19.00    0.00    0.00    0.00   19.00     2  cartographer_no

04:36:54      UID       PID  minflt/s  majflt/s     VSZ     RSS   %MEM  Command
04:36:55        0     46383      0.00      0.00 1583528  211648   1.36  cartographer_no

04:36:55      UID       PID    %usr %system  %guest   %wait    %CPU   CPU  Command
04:36:56        0     46383   21.00    0.00    0.00    0.00   21.00     6  cartographer_no

04:36:55      UID       PID  minflt/s  majflt/s     VSZ     RSS   %MEM  Command
04:36:56        0     46383      0.00      0.00 1583528  211648   1.36  cartographer_no

04:36:56      UID       PID    %usr %system  %guest   %wait    %CPU   CPU  Command
04:36:57        0     46383   21.00    0.00    0.00    0.00   21.00     3  cartographer_no

04:36:56      UID       PID  minflt/s  majflt/s     VSZ     RSS   %MEM  Command
04:36:57        0     46383      0.00      0.00 1583528  211648   1.36  cartographer_no

04:36:57      UID       PID    %usr %system  %guest   %wait    %CPU   CPU  Command
04:36:58        0     46383   19.00    0.00    0.00    0.00   19.00     6  cartographer_no

04:36:57      UID       PID  minflt/s  majflt/s     VSZ     RSS   %MEM  Command
04:36:58        0     46383      0.00      0.00 1583528  211648   1.36  cartographer_no

04:36:58      UID       PID    %usr %system  %guest   %wait    %CPU   CPU  Command
04:36:59        0     46383   18.00    1.00    0.00    0.00   19.00     7  cartographer_no

04:36:58      UID       PID  minflt/s  majflt/s     VSZ     RSS   %MEM  Command
04:36:59        0     46383      0.00      0.00 1583528  211648   1.36  cartographer_no

04:36:59      UID       PID    %usr %system  %guest   %wait    %CPU   CPU  Command
04:37:00        0     46383   54.00    0.00    0.00    0.00   54.00     3  cartographer_no

04:36:59      UID       PID  minflt/s  majflt/s     VSZ     RSS   %MEM  Command
04:37:00        0     46383    233.00      0.00 1583528  212408   1.36  cartographer_no

04:37:00      UID       PID    %usr %system  %guest   %wait    %CPU   CPU  Command
04:37:01        0     46383   19.00    0.00    0.00    0.00   19.00     6  cartographer_no

04:37:00      UID       PID  minflt/s  majflt/s     VSZ     RSS   %MEM  Command
04:37:01        0     46383      0.00      0.00 1583528  212408   1.36  cartographer_no

04:37:01      UID       PID    %usr %system  %guest   %wait    %CPU   CPU  Command
04:37:02        0     46383   19.00    0.00    0.00    1.00   19.00     7  cartographer_no

04:37:01      UID       PID  minflt/s  majflt/s     VSZ     RSS   %MEM  Command
04:37:02        0     46383      0.00      0.00 1583528  212408   1.36  cartographer_no

04:37:02      UID       PID    %usr %system  %guest   %wait    %CPU   CPU  Command
04:37:03        0     46383   18.00    1.00    0.00    0.00   19.00     6  cartographer_no

04:37:02      UID       PID  minflt/s  majflt/s     VSZ     RSS   %MEM  Command
04:37:03        0     46383      0.00      0.00 1583528  212408   1.36  cartographer_no

04:37:03      UID       PID    %usr %system  %guest   %wait    %CPU   CPU  Command
04:37:04        0     46383   18.00    0.00    0.00    0.00   18.00     2  cartographer_no

04:37:03      UID       PID  minflt/s  majflt/s     VSZ     RSS   %MEM  Command
04:37:04        0     46383      0.00      0.00 1583528  212408   1.36  cartographer_no

04:37:04      UID       PID    %usr %system  %guest   %wait    %CPU   CPU  Command
04:37:05        0     46383   18.00    1.00    0.00    0.00   19.00     6  cartographer_no

04:37:04      UID       PID  minflt/s  majflt/s     VSZ     RSS   %MEM  Command
04:37:05        0     46383      0.00      0.00 1583528  212408   1.36  cartographer_no

04:37:05      UID       PID    %usr %system  %guest   %wait    %CPU   CPU  Command
04:37:06        0     46383   18.00    0.00    0.00    0.00   18.00     6  cartographer_no

04:37:05      UID       PID  minflt/s  majflt/s     VSZ     RSS   %MEM  Command
04:37:06        0     46383      0.00      0.00 1583528  212408   1.36  cartographer_no

04:37:06      UID       PID    %usr %system  %guest   %wait    %CPU   CPU  Command
04:37:07        0     46383   15.00    1.00    0.00    0.00   16.00     0  cartographer_no

04:37:06      UID       PID  minflt/s  majflt/s     VSZ     RSS   %MEM  Command
04:37:07        0     46383      0.00      0.00 1583528  212408   1.36  cartographer_no

04:37:07      UID       PID    %usr %system  %guest   %wait    %CPU   CPU  Command
04:37:08        0     46383   17.00    0.00    0.00    0.00   17.00     4  cartographer_no

04:37:07      UID       PID  minflt/s  majflt/s     VSZ     RSS   %MEM  Command
04:37:08        0     46383      0.00      0.00 1583528  212408   1.36  cartographer_no

04:37:08      UID       PID    %usr %system  %guest   %wait    %CPU   CPU  Command
04:37:09        0     46383   19.00    0.00    0.00    0.00   19.00     2  cartographer_no

04:37:08      UID       PID  minflt/s  majflt/s     VSZ     RSS   %MEM  Command
04:37:09        0     46383      0.00      0.00 1583528  212408   1.36  cartographer_no

04:37:09      UID       PID    %usr %system  %guest   %wait    %CPU   CPU  Command
04:37:10        0     46383   14.00    0.00    0.00    0.00   14.00     8  cartographer_no

04:37:09      UID       PID  minflt/s  majflt/s     VSZ     RSS   %MEM  Command
04:37:10        0     46383      0.00      0.00 1583528  212408   1.36  cartographer_no

04:37:10      UID       PID    %usr %system  %guest   %wait    %CPU   CPU  Command
04:37:11        0     46383   15.00    1.00    0.00    0.00   16.00     0  cartographer_no

04:37:10      UID       PID  minflt/s  majflt/s     VSZ     RSS   %MEM  Command
04:37:11        0     46383      0.00      0.00 1583528  212408   1.36  cartographer_no

04:37:11      UID       PID    %usr %system  %guest   %wait    %CPU   CPU  Command
04:37:12        0     46383   16.00    1.00    0.00    0.00   17.00     9  cartographer_no

04:37:11      UID       PID  minflt/s  majflt/s     VSZ     RSS   %MEM  Command
04:37:12        0     46383      0.00      0.00 1583528  212408   1.36  cartographer_no

04:37:12      UID       PID    %usr %system  %guest   %wait    %CPU   CPU  Command
04:37:13        0     46383   15.00    0.00    0.00    0.00   15.00     6  cartographer_no

04:37:12      UID       PID  minflt/s  majflt/s     VSZ     RSS   %MEM  Command
04:37:13        0     46383      0.00      0.00 1583528  212408   1.36  cartographer_no

04:37:13      UID       PID    %usr %system  %guest   %wait    %CPU   CPU  Command
04:37:14        0     46383   17.00    1.00    0.00    0.00   18.00     0  cartographer_no

04:37:13      UID       PID  minflt/s  majflt/s     VSZ     RSS   %MEM  Command
04:37:14        0     46383      0.00      0.00 1583528  212408   1.36  cartographer_no

04:37:14      UID       PID    %usr %system  %guest   %wait    %CPU   CPU  Command
04:37:15        0     46383   17.00    0.00    0.00    0.00   17.00     6  cartographer_no

04:37:14      UID       PID  minflt/s  majflt/s     VSZ     RSS   %MEM  Command
04:37:15        0     46383      0.00      0.00 1583528  212408   1.36  cartographer_no

04:37:15      UID       PID    %usr %system  %guest   %wait    %CPU   CPU  Command
04:37:16        0     46383   17.00    0.00    0.00    0.00   17.00     2  cartographer_no

04:37:15      UID       PID  minflt/s  majflt/s     VSZ     RSS   %MEM  Command
04:37:16        0     46383      0.00      0.00 1583528  212408   1.36  cartographer_no

04:37:16      UID       PID    %usr %system  %guest   %wait    %CPU   CPU  Command
04:37:17        0     46383   17.00    0.00    0.00    0.00   17.00     2  cartographer_no

04:37:16      UID       PID  minflt/s  majflt/s     VSZ     RSS   %MEM  Command
04:37:17        0     46383      0.00      0.00 1583528  212408   1.36  cartographer_no

04:37:17      UID       PID    %usr %system  %guest   %wait    %CPU   CPU  Command
04:37:18        0     46383   19.00    1.00    0.00    0.00   20.00     7  cartographer_no

04:37:17      UID       PID  minflt/s  majflt/s     VSZ     RSS   %MEM  Command
04:37:18        0     46383      0.00      0.00 1583528  212408   1.36  cartographer_no

04:37:18      UID       PID    %usr %system  %guest   %wait    %CPU   CPU  Command
04:37:19        0     46383   18.00    0.00    0.00    0.00   18.00     8  cartographer_no

04:37:18      UID       PID  minflt/s  majflt/s     VSZ     RSS   %MEM  Command
04:37:19        0     46383      0.00      0.00 1583528  212408   1.36  cartographer_no

04:37:19      UID       PID    %usr %system  %guest   %wait    %CPU   CPU  Command
04:37:20        0     46383   15.00    0.00    0.00    0.00   15.00     2  cartographer_no

04:37:19      UID       PID  minflt/s  majflt/s     VSZ     RSS   %MEM  Command
04:37:20        0     46383      0.00      0.00 1583528  212408   1.36  cartographer_no

04:37:20      UID       PID    %usr %system  %guest   %wait    %CPU   CPU  Command
04:37:21        0     46383   18.00    0.00    0.00    0.00   18.00     0  cartographer_no

04:37:20      UID       PID  minflt/s  majflt/s     VSZ     RSS   %MEM  Command
04:37:21        0     46383      0.00      0.00 1583528  212408   1.36  cartographer_no

04:37:21      UID       PID    %usr %system  %guest   %wait    %CPU   CPU  Command
04:37:22        0     46383   17.00    1.00    0.00    0.00   18.00     6  cartographer_no

04:37:21      UID       PID  minflt/s  majflt/s     VSZ     RSS   %MEM  Command
04:37:22        0     46383      0.00      0.00 1583528  212408   1.36  cartographer_no

04:37:22      UID       PID    %usr %system  %guest   %wait    %CPU   CPU  Command
04:37:23        0     46383   16.00    0.00    0.00    0.00   16.00     3  cartographer_no

04:37:22      UID       PID  minflt/s  majflt/s     VSZ     RSS   %MEM  Command
04:37:23        0     46383      0.00      0.00 1583528  212408   1.36  cartographer_no

04:37:23      UID       PID    %usr %system  %guest   %wait    %CPU   CPU  Command
04:37:24        0     46383   12.00    0.00    0.00    0.00   12.00     2  cartographer_no

04:37:23      UID       PID  minflt/s  majflt/s     VSZ     RSS   %MEM  Command
04:37:24        0     46383      0.00      0.00 1583528  212408   1.36  cartographer_no

04:37:24      UID       PID    %usr %system  %guest   %wait    %CPU   CPU  Command
04:37:25        0     46383   16.00    0.00    0.00    0.00   16.00    14  cartographer_no

04:37:24      UID       PID  minflt/s  majflt/s     VSZ     RSS   %MEM  Command
04:37:25        0     46383      0.00      0.00 1583528  212408   1.36  cartographer_no

04:37:25      UID       PID    %usr %system  %guest   %wait    %CPU   CPU  Command
04:37:26        0     46383  235.00    0.00    0.00    0.00  235.00     2  cartographer_no

04:37:25      UID       PID  minflt/s  majflt/s     VSZ     RSS   %MEM  Command
04:37:26        0     46383      0.00      0.00 1583528  212408   1.36  cartographer_no

04:37:26      UID       PID    %usr %system  %guest   %wait    %CPU   CPU  Command
04:37:27        0     46383   18.00    0.00    0.00    0.00   18.00     2  cartographer_no

04:37:26      UID       PID  minflt/s  majflt/s     VSZ     RSS   %MEM  Command
04:37:27        0     46383      0.00      0.00 1583528  212408   1.36  cartographer_no

04:37:27      UID       PID    %usr %system  %guest   %wait    %CPU   CPU  Command
04:37:28        0     46383   16.00    0.00    0.00    0.00   16.00     3  cartographer_no

04:37:27      UID       PID  minflt/s  majflt/s     VSZ     RSS   %MEM  Command
04:37:28        0     46383      0.00      0.00 1583528  212408   1.36  cartographer_no

04:37:28      UID       PID    %usr %system  %guest   %wait    %CPU   CPU  Command
04:37:29        0     46383   16.83    0.00    0.00    0.00   16.83     0  cartographer_no

04:37:28      UID       PID  minflt/s  majflt/s     VSZ     RSS   %MEM  Command
04:37:29        0     46383      0.00      0.00 1583528  212408   1.36  cartographer_no

04:37:29      UID       PID    %usr %system  %guest   %wait    %CPU   CPU  Command
04:37:30        0     46383   16.00    0.00    0.00    0.00   16.00     6  cartographer_no

04:37:29      UID       PID  minflt/s  majflt/s     VSZ     RSS   %MEM  Command
04:37:30        0     46383      0.00      0.00 1583528  212408   1.36  cartographer_no

04:37:30      UID       PID    %usr %system  %guest   %wait    %CPU   CPU  Command
04:37:31        0     46383   18.00    0.00    0.00    0.00   18.00     8  cartographer_no

04:37:30      UID       PID  minflt/s  majflt/s     VSZ     RSS   %MEM  Command
04:37:31        0     46383      0.00      0.00 1583528  212408   1.36  cartographer_no

04:37:31      UID       PID    %usr %system  %guest   %wait    %CPU   CPU  Command
04:37:32        0     46383   17.00    0.00    0.00    0.00   17.00     4  cartographer_no

04:37:31      UID       PID  minflt/s  majflt/s     VSZ     RSS   %MEM  Command
04:37:32        0     46383      0.00      0.00 1583528  212408   1.36  cartographer_no

04:37:32      UID       PID    %usr %system  %guest   %wait    %CPU   CPU  Command
04:37:33        0     46383   16.00    0.00    0.00    0.00   16.00     8  cartographer_no

04:37:32      UID       PID  minflt/s  majflt/s     VSZ     RSS   %MEM  Command
04:37:33        0     46383      0.00      0.00 1583528  212408   1.36  cartographer_no

04:37:33      UID       PID    %usr %system  %guest   %wait    %CPU   CPU  Command
04:37:34        0     46383   23.00    0.00    0.00    0.00   23.00     2  cartographer_no

04:37:33      UID       PID  minflt/s  majflt/s     VSZ     RSS   %MEM  Command
04:37:34        0     46383      0.00      0.00 1583528  212408   1.36  cartographer_no

04:37:34      UID       PID    %usr %system  %guest   %wait    %CPU   CPU  Command
04:37:35        0     46383   23.00    0.00    0.00    0.00   23.00    14  cartographer_no

04:37:34      UID       PID  minflt/s  majflt/s     VSZ     RSS   %MEM  Command
04:37:35        0     46383      0.00      0.00 1583528  212408   1.36  cartographer_no

04:37:35      UID       PID    %usr %system  %guest   %wait    %CPU   CPU  Command
04:37:36        0     46383   24.00    0.00    0.00    0.00   24.00     6  cartographer_no

04:37:35      UID       PID  minflt/s  majflt/s     VSZ     RSS   %MEM  Command
04:37:36        0     46383      0.00      0.00 1583528  212408   1.36  cartographer_no

04:37:36      UID       PID    %usr %system  %guest   %wait    %CPU   CPU  Command
04:37:37        0     46383   14.00    0.00    0.00    0.00   14.00     8  cartographer_no

04:37:36      UID       PID  minflt/s  majflt/s     VSZ     RSS   %MEM  Command
04:37:37        0     46383      0.00      0.00 1583528  212408   1.36  cartographer_no

04:37:37      UID       PID    %usr %system  %guest   %wait    %CPU   CPU  Command
04:37:38        0     46383   16.00    1.00    0.00    0.00   17.00     6  cartographer_no

04:37:37      UID       PID  minflt/s  majflt/s     VSZ     RSS   %MEM  Command
04:37:38        0     46383      0.00      0.00 1583528  212408   1.36  cartographer_no

04:37:38      UID       PID    %usr %system  %guest   %wait    %CPU   CPU  Command
04:37:39        0     46383   17.00    1.00    0.00    0.00   18.00     6  cartographer_no

04:37:38      UID       PID  minflt/s  majflt/s     VSZ     RSS   %MEM  Command
04:37:39        0     46383      0.00      0.00 1583528  212408   1.36  cartographer_no

04:37:39      UID       PID    %usr %system  %guest   %wait    %CPU   CPU  Command
04:37:40        0     46383   18.00    0.00    0.00    0.00   18.00     2  cartographer_no

04:37:39      UID       PID  minflt/s  majflt/s     VSZ     RSS   %MEM  Command
04:37:40        0     46383      0.00      0.00 1583528  212408   1.36  cartographer_no

04:37:40      UID       PID    %usr %system  %guest   %wait    %CPU   CPU  Command
04:37:41        0     46383   50.00    1.00    0.00    0.00   51.00     0  cartographer_no

04:37:40      UID       PID  minflt/s  majflt/s     VSZ     RSS   %MEM  Command
04:37:41        0     46383    929.00      0.00 1583528  206244   1.32  cartographer_no

04:37:41      UID       PID    %usr %system  %guest   %wait    %CPU   CPU  Command
04:37:42        0     46383   15.00    0.00    0.00    0.00   15.00     7  cartographer_no

04:37:41      UID       PID  minflt/s  majflt/s     VSZ     RSS   %MEM  Command
04:37:42        0     46383      0.00      0.00 1583528  206244   1.32  cartographer_no

04:37:42      UID       PID    %usr %system  %guest   %wait    %CPU   CPU  Command
04:37:43        0     46383   19.00    0.00    0.00    0.00   19.00     7  cartographer_no

04:37:42      UID       PID  minflt/s  majflt/s     VSZ     RSS   %MEM  Command
04:37:43        0     46383      0.00      0.00 1583528  206244   1.32  cartographer_no

04:37:43      UID       PID    %usr %system  %guest   %wait    %CPU   CPU  Command
04:37:44        0     46383   19.00    0.00    0.00    0.00   19.00     2  cartographer_no

04:37:43      UID       PID  minflt/s  majflt/s     VSZ     RSS   %MEM  Command
04:37:44        0     46383      0.00      0.00 1583528  206244   1.32  cartographer_no

04:37:44      UID       PID    %usr %system  %guest   %wait    %CPU   CPU  Command
04:37:45        0     46383   20.00    0.00    0.00    0.00   20.00     2  cartographer_no

04:37:44      UID       PID  minflt/s  majflt/s     VSZ     RSS   %MEM  Command
04:37:45        0     46383      0.00      0.00 1583528  206244   1.32  cartographer_no

04:37:45      UID       PID    %usr %system  %guest   %wait    %CPU   CPU  Command
04:37:46        0     46383   19.00    1.00    0.00    0.00   20.00     7  cartographer_no

04:37:45      UID       PID  minflt/s  majflt/s     VSZ     RSS   %MEM  Command
04:37:46        0     46383      0.00      0.00 1583528  206244   1.32  cartographer_no

04:37:46      UID       PID    %usr %system  %guest   %wait    %CPU   CPU  Command
04:37:47        0     46383   23.00    0.00    0.00    1.00   23.00     6  cartographer_no

04:37:46      UID       PID  minflt/s  majflt/s     VSZ     RSS   %MEM  Command
04:37:47        0     46383      0.00      0.00 1583528  206244   1.32  cartographer_no

04:37:47      UID       PID    %usr %system  %guest   %wait    %CPU   CPU  Command
04:37:48        0     46383   18.00    0.00    0.00    0.00   18.00     3  cartographer_no

04:37:47      UID       PID  minflt/s  majflt/s     VSZ     RSS   %MEM  Command
04:37:48        0     46383      0.00      0.00 1583528  206244   1.32  cartographer_no

04:37:48      UID       PID    %usr %system  %guest   %wait    %CPU   CPU  Command
04:37:49        0     46383   11.00    0.00    0.00    0.00   11.00     3  cartographer_no

04:37:48      UID       PID  minflt/s  majflt/s     VSZ     RSS   %MEM  Command
04:37:49        0     46383      0.00      0.00 1583528  206244   1.32  cartographer_no

04:37:49      UID       PID    %usr %system  %guest   %wait    %CPU   CPU  Command
04:37:50        0     46383   12.00    1.00    0.00    0.00   13.00     3  cartographer_no

04:37:49      UID       PID  minflt/s  majflt/s     VSZ     RSS   %MEM  Command
04:37:50        0     46383      0.00      0.00 1583528  206244   1.32  cartographer_no

04:37:50      UID       PID    %usr %system  %guest   %wait    %CPU   CPU  Command
04:37:51        0     46383   12.00    1.00    0.00    0.00   13.00     3  cartographer_no

04:37:50      UID       PID  minflt/s  majflt/s     VSZ     RSS   %MEM  Command
04:37:51        0     46383      0.00      0.00 1583528  206244   1.32  cartographer_no

04:37:51      UID       PID    %usr %system  %guest   %wait    %CPU   CPU  Command
04:37:52        0     46383   11.00    2.00    0.00    0.00   13.00     6  cartographer_no

04:37:51      UID       PID  minflt/s  majflt/s     VSZ     RSS   %MEM  Command
04:37:52        0     46383      0.00      0.00 1583528  206244   1.32  cartographer_no

04:37:52      UID       PID    %usr %system  %guest   %wait    %CPU   CPU  Command
04:37:53        0     46383   12.00    3.00    0.00    0.00   15.00     6  cartographer_no

04:37:52      UID       PID  minflt/s  majflt/s     VSZ     RSS   %MEM  Command
04:37:53        0     46383      0.00      0.00 1583528  206244   1.32  cartographer_no

04:37:53      UID       PID    %usr %system  %guest   %wait    %CPU   CPU  Command
04:37:54        0     46383   24.00    3.00    0.00    0.00   27.00     0  cartographer_no

04:37:53      UID       PID  minflt/s  majflt/s     VSZ     RSS   %MEM  Command
04:37:54        0     46383      0.00      0.00 1583528  206244   1.32  cartographer_no

04:37:54      UID       PID    %usr %system  %guest   %wait    %CPU   CPU  Command
04:37:55        0     46383   17.00    2.00    0.00    0.00   19.00    12  cartographer_no

04:37:54      UID       PID  minflt/s  majflt/s     VSZ     RSS   %MEM  Command
04:37:55        0     46383      0.00      0.00 1583528  206244   1.32  cartographer_no

04:37:55      UID       PID    %usr %system  %guest   %wait    %CPU   CPU  Command
04:37:56        0     46383   21.00    3.00    0.00    0.00   24.00     2  cartographer_no

04:37:55      UID       PID  minflt/s  majflt/s     VSZ     RSS   %MEM  Command
04:37:56        0     46383      0.00      0.00 1583528  206244   1.32  cartographer_no

04:37:56      UID       PID    %usr %system  %guest   %wait    %CPU   CPU  Command
04:37:57        0     46383   18.00    1.00    0.00    0.00   19.00     0  cartographer_no

04:37:56      UID       PID  minflt/s  majflt/s     VSZ     RSS   %MEM  Command
04:37:57        0     46383      0.00      0.00 1583528  206244   1.32  cartographer_no

04:37:57      UID       PID    %usr %system  %guest   %wait    %CPU   CPU  Command
04:37:58        0     46383   12.00    1.00    0.00    0.00   13.00    13  cartographer_no

04:37:57      UID       PID  minflt/s  majflt/s     VSZ     RSS   %MEM  Command
04:37:58        0     46383      0.00      0.00 1583528  206244   1.32  cartographer_no

04:37:58      UID       PID    %usr %system  %guest   %wait    %CPU   CPU  Command
04:37:59        0     46383   24.00    1.00    0.00    0.00   25.00    14  cartographer_no

04:37:58      UID       PID  minflt/s  majflt/s     VSZ     RSS   %MEM  Command
04:37:59        0     46383      0.00      0.00 1583528  206244   1.32  cartographer_no

04:37:59      UID       PID    %usr %system  %guest   %wait    %CPU   CPU  Command
04:38:00        0     46383   22.00    0.00    0.00    0.00   22.00     8  cartographer_no

04:37:59      UID       PID  minflt/s  majflt/s     VSZ     RSS   %MEM  Command
04:38:00        0     46383      0.00      0.00 1583528  206244   1.32  cartographer_no

04:38:00      UID       PID    %usr %system  %guest   %wait    %CPU   CPU  Command
04:38:01        0     46383   14.00    1.00    0.00    0.00   15.00     6  cartographer_no

04:38:00      UID       PID  minflt/s  majflt/s     VSZ     RSS   %MEM  Command
04:38:01        0     46383      0.00      0.00 1583528  206244   1.32  cartographer_no

04:38:01      UID       PID    %usr %system  %guest   %wait    %CPU   CPU  Command
04:38:02        0     46383   28.00    1.00    0.00    0.00   29.00     8  cartographer_no

04:38:01      UID       PID  minflt/s  majflt/s     VSZ     RSS   %MEM  Command
04:38:02        0     46383      0.00      0.00 1583528  206244   1.32  cartographer_no

04:38:02      UID       PID    %usr %system  %guest   %wait    %CPU   CPU  Command
04:38:03        0     46383   24.00    0.00    0.00    0.00   24.00     3  cartographer_no

04:38:02      UID       PID  minflt/s  majflt/s     VSZ     RSS   %MEM  Command
04:38:03        0     46383      0.00      0.00 1583528  206244   1.32  cartographer_no

04:38:03      UID       PID    %usr %system  %guest   %wait    %CPU   CPU  Command
04:38:04        0     46383   18.00    1.00    0.00    0.00   19.00     6  cartographer_no

04:38:03      UID       PID  minflt/s  majflt/s     VSZ     RSS   %MEM  Command
04:38:04        0     46383      0.00      0.00 1583528  206244   1.32  cartographer_no

04:38:04      UID       PID    %usr %system  %guest   %wait    %CPU   CPU  Command
04:38:05        0     46383   22.00    1.00    0.00    0.00   23.00     6  cartographer_no

04:38:04      UID       PID  minflt/s  majflt/s     VSZ     RSS   %MEM  Command
04:38:05        0     46383      0.00      0.00 1583528  206244   1.32  cartographer_no

04:38:05      UID       PID    %usr %system  %guest   %wait    %CPU   CPU  Command
04:38:06        0     46383   17.00    1.00    0.00    0.00   18.00    10  cartographer_no

04:38:05      UID       PID  minflt/s  majflt/s     VSZ     RSS   %MEM  Command
04:38:06        0     46383      0.00      0.00 1583528  206244   1.32  cartographer_no

04:38:06      UID       PID    %usr %system  %guest   %wait    %CPU   CPU  Command
04:38:07        0     46383   20.00    1.00    0.00    0.00   21.00     3  cartographer_no

04:38:06      UID       PID  minflt/s  majflt/s     VSZ     RSS   %MEM  Command
04:38:07        0     46383      0.00      0.00 1583528  206244   1.32  cartographer_no

04:38:07      UID       PID    %usr %system  %guest   %wait    %CPU   CPU  Command
04:38:08        0     46383   17.00    1.00    0.00    0.00   18.00     3  cartographer_no

04:38:07      UID       PID  minflt/s  majflt/s     VSZ     RSS   %MEM  Command
04:38:08        0     46383      0.00      0.00 1583528  206244   1.32  cartographer_no

04:38:08      UID       PID    %usr %system  %guest   %wait    %CPU   CPU  Command
04:38:09        0     46383   48.00    0.00    0.00    0.00   48.00    12  cartographer_no

04:38:08      UID       PID  minflt/s  majflt/s     VSZ     RSS   %MEM  Command
04:38:09        0     46383      7.00      0.00 1583592  206244   1.32  cartographer_no

04:38:09      UID       PID    %usr %system  %guest   %wait    %CPU   CPU  Command
04:38:10        0     46383  176.00    0.00    0.00    0.00  176.00     2  cartographer_no

04:38:09      UID       PID  minflt/s  majflt/s     VSZ     RSS   %MEM  Command
04:38:10        0     46383      0.00      0.00 1583592  206244   1.32  cartographer_no

04:38:10      UID       PID    %usr %system  %guest   %wait    %CPU   CPU  Command
04:38:11        0     46383   15.00    1.00    0.00    0.00   16.00    10  cartographer_no

04:38:10      UID       PID  minflt/s  majflt/s     VSZ     RSS   %MEM  Command
04:38:11        0     46383      0.00      0.00 1583592  206244   1.32  cartographer_no

04:38:11      UID       PID    %usr %system  %guest   %wait    %CPU   CPU  Command
04:38:12        0     46383   15.00    0.00    0.00    0.00   15.00     2  cartographer_no

04:38:11      UID       PID  minflt/s  majflt/s     VSZ     RSS   %MEM  Command
04:38:12        0     46383      0.00      0.00 1583592  206244   1.32  cartographer_no

04:38:12      UID       PID    %usr %system  %guest   %wait    %CPU   CPU  Command
04:38:13        0     46383   18.00    0.00    0.00    0.00   18.00     4  cartographer_no

04:38:12      UID       PID  minflt/s  majflt/s     VSZ     RSS   %MEM  Command
04:38:13        0     46383      0.00      0.00 1583592  206244   1.32  cartographer_no

04:38:13      UID       PID    %usr %system  %guest   %wait    %CPU   CPU  Command
04:38:14        0     46383   17.00    2.00    0.00    0.00   19.00    14  cartographer_no

04:38:13      UID       PID  minflt/s  majflt/s     VSZ     RSS   %MEM  Command
04:38:14        0     46383      0.00      0.00 1583592  206244   1.32  cartographer_no

04:38:14      UID       PID    %usr %system  %guest   %wait    %CPU   CPU  Command
04:38:15        0     46383   14.00    0.00    0.00    0.00   14.00    14  cartographer_no

04:38:14      UID       PID  minflt/s  majflt/s     VSZ     RSS   %MEM  Command
04:38:15        0     46383      0.00      0.00 1583592  206244   1.32  cartographer_no

04:38:15      UID       PID    %usr %system  %guest   %wait    %CPU   CPU  Command
04:38:16        0     46383   19.00    1.00    0.00    0.00   20.00     0  cartographer_no

04:38:15      UID       PID  minflt/s  majflt/s     VSZ     RSS   %MEM  Command
04:38:16        0     46383      0.00      0.00 1583592  206244   1.32  cartographer_no

04:38:16      UID       PID    %usr %system  %guest   %wait    %CPU   CPU  Command
04:38:17        0     46383   16.00    0.00    0.00    0.00   16.00     0  cartographer_no

04:38:16      UID       PID  minflt/s  majflt/s     VSZ     RSS   %MEM  Command
04:38:17        0     46383      0.00      0.00 1583592  206244   1.32  cartographer_no

04:38:17      UID       PID    %usr %system  %guest   %wait    %CPU   CPU  Command
04:38:18        0     46383   17.00    1.00    0.00    0.00   18.00     7  cartographer_no

04:38:17      UID       PID  minflt/s  majflt/s     VSZ     RSS   %MEM  Command
04:38:18        0     46383      0.00      0.00 1583592  206244   1.32  cartographer_no

04:38:18      UID       PID    %usr %system  %guest   %wait    %CPU   CPU  Command
04:38:19        0     46383   18.00    0.00    0.00    0.00   18.00     7  cartographer_no

04:38:18      UID       PID  minflt/s  majflt/s     VSZ     RSS   %MEM  Command
04:38:19        0     46383      0.00      0.00 1583592  206244   1.32  cartographer_no

04:38:19      UID       PID    %usr %system  %guest   %wait    %CPU   CPU  Command
04:38:20        0     46383   17.00    1.00    0.00    0.00   18.00     7  cartographer_no

04:38:19      UID       PID  minflt/s  majflt/s     VSZ     RSS   %MEM  Command
04:38:20        0     46383      0.00      0.00 1583592  206244   1.32  cartographer_no

04:38:20      UID       PID    %usr %system  %guest   %wait    %CPU   CPU  Command
04:38:21        0     46383   19.00    0.00    0.00    0.00   19.00     7  cartographer_no

04:38:20      UID       PID  minflt/s  majflt/s     VSZ     RSS   %MEM  Command
04:38:21        0     46383      0.00      0.00 1583592  206244   1.32  cartographer_no

04:38:21      UID       PID    %usr %system  %guest   %wait    %CPU   CPU  Command
04:38:22        0     46383   18.00    1.00    0.00    0.00   19.00     7  cartographer_no

04:38:21      UID       PID  minflt/s  majflt/s     VSZ     RSS   %MEM  Command
04:38:22        0     46383      0.00      0.00 1583592  206244   1.32  cartographer_no

04:38:22      UID       PID    %usr %system  %guest   %wait    %CPU   CPU  Command
04:38:23        0     46383   22.00    0.00    0.00    0.00   22.00     7  cartographer_no

04:38:22      UID       PID  minflt/s  majflt/s     VSZ     RSS   %MEM  Command
04:38:23        0     46383      0.00      0.00 1583592  206244   1.32  cartographer_no

04:38:23      UID       PID    %usr %system  %guest   %wait    %CPU   CPU  Command
04:38:24        0     46383   19.00    1.00    0.00    0.00   20.00    10  cartographer_no

04:38:23      UID       PID  minflt/s  majflt/s     VSZ     RSS   %MEM  Command
04:38:24        0     46383      0.00      0.00 1583592  206244   1.32  cartographer_no

04:38:24      UID       PID    %usr %system  %guest   %wait    %CPU   CPU  Command
04:38:25        0     46383   22.00    0.00    0.00    0.00   22.00    12  cartographer_no

04:38:24      UID       PID  minflt/s  majflt/s     VSZ     RSS   %MEM  Command
04:38:25        0     46383      0.00      0.00 1583592  206244   1.32  cartographer_no

04:38:25      UID       PID    %usr %system  %guest   %wait    %CPU   CPU  Command
04:38:26        0     46383   17.00    0.00    0.00    0.00   17.00    14  cartographer_no

04:38:25      UID       PID  minflt/s  majflt/s     VSZ     RSS   %MEM  Command
04:38:26        0     46383      0.00      0.00 1583592  206244   1.32  cartographer_no

04:38:26      UID       PID    %usr %system  %guest   %wait    %CPU   CPU  Command
04:38:27        0     46383   18.00    1.00    0.00    0.00   19.00     3  cartographer_no

04:38:26      UID       PID  minflt/s  majflt/s     VSZ     RSS   %MEM  Command
04:38:27        0     46383      0.00      0.00 1583592  206244   1.32  cartographer_no

04:38:27      UID       PID    %usr %system  %guest   %wait    %CPU   CPU  Command
04:38:28        0     46383   14.00    1.00    0.00    0.00   15.00     3  cartographer_no

04:38:27      UID       PID  minflt/s  majflt/s     VSZ     RSS   %MEM  Command
04:38:28        0     46383      0.00      0.00 1583592  206244   1.32  cartographer_no

04:38:28      UID       PID    %usr %system  %guest   %wait    %CPU   CPU  Command
04:38:29        0     46383   31.00    1.00    0.00    0.00   32.00    10  cartographer_no

04:38:28      UID       PID  minflt/s  majflt/s     VSZ     RSS   %MEM  Command
04:38:29        0     46383   2469.00      0.00 1583592  206108   1.32  cartographer_no

04:38:29      UID       PID    %usr %system  %guest   %wait    %CPU   CPU  Command
04:38:30        0     46383   16.00    0.00    0.00    0.00   16.00     4  cartographer_no

04:38:29      UID       PID  minflt/s  majflt/s     VSZ     RSS   %MEM  Command
04:38:30        0     46383      0.00      0.00 1583592  206108   1.32  cartographer_no

04:38:30      UID       PID    %usr %system  %guest   %wait    %CPU   CPU  Command
04:38:31        0     46383   14.00    2.00    0.00    0.00   16.00     3  cartographer_no

04:38:30      UID       PID  minflt/s  majflt/s     VSZ     RSS   %MEM  Command
04:38:31        0     46383      0.00      0.00 1583592  206108   1.32  cartographer_no

04:38:31      UID       PID    %usr %system  %guest   %wait    %CPU   CPU  Command
04:38:32        0     46383   16.00    0.00    0.00    0.00   16.00     6  cartographer_no

04:38:31      UID       PID  minflt/s  majflt/s     VSZ     RSS   %MEM  Command
04:38:32        0     46383      0.00      0.00 1583592  206108   1.32  cartographer_no

04:38:32      UID       PID    %usr %system  %guest   %wait    %CPU   CPU  Command
04:38:33        0     46383   18.00    2.00    0.00    0.00   20.00     3  cartographer_no

04:38:32      UID       PID  minflt/s  majflt/s     VSZ     RSS   %MEM  Command
04:38:33        0     46383      0.00      0.00 1583592  206108   1.32  cartographer_no

04:38:33      UID       PID    %usr %system  %guest   %wait    %CPU   CPU  Command
04:38:34        0     46383   19.00    1.00    0.00    0.00   20.00     2  cartographer_no

04:38:33      UID       PID  minflt/s  majflt/s     VSZ     RSS   %MEM  Command
04:38:34        0     46383      0.00      0.00 1583592  206108   1.32  cartographer_no

04:38:34      UID       PID    %usr %system  %guest   %wait    %CPU   CPU  Command
04:38:35        0     46383   16.00    1.00    0.00    0.00   17.00     6  cartographer_no

04:38:34      UID       PID  minflt/s  majflt/s     VSZ     RSS   %MEM  Command
04:38:35        0     46383      0.00      0.00 1583592  206108   1.32  cartographer_no

04:38:35      UID       PID    %usr %system  %guest   %wait    %CPU   CPU  Command
04:38:36        0     46383   15.00    0.00    0.00    0.00   15.00     2  cartographer_no

04:38:35      UID       PID  minflt/s  majflt/s     VSZ     RSS   %MEM  Command
04:38:36        0     46383      0.00      0.00 1583592  206108   1.32  cartographer_no

04:38:36      UID       PID    %usr %system  %guest   %wait    %CPU   CPU  Command
04:38:37        0     46383   18.00    1.00    0.00    0.00   19.00     6  cartographer_no

04:38:36      UID       PID  minflt/s  majflt/s     VSZ     RSS   %MEM  Command
04:38:37        0     46383      0.00      0.00 1583592  206108   1.32  cartographer_no

04:38:37      UID       PID    %usr %system  %guest   %wait    %CPU   CPU  Command
04:38:38        0     46383   16.00    0.00    0.00    0.00   16.00     2  cartographer_no

04:38:37      UID       PID  minflt/s  majflt/s     VSZ     RSS   %MEM  Command
04:38:38        0     46383      0.00      0.00 1583592  206108   1.32  cartographer_no

04:38:38      UID       PID    %usr %system  %guest   %wait    %CPU   CPU  Command
04:38:39        0     46383   20.00    1.00    0.00    0.00   21.00     2  cartographer_no

04:38:38      UID       PID  minflt/s  majflt/s     VSZ     RSS   %MEM  Command
04:38:39        0     46383      0.00      0.00 1583592  206108   1.32  cartographer_no

04:38:39      UID       PID    %usr %system  %guest   %wait    %CPU   CPU  Command
04:38:40        0     46383   20.00    0.00    0.00    0.00   20.00     4  cartographer_no

04:38:39      UID       PID  minflt/s  majflt/s     VSZ     RSS   %MEM  Command
04:38:40        0     46383      0.00      0.00 1583592  206108   1.32  cartographer_no

04:38:40      UID       PID    %usr %system  %guest   %wait    %CPU   CPU  Command
04:38:41        0     46383   20.00    1.00    0.00    0.00   21.00     6  cartographer_no

04:38:40      UID       PID  minflt/s  majflt/s     VSZ     RSS   %MEM  Command
04:38:41        0     46383      0.00      0.00 1583592  206108   1.32  cartographer_no

04:38:41      UID       PID    %usr %system  %guest   %wait    %CPU   CPU  Command
04:38:42        0     46383   25.00    1.00    0.00    0.00   26.00     2  cartographer_no

04:38:41      UID       PID  minflt/s  majflt/s     VSZ     RSS   %MEM  Command
04:38:42        0     46383      0.00      0.00 1583592  206108   1.32  cartographer_no

04:38:42      UID       PID    %usr %system  %guest   %wait    %CPU   CPU  Command
04:38:43        0     46383   19.00    0.00    0.00    0.00   19.00     4  cartographer_no

04:38:42      UID       PID  minflt/s  majflt/s     VSZ     RSS   %MEM  Command
04:38:43        0     46383      0.00      0.00 1583592  206108   1.32  cartographer_no

04:38:43      UID       PID    %usr %system  %guest   %wait    %CPU   CPU  Command
04:38:44        0     46383   24.00    1.00    0.00    0.00   25.00     2  cartographer_no

04:38:43      UID       PID  minflt/s  majflt/s     VSZ     RSS   %MEM  Command
04:38:44        0     46383      0.00      0.00 1583592  206108   1.32  cartographer_no

04:38:44      UID       PID    %usr %system  %guest   %wait    %CPU   CPU  Command
04:38:45        0     46383   18.00    1.00    0.00    0.00   19.00     8  cartographer_no

04:38:44      UID       PID  minflt/s  majflt/s     VSZ     RSS   %MEM  Command
04:38:45        0     46383      0.00      0.00 1583592  206108   1.32  cartographer_no

04:38:45      UID       PID    %usr %system  %guest   %wait    %CPU   CPU  Command
04:38:46        0     46383   15.00    0.00    0.00    0.00   15.00     7  cartographer_no

04:38:45      UID       PID  minflt/s  majflt/s     VSZ     RSS   %MEM  Command
04:38:46        0     46383      0.00      0.00 1583592  206108   1.32  cartographer_no

04:38:46      UID       PID    %usr %system  %guest   %wait    %CPU   CPU  Command
04:38:47        0     46383   33.00    1.00    0.00    1.00   34.00    14  cartographer_no

04:38:46      UID       PID  minflt/s  majflt/s     VSZ     RSS   %MEM  Command
04:38:47        0     46383      0.00      0.00 1583592  206108   1.32  cartographer_no

04:38:47      UID       PID    %usr %system  %guest   %wait    %CPU   CPU  Command
04:38:48        0     46383   99.00    1.00    0.00    0.00  100.00     8  cartographer_no

04:38:47      UID       PID  minflt/s  majflt/s     VSZ     RSS   %MEM  Command
04:38:48        0     46383    229.00      0.00 1584508  207004   1.33  cartographer_no

04:38:48      UID       PID    %usr %system  %guest   %wait    %CPU   CPU  Command
04:38:49        0     46383   23.00    0.00    0.00    0.00   23.00     2  cartographer_no

04:38:48      UID       PID  minflt/s  majflt/s     VSZ     RSS   %MEM  Command
04:38:49        0     46383      0.00      0.00 1584508  207004   1.33  cartographer_no

04:38:49      UID       PID    %usr %system  %guest   %wait    %CPU   CPU  Command
04:38:50        0     46383   23.00    0.00    0.00    0.00   23.00     2  cartographer_no

04:38:49      UID       PID  minflt/s  majflt/s     VSZ     RSS   %MEM  Command
04:38:50        0     46383      0.00      0.00 1584508  207004   1.33  cartographer_no

04:38:50      UID       PID    %usr %system  %guest   %wait    %CPU   CPU  Command
04:38:51        0     46383   21.00    1.00    0.00    0.00   22.00     2  cartographer_no

04:38:50      UID       PID  minflt/s  majflt/s     VSZ     RSS   %MEM  Command
04:38:51        0     46383      0.00      0.00 1584508  207004   1.33  cartographer_no

04:38:51      UID       PID    %usr %system  %guest   %wait    %CPU   CPU  Command
04:38:52        0     46383   19.00    0.00    0.00    0.00   19.00     6  cartographer_no

04:38:51      UID       PID  minflt/s  majflt/s     VSZ     RSS   %MEM  Command
04:38:52        0     46383      0.00      0.00 1584508  207004   1.33  cartographer_no

04:38:52      UID       PID    %usr %system  %guest   %wait    %CPU   CPU  Command
04:38:53        0     46383   16.00    1.00    0.00    0.00   17.00     2  cartographer_no

04:38:52      UID       PID  minflt/s  majflt/s     VSZ     RSS   %MEM  Command
04:38:53        0     46383      0.00      0.00 1584508  207004   1.33  cartographer_no

04:38:53      UID       PID    %usr %system  %guest   %wait    %CPU   CPU  Command
04:38:54        0     46383   23.00    0.00    0.00    0.00   23.00     4  cartographer_no

04:38:53      UID       PID  minflt/s  majflt/s     VSZ     RSS   %MEM  Command
04:38:54        0     46383      0.00      0.00 1584508  207004   1.33  cartographer_no

04:38:54      UID       PID    %usr %system  %guest   %wait    %CPU   CPU  Command
04:38:55        0     46383   19.00    1.00    0.00    0.00   20.00     6  cartographer_no

04:38:54      UID       PID  minflt/s  majflt/s     VSZ     RSS   %MEM  Command
04:38:55        0     46383      0.00      0.00 1584508  207004   1.33  cartographer_no

04:38:55      UID       PID    %usr %system  %guest   %wait    %CPU   CPU  Command
04:38:56        0     46383   14.00    1.00    0.00    0.00   15.00     0  cartographer_no

04:38:55      UID       PID  minflt/s  majflt/s     VSZ     RSS   %MEM  Command
04:38:56        0     46383      0.00      0.00 1584508  207004   1.33  cartographer_no

04:38:56      UID       PID    %usr %system  %guest   %wait    %CPU   CPU  Command
04:38:57        0     46383   17.00    1.00    0.00    0.00   18.00     6  cartographer_no

04:38:56      UID       PID  minflt/s  majflt/s     VSZ     RSS   %MEM  Command
04:38:57        0     46383      0.00      0.00 1584508  207004   1.33  cartographer_no

04:38:57      UID       PID    %usr %system  %guest   %wait    %CPU   CPU  Command
04:38:58        0     46383   17.00    1.00    0.00    0.00   18.00     6  cartographer_no

04:38:57      UID       PID  minflt/s  majflt/s     VSZ     RSS   %MEM  Command
04:38:58        0     46383      0.00      0.00 1584508  207004   1.33  cartographer_no

04:38:58      UID       PID    %usr %system  %guest   %wait    %CPU   CPU  Command
04:38:59        0     46383   16.00    0.00    0.00    0.00   16.00     2  cartographer_no

04:38:58      UID       PID  minflt/s  majflt/s     VSZ     RSS   %MEM  Command
04:38:59        0     46383      0.00      0.00 1584508  207004   1.33  cartographer_no

04:38:59      UID       PID    %usr %system  %guest   %wait    %CPU   CPU  Command
04:39:00        0     46383   17.00    1.00    0.00    0.00   18.00     2  cartographer_no

04:38:59      UID       PID  minflt/s  majflt/s     VSZ     RSS   %MEM  Command
04:39:00        0     46383      0.00      0.00 1584508  207004   1.33  cartographer_no

04:39:00      UID       PID    %usr %system  %guest   %wait    %CPU   CPU  Command
04:39:01        0     46383   16.00    1.00    0.00    0.00   17.00     6  cartographer_no

04:39:00      UID       PID  minflt/s  majflt/s     VSZ     RSS   %MEM  Command
04:39:01        0     46383      0.00      0.00 1584508  207004   1.33  cartographer_no

04:39:01      UID       PID    %usr %system  %guest   %wait    %CPU   CPU  Command
04:39:02        0     46383   15.00    0.00    0.00    0.00   15.00     6  cartographer_no

04:39:01      UID       PID  minflt/s  majflt/s     VSZ     RSS   %MEM  Command
04:39:02        0     46383      0.00      0.00 1584508  207004   1.33  cartographer_no

04:39:02      UID       PID    %usr %system  %guest   %wait    %CPU   CPU  Command
04:39:03        0     46383   16.00    1.00    0.00    0.00   17.00     2  cartographer_no

04:39:02      UID       PID  minflt/s  majflt/s     VSZ     RSS   %MEM  Command
04:39:03        0     46383      0.00      0.00 1584508  207004   1.33  cartographer_no

04:39:03      UID       PID    %usr %system  %guest   %wait    %CPU   CPU  Command
04:39:04        0     46383   15.00    0.00    0.00    0.00   15.00     0  cartographer_no

04:39:03      UID       PID  minflt/s  majflt/s     VSZ     RSS   %MEM  Command
04:39:04        0     46383      0.00      0.00 1584508  207004   1.33  cartographer_no

04:39:04      UID       PID    %usr %system  %guest   %wait    %CPU   CPU  Command
04:39:05        0     46383   15.00    0.00    0.00    0.00   15.00     7  cartographer_no

04:39:04      UID       PID  minflt/s  majflt/s     VSZ     RSS   %MEM  Command
04:39:05        0     46383      0.00      0.00 1584508  207004   1.33  cartographer_no

04:39:05      UID       PID    %usr %system  %guest   %wait    %CPU   CPU  Command
04:39:06        0     46383   29.00    1.00    0.00    0.00   30.00     6  cartographer_no

04:39:05      UID       PID  minflt/s  majflt/s     VSZ     RSS   %MEM  Command
04:39:06        0     46383   1300.00      0.00 1584508  212124   1.36  cartographer_no

04:39:06      UID       PID    %usr %system  %guest   %wait    %CPU   CPU  Command
04:39:07        0     46383   17.00    1.00    0.00    0.00   18.00    12  cartographer_no

04:39:06      UID       PID  minflt/s  majflt/s     VSZ     RSS   %MEM  Command
04:39:07        0     46383      0.00      0.00 1584508  212124   1.36  cartographer_no

04:39:07      UID       PID    %usr %system  %guest   %wait    %CPU   CPU  Command
04:39:08        0     46383   15.00    0.00    0.00    0.00   15.00     8  cartographer_no

04:39:07      UID       PID  minflt/s  majflt/s     VSZ     RSS   %MEM  Command
04:39:08        0     46383      0.00      0.00 1584508  212124   1.36  cartographer_no

04:39:08      UID       PID    %usr %system  %guest   %wait    %CPU   CPU  Command
04:39:09        0     46383   16.00    0.00    0.00    0.00   16.00     6  cartographer_no

04:39:08      UID       PID  minflt/s  majflt/s     VSZ     RSS   %MEM  Command
04:39:09        0     46383      0.00      0.00 1584508  212124   1.36  cartographer_no

04:39:09      UID       PID    %usr %system  %guest   %wait    %CPU   CPU  Command
04:39:10        0     46383   17.00    1.00    0.00    0.00   18.00     3  cartographer_no

04:39:09      UID       PID  minflt/s  majflt/s     VSZ     RSS   %MEM  Command
04:39:10        0     46383    312.00      0.00 1585756  213404   1.37  cartographer_no

04:39:10      UID       PID    %usr %system  %guest   %wait    %CPU   CPU  Command
04:39:11        0     46383   20.00    0.00    0.00    0.00   20.00     2  cartographer_no

04:39:10      UID       PID  minflt/s  majflt/s     VSZ     RSS   %MEM  Command
04:39:11        0     46383      0.00      0.00 1585756  213404   1.37  cartographer_no

04:39:11      UID       PID    %usr %system  %guest   %wait    %CPU   CPU  Command
04:39:12        0     46383   16.00    1.00    0.00    0.00   17.00     2  cartographer_no

04:39:11      UID       PID  minflt/s  majflt/s     VSZ     RSS   %MEM  Command
04:39:12        0     46383      0.00      0.00 1585756  213404   1.37  cartographer_no

04:39:12      UID       PID    %usr %system  %guest   %wait    %CPU   CPU  Command
04:39:13        0     46383   16.00    1.00    0.00    0.00   17.00     2  cartographer_no

04:39:12      UID       PID  minflt/s  majflt/s     VSZ     RSS   %MEM  Command
04:39:13        0     46383      0.00      0.00 1585756  213404   1.37  cartographer_no

04:39:13      UID       PID    %usr %system  %guest   %wait    %CPU   CPU  Command
04:39:14        0     46383   18.00    1.00    0.00    0.00   19.00    12  cartographer_no

04:39:13      UID       PID  minflt/s  majflt/s     VSZ     RSS   %MEM  Command
04:39:14        0     46383      0.00      0.00 1585756  213404   1.37  cartographer_no

04:39:14      UID       PID    %usr %system  %guest   %wait    %CPU   CPU  Command
04:39:15        0     46383   17.00    0.00    0.00    0.00   17.00     2  cartographer_no

04:39:14      UID       PID  minflt/s  majflt/s     VSZ     RSS   %MEM  Command
04:39:15        0     46383      0.00      0.00 1585756  213404   1.37  cartographer_no

04:39:15      UID       PID    %usr %system  %guest   %wait    %CPU   CPU  Command
04:39:16        0     46383   17.00    1.00    0.00    0.00   18.00     6  cartographer_no

04:39:15      UID       PID  minflt/s  majflt/s     VSZ     RSS   %MEM  Command
04:39:16        0     46383      0.00      0.00 1585756  213404   1.37  cartographer_no

04:39:16      UID       PID    %usr %system  %guest   %wait    %CPU   CPU  Command
04:39:17        0     46383   16.00    1.00    0.00    0.00   17.00    12  cartographer_no

04:39:16      UID       PID  minflt/s  majflt/s     VSZ     RSS   %MEM  Command
04:39:17        0     46383      0.00      0.00 1585756  213404   1.37  cartographer_no

04:39:17      UID       PID    %usr %system  %guest   %wait    %CPU   CPU  Command
04:39:18        0     46383   15.00    0.00    0.00    0.00   15.00     7  cartographer_no

04:39:17      UID       PID  minflt/s  majflt/s     VSZ     RSS   %MEM  Command
04:39:18        0     46383      0.00      0.00 1585756  213404   1.37  cartographer_no

04:39:18      UID       PID    %usr %system  %guest   %wait    %CPU   CPU  Command
04:39:19        0     46383   18.00    1.00    0.00    0.00   19.00     8  cartographer_no

04:39:18      UID       PID  minflt/s  majflt/s     VSZ     RSS   %MEM  Command
04:39:19        0     46383      0.00      0.00 1585756  213404   1.37  cartographer_no

04:39:19      UID       PID    %usr %system  %guest   %wait    %CPU   CPU  Command
04:39:20        0     46383   17.00    0.00    0.00    0.00   17.00     8  cartographer_no

04:39:19      UID       PID  minflt/s  majflt/s     VSZ     RSS   %MEM  Command
04:39:20        0     46383      0.00      0.00 1585756  213404   1.37  cartographer_no

04:39:20      UID       PID    %usr %system  %guest   %wait    %CPU   CPU  Command
04:39:21        0     46383   17.00    1.00    0.00    0.00   18.00     4  cartographer_no

04:39:20      UID       PID  minflt/s  majflt/s     VSZ     RSS   %MEM  Command
04:39:21        0     46383      0.00      0.00 1585756  213404   1.37  cartographer_no

04:39:21      UID       PID    %usr %system  %guest   %wait    %CPU   CPU  Command
04:39:22        0     46383   17.00    0.00    0.00    0.00   17.00     3  cartographer_no

04:39:21      UID       PID  minflt/s  majflt/s     VSZ     RSS   %MEM  Command
04:39:22        0     46383      0.00      0.00 1585756  213404   1.37  cartographer_no

04:39:22      UID       PID    %usr %system  %guest   %wait    %CPU   CPU  Command
04:39:23        0     46383   17.00    2.00    0.00    0.00   19.00     0  cartographer_no

04:39:22      UID       PID  minflt/s  majflt/s     VSZ     RSS   %MEM  Command
04:39:23        0     46383      0.00      0.00 1585756  213404   1.37  cartographer_no

04:39:23      UID       PID    %usr %system  %guest   %wait    %CPU   CPU  Command
04:39:24        0     46383   19.00    0.00    0.00    0.00   19.00     9  cartographer_no

04:39:23      UID       PID  minflt/s  majflt/s     VSZ     RSS   %MEM  Command
04:39:24        0     46383      0.00      0.00 1585756  213404   1.37  cartographer_no

04:39:24      UID       PID    %usr %system  %guest   %wait    %CPU   CPU  Command
04:39:25        0     46383   22.00    1.00    0.00    0.00   23.00     8  cartographer_no

04:39:24      UID       PID  minflt/s  majflt/s     VSZ     RSS   %MEM  Command
04:39:25        0     46383      0.00      0.00 1585756  213404   1.37  cartographer_no

04:39:25      UID       PID    %usr %system  %guest   %wait    %CPU   CPU  Command
04:39:26        0     46383  132.00    1.00    0.00    0.00  133.00     2  cartographer_no

04:39:25      UID       PID  minflt/s  majflt/s     VSZ     RSS   %MEM  Command
04:39:26        0     46383      1.00      0.00 1585756  213404   1.37  cartographer_no

04:39:26      UID       PID    %usr %system  %guest   %wait    %CPU   CPU  Command
04:39:27        0     46383   16.83    0.00    0.00    0.00   16.83     6  cartographer_no

04:39:26      UID       PID  minflt/s  majflt/s     VSZ     RSS   %MEM  Command
04:39:27        0     46383      0.00      0.00 1585756  213404   1.37  cartographer_no

04:39:27      UID       PID    %usr %system  %guest   %wait    %CPU   CPU  Command
04:39:28        0     46383   17.00    0.00    0.00    0.00   17.00     2  cartographer_no

04:39:27      UID       PID  minflt/s  majflt/s     VSZ     RSS   %MEM  Command
04:39:28        0     46383      0.00      0.00 1585756  213404   1.37  cartographer_no

04:39:28      UID       PID    %usr %system  %guest   %wait    %CPU   CPU  Command
04:39:29        0     46383   14.00    1.00    0.00    0.00   15.00     8  cartographer_no

04:39:28      UID       PID  minflt/s  majflt/s     VSZ     RSS   %MEM  Command
04:39:29        0     46383      0.00      0.00 1585756  213404   1.37  cartographer_no

04:39:29      UID       PID    %usr %system  %guest   %wait    %CPU   CPU  Command
04:39:30        0     46383   18.00    1.00    0.00    0.00   19.00     4  cartographer_no

04:39:29      UID       PID  minflt/s  majflt/s     VSZ     RSS   %MEM  Command
04:39:30        0     46383      0.00      0.00 1585756  213404   1.37  cartographer_no

04:39:30      UID       PID    %usr %system  %guest   %wait    %CPU   CPU  Command
04:39:31        0     46383   19.00    0.00    0.00    0.00   19.00     7  cartographer_no

04:39:30      UID       PID  minflt/s  majflt/s     VSZ     RSS   %MEM  Command
04:39:31        0     46383      0.00      0.00 1585756  213404   1.37  cartographer_no

04:39:31      UID       PID    %usr %system  %guest   %wait    %CPU   CPU  Command
04:39:32        0     46383   16.00    2.00    0.00    0.00   18.00     7  cartographer_no

04:39:31      UID       PID  minflt/s  majflt/s     VSZ     RSS   %MEM  Command
04:39:32        0     46383      0.00      0.00 1585756  213404   1.37  cartographer_no

04:39:32      UID       PID    %usr %system  %guest   %wait    %CPU   CPU  Command
04:39:33        0     46383   18.00    0.00    0.00    0.00   18.00     7  cartographer_no

04:39:32      UID       PID  minflt/s  majflt/s     VSZ     RSS   %MEM  Command
04:39:33        0     46383      0.00      0.00 1585756  213404   1.37  cartographer_no

04:39:33      UID       PID    %usr %system  %guest   %wait    %CPU   CPU  Command
04:39:34        0     46383   16.00    1.00    0.00    0.00   17.00    14  cartographer_no

04:39:33      UID       PID  minflt/s  majflt/s     VSZ     RSS   %MEM  Command
04:39:34        0     46383      0.00      0.00 1585756  213404   1.37  cartographer_no

04:39:34      UID       PID    %usr %system  %guest   %wait    %CPU   CPU  Command
04:39:35        0     46383   18.00    0.00    0.00    0.00   18.00     9  cartographer_no

04:39:34      UID       PID  minflt/s  majflt/s     VSZ     RSS   %MEM  Command
04:39:35        0     46383   2500.00      0.00 1595756  223260   1.43  cartographer_no

04:39:35      UID       PID    %usr %system  %guest   %wait    %CPU   CPU  Command
04:39:36        0     46383   18.00    1.00    0.00    0.00   19.00     4  cartographer_no

04:39:35      UID       PID  minflt/s  majflt/s     VSZ     RSS   %MEM  Command
04:39:36        0     46383      0.00      0.00 1595756  223260   1.43  cartographer_no

04:39:36      UID       PID    %usr %system  %guest   %wait    %CPU   CPU  Command
04:39:37        0     46383   19.00    1.00    0.00    0.00   20.00     2  cartographer_no

04:39:36      UID       PID  minflt/s  majflt/s     VSZ     RSS   %MEM  Command
04:39:37        0     46383      0.00      0.00 1595756  223260   1.43  cartographer_no

04:39:37      UID       PID    %usr %system  %guest   %wait    %CPU   CPU  Command
04:39:38        0     46383   16.00    1.00    0.00    0.00   17.00     6  cartographer_no

04:39:37      UID       PID  minflt/s  majflt/s     VSZ     RSS   %MEM  Command
04:39:38        0     46383      0.00      0.00 1595756  223260   1.43  cartographer_no

04:39:38      UID       PID    %usr %system  %guest   %wait    %CPU   CPU  Command
04:39:39        0     46383   19.00    0.00    0.00    0.00   19.00     6  cartographer_no

04:39:38      UID       PID  minflt/s  majflt/s     VSZ     RSS   %MEM  Command
04:39:39        0     46383      0.00      0.00 1595756  223260   1.43  cartographer_no

04:39:39      UID       PID    %usr %system  %guest   %wait    %CPU   CPU  Command
04:39:40        0     46383   19.00    1.00    0.00    0.00   20.00     3  cartographer_no

04:39:39      UID       PID  minflt/s  majflt/s     VSZ     RSS   %MEM  Command
04:39:40        0     46383      0.00      0.00 1595756  223260   1.43  cartographer_no

04:39:40      UID       PID    %usr %system  %guest   %wait    %CPU   CPU  Command
04:39:41        0     46383   19.00    0.00    0.00    0.00   19.00     2  cartographer_no

04:39:40      UID       PID  minflt/s  majflt/s     VSZ     RSS   %MEM  Command
04:39:41        0     46383      0.00      0.00 1595756  223260   1.43  cartographer_no

04:39:41      UID       PID    %usr %system  %guest   %wait    %CPU   CPU  Command
04:39:42        0     46383   26.00    1.00    0.00    0.00   27.00     0  cartographer_no

04:39:41      UID       PID  minflt/s  majflt/s     VSZ     RSS   %MEM  Command
04:39:42        0     46383      0.00      0.00 1595756  223260   1.43  cartographer_no

04:39:42      UID       PID    %usr %system  %guest   %wait    %CPU   CPU  Command
04:39:43        0     46383   19.00    0.00    0.00    0.00   19.00     2  cartographer_no

04:39:42      UID       PID  minflt/s  majflt/s     VSZ     RSS   %MEM  Command
04:39:43        0     46383      0.00      0.00 1595756  223260   1.43  cartographer_no

04:39:43      UID       PID    %usr %system  %guest   %wait    %CPU   CPU  Command
04:39:44        0     46383   25.00    0.00    0.00    0.00   25.00     6  cartographer_no

04:39:43      UID       PID  minflt/s  majflt/s     VSZ     RSS   %MEM  Command
04:39:44        0     46383      0.00      0.00 1595756  223260   1.43  cartographer_no

04:39:44      UID       PID    %usr %system  %guest   %wait    %CPU   CPU  Command
04:39:45        0     46383   35.00    1.00    0.00    1.00   36.00     2  cartographer_no

04:39:44      UID       PID  minflt/s  majflt/s     VSZ     RSS   %MEM  Command
04:39:45        0     46383    239.00      0.00 1595756  224156   1.44  cartographer_no

04:39:45      UID       PID    %usr %system  %guest   %wait    %CPU   CPU  Command
04:39:46        0     46383   20.00    1.00    0.00    0.00   21.00     2  cartographer_no

04:39:45      UID       PID  minflt/s  majflt/s     VSZ     RSS   %MEM  Command
04:39:46        0     46383      0.00      0.00 1595756  224156   1.44  cartographer_no

04:39:46      UID       PID    %usr %system  %guest   %wait    %CPU   CPU  Command
04:39:47        0     46383   21.00    0.00    0.00    0.00   21.00     4  cartographer_no

04:39:46      UID       PID  minflt/s  majflt/s     VSZ     RSS   %MEM  Command
04:39:47        0     46383      0.00      0.00 1595756  224156   1.44  cartographer_no

04:39:47      UID       PID    %usr %system  %guest   %wait    %CPU   CPU  Command
04:39:48        0     46383   22.00    1.00    0.00    0.00   23.00    13  cartographer_no

04:39:47      UID       PID  minflt/s  majflt/s     VSZ     RSS   %MEM  Command
04:39:48        0     46383      0.00      0.00 1595756  224156   1.44  cartographer_no

04:39:48      UID       PID    %usr %system  %guest   %wait    %CPU   CPU  Command
04:39:49        0     46383   23.00    0.00    0.00    0.00   23.00     7  cartographer_no

04:39:48      UID       PID  minflt/s  majflt/s     VSZ     RSS   %MEM  Command
04:39:49        0     46383      0.00      0.00 1595756  224156   1.44  cartographer_no

04:39:49      UID       PID    %usr %system  %guest   %wait    %CPU   CPU  Command
04:39:50        0     46383   21.00    1.00    0.00    0.00   22.00     8  cartographer_no

04:39:49      UID       PID  minflt/s  majflt/s     VSZ     RSS   %MEM  Command
04:39:50        0     46383      0.00      0.00 1595756  224156   1.44  cartographer_no

04:39:50      UID       PID    %usr %system  %guest   %wait    %CPU   CPU  Command
04:39:51        0     46383   21.00    0.00    0.00    0.00   21.00     8  cartographer_no

04:39:50      UID       PID  minflt/s  majflt/s     VSZ     RSS   %MEM  Command
04:39:51        0     46383      0.00      0.00 1595756  224156   1.44  cartographer_no

04:39:51      UID       PID    %usr %system  %guest   %wait    %CPU   CPU  Command
04:39:52        0     46383   22.00    0.00    0.00    0.00   22.00     8  cartographer_no

04:39:51      UID       PID  minflt/s  majflt/s     VSZ     RSS   %MEM  Command
04:39:52        0     46383      0.00      0.00 1595756  224156   1.44  cartographer_no

04:39:52      UID       PID    %usr %system  %guest   %wait    %CPU   CPU  Command
04:39:53        0     46383   21.00    1.00    0.00    0.00   22.00     4  cartographer_no

04:39:52      UID       PID  minflt/s  majflt/s     VSZ     RSS   %MEM  Command
04:39:53        0     46383      0.00      0.00 1595756  224156   1.44  cartographer_no

04:39:53      UID       PID    %usr %system  %guest   %wait    %CPU   CPU  Command
04:39:54        0     46383   24.00    0.00    0.00    0.00   24.00     8  cartographer_no

04:39:53      UID       PID  minflt/s  majflt/s     VSZ     RSS   %MEM  Command
04:39:54        0     46383      0.00      0.00 1595756  224156   1.44  cartographer_no

04:39:54      UID       PID    %usr %system  %guest   %wait    %CPU   CPU  Command
04:39:55        0     46383   23.00    1.00    0.00    0.00   24.00    12  cartographer_no

04:39:54      UID       PID  minflt/s  majflt/s     VSZ     RSS   %MEM  Command
04:39:55        0     46383      0.00      0.00 1595756  224156   1.44  cartographer_no

04:39:55      UID       PID    %usr %system  %guest   %wait    %CPU   CPU  Command
04:39:56        0     46383   21.00    0.00    0.00    0.00   21.00     2  cartographer_no

04:39:55      UID       PID  minflt/s  majflt/s     VSZ     RSS   %MEM  Command
04:39:56        0     46383      0.00      0.00 1595756  224156   1.44  cartographer_no

04:39:56      UID       PID    %usr %system  %guest   %wait    %CPU   CPU  Command
04:39:57        0     46383   22.00    1.00    0.00    0.00   23.00     3  cartographer_no

04:39:56      UID       PID  minflt/s  majflt/s     VSZ     RSS   %MEM  Command
04:39:57        0     46383      0.00      0.00 1595756  224156   1.44  cartographer_no

04:39:57      UID       PID    %usr %system  %guest   %wait    %CPU   CPU  Command
04:39:58        0     46383   22.00    1.00    0.00    0.00   23.00     7  cartographer_no

04:39:57      UID       PID  minflt/s  majflt/s     VSZ     RSS   %MEM  Command
04:39:58        0     46383      0.00      0.00 1595756  224156   1.44  cartographer_no

04:39:58      UID       PID    %usr %system  %guest   %wait    %CPU   CPU  Command
04:39:59        0     46383   22.00    0.00    0.00    0.00   22.00    12  cartographer_no

04:39:58      UID       PID  minflt/s  majflt/s     VSZ     RSS   %MEM  Command
04:39:59        0     46383      0.00      0.00 1595756  224156   1.44  cartographer_no

04:39:59      UID       PID    %usr %system  %guest   %wait    %CPU   CPU  Command
04:40:00        0     46383   24.00    0.00    0.00    0.00   24.00     8  cartographer_no

04:39:59      UID       PID  minflt/s  majflt/s     VSZ     RSS   %MEM  Command
04:40:00        0     46383      0.00      0.00 1595756  224156   1.44  cartographer_no

04:40:00      UID       PID    %usr %system  %guest   %wait    %CPU   CPU  Command
04:40:01        0     46383   16.00    1.00    0.00    0.00   17.00     0  cartographer_no

04:40:00      UID       PID  minflt/s  majflt/s     VSZ     RSS   %MEM  Command
04:40:01        0     46383      0.00      0.00 1595756  224156   1.44  cartographer_no

04:40:01      UID       PID    %usr %system  %guest   %wait    %CPU   CPU  Command
04:40:02        0     46383   25.00    1.00    0.00    0.00   26.00    14  cartographer_no

04:40:01      UID       PID  minflt/s  majflt/s     VSZ     RSS   %MEM  Command
04:40:02        0     46383      0.00      0.00 1595756  224156   1.44  cartographer_no

04:40:02      UID       PID    %usr %system  %guest   %wait    %CPU   CPU  Command
04:40:03        0     46383   23.00    0.00    0.00    0.00   23.00     6  cartographer_no

04:40:02      UID       PID  minflt/s  majflt/s     VSZ     RSS   %MEM  Command
04:40:03        0     46383      0.00      0.00 1595756  224156   1.44  cartographer_no

04:40:03      UID       PID    %usr %system  %guest   %wait    %CPU   CPU  Command
04:40:04        0     46383   26.00    0.00    0.00    0.00   26.00     2  cartographer_no

04:40:03      UID       PID  minflt/s  majflt/s     VSZ     RSS   %MEM  Command
04:40:04        0     46383      0.00      0.00 1595756  224156   1.44  cartographer_no

04:40:04      UID       PID    %usr %system  %guest   %wait    %CPU   CPU  Command
04:40:05        0     46383   24.00    1.00    0.00    0.00   25.00    14  cartographer_no

04:40:04      UID       PID  minflt/s  majflt/s     VSZ     RSS   %MEM  Command
04:40:05        0     46383      0.00      0.00 1595756  224156   1.44  cartographer_no

04:40:05      UID       PID    %usr %system  %guest   %wait    %CPU   CPU  Command
04:40:06        0     46383  123.00    0.00    0.00    0.00  123.00    14  cartographer_no

04:40:05      UID       PID  minflt/s  majflt/s     VSZ     RSS   %MEM  Command
04:40:06        0     46383      1.00      0.00 1585756  214284   1.37  cartographer_no

04:40:06      UID       PID    %usr %system  %guest   %wait    %CPU   CPU  Command
04:40:07        0     46383  118.00    1.00    0.00    0.00  119.00     3  cartographer_no

04:40:06      UID       PID  minflt/s  majflt/s     VSZ     RSS   %MEM  Command
04:40:07        0     46383    281.00      0.00 1587008  215308   1.38  cartographer_no

04:40:07      UID       PID    %usr %system  %guest   %wait    %CPU   CPU  Command
04:40:08        0     46383   18.00    0.00    0.00    0.00   18.00     3  cartographer_no

04:40:07      UID       PID  minflt/s  majflt/s     VSZ     RSS   %MEM  Command
04:40:08        0     46383      0.00      0.00 1587008  215308   1.38  cartographer_no

04:40:08      UID       PID    %usr %system  %guest   %wait    %CPU   CPU  Command
04:40:09        0     46383   16.00    1.00    0.00    0.00   17.00     1  cartographer_no

04:40:08      UID       PID  minflt/s  majflt/s     VSZ     RSS   %MEM  Command
04:40:09        0     46383      0.00      0.00 1587008  215308   1.38  cartographer_no

04:40:09      UID       PID    %usr %system  %guest   %wait    %CPU   CPU  Command
04:40:10        0     46383   28.00    0.00    0.00    0.00   28.00     4  cartographer_no

04:40:09      UID       PID  minflt/s  majflt/s     VSZ     RSS   %MEM  Command
04:40:10        0     46383      0.00      0.00 1587008  215308   1.38  cartographer_no

04:40:10      UID       PID    %usr %system  %guest   %wait    %CPU   CPU  Command
04:40:11        0     46383   23.00    1.00    0.00    0.00   24.00     7  cartographer_no

04:40:10      UID       PID  minflt/s  majflt/s     VSZ     RSS   %MEM  Command
04:40:11        0     46383      0.00      0.00 1587008  215308   1.38  cartographer_no

04:40:11      UID       PID    %usr %system  %guest   %wait    %CPU   CPU  Command
04:40:12        0     46383   30.00    1.00    0.00    0.00   31.00     7  cartographer_no

04:40:11      UID       PID  minflt/s  majflt/s     VSZ     RSS   %MEM  Command
04:40:12        0     46383      0.00      0.00 1587008  215308   1.38  cartographer_no

04:40:12      UID       PID    %usr %system  %guest   %wait    %CPU   CPU  Command
04:40:13        0     46383   28.00    0.00    0.00    0.00   28.00     8  cartographer_no

04:40:12      UID       PID  minflt/s  majflt/s     VSZ     RSS   %MEM  Command
04:40:13        0     46383      0.00      0.00 1587008  215308   1.38  cartographer_no

04:40:13      UID       PID    %usr %system  %guest   %wait    %CPU   CPU  Command
04:40:14        0     46383   27.00    1.00    0.00    0.00   28.00     0  cartographer_no

04:40:13      UID       PID  minflt/s  majflt/s     VSZ     RSS   %MEM  Command
04:40:14        0     46383      0.00      0.00 1587008  215308   1.38  cartographer_no

04:40:14      UID       PID    %usr %system  %guest   %wait    %CPU   CPU  Command
04:40:15        0     46383   24.00    0.00    0.00    0.00   24.00     7  cartographer_no

04:40:14      UID       PID  minflt/s  majflt/s     VSZ     RSS   %MEM  Command
04:40:15        0     46383      0.00      0.00 1587008  215308   1.38  cartographer_no

04:40:15      UID       PID    %usr %system  %guest   %wait    %CPU   CPU  Command
04:40:16        0     46383   20.00    1.00    0.00    0.00   21.00     0  cartographer_no

04:40:15      UID       PID  minflt/s  majflt/s     VSZ     RSS   %MEM  Command
04:40:16        0     46383      0.00      0.00 1587008  215308   1.38  cartographer_no

04:40:16      UID       PID    %usr %system  %guest   %wait    %CPU   CPU  Command
04:40:17        0     46383   20.00    0.00    0.00    0.00   20.00     6  cartographer_no

04:40:16      UID       PID  minflt/s  majflt/s     VSZ     RSS   %MEM  Command
04:40:17        0     46383      0.00      0.00 1587008  215308   1.38  cartographer_no

04:40:17      UID       PID    %usr %system  %guest   %wait    %CPU   CPU  Command
04:40:18        0     46383   30.00    0.00    0.00    0.00   30.00    10  cartographer_no

04:40:17      UID       PID  minflt/s  majflt/s     VSZ     RSS   %MEM  Command
04:40:18        0     46383      0.00      0.00 1587008  215308   1.38  cartographer_no

04:40:18      UID       PID    %usr %system  %guest   %wait    %CPU   CPU  Command
04:40:19        0     46383   24.00    1.00    0.00    0.00   25.00     4  cartographer_no

04:40:18      UID       PID  minflt/s  majflt/s     VSZ     RSS   %MEM  Command
04:40:19        0     46383      0.00      0.00 1587008  215308   1.38  cartographer_no

04:40:19      UID       PID    %usr %system  %guest   %wait    %CPU   CPU  Command
04:40:20        0     46383   22.00    1.00    0.00    0.00   23.00     6  cartographer_no

04:40:19      UID       PID  minflt/s  majflt/s     VSZ     RSS   %MEM  Command
04:40:20        0     46383      0.00      0.00 1587008  215308   1.38  cartographer_no

04:40:20      UID       PID    %usr %system  %guest   %wait    %CPU   CPU  Command
04:40:21        0     46383   19.00    1.00    0.00    0.00   20.00     2  cartographer_no

04:40:20      UID       PID  minflt/s  majflt/s     VSZ     RSS   %MEM  Command
04:40:21        0     46383      0.00      0.00 1587008  215308   1.38  cartographer_no

04:40:21      UID       PID    %usr %system  %guest   %wait    %CPU   CPU  Command
04:40:22        0     46383   21.00    0.00    0.00    0.00   21.00    12  cartographer_no

04:40:21      UID       PID  minflt/s  majflt/s     VSZ     RSS   %MEM  Command
04:40:22        0     46383      0.00      0.00 1587008  215308   1.38  cartographer_no

04:40:22      UID       PID    %usr %system  %guest   %wait    %CPU   CPU  Command
04:40:23        0     46383   22.00    1.00    0.00    0.00   23.00     4  cartographer_no

04:40:22      UID       PID  minflt/s  majflt/s     VSZ     RSS   %MEM  Command
04:40:23        0     46383      0.00      0.00 1587008  215308   1.38  cartographer_no

04:40:23      UID       PID    %usr %system  %guest   %wait    %CPU   CPU  Command
04:40:24        0     46383   15.00    1.00    0.00    0.00   16.00     0  cartographer_no

04:40:23      UID       PID  minflt/s  majflt/s     VSZ     RSS   %MEM  Command
04:40:24        0     46383      0.00      0.00 1587008  215308   1.38  cartographer_no

04:40:24      UID       PID    %usr %system  %guest   %wait    %CPU   CPU  Command
04:40:25        0     46383   60.00    0.00    0.00    0.00   60.00     4  cartographer_no

04:40:24      UID       PID  minflt/s  majflt/s     VSZ     RSS   %MEM  Command
04:40:25        0     46383   1238.00      0.00 1587008  208876   1.34  cartographer_no

04:40:25      UID       PID    %usr %system  %guest   %wait    %CPU   CPU  Command
04:40:26        0     46383   18.00    1.00    0.00    0.00   19.00    12  cartographer_no

04:40:25      UID       PID  minflt/s  majflt/s     VSZ     RSS   %MEM  Command
04:40:26        0     46383      0.00      0.00 1587008  208876   1.34  cartographer_no

04:40:26      UID       PID    %usr %system  %guest   %wait    %CPU   CPU  Command
04:40:27        0     46383   24.00    0.00    0.00    0.00   24.00     2  cartographer_no

04:40:26      UID       PID  minflt/s  majflt/s     VSZ     RSS   %MEM  Command
04:40:27        0     46383      0.00      0.00 1587008  208876   1.34  cartographer_no

04:40:27      UID       PID    %usr %system  %guest   %wait    %CPU   CPU  Command
04:40:28        0     46383   18.00    0.00    0.00    0.00   18.00     6  cartographer_no

04:40:27      UID       PID  minflt/s  majflt/s     VSZ     RSS   %MEM  Command
04:40:28        0     46383      0.00      0.00 1587008  208876   1.34  cartographer_no

04:40:28      UID       PID    %usr %system  %guest   %wait    %CPU   CPU  Command
04:40:29        0     46383   22.00    1.00    0.00    0.00   23.00     1  cartographer_no

04:40:28      UID       PID  minflt/s  majflt/s     VSZ     RSS   %MEM  Command
04:40:29        0     46383      0.00      0.00 1587008  208876   1.34  cartographer_no

04:40:29      UID       PID    %usr %system  %guest   %wait    %CPU   CPU  Command
04:40:30        0     46383   18.00    0.00    0.00    0.00   18.00     6  cartographer_no

04:40:29      UID       PID  minflt/s  majflt/s     VSZ     RSS   %MEM  Command
04:40:30        0     46383      0.00      0.00 1587008  208876   1.34  cartographer_no

04:40:30      UID       PID    %usr %system  %guest   %wait    %CPU   CPU  Command
04:40:31        0     46383   21.00    1.00    0.00    0.00   22.00     7  cartographer_no

04:40:30      UID       PID  minflt/s  majflt/s     VSZ     RSS   %MEM  Command
04:40:31        0     46383      0.00      0.00 1587008  208876   1.34  cartographer_no

04:40:31      UID       PID    %usr %system  %guest   %wait    %CPU   CPU  Command
04:40:32        0     46383   23.00    1.00    0.00    0.00   24.00    12  cartographer_no

04:40:31      UID       PID  minflt/s  majflt/s     VSZ     RSS   %MEM  Command
04:40:32        0     46383      0.00      0.00 1587008  208876   1.34  cartographer_no

04:40:32      UID       PID    %usr %system  %guest   %wait    %CPU   CPU  Command
04:40:33        0     46383   20.00    0.00    0.00    0.00   20.00     4  cartographer_no

04:40:32      UID       PID  minflt/s  majflt/s     VSZ     RSS   %MEM  Command
04:40:33        0     46383      0.00      0.00 1587008  208876   1.34  cartographer_no

04:40:33      UID       PID    %usr %system  %guest   %wait    %CPU   CPU  Command
04:40:34        0     46383   18.00    1.00    0.00    0.00   19.00     6  cartographer_no

04:40:33      UID       PID  minflt/s  majflt/s     VSZ     RSS   %MEM  Command
04:40:34        0     46383      0.00      0.00 1587008  208876   1.34  cartographer_no

04:40:34      UID       PID    %usr %system  %guest   %wait    %CPU   CPU  Command
04:40:35        0     46383   11.00    0.00    0.00    0.00   11.00     7  cartographer_no

04:40:34      UID       PID  minflt/s  majflt/s     VSZ     RSS   %MEM  Command
04:40:35        0     46383      0.00      0.00 1587008  208876   1.34  cartographer_no

04:40:35      UID       PID    %usr %system  %guest   %wait    %CPU   CPU  Command
04:40:36        0     46383   11.00    1.00    0.00    0.00   12.00    10  cartographer_no

04:40:35      UID       PID  minflt/s  majflt/s     VSZ     RSS   %MEM  Command
04:40:36        0     46383      0.00      0.00 1587008  208876   1.34  cartographer_no

04:40:36      UID       PID    %usr %system  %guest   %wait    %CPU   CPU  Command
04:40:37        0     46383   12.00    0.00    0.00    0.00   12.00    14  cartographer_no

04:40:36      UID       PID  minflt/s  majflt/s     VSZ     RSS   %MEM  Command
04:40:37        0     46383      0.00      0.00 1587008  208876   1.34  cartographer_no

04:40:37      UID       PID    %usr %system  %guest   %wait    %CPU   CPU  Command
04:40:38        0     46383   11.00    1.00    0.00    0.00   12.00     4  cartographer_no

04:40:37      UID       PID  minflt/s  majflt/s     VSZ     RSS   %MEM  Command
04:40:38        0     46383      0.00      0.00 1587008  208876   1.34  cartographer_no

04:40:38      UID       PID    %usr %system  %guest   %wait    %CPU   CPU  Command
04:40:39        0     46383   16.00    0.00    0.00    0.00   16.00    15  cartographer_no

04:40:38      UID       PID  minflt/s  majflt/s     VSZ     RSS   %MEM  Command
04:40:39        0     46383      0.00      0.00 1587008  208876   1.34  cartographer_no

04:40:39      UID       PID    %usr %system  %guest   %wait    %CPU   CPU  Command
04:40:40        0     46383   21.00    1.00    0.00    0.00   22.00     8  cartographer_no

04:40:39      UID       PID  minflt/s  majflt/s     VSZ     RSS   %MEM  Command
04:40:40        0     46383      0.00      0.00 1587008  208876   1.34  cartographer_no

04:40:40      UID       PID    %usr %system  %guest   %wait    %CPU   CPU  Command
04:40:41        0     46383   21.00    1.00    0.00    0.00   22.00     6  cartographer_no

04:40:40      UID       PID  minflt/s  majflt/s     VSZ     RSS   %MEM  Command
04:40:41        0     46383      0.00      0.00 1587008  208876   1.34  cartographer_no

04:40:41      UID       PID    %usr %system  %guest   %wait    %CPU   CPU  Command
04:40:42        0     46383   25.00    0.00    0.00    0.00   25.00     6  cartographer_no

04:40:41      UID       PID  minflt/s  majflt/s     VSZ     RSS   %MEM  Command
04:40:42        0     46383      0.00      0.00 1587008  208876   1.34  cartographer_no

04:40:42      UID       PID    %usr %system  %guest   %wait    %CPU   CPU  Command
04:40:43        0     46383   27.00    1.00    0.00    0.00   28.00     2  cartographer_no

04:40:42      UID       PID  minflt/s  majflt/s     VSZ     RSS   %MEM  Command
04:40:43        0     46383      0.00      0.00 1587008  208876   1.34  cartographer_no

04:40:43      UID       PID    %usr %system  %guest   %wait    %CPU   CPU  Command
04:40:44        0     46383   22.00    1.00    0.00    0.00   23.00     4  cartographer_no

04:40:43      UID       PID  minflt/s  majflt/s     VSZ     RSS   %MEM  Command
04:40:44        0     46383      0.00      0.00 1587008  208876   1.34  cartographer_no

04:40:44      UID       PID    %usr %system  %guest   %wait    %CPU   CPU  Command
04:40:45        0     46383   19.00    0.00    0.00    0.00   19.00     0  cartographer_no

04:40:44      UID       PID  minflt/s  majflt/s     VSZ     RSS   %MEM  Command
04:40:45        0     46383      0.00      0.00 1587008  208876   1.34  cartographer_no

04:40:45      UID       PID    %usr %system  %guest   %wait    %CPU   CPU  Command
04:40:46        0     46383   23.00    0.00    0.00    0.00   23.00     0  cartographer_no

04:40:45      UID       PID  minflt/s  majflt/s     VSZ     RSS   %MEM  Command
04:40:46        0     46383      0.00      0.00 1587008  208876   1.34  cartographer_no

04:40:46      UID       PID    %usr %system  %guest   %wait    %CPU   CPU  Command
04:40:47        0     46383   23.00    1.00    0.00    0.00   24.00     0  cartographer_no

04:40:46      UID       PID  minflt/s  majflt/s     VSZ     RSS   %MEM  Command
04:40:47        0     46383      0.00      0.00 1587008  208876   1.34  cartographer_no

04:40:47      UID       PID    %usr %system  %guest   %wait    %CPU   CPU  Command
04:40:48        0     46383   19.00    1.00    0.00    0.00   20.00     2  cartographer_no

04:40:47      UID       PID  minflt/s  majflt/s     VSZ     RSS   %MEM  Command
04:40:48        0     46383      0.00      0.00 1587008  208876   1.34  cartographer_no

04:40:48      UID       PID    %usr %system  %guest   %wait    %CPU   CPU  Command
04:40:49        0     46383   24.00    1.00    0.00    0.00   25.00     2  cartographer_no

04:40:48      UID       PID  minflt/s  majflt/s     VSZ     RSS   %MEM  Command
04:40:49        0     46383      0.00      0.00 1587008  208876   1.34  cartographer_no

04:40:49      UID       PID    %usr %system  %guest   %wait    %CPU   CPU  Command
04:40:50        0     46383  320.00    0.00    0.00    0.00  320.00     8  cartographer_no

04:40:49      UID       PID  minflt/s  majflt/s     VSZ     RSS   %MEM  Command
04:40:50        0     46383      0.00      0.00 1587008  208876   1.34  cartographer_no

04:40:50      UID       PID    %usr %system  %guest   %wait    %CPU   CPU  Command
04:40:51        0     46383   46.00    1.00    0.00    0.00   47.00     6  cartographer_no

04:40:50      UID       PID  minflt/s  majflt/s     VSZ     RSS   %MEM  Command
04:40:51        0     46383      0.00      0.00 1587008  208876   1.34  cartographer_no

04:40:51      UID       PID    %usr %system  %guest   %wait    %CPU   CPU  Command
04:40:52        0     46383   14.00    0.00    0.00    1.00   14.00     6  cartographer_no

04:40:51      UID       PID  minflt/s  majflt/s     VSZ     RSS   %MEM  Command
04:40:52        0     46383      0.00      0.00 1587008  208876   1.34  cartographer_no

04:40:52      UID       PID    %usr %system  %guest   %wait    %CPU   CPU  Command
04:40:53        0     46383   12.00    2.00    0.00    0.00   14.00     6  cartographer_no

04:40:52      UID       PID  minflt/s  majflt/s     VSZ     RSS   %MEM  Command
04:40:53        0     46383      0.00      0.00 1587008  208876   1.34  cartographer_no

04:40:53      UID       PID    %usr %system  %guest   %wait    %CPU   CPU  Command
04:40:54        0     46383   11.00    0.00    0.00    0.00   11.00    10  cartographer_no

04:40:53      UID       PID  minflt/s  majflt/s     VSZ     RSS   %MEM  Command
04:40:54        0     46383      0.00      0.00 1587008  208876   1.34  cartographer_no

04:40:54      UID       PID    %usr %system  %guest   %wait    %CPU   CPU  Command
04:40:55        0     46383   10.00    1.00    0.00    0.00   11.00     0  cartographer_no

04:40:54      UID       PID  minflt/s  majflt/s     VSZ     RSS   %MEM  Command
04:40:55        0     46383      0.00      0.00 1587008  208876   1.34  cartographer_no

04:40:55      UID       PID    %usr %system  %guest   %wait    %CPU   CPU  Command
04:40:56        0     46383   10.00    0.00    0.00    0.00   10.00     1  cartographer_no

04:40:55      UID       PID  minflt/s  majflt/s     VSZ     RSS   %MEM  Command
04:40:56        0     46383      0.00      0.00 1587008  208876   1.34  cartographer_no

04:40:56      UID       PID    %usr %system  %guest   %wait    %CPU   CPU  Command
04:40:57        0     46383   10.00    1.00    0.00    0.00   11.00     6  cartographer_no

04:40:56      UID       PID  minflt/s  majflt/s     VSZ     RSS   %MEM  Command
04:40:57        0     46383      0.00      0.00 1587008  208876   1.34  cartographer_no

04:40:57      UID       PID    %usr %system  %guest   %wait    %CPU   CPU  Command
04:40:58        0     46383   15.00    0.00    0.00    0.00   15.00     2  cartographer_no

04:40:57      UID       PID  minflt/s  majflt/s     VSZ     RSS   %MEM  Command
04:40:58        0     46383      0.00      0.00 1587008  208876   1.34  cartographer_no

04:40:58      UID       PID    %usr %system  %guest   %wait    %CPU   CPU  Command
04:40:59        0     46383   11.00    1.00    0.00    0.00   12.00     4  cartographer_no

04:40:58      UID       PID  minflt/s  majflt/s     VSZ     RSS   %MEM  Command
04:40:59        0     46383      0.00      0.00 1587008  208876   1.34  cartographer_no

04:40:59      UID       PID    %usr %system  %guest   %wait    %CPU   CPU  Command
04:41:00        0     46383   10.00    1.00    0.00    0.00   11.00     0  cartographer_no

04:40:59      UID       PID  minflt/s  majflt/s     VSZ     RSS   %MEM  Command
04:41:00        0     46383      0.00      0.00 1587008  208876   1.34  cartographer_no

04:41:00      UID       PID    %usr %system  %guest   %wait    %CPU   CPU  Command
04:41:01        0     46383   11.00    1.00    0.00    0.00   12.00     6  cartographer_no

04:41:00      UID       PID  minflt/s  majflt/s     VSZ     RSS   %MEM  Command
04:41:01        0     46383      0.00      0.00 1587008  208876   1.34  cartographer_no

04:41:01      UID       PID    %usr %system  %guest   %wait    %CPU   CPU  Command
04:41:02        0     46383   16.00    0.00    0.00    0.00   16.00     4  cartographer_no

04:41:01      UID       PID  minflt/s  majflt/s     VSZ     RSS   %MEM  Command
04:41:02        0     46383      0.00      0.00 1587008  208876   1.34  cartographer_no

04:41:02      UID       PID    %usr %system  %guest   %wait    %CPU   CPU  Command
04:41:03        0     46383   14.00    0.00    0.00    0.00   14.00     2  cartographer_no

04:41:02      UID       PID  minflt/s  majflt/s     VSZ     RSS   %MEM  Command
04:41:03        0     46383      0.00      0.00 1587008  208876   1.34  cartographer_no

04:41:03      UID       PID    %usr %system  %guest   %wait    %CPU   CPU  Command
04:41:04        0     46383   18.00    1.00    0.00    0.00   19.00     6  cartographer_no

04:41:03      UID       PID  minflt/s  majflt/s     VSZ     RSS   %MEM  Command
04:41:04        0     46383      0.00      0.00 1587008  208876   1.34  cartographer_no

04:41:04      UID       PID    %usr %system  %guest   %wait    %CPU   CPU  Command
04:41:05        0     46383   23.00    0.00    0.00    0.00   23.00     1  cartographer_no

04:41:04      UID       PID  minflt/s  majflt/s     VSZ     RSS   %MEM  Command
04:41:05        0     46383      0.00      0.00 1587008  208876   1.34  cartographer_no

04:41:05      UID       PID    %usr %system  %guest   %wait    %CPU   CPU  Command
04:41:06        0     46383   22.00    1.00    0.00    0.00   23.00     6  cartographer_no

04:41:05      UID       PID  minflt/s  majflt/s     VSZ     RSS   %MEM  Command
04:41:06        0     46383      0.00      0.00 1587008  208876   1.34  cartographer_no

04:41:06      UID       PID    %usr %system  %guest   %wait    %CPU   CPU  Command
04:41:07        0     46383   19.00    1.00    0.00    0.00   20.00     8  cartographer_no

04:41:06      UID       PID  minflt/s  majflt/s     VSZ     RSS   %MEM  Command
04:41:07        0     46383      0.00      0.00 1587008  208876   1.34  cartographer_no

04:41:07      UID       PID    %usr %system  %guest   %wait    %CPU   CPU  Command
04:41:08        0     46383   21.00    0.00    0.00    0.00   21.00     6  cartographer_no

04:41:07      UID       PID  minflt/s  majflt/s     VSZ     RSS   %MEM  Command
04:41:08        0     46383      0.00      0.00 1587008  208876   1.34  cartographer_no

04:41:08      UID       PID    %usr %system  %guest   %wait    %CPU   CPU  Command
04:41:09        0     46383   22.00    1.00    0.00    0.00   23.00     6  cartographer_no

04:41:08      UID       PID  minflt/s  majflt/s     VSZ     RSS   %MEM  Command
04:41:09        0     46383      0.00      0.00 1587008  208876   1.34  cartographer_no

04:41:09      UID       PID    %usr %system  %guest   %wait    %CPU   CPU  Command
04:41:10        0     46383   17.00    0.00    0.00    0.00   17.00    13  cartographer_no

04:41:09      UID       PID  minflt/s  majflt/s     VSZ     RSS   %MEM  Command
04:41:10        0     46383      0.00      0.00 1587008  208876   1.34  cartographer_no

04:41:10      UID       PID    %usr %system  %guest   %wait    %CPU   CPU  Command
04:41:11        0     46383   18.00    1.00    0.00    0.00   19.00     2  cartographer_no

04:41:10      UID       PID  minflt/s  majflt/s     VSZ     RSS   %MEM  Command
04:41:11        0     46383      0.00      0.00 1587008  208876   1.34  cartographer_no

04:41:11      UID       PID    %usr %system  %guest   %wait    %CPU   CPU  Command
04:41:12        0     46383   19.00    1.00    0.00    0.00   20.00     7  cartographer_no

04:41:11      UID       PID  minflt/s  majflt/s     VSZ     RSS   %MEM  Command
04:41:12        0     46383      0.00      0.00 1587008  208876   1.34  cartographer_no

04:41:12      UID       PID    %usr %system  %guest   %wait    %CPU   CPU  Command
04:41:13        0     46383   23.00    0.00    0.00    0.00   23.00     2  cartographer_no

04:41:12      UID       PID  minflt/s  majflt/s     VSZ     RSS   %MEM  Command
04:41:13        0     46383      0.00      0.00 1587008  208876   1.34  cartographer_no

04:41:13      UID       PID    %usr %system  %guest   %wait    %CPU   CPU  Command
04:41:14        0     46383   19.00    1.00    0.00    0.00   20.00     7  cartographer_no

04:41:13      UID       PID  minflt/s  majflt/s     VSZ     RSS   %MEM  Command
04:41:14        0     46383      0.00      0.00 1587008  208876   1.34  cartographer_no

04:41:14      UID       PID    %usr %system  %guest   %wait    %CPU   CPU  Command
04:41:15        0     46383   28.00    1.00    0.00    0.00   29.00     6  cartographer_no

04:41:14      UID       PID  minflt/s  majflt/s     VSZ     RSS   %MEM  Command
04:41:15        0     46383      0.00      0.00 1587008  208876   1.34  cartographer_no

04:41:15      UID       PID    %usr %system  %guest   %wait    %CPU   CPU  Command
04:41:16        0     46383   26.00    0.00    0.00    0.00   26.00     6  cartographer_no

04:41:15      UID       PID  minflt/s  majflt/s     VSZ     RSS   %MEM  Command
04:41:16        0     46383      0.00      0.00 1587008  208876   1.34  cartographer_no

04:41:16      UID       PID    %usr %system  %guest   %wait    %CPU   CPU  Command
04:41:17        0     46383   50.00    2.00    0.00    0.00   52.00     2  cartographer_no

04:41:16      UID       PID  minflt/s  majflt/s     VSZ     RSS   %MEM  Command
04:41:17        0     46383   3311.00      0.00 1587008  222060   1.42  cartographer_no

04:41:17      UID       PID    %usr %system  %guest   %wait    %CPU   CPU  Command
04:41:18        0     46383   19.00    0.00    0.00    0.00   19.00     2  cartographer_no

04:41:17      UID       PID  minflt/s  majflt/s     VSZ     RSS   %MEM  Command
04:41:18        0     46383      0.00      0.00 1587008  222060   1.42  cartographer_no

04:41:18      UID       PID    %usr %system  %guest   %wait    %CPU   CPU  Command
04:41:19        0     46383   18.00    1.00    0.00    0.00   19.00     6  cartographer_no

04:41:18      UID       PID  minflt/s  majflt/s     VSZ     RSS   %MEM  Command
04:41:19        0     46383      0.00      0.00 1587008  222060   1.42  cartographer_no

04:41:19      UID       PID    %usr %system  %guest   %wait    %CPU   CPU  Command
04:41:20        0     46383   22.00    1.00    0.00    0.00   23.00     4  cartographer_no

04:41:19      UID       PID  minflt/s  majflt/s     VSZ     RSS   %MEM  Command
04:41:20        0     46383      0.00      0.00 1587008  222060   1.42  cartographer_no

04:41:20      UID       PID    %usr %system  %guest   %wait    %CPU   CPU  Command
04:41:21        0     46383   22.00    0.00    0.00    0.00   22.00     2  cartographer_no

04:41:20      UID       PID  minflt/s  majflt/s     VSZ     RSS   %MEM  Command
04:41:21        0     46383      0.00      0.00 1587008  222060   1.42  cartographer_no

04:41:21      UID       PID    %usr %system  %guest   %wait    %CPU   CPU  Command
04:41:22        0     46383   18.00    1.00    0.00    0.00   19.00     6  cartographer_no

04:41:21      UID       PID  minflt/s  majflt/s     VSZ     RSS   %MEM  Command
04:41:22        0     46383      0.00      0.00 1587008  222060   1.42  cartographer_no

04:41:22      UID       PID    %usr %system  %guest   %wait    %CPU   CPU  Command
04:41:23        0     46383   21.00    1.00    0.00    0.00   22.00     7  cartographer_no

04:41:22      UID       PID  minflt/s  majflt/s     VSZ     RSS   %MEM  Command
04:41:23        0     46383      0.00      0.00 1587008  222060   1.42  cartographer_no

04:41:23      UID       PID    %usr %system  %guest   %wait    %CPU   CPU  Command
04:41:24        0     46383   23.00    0.00    0.00    0.00   23.00     7  cartographer_no

04:41:23      UID       PID  minflt/s  majflt/s     VSZ     RSS   %MEM  Command
04:41:24        0     46383      0.00      0.00 1587008  222060   1.42  cartographer_no

04:41:24      UID       PID    %usr %system  %guest   %wait    %CPU   CPU  Command
04:41:25        0     46383   18.00    0.00    0.00    0.00   18.00     2  cartographer_no

04:41:24      UID       PID  minflt/s  majflt/s     VSZ     RSS   %MEM  Command
04:41:25        0     46383      0.00      0.00 1587008  222060   1.42  cartographer_no

04:41:25      UID       PID    %usr %system  %guest   %wait    %CPU   CPU  Command
04:41:26        0     46383   21.00    1.00    0.00    0.00   22.00     0  cartographer_no

04:41:25      UID       PID  minflt/s  majflt/s     VSZ     RSS   %MEM  Command
04:41:26        0     46383      0.00      0.00 1587008  222060   1.42  cartographer_no

04:41:26      UID       PID    %usr %system  %guest   %wait    %CPU   CPU  Command
04:41:27        0     46383   20.00    0.00    0.00    0.00   20.00     4  cartographer_no

04:41:26      UID       PID  minflt/s  majflt/s     VSZ     RSS   %MEM  Command
04:41:27        0     46383      0.00      0.00 1587008  222060   1.42  cartographer_no

04:41:27      UID       PID    %usr %system  %guest   %wait    %CPU   CPU  Command
04:41:28        0     46383   20.00    1.00    0.00    0.00   21.00     3  cartographer_no

04:41:27      UID       PID  minflt/s  majflt/s     VSZ     RSS   %MEM  Command
04:41:28        0     46383      0.00      0.00 1587008  222060   1.42  cartographer_no

04:41:28      UID       PID    %usr %system  %guest   %wait    %CPU   CPU  Command
04:41:29        0     46383   21.00    0.00    0.00    0.00   21.00     3  cartographer_no

04:41:28      UID       PID  minflt/s  majflt/s     VSZ     RSS   %MEM  Command
04:41:29        0     46383      0.00      0.00 1587008  222060   1.42  cartographer_no

04:41:29      UID       PID    %usr %system  %guest   %wait    %CPU   CPU  Command
04:41:30        0     46383   18.00    1.00    0.00    0.00   19.00     3  cartographer_no

04:41:29      UID       PID  minflt/s  majflt/s     VSZ     RSS   %MEM  Command
04:41:30        0     46383      0.00      0.00 1587008  222060   1.42  cartographer_no

04:41:30      UID       PID    %usr %system  %guest   %wait    %CPU   CPU  Command
04:41:31        0     46383   13.00    0.00    0.00    0.00   13.00     2  cartographer_no

04:41:30      UID       PID  minflt/s  majflt/s     VSZ     RSS   %MEM  Command
04:41:31        0     46383      0.00      0.00 1587008  222060   1.42  cartographer_no

04:41:31      UID       PID    %usr %system  %guest   %wait    %CPU   CPU  Command
04:41:32        0     46383   13.00    1.00    0.00    0.00   14.00     3  cartographer_no

04:41:31      UID       PID  minflt/s  majflt/s     VSZ     RSS   %MEM  Command
04:41:32        0     46383      0.00      0.00 1587008  222060   1.42  cartographer_no

04:41:32      UID       PID    %usr %system  %guest   %wait    %CPU   CPU  Command
04:41:33        0     46383   11.00    0.00    0.00    0.00   11.00     2  cartographer_no

04:41:32      UID       PID  minflt/s  majflt/s     VSZ     RSS   %MEM  Command
04:41:33        0     46383      0.00      0.00 1587008  222060   1.42  cartographer_no

04:41:33      UID       PID    %usr %system  %guest   %wait    %CPU   CPU  Command
04:41:34        0     46383   11.00    0.00    0.00    0.00   11.00     4  cartographer_no

04:41:33      UID       PID  minflt/s  majflt/s     VSZ     RSS   %MEM  Command
04:41:34        0     46383      0.00      0.00 1587008  222060   1.42  cartographer_no

04:41:34      UID       PID    %usr %system  %guest   %wait    %CPU   CPU  Command
04:41:35        0     46383   10.00    1.00    0.00    0.00   11.00     3  cartographer_no

04:41:34      UID       PID  minflt/s  majflt/s     VSZ     RSS   %MEM  Command
04:41:35        0     46383      0.00      0.00 1587008  222060   1.42  cartographer_no

04:41:35      UID       PID    %usr %system  %guest   %wait    %CPU   CPU  Command
04:41:36        0     46383   19.00    0.00    0.00    0.00   19.00    12  cartographer_no

04:41:35      UID       PID  minflt/s  majflt/s     VSZ     RSS   %MEM  Command
04:41:36        0     46383      0.00      0.00 1587008  222060   1.42  cartographer_no

04:41:36      UID       PID    %usr %system  %guest   %wait    %CPU   CPU  Command
04:41:37        0     46383   17.00    1.00    0.00    1.00   18.00     1  cartographer_no

04:41:36      UID       PID  minflt/s  majflt/s     VSZ     RSS   %MEM  Command
04:41:37        0     46383      0.00      0.00 1587008  222060   1.42  cartographer_no

04:41:37      UID       PID    %usr %system  %guest   %wait    %CPU   CPU  Command
04:41:38        0     46383   17.82    0.00    0.00    0.00   17.82     0  cartographer_no

04:41:37      UID       PID  minflt/s  majflt/s     VSZ     RSS   %MEM  Command
04:41:38        0     46383      0.00      0.00 1587008  222060   1.42  cartographer_no

04:41:38      UID       PID    %usr %system  %guest   %wait    %CPU   CPU  Command
04:41:39        0     46383   19.00    1.00    0.00    0.00   20.00     6  cartographer_no

04:41:38      UID       PID  minflt/s  majflt/s     VSZ     RSS   %MEM  Command
04:41:39        0     46383      0.00      0.00 1587008  222060   1.42  cartographer_no

04:41:39      UID       PID    %usr %system  %guest   %wait    %CPU   CPU  Command
04:41:40        0     46383   17.00    0.00    0.00    0.00   17.00     8  cartographer_no

04:41:39      UID       PID  minflt/s  majflt/s     VSZ     RSS   %MEM  Command
04:41:40        0     46383      0.00      0.00 1587008  222060   1.42  cartographer_no

04:41:40      UID       PID    %usr %system  %guest   %wait    %CPU   CPU  Command
04:41:41        0     46383   22.00    1.00    0.00    0.00   23.00    15  cartographer_no

04:41:40      UID       PID  minflt/s  majflt/s     VSZ     RSS   %MEM  Command
04:41:41        0     46383      0.00      0.00 1587008  222060   1.42  cartographer_no

04:41:41      UID       PID    %usr %system  %guest   %wait    %CPU   CPU  Command
04:41:42        0     46383   16.00    1.00    0.00    0.00   17.00     2  cartographer_no

04:41:41      UID       PID  minflt/s  majflt/s     VSZ     RSS   %MEM  Command
04:41:42        0     46383      0.00      0.00 1587008  222060   1.42  cartographer_no

04:41:42      UID       PID    %usr %system  %guest   %wait    %CPU   CPU  Command
04:41:43        0     46383   21.00    1.00    0.00    0.00   22.00     6  cartographer_no

04:41:42      UID       PID  minflt/s  majflt/s     VSZ     RSS   %MEM  Command
04:41:43        0     46383      0.00      0.00 1587008  222060   1.42  cartographer_no

04:41:43      UID       PID    %usr %system  %guest   %wait    %CPU   CPU  Command
04:41:44        0     46383  309.00    0.00    0.00    0.00  309.00    15  cartographer_no

04:41:43      UID       PID  minflt/s  majflt/s     VSZ     RSS   %MEM  Command
04:41:44        0     46383    252.00      0.00 1588036  222956   1.43  cartographer_no

04:41:44      UID       PID    %usr %system  %guest   %wait    %CPU   CPU  Command
04:41:45        0     46383   63.00    0.00    0.00    0.00   63.00     2  cartographer_no

04:41:44      UID       PID  minflt/s  majflt/s     VSZ     RSS   %MEM  Command
04:41:45        0     46383      0.00      0.00 1588036  222956   1.43  cartographer_no

04:41:45      UID       PID    %usr %system  %guest   %wait    %CPU   CPU  Command
04:41:46        0     46383   18.00    0.00    0.00    0.00   18.00     2  cartographer_no

04:41:45      UID       PID  minflt/s  majflt/s     VSZ     RSS   %MEM  Command
04:41:46        0     46383      0.00      0.00 1588036  222956   1.43  cartographer_no

04:41:46      UID       PID    %usr %system  %guest   %wait    %CPU   CPU  Command
04:41:47        0     46383   22.00    1.00    0.00    0.00   23.00    10  cartographer_no

04:41:46      UID       PID  minflt/s  majflt/s     VSZ     RSS   %MEM  Command
04:41:47        0     46383      0.00      0.00 1588036  222956   1.43  cartographer_no

04:41:47      UID       PID    %usr %system  %guest   %wait    %CPU   CPU  Command
04:41:48        0     46383   23.00    1.00    0.00    0.00   24.00     3  cartographer_no

04:41:47      UID       PID  minflt/s  majflt/s     VSZ     RSS   %MEM  Command
04:41:48        0     46383      0.00      0.00 1588036  222956   1.43  cartographer_no

04:41:48      UID       PID    %usr %system  %guest   %wait    %CPU   CPU  Command
04:41:49        0     46383   18.00    0.00    0.00    0.00   18.00     6  cartographer_no

04:41:48      UID       PID  minflt/s  majflt/s     VSZ     RSS   %MEM  Command
04:41:49        0     46383      0.00      0.00 1588036  222956   1.43  cartographer_no

04:41:49      UID       PID    %usr %system  %guest   %wait    %CPU   CPU  Command
04:41:50        0     46383   36.00    1.00    0.00    0.00   37.00     2  cartographer_no

04:41:49      UID       PID  minflt/s  majflt/s     VSZ     RSS   %MEM  Command
04:41:50        0     46383      0.00      0.00 1588036  222956   1.43  cartographer_no

04:41:50      UID       PID    %usr %system  %guest   %wait    %CPU   CPU  Command
04:41:51        0     46383   28.00    1.00    0.00    0.00   29.00     3  cartographer_no

04:41:50      UID       PID  minflt/s  majflt/s     VSZ     RSS   %MEM  Command
04:41:51        0     46383      0.00      0.00 1588036  222956   1.43  cartographer_no

04:41:51      UID       PID    %usr %system  %guest   %wait    %CPU   CPU  Command
04:41:52        0     46383   26.00    0.00    0.00    0.00   26.00     6  cartographer_no

04:41:51      UID       PID  minflt/s  majflt/s     VSZ     RSS   %MEM  Command
04:41:52        0     46383      0.00      0.00 1588036  222956   1.43  cartographer_no

04:41:52      UID       PID    %usr %system  %guest   %wait    %CPU   CPU  Command
04:41:53        0     46383   22.00    1.00    0.00    0.00   23.00     0  cartographer_no

04:41:52      UID       PID  minflt/s  majflt/s     VSZ     RSS   %MEM  Command
04:41:53        0     46383      0.00      0.00 1588036  222956   1.43  cartographer_no

04:41:53      UID       PID    %usr %system  %guest   %wait    %CPU   CPU  Command
04:41:54        0     46383   23.00    0.00    0.00    0.00   23.00     6  cartographer_no

04:41:53      UID       PID  minflt/s  majflt/s     VSZ     RSS   %MEM  Command
04:41:54        0     46383      0.00      0.00 1588036  222956   1.43  cartographer_no

04:41:54      UID       PID    %usr %system  %guest   %wait    %CPU   CPU  Command
04:41:55        0     46383   24.00    0.00    0.00    0.00   24.00    15  cartographer_no

04:41:54      UID       PID  minflt/s  majflt/s     VSZ     RSS   %MEM  Command
04:41:55        0     46383    134.00      0.00 1588996  223340   1.43  cartographer_no

04:41:55      UID       PID    %usr %system  %guest   %wait    %CPU   CPU  Command
04:41:56        0     46383   21.00    1.00    0.00    0.00   22.00     2  cartographer_no

04:41:55      UID       PID  minflt/s  majflt/s     VSZ     RSS   %MEM  Command
04:41:56        0     46383      0.00      0.00 1588996  223340   1.43  cartographer_no

04:41:56      UID       PID    %usr %system  %guest   %wait    %CPU   CPU  Command
04:41:57        0     46383   24.00    0.00    0.00    0.00   24.00     2  cartographer_no

04:41:56      UID       PID  minflt/s  majflt/s     VSZ     RSS   %MEM  Command
04:41:57        0     46383      0.00      0.00 1588996  223340   1.43  cartographer_no

04:41:57      UID       PID    %usr %system  %guest   %wait    %CPU   CPU  Command
04:41:58        0     46383   22.00    1.00    0.00    0.00   23.00     8  cartographer_no

04:41:57      UID       PID  minflt/s  majflt/s     VSZ     RSS   %MEM  Command
04:41:58        0     46383      0.00      0.00 1588996  223340   1.43  cartographer_no

04:41:58      UID       PID    %usr %system  %guest   %wait    %CPU   CPU  Command
04:41:59        0     46383   22.00    0.00    0.00    0.00   22.00     0  cartographer_no

04:41:58      UID       PID  minflt/s  majflt/s     VSZ     RSS   %MEM  Command
04:41:59        0     46383      0.00      0.00 1588996  223340   1.43  cartographer_no

04:41:59      UID       PID    %usr %system  %guest   %wait    %CPU   CPU  Command
04:42:00        0     46383   22.00    1.00    0.00    0.00   23.00     8  cartographer_no

04:41:59      UID       PID  minflt/s  majflt/s     VSZ     RSS   %MEM  Command
04:42:00        0     46383      9.00      0.00 1588996  223340   1.43  cartographer_no

04:42:00      UID       PID    %usr %system  %guest   %wait    %CPU   CPU  Command
04:42:01        0     46383   30.00    0.00    0.00    0.00   30.00     2  cartographer_no

04:42:00      UID       PID  minflt/s  majflt/s     VSZ     RSS   %MEM  Command
04:42:01        0     46383      0.00      0.00 1588996  223340   1.43  cartographer_no

04:42:01      UID       PID    %usr %system  %guest   %wait    %CPU   CPU  Command
04:42:02        0     46383   21.00    0.00    0.00    0.00   21.00     2  cartographer_no

04:42:01      UID       PID  minflt/s  majflt/s     VSZ     RSS   %MEM  Command
04:42:02        0     46383      0.00      0.00 1588996  223340   1.43  cartographer_no

04:42:02      UID       PID    %usr %system  %guest   %wait    %CPU   CPU  Command
04:42:03        0     46383   23.00    0.00    0.00    0.00   23.00     7  cartographer_no

04:42:02      UID       PID  minflt/s  majflt/s     VSZ     RSS   %MEM  Command
04:42:03        0     46383      0.00      0.00 1588996  223340   1.43  cartographer_no

04:42:03      UID       PID    %usr %system  %guest   %wait    %CPU   CPU  Command
04:42:04        0     46383   33.00    1.00    0.00    0.00   34.00     3  cartographer_no

04:42:03      UID       PID  minflt/s  majflt/s     VSZ     RSS   %MEM  Command
04:42:04        0     46383    573.00      0.00 1589536  225644   1.45  cartographer_no

04:42:04      UID       PID    %usr %system  %guest   %wait    %CPU   CPU  Command
04:42:05        0     46383   17.00    1.00    0.00    0.00   18.00     3  cartographer_no

04:42:04      UID       PID  minflt/s  majflt/s     VSZ     RSS   %MEM  Command
04:42:05        0     46383      0.00      0.00 1589536  225644   1.45  cartographer_no

04:42:05      UID       PID    %usr %system  %guest   %wait    %CPU   CPU  Command
04:42:06        0     46383   21.00    0.00    0.00    0.00   21.00     2  cartographer_no

04:42:05      UID       PID  minflt/s  majflt/s     VSZ     RSS   %MEM  Command
04:42:06        0     46383      0.00      0.00 1589536  225644   1.45  cartographer_no

04:42:06      UID       PID    %usr %system  %guest   %wait    %CPU   CPU  Command
04:42:07        0     46383   24.00    1.00    0.00    0.00   25.00     6  cartographer_no

04:42:06      UID       PID  minflt/s  majflt/s     VSZ     RSS   %MEM  Command
04:42:07        0     46383      0.00      0.00 1589536  225644   1.45  cartographer_no

04:42:07      UID       PID    %usr %system  %guest   %wait    %CPU   CPU  Command
04:42:08        0     46383   13.00    1.00    0.00    0.00   14.00     8  cartographer_no

04:42:07      UID       PID  minflt/s  majflt/s     VSZ     RSS   %MEM  Command
04:42:08        0     46383      0.00      0.00 1589536  225644   1.45  cartographer_no

04:42:08      UID       PID    %usr %system  %guest   %wait    %CPU   CPU  Command
04:42:09        0     46383   15.00    0.00    0.00    0.00   15.00     2  cartographer_no

04:42:08      UID       PID  minflt/s  majflt/s     VSZ     RSS   %MEM  Command
04:42:09        0     46383      0.00      0.00 1588996  225644   1.45  cartographer_no

04:42:09      UID       PID    %usr %system  %guest   %wait    %CPU   CPU  Command
04:42:10        0     46383   14.00    2.00    0.00    1.00   16.00     2  cartographer_no

04:42:09      UID       PID  minflt/s  majflt/s     VSZ     RSS   %MEM  Command
04:42:10        0     46383      0.00      0.00 1588996  225644   1.45  cartographer_no

04:42:10      UID       PID    %usr %system  %guest   %wait    %CPU   CPU  Command
04:42:11        0     46383   15.00    0.00    0.00    0.00   15.00     2  cartographer_no

04:42:10      UID       PID  minflt/s  majflt/s     VSZ     RSS   %MEM  Command
04:42:11        0     46383      0.00      0.00 1588996  225644   1.45  cartographer_no

04:42:11      UID       PID    %usr %system  %guest   %wait    %CPU   CPU  Command
04:42:12        0     46383    7.00    1.00    0.00    0.00    8.00     6  cartographer_no

04:42:11      UID       PID  minflt/s  majflt/s     VSZ     RSS   %MEM  Command
04:42:12        0     46383      0.00      0.00 1588944  225644   1.45  cartographer_no

04:42:12      UID       PID    %usr %system  %guest   %wait    %CPU   CPU  Command
04:42:13        0     46383    5.00    1.00    0.00    0.00    6.00     8  cartographer_no

04:42:12      UID       PID  minflt/s  majflt/s     VSZ     RSS   %MEM  Command
04:42:13        0     46383      0.00      0.00 1588944  225644   1.45  cartographer_no

04:42:13      UID       PID    %usr %system  %guest   %wait    %CPU   CPU  Command
04:42:14        0     46383    5.00    0.00    0.00    0.00    5.00     8  cartographer_no

04:42:13      UID       PID  minflt/s  majflt/s     VSZ     RSS   %MEM  Command
04:42:14        0     46383      0.00      0.00 1588944  225644   1.45  cartographer_no

04:42:14      UID       PID    %usr %system  %guest   %wait    %CPU   CPU  Command
04:42:15        0     46383    3.00    1.00    0.00    0.00    4.00     6  cartographer_no

04:42:14      UID       PID  minflt/s  majflt/s     VSZ     RSS   %MEM  Command
04:42:15        0     46383      0.00      0.00 1588944  225644   1.45  cartographer_no

04:42:15      UID       PID    %usr %system  %guest   %wait    %CPU   CPU  Command
04:42:16        0     46383    3.00    0.00    0.00    0.00    3.00     8  cartographer_no

04:42:15      UID       PID  minflt/s  majflt/s     VSZ     RSS   %MEM  Command
04:42:16        0     46383      0.00      0.00 1588404  225464   1.45  cartographer_no


Average:      UID       PID    %usr %system  %guest   %wait    %CPU   CPU  Command
Average:        0     46383   17.43    0.57    0.00    0.02   18.00     -  cartographer_no

Average:      UID       PID  minflt/s  majflt/s     VSZ     RSS   %MEM  Command
Average:        0     46383     29.81      0.00 1573535  140388   0.90  cartographer_no
